"T","replica","parameter","mean","median","sd","2.5%","25%","50%","75%","97.5%"
500,1,"alpha0",0.117515876384819,0.114560958805425,0.0339439990173894,0.0602742476875576,0.0959599809600336,0.114560958805425,0.1379301561546,0.172473651999387
500,1,"alpha1",0.365203023581216,0.360019771625674,0.088283239248381,0.203551777124998,0.303533575667971,0.360019771625674,0.421611761785426,0.558153279816985
500,1,"beta1",0.218113019476006,0.218551541814035,0.12718815044589,0.0144776169349996,0.112581339113687,0.218551541814035,0.305829680454861,0.486933555478355
500,2,"alpha0",0.0778740336522308,0.0732203436246031,0.0280175151292928,0.0409351113594799,0.061620603552633,0.0732203436246031,0.0885122098556252,0.132913506262379
500,2,"alpha1",0.388762667957002,0.379722661968767,0.0911139615861569,0.237503472779252,0.322508491380391,0.379722661968767,0.446802973028642,0.592658518502976
500,2,"beta1",0.304789030052543,0.316537436754726,0.128393976282191,0.0285628004100331,0.22341148558216,0.316537436754726,0.39828700072561,0.52960382184343
500,3,"alpha0",0.116639225918137,0.115639740606859,0.0341042515263168,0.0591103284400038,0.0970895162874139,0.115639740606859,0.133860760656056,0.173907752371466
500,3,"alpha1",0.255698016210151,0.251599275606119,0.0636064323040159,0.138153658363876,0.21282847977761,0.251599275606119,0.294767106349845,0.393804452204467
500,3,"beta1",0.330405459614729,0.318245998393403,0.121493704335202,0.124159753046317,0.244704648161979,0.318245998393403,0.406920031813933,0.591310550289221
500,4,"alpha0",0.115754147209556,0.114585985621036,0.0255283114684489,0.0777984658913127,0.100348524282077,0.114585985621036,0.128938985181918,0.157128834433544
500,4,"alpha1",0.41258142049665,0.40613966581146,0.0897074004834133,0.252925292828239,0.348394461262572,0.40613966581146,0.470065184024976,0.614961646453055
500,4,"beta1",0.177920208937702,0.166562883109724,0.0859972351243716,0.0360808725644125,0.114002951206619,0.166562883109724,0.234749554587546,0.365291678033656
500,5,"alpha0",0.0859039346330981,0.0812838891511963,0.0298519025719664,0.0494394540867402,0.0699604585082428,0.0812838891511963,0.0965486176173557,0.139668418454513
500,5,"alpha1",0.280485109548527,0.277310158364307,0.0666289979079353,0.162937957062808,0.234632232021418,0.277310158364307,0.321756985806771,0.423567545979339
500,5,"beta1",0.396725179632268,0.401429716790531,0.10944369392694,0.162518266062402,0.330907835787505,0.401429716790531,0.466420281934833,0.602799551036253
500,6,"alpha0",0.134688467541563,0.134109418843346,0.0324980084602202,0.0749436490240824,0.115873339765427,0.134109418843346,0.152538848630045,0.19372968702906
500,6,"alpha1",0.236388252688028,0.228305365686096,0.0706873779459742,0.120862487029171,0.187909947480725,0.228305365686096,0.274901670343841,0.403152352498177
500,6,"beta1",0.252698013195072,0.242857996297172,0.127171356956645,0.0392790887571972,0.166108176215149,0.242857996297172,0.321250219973898,0.533403119595758
500,7,"alpha0",0.128540423717706,0.128163324180774,0.0285081462045896,0.0809785710847787,0.111174872213887,0.128163324180774,0.144293622118961,0.176195348420732
500,7,"alpha1",0.264983266113156,0.259275646247376,0.0627833627707178,0.158764813762138,0.219375806076072,0.259275646247376,0.304445410570409,0.401207899510589
500,7,"beta1",0.195725194475465,0.18929787586086,0.099264184603678,0.0274859141948506,0.127604275524613,0.18929787586086,0.255175356310937,0.416490079957004
500,8,"alpha0",0.0820723553476462,0.0791791322387613,0.0272423683641709,0.0432248345176998,0.0653472330486011,0.0791791322387613,0.0963921306924094,0.125855471127682
500,8,"alpha1",0.334548903798653,0.327736330478186,0.0829690461595418,0.193901106596117,0.279683266813011,0.327736330478186,0.382057048756219,0.508088153774927
500,8,"beta1",0.352962756623099,0.355065088451792,0.117892799900712,0.136979308654303,0.264930882453513,0.355065088451792,0.432221947176531,0.596144611750365
500,9,"alpha0",0.0812455406560829,0.0777819143251766,0.0320217987039531,0.0355650268125001,0.0610398942344208,0.0777819143251766,0.096550215826833,0.138557576024032
500,9,"alpha1",0.259965084097052,0.254827179310354,0.0657066241552437,0.141792344827687,0.214537062097145,0.254827179310354,0.30206643582828,0.403882623214894
500,9,"beta1",0.345916188362174,0.348950696436419,0.144529988550169,0.0495331013235346,0.254338556917718,0.348950696436419,0.43921658129493,0.630025537236608
500,10,"alpha0",0.0983172114480219,0.0970325568148766,0.0270024619853474,0.0586080322789714,0.0804670722682257,0.0970325568148766,0.113614368321238,0.139655467073471
500,10,"alpha1",0.357915699427647,0.353240281348183,0.0748461807813895,0.227774393124093,0.303338154067112,0.353240281348183,0.406593774027941,0.514257757483331
500,10,"beta1",0.281582615030313,0.279517589922411,0.0992082888112164,0.0975003220372849,0.209010230236553,0.279517589922411,0.35340547237289,0.475229174270332
500,11,"alpha0",0.132279952685579,0.131709334941396,0.0310806988162824,0.0833594123934526,0.109495748667011,0.131709334941396,0.152168268366849,0.185683432600993
500,11,"alpha1",0.356942951382176,0.352062650220079,0.077775330795004,0.220040688296287,0.299600456133141,0.352062650220079,0.407141246021183,0.520262932825935
500,11,"beta1",0.199763437025088,0.190092342873189,0.108291949110073,0.023180131851017,0.115138409802474,0.190092342873189,0.275287251818975,0.421224713274582
500,12,"alpha0",0.117729521141273,0.115338590439368,0.0337850561001093,0.0486558369921325,0.0983263988567363,0.115338590439368,0.137761448059061,0.174615941623948
500,12,"alpha1",0.318512039497459,0.310951480411887,0.0821427725051485,0.172552728691681,0.260634601088603,0.310951480411887,0.369945925535366,0.494590745605671
500,12,"beta1",0.248302886946871,0.23377181438293,0.133058803057662,0.0280277832380611,0.158895445485942,0.23377181438293,0.325205090134071,0.594181387417509
500,13,"alpha0",0.0765721578524989,0.0753821604344643,0.025978165951836,0.0387191633746575,0.0636395390893446,0.0753821604344643,0.086862523077937,0.114332132474068
500,13,"alpha1",0.363572296889411,0.35774250099686,0.0787540100790414,0.220813253958932,0.309308808813858,0.35774250099686,0.414665597159098,0.528827943569012
500,13,"beta1",0.378370002984845,0.377321849363903,0.0988782446448461,0.195957097011926,0.308751002172037,0.377321849363903,0.437445662867731,0.599353603094608
500,14,"alpha0",0.102469941586419,0.100289375436275,0.0304753580258297,0.0599119716445151,0.0851925587432416,0.100289375436275,0.116142133993584,0.149373767222398
500,14,"alpha1",0.288044972416622,0.282814343465322,0.0732353409110924,0.157663296822085,0.236444319285243,0.282814343465322,0.335330785401828,0.442605745323151
500,14,"beta1",0.271879805855493,0.271303659213299,0.112612777720158,0.0614089144689063,0.191467030901765,0.271303659213299,0.347319241165375,0.505293048469319
500,15,"alpha0",0.107807931100508,0.107596919796241,0.0328796929525906,0.0476191373543144,0.0874558866483436,0.107596919796241,0.12786062123334,0.159643907754757
500,15,"alpha1",0.294426901041152,0.290626535494402,0.0796875271395953,0.148556757667335,0.237077256989941,0.290626535494402,0.346073668177558,0.46057487843265
500,15,"beta1",0.333601230614874,0.323187314237131,0.11722862244458,0.12149518145952,0.252984528372327,0.323187314237131,0.414314514562565,0.57128087514298
500,16,"alpha0",0.138122934117014,0.138147582633005,0.0285310422353675,0.0835832035130922,0.120369395751472,0.138147582633005,0.155473994302992,0.189024899828651
500,16,"alpha1",0.33608385952381,0.32744095305929,0.0752120533430055,0.208904459714548,0.281573284525694,0.32744095305929,0.384060816362118,0.49641538984139
500,16,"beta1",0.167398030439909,0.154244598921673,0.100663893649006,0.0119830387053457,0.0903840151067731,0.154244598921673,0.232934994388649,0.392433819411637
500,17,"alpha0",0.0767106816812271,0.0672827734917505,0.0394472735171274,0.0308113856854439,0.0478969715058188,0.0672827734917505,0.0961664320067622,0.156831244464634
500,17,"alpha1",0.212796987760684,0.206195752642804,0.0611720828548308,0.109312726884978,0.169800509909698,0.206195752642804,0.250041463364228,0.351397347234901
500,17,"beta1",0.414364908201579,0.455360798577711,0.18852100576875,0.0218971167467977,0.282483709662297,0.455360798577711,0.565157509496454,0.690668826045225
500,18,"alpha0",0.0863311308868738,0.0840432944011009,0.0273583339534394,0.0462804460545511,0.0701706475242061,0.0840432944011009,0.0984961634279012,0.1353771246325
500,18,"alpha1",0.303614126148602,0.297487229479066,0.0701335244767314,0.183588157861779,0.252968775091714,0.297487229479066,0.346820356158476,0.454088452750133
500,18,"beta1",0.404068071634993,0.404296796295053,0.097260598362626,0.211023060807129,0.337778095566477,0.404296796295053,0.473486194593688,0.586589939974177
500,19,"alpha0",0.0807677748740658,0.0761172918061296,0.0410632766720868,0.022454598593335,0.0479363575711879,0.0761172918061296,0.111222622653966,0.152870986666397
500,19,"alpha1",0.190917639614086,0.185918326640695,0.0636803563703346,0.0824259399887338,0.143888827689057,0.185918326640695,0.231995746621546,0.326996844856378
500,19,"beta1",0.472925559261017,0.479836420968874,0.198859949602334,0.113750187617608,0.305479388596969,0.479836420968874,0.639364244451769,0.808544255970187
500,20,"alpha0",0.0859397539052014,0.0821944755032603,0.0309657344273735,0.0438930989224712,0.0691106830764226,0.0821944755032603,0.0987889851807177,0.138306677365469
500,20,"alpha1",0.313306630200387,0.309573261939399,0.0774931802323014,0.16837089050346,0.258642072876278,0.309573261939399,0.366155169372969,0.466798571772929
500,20,"beta1",0.336622645078769,0.342573714211966,0.120044999396472,0.091453424860922,0.254421878772714,0.342573714211966,0.416672556850613,0.581297566754017
500,21,"alpha0",0.0825795969890928,0.0811585757396228,0.0247847178967893,0.0501311730664133,0.0684561443272633,0.0811585757396228,0.0924954937291623,0.124705662178885
500,21,"alpha1",0.37059697044533,0.368119471850269,0.0797907755141019,0.227160902858383,0.314371215934845,0.368119471850269,0.422083773022473,0.537696052879476
500,21,"beta1",0.348854245553049,0.346999663839392,0.0855747638207548,0.184929619406668,0.287695988944196,0.346999663839392,0.405860728053015,0.53025154202122
500,22,"alpha0",0.0976876088231551,0.0871341183460835,0.0419404626156599,0.0451373457218119,0.071158211766652,0.0871341183460835,0.114940960810341,0.174313765521992
500,22,"alpha1",0.210112400114494,0.206815907082087,0.0607251046351983,0.0993324738090186,0.168353593332931,0.206815907082087,0.249798554349339,0.336267305595231
500,22,"beta1",0.35853340275194,0.393480735174047,0.163290789373881,0.0404003086882752,0.253981398181428,0.393480735174047,0.472363678349888,0.614923525574051
500,23,"alpha0",0.0998685912533388,0.0970887583312692,0.0275902253813376,0.0595644671315135,0.081154840087527,0.0970887583312692,0.116251255391054,0.150143063761056
500,23,"alpha1",0.327541105678219,0.322345434844494,0.0691804830464726,0.208337727049778,0.2753894560681,0.322345434844494,0.375599306562132,0.468507997407636
500,23,"beta1",0.320289979109722,0.319865364650273,0.100362990427908,0.128523304534738,0.247195616351454,0.319865364650273,0.392491630570635,0.509981230881686
500,24,"alpha0",0.108680824673503,0.109066512415835,0.0309227697341658,0.0552514140917278,0.0891168750624437,0.109066512415835,0.127131468186565,0.159217644390436
500,24,"alpha1",0.240506126665698,0.230306676958109,0.0750186984757382,0.122830922453322,0.189760065802277,0.230306676958109,0.279886898196007,0.402757354002019
500,24,"beta1",0.301254412439897,0.287359144872028,0.125118499194165,0.0860400999807645,0.209582135187758,0.287359144872028,0.386443316533984,0.565133107425861
500,25,"alpha0",0.117241721879677,0.116829998788079,0.033043541391533,0.0559108430385386,0.0971153554581723,0.116829998788079,0.137406000287629,0.172153117491377
500,25,"alpha1",0.278707769204749,0.269013571916076,0.0767508878179354,0.155328466498073,0.221714717231237,0.269013571916076,0.325624288762559,0.455807974943958
500,25,"beta1",0.238742683525166,0.224838945905945,0.139236922507838,0.0202138815853048,0.124793123123915,0.224838945905945,0.333715985086918,0.522608902619917
500,26,"alpha0",0.100416823494316,0.0985991494421058,0.034250690722257,0.0499796692242588,0.0779260569561347,0.0985991494421058,0.117443628950906,0.166527894256236
500,26,"alpha1",0.233447727732128,0.229524412786756,0.0583628664697439,0.130293386714013,0.191224738963561,0.229524412786756,0.271739913772502,0.355555459126035
500,26,"beta1",0.379800501748851,0.375048605140099,0.134090820374774,0.101425287597655,0.29916934349053,0.375048605140099,0.475759910695227,0.631960881240453
500,27,"alpha0",0.0968294090287111,0.0962831385571875,0.0272936596428948,0.0546877264903636,0.083204892900318,0.0962831385571875,0.108192174984884,0.136112901445737
500,27,"alpha1",0.448566765434172,0.448073726828933,0.0873410207904788,0.278075535183741,0.391141532090661,0.448073726828933,0.50678718893104,0.623466438209294
500,27,"beta1",0.231914709770109,0.221618409934032,0.0885475592023373,0.0791493789220998,0.169194608872578,0.221618409934032,0.289344982722621,0.42388489158937
500,28,"alpha0",0.122244811358372,0.121280210208367,0.031974805389924,0.0682222828121526,0.103343764570126,0.121280210208367,0.138236159574621,0.18331751034286
500,28,"alpha1",0.311365265449165,0.302919000287054,0.0763723228845593,0.17960679409174,0.258122694632553,0.302919000287054,0.356937730542403,0.486427591350043
500,28,"beta1",0.241341609324014,0.233638095640618,0.115379546471775,0.0255780023591731,0.164433613666319,0.233638095640618,0.319771540144126,0.478593599833655
500,29,"alpha0",0.1244221003601,0.12231520531783,0.0336068992058264,0.0763705526830143,0.102308108623631,0.12231520531783,0.142494199806908,0.178722747076728
500,29,"alpha1",0.313742783219974,0.310448154204491,0.0722176595605383,0.186171919622005,0.258698716784812,0.310448154204491,0.365579793326671,0.454749477117465
500,29,"beta1",0.246984335899307,0.247608108734016,0.103781917484695,0.0523859905004783,0.16926954287483,0.247608108734016,0.325136036719941,0.441369689963485
500,30,"alpha0",0.126839516821794,0.127248980000866,0.025158122461275,0.0855916661722356,0.112831730353539,0.127248980000866,0.140089755011295,0.159796358222805
500,30,"alpha1",0.411767818962502,0.405178429357464,0.0841136477136495,0.262317132005385,0.35445334422533,0.405178429357464,0.463024742744705,0.599172712863768
500,30,"beta1",0.109072514604145,0.0973937192685627,0.0777514448811682,0.00708605259125836,0.0471349167548815,0.0973937192685627,0.152828310484058,0.300923217364257
500,31,"alpha0",0.121856083240554,0.122020662126531,0.0252054610541851,0.080590069269158,0.1058531095265,0.122020662126531,0.136173174167209,0.163584568082797
500,31,"alpha1",0.391249002421686,0.384467286511421,0.0845599712524186,0.239727823021566,0.335377126935733,0.384467286511421,0.442322822356596,0.582841875119564
500,31,"beta1",0.161443763404571,0.15143394780505,0.0911422455938268,0.019731893868696,0.0887120943448545,0.15143394780505,0.223238282817796,0.356859117552926
500,32,"alpha0",0.0902237311638686,0.0863667891992272,0.034973219281055,0.0402006865057907,0.0650439928520251,0.0863667891992272,0.10809302478663,0.161782719010692
500,32,"alpha1",0.169285589001495,0.165198474509206,0.0581884774232418,0.0714111828518771,0.130914468830398,0.165198474509206,0.201608070892836,0.308981778200444
500,32,"beta1",0.432978280503845,0.438047689755166,0.143364165299312,0.134886658016795,0.333447015914287,0.438047689755166,0.540629032755538,0.687506985259163
500,33,"alpha0",0.0786973722268296,0.0735689252171655,0.0342173592459792,0.0328638435998014,0.0583475625183993,0.0735689252171655,0.0951792229758738,0.141994336540319
500,33,"alpha1",0.289043466553312,0.281855619738274,0.0725360179262346,0.167081605953957,0.235896342557659,0.281855619738274,0.337910739696012,0.444117481332029
500,33,"beta1",0.442574557132772,0.450297182075819,0.126825674191383,0.174124204168954,0.353829286859706,0.450297182075819,0.531623048668823,0.681437280583867
500,34,"alpha0",0.0985326402987829,0.0962640942107973,0.0321454041316275,0.0517160097025662,0.0765627968590402,0.0962640942107973,0.116778278441923,0.151435783331372
500,34,"alpha1",0.288923880905453,0.282850780800113,0.0694982993489061,0.169125304823527,0.23924517808762,0.282850780800113,0.332191659686736,0.441600632790108
500,34,"beta1",0.286891593663965,0.294541903893322,0.139622536055203,0.0254491916428042,0.177876556646404,0.294541903893322,0.390633416306031,0.541401840850326
500,35,"alpha0",0.0663491515403338,0.0648798253271466,0.0290073373680431,0.0293322833795117,0.050324326556079,0.0648798253271466,0.0778739726867573,0.107489625821404
500,35,"alpha1",0.320961908863355,0.312963078007601,0.0779816631496051,0.182385732709977,0.26762771196952,0.312963078007601,0.366436330167977,0.494920962984621
500,35,"beta1",0.418953296969472,0.419737465534362,0.112950183035888,0.192627759339134,0.340184892482604,0.419737465534362,0.499202160033766,0.630992110591149
500,36,"alpha0",0.100285628721787,0.0984211970236049,0.0287923522776232,0.0538840997275773,0.0829450718068081,0.0984211970236049,0.114593398998164,0.149864696690102
500,36,"alpha1",0.283181224919284,0.277443368622086,0.0818232898703387,0.145209354226506,0.224733136136309,0.277443368622086,0.333235755949207,0.457254824765868
500,36,"beta1",0.282825553734367,0.272091796933773,0.119197938690997,0.0717623729464445,0.196413558884663,0.272091796933773,0.355211696848925,0.546542853166808
500,37,"alpha0",0.140829512034104,0.141062861902041,0.0285273963891419,0.0885972807543504,0.123213950204154,0.141062861902041,0.156919198722862,0.188716157677734
500,37,"alpha1",0.284014330954873,0.276929805209798,0.0644334090171871,0.17432766406219,0.23873813854527,0.276929805209798,0.324568876837644,0.424031930963732
500,37,"beta1",0.191181776182991,0.1833608096833,0.101376671925319,0.0143512520962101,0.115246020060248,0.1833608096833,0.25836253895548,0.410651880571405
500,38,"alpha0",0.0781909956638925,0.0754812734592327,0.0394979854332991,0.0263725767793062,0.054786701637338,0.0754812734592327,0.0962439912982204,0.14067106569647
500,38,"alpha1",0.226425198235896,0.217376614845008,0.0672602925834133,0.118254634747744,0.177493709666415,0.217376614845008,0.268671541680433,0.379042189459295
500,38,"beta1",0.41095310608866,0.402473960483969,0.167315029545071,0.104825998494034,0.294400199078612,0.402473960483969,0.533189774130821,0.721047951663854
500,39,"alpha0",0.0827601701634726,0.0822854027071016,0.0287205698708784,0.0363947733751525,0.0647975550390353,0.0822854027071016,0.100093773744249,0.124658006788719
500,39,"alpha1",0.24631054135222,0.240974583415152,0.0767493496816,0.115635841541899,0.188168592261651,0.240974583415152,0.297509318297576,0.406388551606635
500,39,"beta1",0.298694029649983,0.281516329577883,0.159345170931542,0.0447651497287521,0.174203745479155,0.281516329577883,0.408565435254175,0.624061724020641
500,40,"alpha0",0.0929993156006285,0.0870154783189604,0.0392920268023801,0.0323504887778862,0.0695933723360245,0.0870154783189604,0.109075934919668,0.183776537409064
500,40,"alpha1",0.141584019906465,0.13251589112924,0.065841191965793,0.039629900403814,0.0970094115954973,0.13251589112924,0.173819479855197,0.298783611148139
500,40,"beta1",0.463629454033127,0.480962233357718,0.156648555354672,0.101966667452427,0.379557782206783,0.480962233357718,0.575073864087331,0.731441586134854
500,41,"alpha0",0.0842800102949791,0.0802176175743736,0.029302636777475,0.0455897431162097,0.0658198725614883,0.0802176175743736,0.0993227680441445,0.134206581718134
500,41,"alpha1",0.307928754303016,0.300911573057805,0.0748188273516769,0.18225122802415,0.254185643179759,0.300911573057805,0.355752865221627,0.469803038934622
500,41,"beta1",0.363164222077303,0.365966053013925,0.119227414580431,0.148497841117872,0.270853981790901,0.365966053013925,0.451496776732206,0.581558159937244
500,42,"alpha0",0.125060742476576,0.127302688143731,0.029077103066899,0.0728276141849946,0.108843584783074,0.127302688143731,0.140310918151118,0.164236175397068
500,42,"alpha1",0.426702171573843,0.422963070148822,0.0900155606487564,0.258964335551703,0.365408004769152,0.422963070148822,0.480651362922429,0.615077149889963
500,42,"beta1",0.137003986078512,0.1098101693036,0.107668012019971,0.0079577838294165,0.0526910293944355,0.1098101693036,0.192122535833377,0.412534441045911
500,43,"alpha0",0.100347178126125,0.0996396997040603,0.0282779808587185,0.063896192152656,0.085436227183473,0.0996396997040603,0.111664749285863,0.135725982733757
500,43,"alpha1",0.341624588012726,0.336586457327597,0.0665659688561438,0.218050157934451,0.296920636215961,0.336586457327597,0.382177995391194,0.488090861716302
500,43,"beta1",0.252862103742336,0.246226947097363,0.093004964503849,0.0929900828100255,0.182911302991917,0.246226947097363,0.31650676021876,0.440890964017904
500,44,"alpha0",0.135853867420918,0.13578934347006,0.026764466668584,0.0952579557195147,0.119530006246861,0.13578934347006,0.149768751302952,0.175682553109089
500,44,"alpha1",0.34908788646153,0.341839769084197,0.0848513216882942,0.205307883996963,0.286750545108121,0.341839769084197,0.400869224010165,0.537549665992092
500,44,"beta1",0.1229103294049,0.121934233195389,0.0731543527079484,0.00898428462981385,0.0653280573453234,0.121934233195389,0.170899228280894,0.275838090114682
500,45,"alpha0",0.0940252466559622,0.0906058069299977,0.031567945707992,0.0464542622357231,0.0740482017104954,0.0906058069299977,0.110592358090143,0.149335409220164
500,45,"alpha1",0.271354470919883,0.267897338555309,0.0766353037188542,0.128451296126048,0.218508148659957,0.267897338555309,0.323815967739833,0.425000908732702
500,45,"beta1",0.362903838867057,0.361827245810098,0.127119355042376,0.115819438494557,0.27565155007256,0.361827245810098,0.445043350727487,0.622307428900834
500,46,"alpha0",0.126997378461459,0.127324983892072,0.0287906967453492,0.0699975575450777,0.110047319487529,0.127324983892072,0.142269409036366,0.181501168513418
500,46,"alpha1",0.339091019440378,0.336292623919573,0.0888662991679875,0.171802218681032,0.275678433484627,0.336292623919573,0.39728680165918,0.52074902169857
500,46,"beta1",0.235117031655084,0.224901211723061,0.105507729431855,0.0585576965059664,0.157686103042604,0.224901211723061,0.303676079965439,0.475288257836196
500,47,"alpha0",0.0921859822419699,0.0827977994728345,0.0358189891464792,0.0476741545922427,0.0696123128256377,0.0827977994728345,0.107396948327724,0.165917177438178
500,47,"alpha1",0.30645800356508,0.303286530074967,0.0752328657740968,0.172922638970604,0.253206762818787,0.303286530074967,0.352689092358072,0.472044219622639
500,47,"beta1",0.337505195060149,0.360176382667189,0.142112633211326,0.029004892449101,0.254209948269402,0.360176382667189,0.438358549118927,0.582814817900119
500,48,"alpha0",0.141440637931627,0.141113810201906,0.0283694363002505,0.0927121388613097,0.124643698764692,0.141113810201906,0.157182597791172,0.183901659020613
500,48,"alpha1",0.336979724454026,0.328730431463538,0.0792431810575957,0.201000422383414,0.280743672986541,0.328730431463538,0.387652112124132,0.508747830123072
500,48,"beta1",0.1301722750714,0.114034974326317,0.0879616991169248,0.00959101522027811,0.0576553480071487,0.114034974326317,0.189038861103747,0.328880858868287
500,49,"alpha0",0.124526065328356,0.123470681209081,0.0252807646416184,0.0852887093752164,0.109587939912312,0.123470681209081,0.137428023860008,0.165798674207014
500,49,"alpha1",0.349262398997017,0.342540492547341,0.0769008959849414,0.212041656872313,0.296547402239877,0.342540492547341,0.396515195403281,0.515406454921255
500,49,"beta1",0.166894121142168,0.159642176312535,0.0854341838295395,0.0202530575969416,0.103426303479898,0.159642176312535,0.223542532598057,0.349946908579066
500,50,"alpha0",0.0940111579863946,0.0923127128966308,0.0270915546538862,0.0574772071698313,0.0771811225625423,0.0923127128966308,0.106565297749228,0.146675802217846
500,50,"alpha1",0.316051190664855,0.310218558089041,0.0700804554461562,0.197458717947348,0.267075847737128,0.310218558089041,0.356444980939372,0.478315561633163
500,50,"beta1",0.372005073934782,0.370874381825238,0.093318788132763,0.176377806756616,0.312361187438049,0.370874381825238,0.439634833376914,0.541377960758447
500,51,"alpha0",0.147017484682332,0.147857863398464,0.0248503540501768,0.104943783627502,0.133887714255781,0.147857863398464,0.159360339084458,0.180789867309229
500,51,"alpha1",0.368251505899769,0.36043904838968,0.0836091925494209,0.226844437445121,0.310784097436645,0.36043904838968,0.415582619308799,0.567548286120172
500,51,"beta1",0.0774443144355832,0.0539069660871006,0.0729632921876011,0.00268619998870165,0.0238804772558449,0.0539069660871006,0.111320922601757,0.270159956614972
500,52,"alpha0",0.136725219768258,0.137048166056871,0.0230592193873805,0.0954764093144289,0.122450559768399,0.137048166056871,0.150927974813439,0.172735308294476
500,52,"alpha1",0.343916776840883,0.339326041952748,0.069769908531603,0.219124025240305,0.294570858579703,0.339326041952748,0.390699921192767,0.485208314527562
500,52,"beta1",0.112371253392523,0.0945576370007185,0.0830362871952215,0.00700563752212127,0.04384461601871,0.0945576370007185,0.162760240137902,0.307618816017278
500,53,"alpha0",0.147560199340644,0.149359399855271,0.0311902553822752,0.0877601087489299,0.126587977131672,0.149359399855271,0.169212030732223,0.19570302946054
500,53,"alpha1",0.224671091646678,0.220371780230018,0.0667457801610985,0.108491400767994,0.175766825108559,0.220371780230018,0.269032843464211,0.359917577496748
500,53,"beta1",0.174956778032743,0.15274625063997,0.124600299299858,0.00936169080490437,0.0688762427819929,0.15274625063997,0.261714893674056,0.459660247662072
500,54,"alpha0",0.102748328435162,0.100326532142603,0.0319835689628073,0.0561193385316594,0.0839590112076371,0.100326532142603,0.117682919302405,0.152186110204574
500,54,"alpha1",0.268459149498953,0.25890882201532,0.0793646769221152,0.131159320577249,0.21370335375364,0.25890882201532,0.318339835313728,0.448355272870694
500,54,"beta1",0.253601341871786,0.249280330015234,0.125233520493759,0.0506618968965789,0.155239664722772,0.249280330015234,0.333711137262218,0.517447549575654
500,55,"alpha0",0.073963519167004,0.0658042969699096,0.0411427106111618,0.0213648888480655,0.0429313330130668,0.0658042969699096,0.0987313682983603,0.156217542687088
500,55,"alpha1",0.2839064118833,0.280102449062606,0.0849337389511627,0.141213810674327,0.218616034280147,0.280102449062606,0.341254924971682,0.460152521774739
500,55,"beta1",0.441853781793513,0.457537492213402,0.188451088818696,0.0970897730249418,0.283721526614687,0.457537492213402,0.601806652318638,0.745715111253231
500,56,"alpha0",0.138851542313405,0.139207142556688,0.0287159660049395,0.0899895848485674,0.121984051417663,0.139207142556688,0.154549371688052,0.184769882025165
500,56,"alpha1",0.251101603691987,0.245649940049093,0.0700319961349971,0.129111753254639,0.199586719739487,0.245649940049093,0.296213374028201,0.405361927011926
500,56,"beta1",0.230114795508652,0.217635686214383,0.107878694144278,0.0556785415065914,0.151247251403013,0.217635686214383,0.295045683384689,0.47157948764397
500,57,"alpha0",0.0947689783229676,0.0917995259159044,0.0288562742435118,0.0540487439967196,0.0762544680815112,0.0917995259159044,0.109229004620269,0.151445035745994
500,57,"alpha1",0.0906648292931319,0.0827433597151014,0.0478873913306908,0.0171553609109774,0.0581407055934142,0.0827433597151014,0.114092172067857,0.20413741911643
500,57,"beta1",0.452766159973586,0.460715167270694,0.122779344874674,0.188273651973082,0.373273281676381,0.460715167270694,0.540307535175676,0.673479572525498
500,58,"alpha0",0.121432483803997,0.121826229754567,0.0301262884372222,0.0715786796757591,0.102303042461606,0.121826229754567,0.139269946092918,0.165828359549098
500,58,"alpha1",0.278699425789929,0.273165768444433,0.074816090018319,0.144108264030714,0.226185033461955,0.273165768444433,0.326068750583725,0.438836950818113
500,58,"beta1",0.180651256002072,0.159894514570608,0.119502966601946,0.0115313507343992,0.088813871885669,0.159894514570608,0.252659909403138,0.456628803206864
500,59,"alpha0",0.104875062593599,0.104668425427277,0.0292388000608831,0.0573483255868217,0.0869451602354664,0.104668425427277,0.120331910904723,0.148688043662834
500,59,"alpha1",0.369146977566967,0.366491149038533,0.0820479972697623,0.218353151634877,0.309023906529255,0.366491149038533,0.426414020947289,0.533104078512924
500,59,"beta1",0.280442113228369,0.274295960699641,0.109484345017129,0.094577478567943,0.200125640603264,0.274295960699641,0.349429768174179,0.529177894105539
500,60,"alpha0",0.116820377027011,0.117986723220077,0.0265212723715642,0.0703126243710398,0.101803937138762,0.117986723220077,0.131571899423311,0.155768410617224
500,60,"alpha1",0.210619794278805,0.206992121539661,0.0779450474217248,0.0702199502114515,0.159591110531713,0.206992121539661,0.257678048985278,0.378842123842191
500,60,"beta1",0.180480199039885,0.159679459455358,0.125242741447203,0.00966731581851302,0.0841256594011298,0.159679459455358,0.248192604090385,0.485274347143052
500,61,"alpha0",0.0975111582339882,0.0949427559220043,0.0292778952251547,0.057128910504686,0.0781453775533228,0.0949427559220043,0.111964325004095,0.151542449522333
500,61,"alpha1",0.306763782070716,0.300760022631395,0.0791089954640033,0.169443470155569,0.252117311038424,0.300760022631395,0.357817408187419,0.471912603520744
500,61,"beta1",0.350721723938543,0.353051904581299,0.115305358586103,0.131876058594507,0.267199927472027,0.353051904581299,0.431415218335885,0.581146636426564
500,62,"alpha0",0.112801434642662,0.110817988516005,0.031241803711205,0.0671391180467299,0.0934424934341497,0.110817988516005,0.12751025598498,0.168674506628612
500,62,"alpha1",0.211602585850379,0.206687943778051,0.0677049839871142,0.0965059563095268,0.162621183842131,0.206687943778051,0.254251583817238,0.361010272412874
500,62,"beta1",0.291689895939864,0.291063794956947,0.118917905506025,0.0727412133181728,0.207968888686853,0.291063794956947,0.369490148211061,0.52794055100385
500,63,"alpha0",0.119075355015675,0.119983597009705,0.0336119954907617,0.0530233045585643,0.0986292695872497,0.119983597009705,0.140105709656476,0.167222687947288
500,63,"alpha1",0.310262538492782,0.301869607427561,0.0917369136008674,0.142153893482162,0.249762995722455,0.301869607427561,0.367419191743495,0.517329474496898
500,63,"beta1",0.224469601965992,0.192517125691236,0.14930695434763,0.0249072333162336,0.113821174850215,0.192517125691236,0.310134310583812,0.588051949524897
500,64,"alpha0",0.129057254762013,0.127490764079491,0.026782501538954,0.0909836762864762,0.113986396623977,0.127490764079491,0.141598947711748,0.170562008626986
500,64,"alpha1",0.300222476577073,0.2912067836851,0.0764193760748059,0.171559447107474,0.247290200312175,0.2912067836851,0.346725640435468,0.475539171125906
500,64,"beta1",0.177551348095948,0.171408308073748,0.0878369020158175,0.0268332668182728,0.112794602835403,0.171408308073748,0.233082168650266,0.365584790289434
500,65,"alpha0",0.10652989852405,0.105725970297467,0.0295535113422431,0.0656673603595025,0.0897832722909703,0.105725970297467,0.121547979738823,0.146063968678951
500,65,"alpha1",0.252098538153461,0.245019031764013,0.0707417744951353,0.132409539343996,0.20121895370838,0.245019031764013,0.294645246255468,0.411618756220284
500,65,"beta1",0.206298872880027,0.195526567259671,0.124876245438578,0.0198003904934415,0.102357433619715,0.195526567259671,0.292601320413721,0.469764262155554
500,66,"alpha0",0.0685734069504796,0.0630144644874051,0.0326471001181448,0.032311333952817,0.0502666566955996,0.0630144644874051,0.0797290448992579,0.133031082931456
500,66,"alpha1",0.257673553590422,0.254537351719067,0.0605447455178047,0.147563239244812,0.21554660678727,0.254537351719067,0.296597289600065,0.388982488066549
500,66,"beta1",0.524983866077588,0.535030292609948,0.104569395509388,0.273688282119954,0.469572954713764,0.535030292609948,0.596069611960084,0.698947985660015
500,67,"alpha0",0.114256373916001,0.114100991813258,0.0254310814669022,0.0757934497906117,0.101227641656604,0.114100991813258,0.126254779441178,0.147505252033602
500,67,"alpha1",0.420959695867384,0.416871130703627,0.0821979243855218,0.271464438403718,0.365245872615654,0.416871130703627,0.473900853449465,0.591910706395236
500,67,"beta1",0.1156277152984,0.106227054858542,0.0746526102802281,0.00914140247471526,0.0593727091787681,0.106227054858542,0.158598745993441,0.284049354990532
500,68,"alpha0",0.132835646193595,0.133548569638908,0.0302561117359185,0.0790049391117456,0.114107505664476,0.133548569638908,0.151075444711392,0.179267534658238
500,68,"alpha1",0.305878741825611,0.29773904974367,0.0838961234719105,0.162884701366996,0.247353252995875,0.29773904974367,0.358180132456603,0.489112792435848
500,68,"beta1",0.170230355120325,0.140195455381189,0.117680939763393,0.0153557161257464,0.0772627132483334,0.140195455381189,0.245948196638069,0.444595020633421
500,69,"alpha0",0.122682800610681,0.121749199332013,0.02588834767806,0.0796025671843407,0.105961920292615,0.121749199332013,0.138742549739506,0.165079880834372
500,69,"alpha1",0.361856209538737,0.356091385164477,0.0707388289804648,0.240456814584229,0.31174721471739,0.356091385164477,0.404619571803409,0.521797936141839
500,69,"beta1",0.19751629961938,0.190198818792935,0.0880999374678917,0.0528486540481647,0.128852272012934,0.190198818792935,0.258022981137503,0.381672039015511
500,70,"alpha0",0.143975019204444,0.14571813993678,0.0268178568049692,0.0913193713667341,0.128761168682045,0.14571813993678,0.160534737421002,0.182535635699923
500,70,"alpha1",0.382059344256076,0.37474973185808,0.0826113752906497,0.240527032360995,0.323321251573664,0.37474973185808,0.434626869362756,0.558902961952487
500,70,"beta1",0.1011625202346,0.0758964225315249,0.0856423192890304,0.00288442538729709,0.0317372894112913,0.0758964225315249,0.148410596960336,0.306224103300286
500,71,"alpha0",0.0979598746644205,0.0943143824439253,0.0316661894391934,0.0531580471121079,0.0785017324500016,0.0943143824439253,0.114869046974713,0.153527341544322
500,71,"alpha1",0.245733531145912,0.239078499650625,0.0711287285518373,0.124347121253895,0.193809284902508,0.239078499650625,0.291594460770557,0.398572377523945
500,71,"beta1",0.35946371331089,0.354615972360125,0.128765833691011,0.134380495626685,0.261704243094701,0.354615972360125,0.45564409903754,0.604452116468325
500,72,"alpha0",0.133462427133986,0.133797861026354,0.0300322989350603,0.0786611948746053,0.118040219134663,0.133797861026354,0.149053476445457,0.176942335203907
500,72,"alpha1",0.311804206408751,0.309957674457407,0.0763906675436805,0.168820479906505,0.259065239148866,0.309957674457407,0.361263129751435,0.462985741253136
500,72,"beta1",0.174845784984416,0.158963563046039,0.108684441565538,0.016505483484695,0.0980258418154154,0.158963563046039,0.232559458016007,0.440502738437924
500,73,"alpha0",0.127170225050164,0.128406777175061,0.024628067407894,0.0815589568535218,0.114492899123931,0.128406777175061,0.14092030937116,0.159738100492884
500,73,"alpha1",0.264314674299937,0.256003674917199,0.0727029678658218,0.144501624141025,0.211739781574533,0.256003674917199,0.31084253393167,0.423711776079194
500,73,"beta1",0.146861108423622,0.120920414342684,0.106834480348173,0.0141011934801898,0.0703974133690549,0.120920414342684,0.194910171510822,0.421175617133482
500,74,"alpha0",0.150481729107219,0.1527581218401,0.031836745784812,0.0756502376449559,0.135021674199366,0.1527581218401,0.168551477945623,0.195758972910019
500,74,"alpha1",0.249031222490627,0.243152744469873,0.0746579432654586,0.116731527114832,0.195017041299244,0.243152744469873,0.295445869509205,0.410076606879477
500,74,"beta1",0.1564521177169,0.132865927367689,0.117723010558867,0.0102317607164196,0.0752350510102333,0.132865927367689,0.205519772655865,0.529422442575504
500,75,"alpha0",0.0727543765727581,0.0674601554791354,0.0290514055947582,0.0366780783548391,0.056135393494111,0.0674601554791354,0.0826992698916626,0.126706982144501
500,75,"alpha1",0.249267088784734,0.243927325986517,0.070009999636484,0.128982561503706,0.200523668405129,0.243927325986517,0.292255245833147,0.403285420739878
500,75,"beta1",0.378908235083021,0.393278007947416,0.139330233348114,0.076924274779724,0.29387334463181,0.393278007947416,0.473128470836893,0.64462059845081
500,76,"alpha0",0.120335126185772,0.119758955811551,0.0291525286026334,0.0739728877224479,0.10265767820353,0.119758955811551,0.136130194626522,0.16520888950023
500,76,"alpha1",0.296599131676668,0.293909524051807,0.0649076289326154,0.181723044013152,0.251061891133844,0.293909524051807,0.336272347390875,0.439190897788737
500,76,"beta1",0.227729874770146,0.224437066471836,0.111198757692069,0.0266653081584111,0.147680006573739,0.224437066471836,0.298784942168886,0.448452529666478
500,77,"alpha0",0.0854032804108919,0.0824672037107358,0.0280183982427023,0.050884483993406,0.0700047630085927,0.0824672037107358,0.0958754065324855,0.131839903811838
500,77,"alpha1",0.35689224619607,0.359844962174022,0.0734431057046028,0.222233943988651,0.305240268584925,0.359844962174022,0.408847154627594,0.495302109250277
500,77,"beta1",0.321794066549178,0.319036469225023,0.0958721638231623,0.13022366466036,0.25689213169989,0.319036469225023,0.388246063773903,0.509450883797554
500,78,"alpha0",0.113769872095819,0.113298741017552,0.0349133365704078,0.0589354179875709,0.0937909762275547,0.113298741017552,0.131332858970732,0.173230006869122
500,78,"alpha1",0.283685932431894,0.272705196628586,0.0880755364286767,0.14055346205056,0.222075949500538,0.272705196628586,0.335545027434926,0.476480389535631
500,78,"beta1",0.275986761486956,0.252068926453497,0.134467149536519,0.062399960864524,0.175901400679902,0.252068926453497,0.352152420379251,0.567351026116316
500,79,"alpha0",0.081282293687654,0.0805894475069753,0.0311226187385341,0.0296960471821819,0.0646203522596038,0.0805894475069753,0.0968416019822212,0.134218517531561
500,79,"alpha1",0.264012130602715,0.262185238915136,0.0602182781657486,0.152468600019556,0.222647808346609,0.262185238915136,0.304224317323998,0.385337231869294
500,79,"beta1",0.421904615535873,0.408750634913851,0.126492495915902,0.186144107460499,0.33445434590508,0.408750634913851,0.503495626641064,0.679578628671399
500,80,"alpha0",0.137817341335568,0.138499662545154,0.0305010792175994,0.0744403948621653,0.119790764158173,0.138499662545154,0.156536447218886,0.186623362762791
500,80,"alpha1",0.242301847059074,0.233813398333195,0.0774422807450093,0.116390329258415,0.186493392212189,0.233813398333195,0.287983332270417,0.431215625808767
500,80,"beta1",0.166454648997364,0.146964413017015,0.120930612627538,0.00832039305690667,0.0770617139470703,0.146964413017015,0.223109279186107,0.488625546415622
500,81,"alpha0",0.119209960041174,0.116303016585076,0.0304011211007322,0.070051822832633,0.100512612093635,0.116303016585076,0.135358756062691,0.177761318507019
500,81,"alpha1",0.327194334958455,0.319711272017633,0.0729960539653761,0.20293465664244,0.274380215595599,0.319711272017633,0.374696204103911,0.484345605263781
500,81,"beta1",0.271865698070421,0.262947139626358,0.104138557832273,0.0916970016383944,0.193958068269481,0.262947139626358,0.343019391465926,0.492134325116727
500,82,"alpha0",0.0789839540945407,0.0765066329755808,0.0330410204079373,0.0360879019567091,0.0590869853978853,0.0765066329755808,0.0938032493606474,0.131133944155001
500,82,"alpha1",0.333564300748918,0.330722141135497,0.0791681545893602,0.187297873322925,0.279779460031902,0.330722141135497,0.387067358498503,0.494628051429715
500,82,"beta1",0.407534592233521,0.40181503908625,0.111946930774146,0.197520400935695,0.329704400269608,0.40181503908625,0.482531861393553,0.642559410056498
500,83,"alpha0",0.123839759428875,0.123640089289206,0.0298723342981812,0.0732123576499726,0.105359074458685,0.123640089289206,0.139101404178186,0.172966844471332
500,83,"alpha1",0.257517047940719,0.255089216237818,0.0705217410861173,0.132245601362706,0.207225721407128,0.255089216237818,0.302723230904956,0.404155770579522
500,83,"beta1",0.224296027652315,0.211241338343632,0.106146141961064,0.0582719548650318,0.147667846665418,0.211241338343632,0.288745154128692,0.463156870651499
500,84,"alpha0",0.128392129602115,0.129556661767332,0.0294428077555688,0.0763500122768329,0.111301758584547,0.129556661767332,0.145228889997807,0.167691287825968
500,84,"alpha1",0.262582354331581,0.25967163756375,0.0631161719227314,0.150592988173863,0.219206694070206,0.25967163756375,0.303563996333265,0.397162501754807
500,84,"beta1",0.174396733920372,0.160458098474987,0.106593338225221,0.0143082680392955,0.0915662648534322,0.160458098474987,0.241244298658324,0.421987471958626
500,85,"alpha0",0.152874581157481,0.153816744425602,0.0335232824574131,0.0745714638280795,0.133516518568668,0.153816744425602,0.176054727814895,0.208053051968629
500,85,"alpha1",0.191400416898885,0.18244772516185,0.0680374559658569,0.0767067178002164,0.146436273796468,0.18244772516185,0.228149605817502,0.355723239434065
500,85,"beta1",0.201803432622115,0.181392289114888,0.129573371181607,0.0281006245622683,0.101925202156241,0.181392289114888,0.271797325594274,0.561124808723484
500,86,"alpha0",0.111868256694644,0.109648070677611,0.0307772024533842,0.0638031223266037,0.0915512378355559,0.109648070677611,0.130182637407587,0.161424471166509
500,86,"alpha1",0.334012146434344,0.328534129421953,0.0786568526064335,0.188326378826697,0.280442124353202,0.328534129421953,0.382505256639999,0.498804675454009
500,86,"beta1",0.253933329858493,0.245860058580089,0.107542009289843,0.0611790862746199,0.174610402295097,0.245860058580089,0.331129567370019,0.469426216627574
500,87,"alpha0",0.0959116856217008,0.0881374168623287,0.0392171345304025,0.035099833910556,0.0690655067363727,0.0881374168623287,0.124033024173813,0.164894913777122
500,87,"alpha1",0.280420501173716,0.274305393183455,0.0765149877987555,0.150998484399929,0.226640824807538,0.274305393183455,0.327855827334106,0.442333470690979
500,87,"beta1",0.319484237965325,0.339611543844833,0.172421028517499,0.0157659639690034,0.166592435889547,0.339611543844833,0.446716392964375,0.649076131397923
500,88,"alpha0",0.107580350699615,0.105690044932447,0.0275607048467202,0.0726630150881546,0.0938293073670582,0.105690044932447,0.117268042486484,0.147596974430374
500,88,"alpha1",0.488307112492581,0.482863865603929,0.0898854788261559,0.323606691628132,0.42547709439556,0.482863865603929,0.544431440174105,0.679190491791241
500,88,"beta1",0.226042595542358,0.221768660396353,0.0735898794059789,0.0904358546208069,0.175196885364612,0.221768660396353,0.276692650983019,0.374753661357711
500,89,"alpha0",0.112119476537429,0.109650122668067,0.0279558507610477,0.0673795708740134,0.0952886492273724,0.109650122668067,0.125850631015163,0.161982272447473
500,89,"alpha1",0.451276078836714,0.44970567904594,0.0854498385084344,0.290995975523244,0.39333030446062,0.44970567904594,0.506030943478422,0.629078799996866
500,89,"beta1",0.21872808991348,0.215633846778428,0.0952066652665994,0.038262102378836,0.154218797391648,0.215633846778428,0.278359298960884,0.419691090294375
500,90,"alpha0",0.0944235123518945,0.0934303500363396,0.0271080530999652,0.0594408313822614,0.0809913136031141,0.0934303500363396,0.104908565617064,0.128180675962558
500,90,"alpha1",0.391876913876755,0.387819748969705,0.0837542411807744,0.236405137405505,0.332841335420658,0.387819748969705,0.445740780575232,0.564499831508231
500,90,"beta1",0.261203006342922,0.25161688899092,0.092887751544453,0.108197089349982,0.192368534697386,0.25161688899092,0.319018212493708,0.468021851631594
500,91,"alpha0",0.0938674432174715,0.0892671341361447,0.0398279814311905,0.0318562636746935,0.0694966343684624,0.0892671341361447,0.116828783224293,0.163642278719168
500,91,"alpha1",0.253414881175866,0.246464935798637,0.0687352490950082,0.136155417177644,0.20549446292791,0.246464935798637,0.293467857812273,0.408407115895714
500,91,"beta1",0.387062109738031,0.398873624690101,0.147317410083824,0.110055148724813,0.273133777546329,0.398873624690101,0.483937320564613,0.687662781007281
500,92,"alpha0",0.120543718874832,0.119590081793591,0.032034213961956,0.0692385475850197,0.100962697715275,0.119590081793591,0.137880818221232,0.172130644504336
500,92,"alpha1",0.323117631081839,0.317911819538424,0.0636697902028454,0.211796439898405,0.278380128129677,0.317911819538424,0.361709549924819,0.461260172373357
500,92,"beta1",0.249770544430196,0.246614123173404,0.105226883273613,0.059779659634884,0.176320968809137,0.246614123173404,0.312213814720911,0.479452377337701
500,93,"alpha0",0.112215464138398,0.108292951693639,0.0415633282697358,0.0467718675425543,0.0831956241992752,0.108292951693639,0.137329058098848,0.18486583629663
500,93,"alpha1",0.178286647902138,0.170232347261426,0.0644504848921732,0.0792654087760821,0.130296559980287,0.170232347261426,0.216043356630931,0.325945053763588
500,93,"beta1",0.349640266288686,0.35006274558751,0.166920773648794,0.0657740709825521,0.218505863734682,0.35006274558751,0.469131365371052,0.678522311675065
500,94,"alpha0",0.0942902900758216,0.0931382753748079,0.0272962355725969,0.0538626085621383,0.0762203711843255,0.0931382753748079,0.10963052718864,0.139013319260176
500,94,"alpha1",0.297783542736623,0.295573254620074,0.0679706576301363,0.177525960582777,0.248832396814029,0.295573254620074,0.339595977149737,0.449986699999944
500,94,"beta1",0.245604922735825,0.243902309408722,0.120204704084142,0.0348557421587242,0.152664967131548,0.243902309408722,0.334240809845347,0.472543823997015
500,95,"alpha0",0.0885768367421999,0.0845203910626724,0.0305759604652417,0.0471824850467109,0.0674956717649301,0.0845203910626724,0.10578636655338,0.144297321573703
500,95,"alpha1",0.298031458254339,0.29112381342488,0.0759412062159285,0.168042111622763,0.24398742750718,0.29112381342488,0.344879418343065,0.464859218161832
500,95,"beta1",0.372916418618853,0.381196728528381,0.108373640834131,0.146944031823631,0.299412656144892,0.381196728528381,0.454109297282831,0.562217218549958
500,96,"alpha0",0.113819829749386,0.111762775314128,0.0298696095187371,0.0718410913601383,0.0960520987665654,0.111762775314128,0.127882021305393,0.159666471366345
500,96,"alpha1",0.416533372946608,0.406738801753416,0.109393977527101,0.227496710642703,0.342094669170306,0.406738801753416,0.479008496855897,0.668391451727746
500,96,"beta1",0.191114452410115,0.182849039522093,0.105674606273441,0.013441643246311,0.114969501398414,0.182849039522093,0.25307854360208,0.421036695215929
500,97,"alpha0",0.104954767123507,0.0986922745159485,0.035888381939942,0.0564641129550787,0.0823938907183483,0.0986922745159485,0.12061574990941,0.173120223406616
500,97,"alpha1",0.261545898550858,0.260408496316348,0.06366477682523,0.146118436996789,0.215474179319896,0.260408496316348,0.30373962329251,0.391447598034477
500,97,"beta1",0.296230766899024,0.311068912131902,0.137854091511609,0.0224281803822966,0.211533498970652,0.311068912131902,0.390045680649952,0.552208556118356
500,98,"alpha0",0.0760117285904638,0.0749743201995215,0.025536072947045,0.0397301754155044,0.063033344593147,0.0749743201995215,0.0864060296468128,0.113576476184351
500,98,"alpha1",0.200154008426606,0.19615932778971,0.0564074622248947,0.0987841863499294,0.161426204440781,0.19615932778971,0.233232127830142,0.323039101527432
500,98,"beta1",0.393247588006866,0.39137055157957,0.110439374997726,0.188032510795973,0.318200484266678,0.39137055157957,0.46164694583227,0.61900338865797
500,99,"alpha0",0.114593399140618,0.111610118865756,0.0328383108755869,0.0649479631637495,0.0964434788774587,0.111610118865756,0.129959353999486,0.165257900715806
500,99,"alpha1",0.298153828391718,0.292421239821906,0.0724474014767469,0.173956191073675,0.245824481404153,0.292421239821906,0.341811823080218,0.457243506048505
500,99,"beta1",0.251229677716369,0.250090996431022,0.119475911079153,0.0381297707382433,0.165722885472597,0.250090996431022,0.326481503105569,0.494359927305398
500,100,"alpha0",0.116264176891559,0.114644381126432,0.0319915345918229,0.0633063023272222,0.0970195557966012,0.114644381126432,0.134319492378956,0.1668770575501
500,100,"alpha1",0.233156535852025,0.224830076516706,0.069683291353788,0.121105765520799,0.182758579411743,0.224830076516706,0.2741849800053,0.399859197605792
500,100,"beta1",0.267488698631217,0.25653240798101,0.123878438274743,0.0670672951743474,0.168104144882108,0.25653240798101,0.355326899452877,0.529707572622579
500,101,"alpha0",0.0913558197437843,0.090499941257246,0.0249910975886546,0.054200934859918,0.0767652396128056,0.090499941257246,0.10291722473828,0.134622011463433
500,101,"alpha1",0.369437495447464,0.366617027442525,0.0764878282486489,0.227454651143933,0.318370186061878,0.366617027442525,0.416149695408278,0.527263216679413
500,101,"beta1",0.280859894873198,0.276027218713579,0.0906483187538776,0.113093198997303,0.218087618965027,0.276027218713579,0.339370952954687,0.468159553246701
500,102,"alpha0",0.122929978211432,0.122470891015155,0.0249576393137821,0.081471907168906,0.108516458307186,0.122470891015155,0.135426685458319,0.163940377169049
500,102,"alpha1",0.463762299598713,0.455089538775107,0.0965129792966041,0.293032259,0.39602438783142,0.455089538775107,0.528344402114013,0.671089264452393
500,102,"beta1",0.14826949897863,0.139445042771305,0.0855025920328478,0.0164517387674241,0.0845434232773583,0.139445042771305,0.195867988026993,0.35496417386145
500,103,"alpha0",0.115371253114535,0.123104307611782,0.0398028681748231,0.0284831399598714,0.0883488563412534,0.123104307611782,0.142261586625954,0.167475051659092
500,103,"alpha1",0.251408850614184,0.250575775808439,0.0791213489688436,0.0955423652424642,0.197952325502732,0.250575775808439,0.302983788293102,0.410795474054143
500,103,"beta1",0.259094117175328,0.199001190326359,0.197153056387563,0.018006644638258,0.105595198839171,0.199001190326359,0.380745135563096,0.766720465576402
500,104,"alpha0",0.0838641570520054,0.0820983372982633,0.0299201758252455,0.0391376088371372,0.0670660955930498,0.0820983372982633,0.0971529333585125,0.130265503488801
500,104,"alpha1",0.293755313558761,0.290708854681355,0.0709569460273682,0.168887621242946,0.244111603310402,0.290708854681355,0.337384791790682,0.445085517978904
500,104,"beta1",0.416653938792706,0.416484375367539,0.1044363951963,0.204844428172962,0.347266652988897,0.416484375367539,0.48315272254407,0.624184226545692
500,105,"alpha0",0.112644358938382,0.111590380490336,0.0244831974607735,0.0702760993887087,0.0991104867106726,0.111590380490336,0.124987540441006,0.155708155010726
500,105,"alpha1",0.378525848266524,0.369673810437143,0.0816304668223775,0.240821894667923,0.317616284009967,0.369673810437143,0.433319286499421,0.553613551558072
500,105,"beta1",0.226046442964601,0.219274650467199,0.0839253844038985,0.0766438287962677,0.167102658896255,0.219274650467199,0.2810561887654,0.404644464875668
500,106,"alpha0",0.0752852482185946,0.0723094662120672,0.0271303816818166,0.0404836531265235,0.0594595380403467,0.0723094662120672,0.0867242446324931,0.118565223904629
500,106,"alpha1",0.331039991770303,0.328607465828756,0.0707323942025321,0.202967700355758,0.280985781191592,0.328607465828756,0.375813395123059,0.480131974699396
500,106,"beta1",0.417157507780537,0.418765986130983,0.0956686232078385,0.223733916177031,0.355035916127517,0.418765986130983,0.483533843393119,0.598103708456803
500,107,"alpha0",0.0877564967470349,0.0846083357452284,0.0277861694201889,0.046876128144765,0.0708069240722313,0.0846083357452284,0.101579615187672,0.139125832487161
500,107,"alpha1",0.51865120756209,0.517582713474741,0.0942862196160241,0.334873838735639,0.459262894931508,0.517582713474741,0.577696677907897,0.705125898636514
500,107,"beta1",0.263854494086196,0.263943337528309,0.0966783653827573,0.0799288277875626,0.192244767189465,0.263943337528309,0.33058439079529,0.452248485197938
500,108,"alpha0",0.0937421005192918,0.0912856114628053,0.0308030534824412,0.0426716690344338,0.0756775157776895,0.0912856114628053,0.109220674314463,0.147711279931522
500,108,"alpha1",0.328290974701425,0.322658878444739,0.067473481759999,0.214190917644997,0.278949222440209,0.322658878444739,0.372870398184028,0.478406441935891
500,108,"beta1",0.326973391484021,0.323800202727266,0.11573233861431,0.103167736319765,0.246602550319683,0.323800202727266,0.403523818538935,0.56856738290815
500,109,"alpha0",0.111470363507225,0.111667580029187,0.0328642602239014,0.0586229474295032,0.0951782034328825,0.111667580029187,0.126913611414956,0.157500752149897
500,109,"alpha1",0.336617463645209,0.324627557425574,0.100859486337604,0.174334438996371,0.269087654131582,0.324627557425574,0.387816336276683,0.593777057690876
500,109,"beta1",0.216622088499434,0.198686296491194,0.1346533641946,0.009062306657439,0.116121746672772,0.198686296491194,0.302719964762663,0.530946153637182
500,110,"alpha0",0.070530297713403,0.0684867846858575,0.023916158606723,0.0435919671787019,0.0593275721102303,0.0684867846858575,0.0770861110566735,0.109530600534414
500,110,"alpha1",0.42478745238689,0.425633494610249,0.0725211292070722,0.285091613372638,0.375154101515724,0.425633494610249,0.474528214167833,0.569353636004487
500,110,"beta1",0.326370184565532,0.325096066491011,0.0712641560226646,0.182155116711504,0.279800188343801,0.325096066491011,0.372317775800133,0.469415467173731
500,111,"alpha0",0.120864652400885,0.114848616263577,0.0387097999289078,0.0664824438973475,0.0931831180455102,0.114848616263577,0.1443408711095,0.194255503360313
500,111,"alpha1",0.300170792267717,0.295645084119745,0.079130479824628,0.159016102159331,0.24564761301797,0.295645084119745,0.350989703239626,0.472216960625662
500,111,"beta1",0.276570765318435,0.279767763091924,0.139671430939829,0.0339592882063616,0.165508723529688,0.279767763091924,0.38527219256932,0.528477013981394
500,112,"alpha0",0.112611629183897,0.108879372822963,0.0354081739219061,0.057465240018142,0.0914412163508491,0.108879372822963,0.129787696097328,0.174882635307509
500,112,"alpha1",0.294486457528003,0.289678443948701,0.0682421916300313,0.173252394879473,0.246432349505547,0.289678443948701,0.3368412278797,0.440900125991012
500,112,"beta1",0.305201953731421,0.305813265358684,0.127847623004518,0.0570701469269151,0.223971939185789,0.305813265358684,0.389444675464541,0.562657204511396
500,113,"alpha0",0.118555946557821,0.11869664657647,0.0273295462735424,0.0732561281120646,0.102395447889806,0.11869664657647,0.133792791616829,0.159815583166897
500,113,"alpha1",0.335883446074027,0.328806480520211,0.0739437948577346,0.203603036254768,0.286056702010368,0.328806480520211,0.381335000618612,0.4958496576464
500,113,"beta1",0.15532036893644,0.143546739045922,0.101161568558943,0.012041908593212,0.0654161619466917,0.143546739045922,0.230051647303771,0.358777845919689
500,114,"alpha0",0.105334404837478,0.103764984499221,0.0315994403320135,0.0589947871629998,0.0866534518518464,0.103764984499221,0.121379368415795,0.148543188152351
500,114,"alpha1",0.280777033316024,0.272722944209836,0.0822107987443989,0.142987363128702,0.220519108959066,0.272722944209836,0.330552634870698,0.471312800046394
500,114,"beta1",0.208751213660309,0.194635986014167,0.123030118019788,0.024460210553808,0.11259893877305,0.194635986014167,0.28681263464656,0.486447463564817
500,115,"alpha0",0.104330626460616,0.100241951549384,0.0315855455328219,0.0594990765530595,0.0837969867162668,0.100241951549384,0.119088561157647,0.175133038378269
500,115,"alpha1",0.307627459653651,0.30164172552634,0.0704756686223284,0.184683918305411,0.256894926135877,0.30164172552634,0.35665563945009,0.457968914218623
500,115,"beta1",0.328109039107843,0.33181161187377,0.118976266652183,0.0547804335313367,0.248078902471174,0.33181161187377,0.414954833282946,0.546677336827615
500,116,"alpha0",0.106951728169853,0.104014751566327,0.0308341814688098,0.065142265621074,0.0906870415675208,0.104014751566327,0.118782564808095,0.163438585848127
500,116,"alpha1",0.373454189115829,0.369272163482357,0.0698907011526579,0.24630104623596,0.323481171578122,0.369272163482357,0.42030325276013,0.52044295197383
500,116,"beta1",0.278014671679054,0.278560068061486,0.100326358901553,0.0691051165632806,0.212762101302195,0.278560068061486,0.345009838636305,0.473168833768465
500,117,"alpha0",0.131284962959534,0.128396693415834,0.032995369633376,0.0802839041361459,0.107323531886882,0.128396693415834,0.152230857422158,0.1957372818498
500,117,"alpha1",0.256137178972768,0.246448992662411,0.0941848681513397,0.106549589997016,0.191583934819246,0.246448992662411,0.30607695013785,0.466392725708534
500,117,"beta1",0.247648600017467,0.24038603772494,0.131579146806411,0.0382074892017573,0.139915248838359,0.24038603772494,0.352595327950824,0.491642169796046
500,118,"alpha0",0.102819724129265,0.101701943029509,0.0299137656364172,0.0587799804315971,0.0873165423541443,0.101701943029509,0.115381876306781,0.148919974775233
500,118,"alpha1",0.353570723818323,0.35193135271993,0.087384593277186,0.195190080957803,0.287669098897057,0.35193135271993,0.412813481596331,0.530471881173571
500,118,"beta1",0.248755263103846,0.24055854932088,0.100615230650564,0.0751624147678047,0.180457402069535,0.24055854932088,0.305274000801793,0.485665654290293
500,119,"alpha0",0.116751257862413,0.11501985699453,0.037532824390387,0.0516763272765563,0.0915055685669114,0.11501985699453,0.13948442745711,0.182505958610693
500,119,"alpha1",0.247257118865761,0.241226253197571,0.0632761995943152,0.140760614903135,0.203190378286253,0.241226253197571,0.284449698765768,0.384572785283359
500,119,"beta1",0.329458416965618,0.323615502221862,0.134296668769371,0.0806965523018794,0.229048113848379,0.323615502221862,0.424968646530493,0.605051819450412
500,120,"alpha0",0.0822241962253327,0.078368079120151,0.0322245271140297,0.0406941137176718,0.062010251894148,0.078368079120151,0.0975670432411345,0.133562415478191
500,120,"alpha1",0.316381133846085,0.313618411282797,0.0721851354708831,0.183805184332019,0.265465577975431,0.313618411282797,0.364639555565289,0.469485344598357
500,120,"beta1",0.397653382569574,0.397778150422142,0.123343187798599,0.144383340614343,0.309499551481873,0.397778150422142,0.489041210302118,0.620209171675716
500,121,"alpha0",0.13241300803651,0.132436037437974,0.0285853377932609,0.0861510483491067,0.114742471826542,0.132436037437974,0.148631611992712,0.178000773257445
500,121,"alpha1",0.291731313731431,0.286980829605407,0.0825561061502959,0.145668876171546,0.234723544194201,0.286980829605407,0.342567436909764,0.474039928593746
500,121,"beta1",0.151546523990858,0.131279282428517,0.107345345451583,0.00668817018989458,0.065910311480446,0.131279282428517,0.21651355677627,0.403506973724666
500,122,"alpha0",0.109103805340195,0.108384433184067,0.0264427543981959,0.0687680896638304,0.0941553232069237,0.108384433184067,0.120963555123464,0.155476360914186
500,122,"alpha1",0.329140463065402,0.324047644354532,0.086697343202412,0.183199259741663,0.266635464366439,0.324047644354532,0.381668497099095,0.527705726492122
500,122,"beta1",0.273114982776596,0.271424257705761,0.088077208165047,0.10943043411406,0.213574958785034,0.271424257705761,0.325104525854563,0.47306931967521
500,123,"alpha0",0.115081421003002,0.111660049095031,0.0333892896300887,0.0666611799687671,0.0913128084653483,0.111660049095031,0.135585302183364,0.173117825147618
500,123,"alpha1",0.344479897524911,0.339565760602839,0.0731281110314774,0.213169376598713,0.295817753222139,0.339565760602839,0.388544910356826,0.500145966208714
500,123,"beta1",0.231285136515969,0.237310083522566,0.121387494041329,0.0145442202724224,0.136458739636127,0.237310083522566,0.327524817856243,0.444623857900607
500,124,"alpha0",0.093225296903816,0.0910388479521399,0.0253263414665029,0.0601244054787801,0.0804678067286839,0.0910388479521399,0.103597057452775,0.127679355342546
500,124,"alpha1",0.285284872929167,0.281893362322137,0.0640067505626551,0.168177055059873,0.239667769866009,0.281893362322137,0.328642319067298,0.416523614147711
500,124,"beta1",0.311983675646006,0.309186462063171,0.0887750635115098,0.146843839873015,0.24722951990141,0.309186462063171,0.371787354088554,0.489769562480072
500,125,"alpha0",0.112221366308838,0.110563022801867,0.0239340138151509,0.0787584591921244,0.100244529753563,0.110563022801867,0.122185355430714,0.144583084473098
500,125,"alpha1",0.454569843913194,0.450494184999892,0.0815457877536178,0.309064425995952,0.394166938419256,0.450494184999892,0.511684302978732,0.619743753441004
500,125,"beta1",0.193614023068838,0.190034632385752,0.0671002838124159,0.0692867462084726,0.144499643608124,0.190034632385752,0.238738632930883,0.33256997419914
500,126,"alpha0",0.0959763227879927,0.0931258433416689,0.028972334164894,0.0548696210320313,0.0793064971741522,0.0931258433416689,0.10788310715942,0.146654879721978
500,126,"alpha1",0.304867126947332,0.301337964980568,0.0705056690868193,0.180516621856899,0.256384619382496,0.301337964980568,0.346102086846837,0.461941765984103
500,126,"beta1",0.29880745615006,0.298798377954857,0.104413391521055,0.0910838505285048,0.228892506211056,0.298798377954857,0.365896243502801,0.513839812609319
500,127,"alpha0",0.0858922390881193,0.0832296901286402,0.0265720764709316,0.0538188282828373,0.0709078584229047,0.0832296901286402,0.0964449654465139,0.126700935863802
500,127,"alpha1",0.307061470216507,0.307120610380407,0.0617823509771456,0.190646084369624,0.263932049802982,0.307120610380407,0.34712488222016,0.428977693524681
500,127,"beta1",0.342183609523189,0.344684634513444,0.0971940678803751,0.150589844623343,0.271914159383479,0.344684634513444,0.413123561367354,0.517513753587815
500,128,"alpha0",0.0817672354030478,0.0791935535697333,0.0249204676803821,0.0510265240631974,0.0679675256437465,0.0791935535697333,0.0918619656701643,0.120604143413071
500,128,"alpha1",0.336082560858341,0.333748488399716,0.0753655582544606,0.2058073266648,0.279661904508524,0.333748488399716,0.385411378787476,0.496161399136585
500,128,"beta1",0.314914757702878,0.316630146566185,0.0967821600019826,0.133369113782692,0.244336379629977,0.316630146566185,0.38998008215462,0.492746114635012
500,129,"alpha0",0.0762250188988297,0.0702490298579797,0.0366788155261068,0.0135589030555385,0.0567782128194108,0.0702490298579797,0.0911247273205019,0.157195499030291
500,129,"alpha1",0.25516120938886,0.252435860931582,0.0652601972152038,0.131379741731543,0.212783331414066,0.252435860931582,0.295974422983193,0.393779916225149
500,129,"beta1",0.451289063300238,0.45867904319519,0.152927099726288,0.121167192214367,0.361164055723329,0.45867904319519,0.542260135569606,0.798705876351855
500,130,"alpha0",0.158850326599164,0.16145341204823,0.031226873973298,0.0959998385643938,0.142687795274057,0.16145341204823,0.177746225130453,0.202853106272204
500,130,"alpha1",0.311718058356601,0.309009828396547,0.0682148176737709,0.189579335977702,0.262792406667268,0.309009828396547,0.354982222763248,0.460959357485649
500,130,"beta1",0.127221578174043,0.102784552730118,0.107112821671214,0.0038700648398802,0.044118191136096,0.102784552730118,0.173161232303887,0.394768657763222
500,131,"alpha0",0.132787164313845,0.1328094656778,0.0245511126358675,0.0870115070340906,0.118657633036519,0.1328094656778,0.147029851409418,0.174493441668029
500,131,"alpha1",0.313396133404921,0.307897633465239,0.0672888751083481,0.198193297983021,0.265480331809767,0.307897633465239,0.352973964476074,0.464185728500068
500,131,"beta1",0.164416193740686,0.151506461329419,0.0910595668049451,0.0187273028972771,0.0984619117489142,0.151506461329419,0.21442272771314,0.378517566007856
500,132,"alpha0",0.0729197495635868,0.0699440666564452,0.0286314197300406,0.0328615834276371,0.0575154329102083,0.0699440666564452,0.0836427619507461,0.119652833835791
500,132,"alpha1",0.268752000130762,0.264552906910063,0.0692279271416973,0.149935328920676,0.219174722113272,0.264552906910063,0.310677149280629,0.424275663358045
500,132,"beta1",0.412421217127412,0.416303352736555,0.11631473028258,0.180859219114068,0.330973736900553,0.416303352736555,0.494426715721166,0.6401810817345
500,133,"alpha0",0.0976746469108366,0.0960486703432343,0.0275486795394623,0.0551120327069476,0.0812077537217325,0.0960486703432343,0.112738659960712,0.139812787858266
500,133,"alpha1",0.227348529172708,0.222873553038686,0.0774034626795428,0.0932132783306373,0.170266830759368,0.222873553038686,0.280312944267798,0.385796873573077
500,133,"beta1",0.229310545360746,0.220183920596098,0.137573256596633,0.0145216146971396,0.118222336104779,0.220183920596098,0.328833983919425,0.54162776139086
500,134,"alpha0",0.119796680910872,0.120428173022497,0.0293594804034302,0.0692410289020559,0.102581049936631,0.120428173022497,0.136718043240143,0.163484682248295
500,134,"alpha1",0.316715638740791,0.310790548680461,0.0798129884696504,0.180571301945071,0.258586814822554,0.310790548680461,0.366985975094602,0.491288304713619
500,134,"beta1",0.207587832409122,0.199250172014296,0.10892417822626,0.0365250116484104,0.12053924117839,0.199250172014296,0.280227214099052,0.44449705664931
500,135,"alpha0",0.127523616491855,0.126240196841289,0.0282633632810769,0.0824979820925226,0.108922909148745,0.126240196841289,0.143318720859426,0.17660631471975
500,135,"alpha1",0.337340433551041,0.331362735902763,0.0773739872753713,0.19258782660873,0.286252883526654,0.331362735902763,0.387621142907562,0.497753968216226
500,135,"beta1",0.209314249980457,0.209129953712802,0.100018898257844,0.0213013816693748,0.143322067860064,0.209129953712802,0.280621716965727,0.406680738739799
500,136,"alpha0",0.115289381845242,0.114897119555612,0.0323233964402683,0.0652631301940777,0.0924281052036948,0.114897119555612,0.135301539103757,0.169673239261307
500,136,"alpha1",0.335682788055682,0.328347046605435,0.0956633720436694,0.175448333085721,0.26593036782323,0.328347046605435,0.398102886369564,0.535130866352752
500,136,"beta1",0.224833168890971,0.207313049195765,0.144386911663427,0.0088909388128667,0.107961505346312,0.207313049195765,0.334706747439925,0.510086083469963
500,137,"alpha0",0.0937684830922424,0.0912471334416138,0.0300854733583434,0.0578719524398772,0.078518772022151,0.0912471334416138,0.10482717071366,0.134374403089845
500,137,"alpha1",0.406751543105714,0.403045177620087,0.0856170490596006,0.254477016973181,0.343572200449426,0.403045177620087,0.465011444514705,0.583692619529687
500,137,"beta1",0.276388941264419,0.273362457827702,0.0868815975283272,0.0974402281377701,0.219752789119442,0.273362457827702,0.335726758531303,0.44127335001102
500,138,"alpha0",0.112579860262645,0.112134533055693,0.0354839968394535,0.0614435693829239,0.0933955249733391,0.112134533055693,0.128355291679492,0.164051083456897
500,138,"alpha1",0.262176333374005,0.257801208724454,0.0805768163860367,0.114854274409314,0.208574329810121,0.257801208724454,0.310104006146248,0.433294105327483
500,138,"beta1",0.310665572097543,0.303007508428006,0.114953463172259,0.095975935542429,0.23126129091123,0.303007508428006,0.388807423358685,0.535724196652555
500,139,"alpha0",0.102258266990837,0.101210887186222,0.0299543154511507,0.0524009014227909,0.0840715570089157,0.101210887186222,0.119561076800174,0.149873364546852
500,139,"alpha1",0.290662764544828,0.285534389916335,0.0787401988224628,0.151471123749556,0.231416310608932,0.285534389916335,0.344129809770977,0.451980638453979
500,139,"beta1",0.24660357729801,0.226429951924761,0.144465235062884,0.0279484224547339,0.129527295090631,0.226429951924761,0.343103347905315,0.564470691412635
500,140,"alpha0",0.117244641750197,0.116125564544083,0.0243913496905146,0.0788077905639581,0.102073235137377,0.116125564544083,0.130493813115192,0.159706429004604
500,140,"alpha1",0.367245968538451,0.360376027590517,0.0730447678582058,0.240888468094876,0.316583992733294,0.360376027590517,0.412297341802942,0.533676040199214
500,140,"beta1",0.267063446800082,0.259876048162892,0.0827196619391662,0.121594121916262,0.205274811664468,0.259876048162892,0.32307776577091,0.437943777705891
500,141,"alpha0",0.0944898015566938,0.0914527134866984,0.0291607274829179,0.0573659385187036,0.0775639226240537,0.0914527134866984,0.107410698120238,0.139323924424516
500,141,"alpha1",0.2896395356249,0.282889978314944,0.0811966415159692,0.154894013035474,0.23155635960007,0.282889978314944,0.33543729489836,0.481873093764926
500,141,"beta1",0.31506786319652,0.317499277514246,0.102664368940421,0.12303189241262,0.242753812581752,0.317499277514246,0.390206137837181,0.506150394770892
500,142,"alpha0",0.0933697996410685,0.0920362731451828,0.0267430843098122,0.0522049157655047,0.0778267691756486,0.0920362731451828,0.105776228029413,0.138461753563022
500,142,"alpha1",0.327740891418933,0.327691110320302,0.0666934789698997,0.195784402506823,0.281811400098899,0.327691110320302,0.37443678324371,0.457880706944765
500,142,"beta1",0.356980104711224,0.353864346593787,0.100504377050856,0.161457136884889,0.294345733634221,0.353864346593787,0.41977478103894,0.567238260584277
500,143,"alpha0",0.0817569799291888,0.0755710930662772,0.0309068268701677,0.043119852505098,0.0620684958388589,0.0755710930662772,0.0964144128808583,0.136277256153099
500,143,"alpha1",0.403892644780065,0.398273015073046,0.0775871918501345,0.267678755291304,0.34811396277302,0.398273015073046,0.45185787788525,0.561502343505716
500,143,"beta1",0.330601278921388,0.342645171314774,0.105287041048489,0.118239519889535,0.250820393726928,0.342645171314774,0.409121818100386,0.511055530883536
500,144,"alpha0",0.0703164270990766,0.0654999152601537,0.0321766922529275,0.0270612692835422,0.0517312462267586,0.0654999152601537,0.0836859764255435,0.125950118626663
500,144,"alpha1",0.297066796759307,0.295386631838906,0.0632565291129724,0.178995254355924,0.254026592138969,0.295386631838906,0.337506779795083,0.427281253856236
500,144,"beta1",0.445950461546304,0.454932431656569,0.123901647339172,0.173509867040866,0.371137102582634,0.454932431656569,0.528944132488724,0.687777806549154
500,145,"alpha0",0.0635884172058727,0.056558395171474,0.0317913046066731,0.0295416834060533,0.0442755384378941,0.056558395171474,0.0764728041533422,0.120463538378144
500,145,"alpha1",0.331910604829402,0.325856804844791,0.071104472955414,0.208394031176259,0.281654020117694,0.325856804844791,0.374546490409026,0.496335781982773
500,145,"beta1",0.437553859065358,0.456228418950427,0.120001008523726,0.180556529385467,0.360661154413744,0.456228418950427,0.522805652328706,0.631035975480271
500,146,"alpha0",0.122702971954024,0.123115909823908,0.0248348844989734,0.0804452158785254,0.107314533669057,0.123115909823908,0.137554570552788,0.160703500141078
500,146,"alpha1",0.390736248396531,0.387944662218389,0.0914967463613149,0.231317979415466,0.32284953080243,0.387944662218389,0.453613397433755,0.577857169337686
500,146,"beta1",0.133987760865056,0.109721635261734,0.0970644248090349,0.0100460899129701,0.0578969625239299,0.109721635261734,0.192968216408059,0.358468238649312
500,147,"alpha0",0.0984759472309826,0.0933544011610123,0.0319876600789325,0.0528154328857419,0.077080012842525,0.0933544011610123,0.115439136358265,0.161683457476269
500,147,"alpha1",0.252030593690887,0.248826719899495,0.0654565331256608,0.132821796110374,0.207426630453891,0.248826719899495,0.294147726755383,0.388173942632264
500,147,"beta1",0.338514022971415,0.352015775366235,0.13076154796882,0.0724417648793613,0.254803188481523,0.352015775366235,0.431310860163476,0.575835446922845
500,148,"alpha0",0.068623849334692,0.0664851903621263,0.0235372890776654,0.0448035848585002,0.0590075161924269,0.0664851903621263,0.0743375612778715,0.0951813465640265
500,148,"alpha1",0.437958096356876,0.434363828851134,0.0748913674115833,0.300531990031287,0.385179620008327,0.434363828851134,0.487041592147218,0.590721180243199
500,148,"beta1",0.36222292102886,0.359663220868,0.0668191759506296,0.2373417972661,0.317013507367513,0.359663220868,0.404991124887245,0.499417477762251
500,149,"alpha0",0.1010559903358,0.0993737215789964,0.0335949052230818,0.0482497777797682,0.0774897607896522,0.0993737215789964,0.120998288737826,0.158759368336097
500,149,"alpha1",0.265377957090508,0.262409199588986,0.067052328848154,0.138949427035206,0.219617787905308,0.262409199588986,0.307974802075825,0.406404305936044
500,149,"beta1",0.355478600043375,0.339466533437507,0.133600368562905,0.129630248991916,0.255274384980885,0.339466533437507,0.447647548362574,0.638179574017891
500,150,"alpha0",0.129432301941556,0.127536425226658,0.029311574045767,0.0823219321682447,0.111202585472123,0.127536425226658,0.145905210907013,0.173818819826754
500,150,"alpha1",0.299953909339578,0.292192543131034,0.076551857947892,0.16621893312822,0.245690397369002,0.292192543131034,0.347665031245453,0.470181428217923
500,150,"beta1",0.17257046170421,0.163550530423834,0.103161625326004,0.0175585934904537,0.0892720946645044,0.163550530423834,0.239303038520793,0.39738005780748
500,151,"alpha0",0.114599119851559,0.112596473915874,0.0319350477334201,0.0635933869301273,0.0936197120359832,0.112596473915874,0.13342505406346,0.171260800239998
500,151,"alpha1",0.30253850265861,0.299404234734349,0.0799585937983176,0.152234976464824,0.24813846337172,0.299404234734349,0.35234532818689,0.481850594549404
500,151,"beta1",0.222015450902137,0.213580966982412,0.125321527742351,0.0128056487570886,0.127346363744565,0.213580966982412,0.302723891204,0.496498437042516
500,152,"alpha0",0.11860977143425,0.121907723716951,0.036861659280211,0.0557556274609423,0.0943861304403965,0.121907723716951,0.141160143168674,0.170358231240823
500,152,"alpha1",0.2015103545565,0.194311847614776,0.0828579743815488,0.0502670280718462,0.147317429069605,0.194311847614776,0.249034948620288,0.391698747819142
500,152,"beta1",0.256243234610949,0.213300434107598,0.172304513224393,0.0271343430516682,0.107018786124744,0.213300434107598,0.383667807174135,0.638428979445154
500,153,"alpha0",0.084034809585935,0.0785425786696496,0.0317150087346739,0.0466143693863808,0.0649333290578005,0.0785425786696496,0.0957037530272789,0.141987998750732
500,153,"alpha1",0.281457009686247,0.274792275578054,0.0769462983576285,0.14709667874149,0.22777802097388,0.274792275578054,0.32950997183404,0.4496012863642
500,153,"beta1",0.362800420421572,0.375143349051417,0.117646103945533,0.0998508924111731,0.287687617680938,0.375143349051417,0.44822574313082,0.559572847447637
500,154,"alpha0",0.0716574241081326,0.0693231527977424,0.0263545931832841,0.0441386858830838,0.0592743098819126,0.0693231527977424,0.0783588799552037,0.122805548146016
500,154,"alpha1",0.270627028743659,0.265812054011893,0.0647766360637431,0.159061512359779,0.224042529205215,0.265812054011893,0.313606835103551,0.402501258309293
500,154,"beta1",0.367184345788818,0.367155401936228,0.098405778433254,0.109150164873237,0.315857359530179,0.367155401936228,0.429295776523438,0.555042081176171
500,155,"alpha0",0.103722333946659,0.103700521581294,0.0323411341035191,0.0474971669500193,0.0867959448171141,0.103700521581294,0.119473032662443,0.152848520761308
500,155,"alpha1",0.293306557655626,0.289912167785658,0.0741175684286669,0.155487514927739,0.24050981911651,0.289912167785658,0.34300681964497,0.445820670767865
500,155,"beta1",0.300626022974071,0.283792965256108,0.129826427544732,0.0872752523002472,0.211281922537676,0.283792965256108,0.368974829487245,0.60823072707536
500,156,"alpha0",0.119350697676343,0.120452140961352,0.0323024136200151,0.0678185872959881,0.0976844070609704,0.120452140961352,0.137903447715415,0.165950445653802
500,156,"alpha1",0.320145450902625,0.318080161185015,0.0799419087490226,0.166192484033928,0.268959690150715,0.318080161185015,0.371846717954381,0.480144637912351
500,156,"beta1",0.202259868952343,0.184313177215391,0.124428837842262,0.0148082462418034,0.104535051293593,0.184313177215391,0.284763037342209,0.473097513564295
500,157,"alpha0",0.080047813128814,0.0756115054617632,0.0297617203494443,0.0457107752723185,0.0619301969488104,0.0756115054617632,0.0915137363249201,0.139103241831473
500,157,"alpha1",0.342440216232502,0.341522509902067,0.06708333298643,0.221951747772598,0.293830342121042,0.341522509902067,0.385788414973314,0.479723995356263
500,157,"beta1",0.315717608736036,0.32604800789915,0.119312790080068,0.0373350592882712,0.244341627518985,0.32604800789915,0.405882677392152,0.513882448103036
500,158,"alpha0",0.11676120649258,0.11415210257097,0.0299413652162301,0.0699853245927712,0.0975066343644369,0.11415210257097,0.132013884915498,0.175516109397168
500,158,"alpha1",0.295230663538652,0.286201531828129,0.0835826043170929,0.155583117987701,0.237056985094195,0.286201531828129,0.342346009136144,0.480115667126098
500,158,"beta1",0.296439721517946,0.288699185435265,0.105855234391286,0.0868244321100106,0.230766427476335,0.288699185435265,0.358084421723992,0.5279140757541
500,159,"alpha0",0.12009282427963,0.122068203432446,0.0314398226574239,0.0640144411811351,0.101307589603687,0.122068203432446,0.139271000666963,0.162769384248101
500,159,"alpha1",0.189749996123661,0.185923129975761,0.0565348583332334,0.0874469415855562,0.150655608423125,0.185923129975761,0.224302359622647,0.31139855474263
500,159,"beta1",0.204975331053775,0.173121547427858,0.138496863183551,0.0169896793122384,0.0952375523675019,0.173121547427858,0.287356760396212,0.522885847872478
500,160,"alpha0",0.100492225361319,0.105683833787727,0.0394715343359142,0.0173351160895109,0.0815693810374887,0.105683833787727,0.126868019165055,0.158489278975826
500,160,"alpha1",0.110525525658048,0.105113829970343,0.0592918605606427,0.0146924594225945,0.0675717397280789,0.105113829970343,0.145090098918321,0.239667219471202
500,160,"beta1",0.323303445098118,0.270726324833206,0.231089937915535,0.0198416487415179,0.144364701312625,0.270726324833206,0.432974205331205,0.861786259310498
500,161,"alpha0",0.0870902046794068,0.0836472191127409,0.0341652733336417,0.0314580398730038,0.0645769614453922,0.0836472191127409,0.107503937862297,0.148777481720597
500,161,"alpha1",0.191664645199007,0.185413283408343,0.0662028000219003,0.0791691138664615,0.145033078083758,0.185413283408343,0.230272914271495,0.338855159252541
500,161,"beta1",0.388094046613657,0.396044617493421,0.167844095215865,0.0816437315398588,0.260065304571458,0.396044617493421,0.502915350393781,0.725404139560527
500,162,"alpha0",0.083908248780293,0.0815483154599991,0.0300443475756052,0.0447950474535569,0.0640343769592562,0.0815483154599991,0.0994505375188855,0.131097761572107
500,162,"alpha1",0.274766007336603,0.273752618698051,0.069175466178669,0.152079222153041,0.223573416750035,0.273752618698051,0.319712594055251,0.417834022722682
500,162,"beta1",0.408748871182334,0.40444386918069,0.113785965454108,0.20137327624598,0.323574964400997,0.40444386918069,0.496758636193472,0.623611338336531
500,163,"alpha0",0.142770686185527,0.142519403894275,0.0291679904610128,0.0903492338123708,0.128593580422678,0.142519403894275,0.15620425448054,0.181433062231763
500,163,"alpha1",0.392531944451574,0.384565987749325,0.0868945637919062,0.247252980287578,0.328728818752565,0.384565987749325,0.450454128422564,0.578686701895241
500,163,"beta1",0.110949660743942,0.0945477386882357,0.0806111984236732,0.0092089031157455,0.0480609124785164,0.0945477386882357,0.156336337354865,0.31616189699108
500,164,"alpha0",0.104287215828783,0.10124267245844,0.0291033331849117,0.0637308299652668,0.0853545866964777,0.10124267245844,0.119256180051166,0.154364604393501
500,164,"alpha1",0.34576877599761,0.338731618537127,0.0839822206611032,0.200247639589491,0.28345127531295,0.338731618537127,0.402957006693431,0.525019584377175
500,164,"beta1",0.272102618290115,0.269388515481059,0.114341548842461,0.0664567814439024,0.184741251257143,0.269388515481059,0.363953589588926,0.479202046140712
500,165,"alpha0",0.113968197134954,0.110584362239652,0.0310997949816201,0.0690260552482453,0.0947986425225745,0.110584362239652,0.130891428247612,0.167279935987084
500,165,"alpha1",0.218208105149741,0.214663051007431,0.0595466150516517,0.112946457434566,0.175780851866835,0.214663051007431,0.256868454578757,0.343464343691276
500,165,"beta1",0.294524180572958,0.297267965560126,0.111389498847776,0.0713470244426038,0.212792911019157,0.297267965560126,0.372566833077071,0.500848568123701
500,166,"alpha0",0.101671511581931,0.100670297585652,0.0277728518859608,0.0637164360045788,0.0879794904170305,0.100670297585652,0.112687596661221,0.132894471947667
500,166,"alpha1",0.461456336468112,0.461003825810675,0.0936180861021387,0.28520839126074,0.395781301217848,0.461003825810675,0.523981790449248,0.651580850967617
500,166,"beta1",0.149761938796146,0.136840526627434,0.0919316650669542,0.0159928680322283,0.0797056279693385,0.136840526627434,0.205082071257018,0.376582361773976
500,167,"alpha0",0.10384042794399,0.101077595138418,0.0315080517049057,0.0606416883547661,0.0854353416962422,0.101077595138418,0.11750502012779,0.155449331318286
500,167,"alpha1",0.237296960222021,0.232217187696617,0.0576025652562468,0.141354432052484,0.194799321408143,0.232217187696617,0.274173345154117,0.364528081653436
500,167,"beta1",0.332031642584326,0.333784024372449,0.111962085643557,0.123054073373849,0.244724274604476,0.333784024372449,0.41597346988821,0.541797629812031
500,168,"alpha0",0.0990680100760625,0.0975115506264747,0.0304860644053058,0.0499547416924358,0.0802174091948787,0.0975115506264747,0.115433984064014,0.159208240879255
500,168,"alpha1",0.308255985161943,0.30278768785394,0.0751539698808572,0.171101448587038,0.25610807486371,0.30278768785394,0.35527032308464,0.459328360904977
500,168,"beta1",0.353263497959042,0.3519538864625,0.115467307656921,0.128297638275418,0.273026807880003,0.3519538864625,0.438994742518133,0.569374622894609
500,169,"alpha0",0.107248700523855,0.105505578600179,0.029750557531213,0.05845642187821,0.0883834914937627,0.105505578600179,0.124641383277161,0.165411942422492
500,169,"alpha1",0.339609239921649,0.333572623315267,0.0793926502642478,0.198398479010129,0.285796934374999,0.333572623315267,0.386377645542497,0.51812497131577
500,169,"beta1",0.298420528823982,0.296136349473237,0.125561753214044,0.0685765599439373,0.208007056092991,0.296136349473237,0.385470017655683,0.55606422655089
500,170,"alpha0",0.12522419241741,0.124875765784399,0.0251923692247878,0.087511598898605,0.110388379578548,0.124875765784399,0.137613637061561,0.164982945842912
500,170,"alpha1",0.397996055758872,0.39016272572111,0.0923992903052244,0.237643474048675,0.332952151309803,0.39016272572111,0.457292779832503,0.604878708408528
500,170,"beta1",0.177835058125892,0.171747602648211,0.0797956454643683,0.041788689544534,0.120301595344688,0.171747602648211,0.228174800902654,0.347896233337751
500,171,"alpha0",0.0781898178296632,0.0684520024733188,0.0437729084094708,0.0242103547756299,0.0491089511734641,0.0684520024733188,0.0958641210009177,0.169226746269448
500,171,"alpha1",0.254280019031737,0.247475303865614,0.0682255554827392,0.135477661847762,0.20696258132305,0.247475303865614,0.297542309976316,0.403700931712122
500,171,"beta1",0.447646823513325,0.490708676029013,0.18554872282607,0.052881550944014,0.341346920067911,0.490708676029013,0.57820459711587,0.730070655079884
500,172,"alpha0",0.10886167461058,0.107107267127586,0.0325945057960065,0.0517371518352169,0.0872749834847073,0.107107267127586,0.130196509649561,0.161418446531722
500,172,"alpha1",0.279178720328474,0.272121456733702,0.0693521294207981,0.165275825320162,0.22938769564956,0.272121456733702,0.320483926798226,0.432742887605654
500,172,"beta1",0.232216458768443,0.220525469534419,0.143064231618987,0.0136645345620973,0.111595195078066,0.220525469534419,0.33877682083962,0.54197692157436
500,173,"alpha0",0.105045196314106,0.100315477396608,0.0366918747997028,0.0508632800876605,0.0786955321988423,0.100315477396608,0.123961339049072,0.179099234219187
500,173,"alpha1",0.213074853424627,0.207288128464102,0.0766643958729022,0.0814012485719652,0.158213828582197,0.207288128464102,0.259030050930642,0.387165660256802
500,173,"beta1",0.341273760717227,0.344586003580761,0.152046701892607,0.0530428638141832,0.230258520082003,0.344586003580761,0.457190483036213,0.611353818486421
500,174,"alpha0",0.119523884431642,0.119043393616756,0.0274587333115111,0.0787237612938517,0.103228649790404,0.119043393616756,0.133854041632094,0.158274929962911
500,174,"alpha1",0.261498259012539,0.254145797790252,0.0760937696821243,0.135054964104438,0.208060354460205,0.254145797790252,0.304397568962208,0.445365534996161
500,174,"beta1",0.171754039895068,0.156906883282171,0.106050242493464,0.0140251405218984,0.0852465177702719,0.156906883282171,0.247760273945776,0.400631458744631
500,175,"alpha0",0.114874391264869,0.113539575833716,0.0303634556865609,0.0643423370504604,0.0950678574335436,0.113539575833716,0.133433143484314,0.168132684501409
500,175,"alpha1",0.257710635538133,0.253579012946721,0.062618231646578,0.151337558228551,0.212558780970175,0.253579012946721,0.294724335225533,0.401456346009739
500,175,"beta1",0.257819014293027,0.251598621326236,0.126084818147598,0.0407550108132672,0.162010623212877,0.251598621326236,0.347353588233739,0.513419787177549
500,176,"alpha0",0.0978129124357485,0.0975146026062839,0.0298749911362708,0.0493539745566621,0.0806847916289157,0.0975146026062839,0.113653843511591,0.143147874912595
500,176,"alpha1",0.296564808867756,0.290181761307975,0.0790160595945935,0.158308038648435,0.241061744833177,0.290181761307975,0.346914988158884,0.463969659616573
500,176,"beta1",0.313644476537886,0.300882835124791,0.128741336080501,0.105011648680947,0.211248574938309,0.300882835124791,0.399820601498079,0.593257890967417
500,177,"alpha0",0.135732427963457,0.133960206910787,0.0290282080520083,0.0929002647497183,0.117385875207552,0.133960206910787,0.151680213449663,0.181819702787761
500,177,"alpha1",0.400834176883438,0.396067132774764,0.0841311523768407,0.254075943035806,0.339319815384186,0.396067132774764,0.455670200078483,0.579336787628244
500,177,"beta1",0.186558327556952,0.179187380467867,0.0835732483366554,0.0468517485979167,0.123525397933704,0.179187380467867,0.240064187648069,0.362886966525287
500,178,"alpha0",0.0948125386857188,0.0929171562483431,0.0265019510023019,0.060664664420043,0.0805109788551925,0.0929171562483431,0.106104194499489,0.130312671653907
500,178,"alpha1",0.519084996674349,0.515047845894221,0.0986075971055146,0.338636340883438,0.446848052196791,0.515047845894221,0.584139836952725,0.726000558369463
500,178,"beta1",0.17014048671988,0.161833405094805,0.0889352153243428,0.0157145523550875,0.105354528005808,0.161833405094805,0.228971123153323,0.36716037114865
500,179,"alpha0",0.0974297136930565,0.0960495911669597,0.0330599813778942,0.0438388258541028,0.0743944415971878,0.0960495911669597,0.116536480550751,0.157957236934972
500,179,"alpha1",0.267738697424802,0.265918622566516,0.0759376474136119,0.125120469485632,0.211507202458311,0.265918622566516,0.318163818697062,0.423272067469189
500,179,"beta1",0.306897013655823,0.290721766971392,0.16242090402485,0.0218166265059931,0.189557110623967,0.290721766971392,0.430396464183542,0.629776911596149
500,180,"alpha0",0.121493710465352,0.11929297729117,0.0313326296318922,0.0753249962056373,0.103231550755203,0.11929297729117,0.135931779566648,0.175903845917692
500,180,"alpha1",0.398830033591697,0.387968068502982,0.093807600335181,0.247977477951593,0.330172195507944,0.387968068502982,0.457212601803461,0.612129516462828
500,180,"beta1",0.208010328968254,0.198460052472132,0.102691890556098,0.0290624537441292,0.13316237335514,0.198460052472132,0.276122460901311,0.428102928009276
500,181,"alpha0",0.10779429676238,0.104277747726858,0.0311264797365725,0.0616245071440374,0.0880117600470182,0.104277747726858,0.123770827675062,0.164911061104526
500,181,"alpha1",0.328618427247908,0.320156744374289,0.0781586044647056,0.195497400675314,0.273934738583462,0.320156744374289,0.37665463822774,0.504413270754805
500,181,"beta1",0.304115125858714,0.296951204976995,0.106683709179451,0.106929595948961,0.230548670268255,0.296951204976995,0.379191701476039,0.52020020397953
500,182,"alpha0",0.13255110376031,0.134683077288149,0.044514885196164,0.0547954202741719,0.098981229052973,0.134683077288149,0.165232795076366,0.201344428384208
500,182,"alpha1",0.176102800018182,0.16868734040878,0.0621296527950681,0.0727344045015204,0.131492051544261,0.16868734040878,0.215396586830885,0.315711102984491
500,182,"beta1",0.260552505760481,0.236514592271869,0.187153476095135,0.00529766419525243,0.097569322695501,0.236514592271869,0.404720045351669,0.648063179426632
500,183,"alpha0",0.0740922533735881,0.0727721787099296,0.0312809593333464,0.0322900283598046,0.0523653419833745,0.0727721787099296,0.0897908005157773,0.125960278459191
500,183,"alpha1",0.243770034357344,0.238733774890745,0.0691878766070161,0.122077398675871,0.193201429447144,0.238733774890745,0.290039689402606,0.389060396577184
500,183,"beta1",0.395965505803219,0.389468272703967,0.145462546190782,0.107085230508554,0.295455126994111,0.389468272703967,0.513761294565826,0.649109856477341
500,184,"alpha0",0.123078424191351,0.123749235856637,0.0256258541087124,0.082494708454773,0.108182718300109,0.123749235856637,0.136399853195547,0.157306272009731
500,184,"alpha1",0.285082763291001,0.280539119088625,0.0787725818498602,0.148967145905342,0.228644120196418,0.280539119088625,0.332994973624198,0.458504832502544
500,184,"beta1",0.121749946639473,0.100152733357849,0.0944148853210596,0.00408334376164536,0.0473135576247011,0.100152733357849,0.17566756041731,0.360944805341732
500,185,"alpha0",0.11995302763809,0.117934749669756,0.0292790176472061,0.0740272714281132,0.0999769260560227,0.117934749669756,0.136787149134416,0.170734332001856
500,185,"alpha1",0.3135030647355,0.308175568459273,0.0759488742086802,0.180595273895684,0.260148749370536,0.308175568459273,0.361680435742639,0.480654908111254
500,185,"beta1",0.240818801389413,0.235340256640394,0.113029590412651,0.0461019371988474,0.154189524929738,0.235340256640394,0.318306594939868,0.472766081159344
500,186,"alpha0",0.102522082789299,0.0994348770433936,0.0335068908404523,0.060145584067558,0.0838110242496148,0.0994348770433936,0.115589648725718,0.157475199748103
500,186,"alpha1",0.440814141516153,0.430136107010346,0.0946800387447897,0.275115324753664,0.374509057921025,0.430136107010346,0.499788230725512,0.650164631783496
500,186,"beta1",0.264866738098236,0.260163175171943,0.0920340829432619,0.0898275636527847,0.203572284444035,0.260163175171943,0.324651362157772,0.459024681325969
500,187,"alpha0",0.107464582940833,0.106990168316766,0.0328636314804995,0.0509535682740541,0.0870209074109177,0.106990168316766,0.125259658183143,0.167325310191068
500,187,"alpha1",0.267639709816696,0.2611978243749,0.06893373327717,0.153014220231338,0.216971270112259,0.2611978243749,0.313272579341611,0.420481564586702
500,187,"beta1",0.344286340488368,0.332702608116029,0.117193115617772,0.138748937767344,0.260244279111355,0.332702608116029,0.425093321461356,0.602660530121318
500,188,"alpha0",0.0797792914290179,0.0767500258833421,0.0287914890668102,0.0414167254454443,0.0632336607879544,0.0767500258833421,0.0937116363515884,0.126089192959937
500,188,"alpha1",0.301510133365448,0.29834118128106,0.0735304985220202,0.173356701453039,0.247712856219982,0.29834118128106,0.351461059416626,0.45022707902039
500,188,"beta1",0.337262850656279,0.348094968407548,0.133334517330038,0.0792253392712164,0.235198976339357,0.348094968407548,0.432348812438763,0.586951061342469
500,189,"alpha0",0.112787836549244,0.11251618907058,0.0367763051624494,0.0532282474393657,0.0895526575032819,0.11251618907058,0.133176362052936,0.165584096518548
500,189,"alpha1",0.268689142377862,0.263286092749057,0.0773019451837446,0.125593613885792,0.217787090194324,0.263286092749057,0.316779254049296,0.434902441877353
500,189,"beta1",0.235475744230884,0.214203620742839,0.157137367912138,0.00792708692578197,0.1131477952642,0.214203620742839,0.345369208689689,0.584991258319273
500,190,"alpha0",0.13226538128933,0.13068238607402,0.031671587182635,0.0847369775685197,0.115814878925831,0.13068238607402,0.145722211780914,0.178555883640989
500,190,"alpha1",0.387925673750847,0.383616669537256,0.0788615041059116,0.251007007603832,0.331277986639839,0.383616669537256,0.437678883731806,0.554190758660167
500,190,"beta1",0.154754449785068,0.145000620401483,0.0806020240922353,0.0255449242347175,0.096365328724451,0.145000620401483,0.203069730009455,0.330866775580082
500,191,"alpha0",0.108551153679754,0.106759588273902,0.0284261208412267,0.0668984325673205,0.0921172414229658,0.106759588273902,0.121225205469324,0.157768694534624
500,191,"alpha1",0.435495206270046,0.432358701522023,0.0877102988650927,0.272796582401292,0.374938256960586,0.432358701522023,0.493804860870099,0.619644431216859
500,191,"beta1",0.207199895053868,0.203409916596681,0.0887329528693955,0.0466572026007478,0.142500156620135,0.203409916596681,0.266516803773763,0.387210875773108
500,192,"alpha0",0.091736945776773,0.0881944347069741,0.0284037172294016,0.0566863342034309,0.0754373029859777,0.0881944347069741,0.103554878761242,0.140681202415813
500,192,"alpha1",0.327397580125171,0.32196734589178,0.0749185250606125,0.193101045563216,0.274502565323195,0.32196734589178,0.375460555220025,0.482090892179499
500,192,"beta1",0.297085031090675,0.294642341651385,0.0938291638486614,0.0985781918176526,0.237666962341477,0.294642341651385,0.358795702278231,0.482811961305599
500,193,"alpha0",0.117509488645805,0.11665823169534,0.0300490312762586,0.0688903089256885,0.100865850649592,0.11665823169534,0.132736989037078,0.160531969310604
500,193,"alpha1",0.285333001520249,0.279930625243671,0.0744231612152233,0.161002276772092,0.2284280336769,0.279930625243671,0.33537765308021,0.441047658794123
500,193,"beta1",0.265846278410049,0.254262240714341,0.108147080302535,0.0851155456286211,0.186651596049145,0.254262240714341,0.334330809903156,0.504389475947873
500,194,"alpha0",0.0607253881157214,0.052676250646772,0.0385022324287152,0.0192359941155544,0.0389985149392489,0.052676250646772,0.0698818426201882,0.134773582480496
500,194,"alpha1",0.231841487952384,0.223022874850982,0.0693475048482624,0.117122950180992,0.182216317852268,0.223022874850982,0.27327428558705,0.390507715259414
500,194,"beta1",0.557115815065155,0.586809679099896,0.144093201599356,0.206478462195821,0.490239468261018,0.586809679099896,0.656034959218117,0.774000820139308
500,195,"alpha0",0.0995808545542054,0.0987726144316561,0.0292096195077518,0.0573764359040431,0.0835434774381574,0.0987726144316561,0.113294852839823,0.138371152207076
500,195,"alpha1",0.312719817337856,0.305545651783399,0.0833609810145951,0.163660258757245,0.253991555968747,0.305545651783399,0.366719892256821,0.487298696983496
500,195,"beta1",0.218997290710839,0.205332196739602,0.112976730389646,0.0476482802899379,0.127901371885212,0.205332196739602,0.303867134615528,0.451132751162335
500,196,"alpha0",0.113765660796074,0.111750690182172,0.0257825971301125,0.0782114206113175,0.0986736366960801,0.111750690182172,0.126281492274478,0.152534424879612
500,196,"alpha1",0.414394363658064,0.40689020836832,0.088151477463017,0.259374926971218,0.354743169524575,0.40689020836832,0.46846908390369,0.615712078576636
500,196,"beta1",0.200175339915269,0.196884961086077,0.0813630285941389,0.054373510882882,0.139587104990015,0.196884961086077,0.259527899612817,0.363009882894117
500,197,"alpha0",0.157465999787769,0.159383567167908,0.0373476122698228,0.0892815722396868,0.130617245197949,0.159383567167908,0.182955150973665,0.22418068822936
500,197,"alpha1",0.310891753909323,0.307174690900746,0.0745043078594361,0.177923011196589,0.256617432035231,0.307174690900746,0.359832116066833,0.462294810456754
500,197,"beta1",0.19810316323579,0.181846341164724,0.116884790807496,0.02104411915273,0.105690859130072,0.181846341164724,0.281691496685347,0.440441250442283
500,198,"alpha0",0.125660883365436,0.125779692864427,0.0258519607746425,0.0836977125271899,0.110231273979025,0.125779692864427,0.139501788981153,0.165963643678677
500,198,"alpha1",0.416345557809069,0.407396071655834,0.0859962602551829,0.274863515779159,0.356343021856491,0.407396071655834,0.466283297834644,0.619904084394898
500,198,"beta1",0.170686619340365,0.160005946122949,0.0878417779349728,0.0287316061418665,0.106204666163703,0.160005946122949,0.224930620926277,0.3638979607351
500,199,"alpha0",0.125713487753398,0.125373721870191,0.0252880124477088,0.0847811451772876,0.112166846069739,0.125373721870191,0.1390582601528,0.159023887973466
500,199,"alpha1",0.362638917047916,0.359141881335507,0.0732122361482676,0.236327886009416,0.308582538643361,0.359141881335507,0.411790089881504,0.517839875090168
500,199,"beta1",0.140134154133447,0.127988876569638,0.0843607451822044,0.0139396746502209,0.0745921017142524,0.127988876569638,0.195800202617885,0.328783519297621
500,200,"alpha0",0.111969851916169,0.110266192295501,0.0293557075317242,0.0700469427225813,0.095418135536883,0.110266192295501,0.124384157135675,0.164730989395473
500,200,"alpha1",0.35794009044098,0.356492667759023,0.0798878342964188,0.213519865635557,0.300412016338358,0.356492667759023,0.413223675834769,0.512115738210834
500,200,"beta1",0.241659791346944,0.231402109590428,0.0991698889054268,0.070539937850677,0.170549221437761,0.231402109590428,0.305282916601448,0.453443459448276
500,201,"alpha0",0.103840444899754,0.0980695700207805,0.0360116824271596,0.0500005028058651,0.0799761303596711,0.0980695700207805,0.123575058245716,0.182780179052108
500,201,"alpha1",0.190883242077194,0.181804538251209,0.0609717345398546,0.0945967315225524,0.147036974612547,0.181804538251209,0.227222149759771,0.333139889592747
500,201,"beta1",0.451816182278362,0.462151939262881,0.134370689109826,0.144776907568702,0.3666265978832,0.462151939262881,0.545157784958765,0.692097455571609
500,202,"alpha0",0.124071179927692,0.122095213933788,0.0412449519017935,0.0523592898680347,0.0976937289704267,0.122095213933788,0.145346139875239,0.218323141032137
500,202,"alpha1",0.180329248988503,0.172028947172026,0.0699095521278287,0.0660736081931007,0.129934968175626,0.172028947172026,0.223084415909937,0.334122645035703
500,202,"beta1",0.419967154315211,0.416697680744158,0.142355964406388,0.134012635015143,0.324494779059845,0.416697680744158,0.510427820962812,0.724208765458464
500,203,"alpha0",0.109083943138611,0.107841474814644,0.0274997249871333,0.0737919863611387,0.0954133633726701,0.107841474814644,0.119527995755602,0.142261612915661
500,203,"alpha1",0.374728527459992,0.365342843084041,0.0866526177619278,0.229647227479739,0.309013530937728,0.365342843084041,0.4330817611858,0.553499843096238
500,203,"beta1",0.150572188373825,0.144667021742479,0.073191343062047,0.0265315591688743,0.0959604675788968,0.144667021742479,0.200732635320787,0.303351317475394
500,204,"alpha0",0.0938475010150827,0.0902593168590397,0.0356927002472254,0.0473582041785591,0.0713156310032275,0.0902593168590397,0.106999596559902,0.164209140135577
500,204,"alpha1",0.184610236636035,0.17876334641174,0.0674622783469649,0.0723818872788105,0.137359920026338,0.17876334641174,0.223232722034128,0.330317949216547
500,204,"beta1",0.383261102002358,0.384480874008786,0.151036280571665,0.0537479226027765,0.29502064334664,0.384480874008786,0.489687937567746,0.654973723459852
500,205,"alpha0",0.130012753946487,0.129739382702119,0.0202258124791383,0.0992069079757469,0.120213663298658,0.129739382702119,0.138854982338543,0.15498168099156
500,205,"alpha1",0.448704400756814,0.4432587197976,0.0795084710691934,0.307589480332623,0.394890049122266,0.4432587197976,0.499511561515986,0.619325399535783
500,205,"beta1",0.0659086435860822,0.054874909152434,0.0506265288378418,0.0049484260631225,0.0297521875112167,0.054874909152434,0.0859523615959638,0.207056623688153
500,206,"alpha0",0.117660497234115,0.115845090499264,0.0340812505480076,0.062782646017936,0.0949586161696906,0.115845090499264,0.137767570253165,0.172883504883615
500,206,"alpha1",0.291061295995255,0.287045602225744,0.0741113749665802,0.157476739481605,0.240526130460309,0.287045602225744,0.340308416085326,0.442422627809118
500,206,"beta1",0.236705228119162,0.232279312256675,0.12407207644643,0.0324187984300043,0.136265030478425,0.232279312256675,0.324290165097516,0.482747335418754
500,207,"alpha0",0.104607976826777,0.103396793989358,0.0293325140190461,0.0559361475028769,0.0871897490436549,0.103396793989358,0.119109661780779,0.155490169005303
500,207,"alpha1",0.251842521774826,0.243707864142103,0.0670864447514033,0.14064387382006,0.202841085586329,0.243707864142103,0.293164388338781,0.396079460316791
500,207,"beta1",0.323929421796503,0.314447365046774,0.115042054937902,0.112756544333539,0.245555776907394,0.314447365046774,0.399325095479801,0.566523305078254
500,208,"alpha0",0.138832686783163,0.138569551472392,0.0331179889026546,0.0841295785817897,0.117482232581813,0.138569551472392,0.157984697612215,0.194558185804814
500,208,"alpha1",0.229342514313842,0.224294284433164,0.0586149006050073,0.129028680268772,0.185894602491654,0.224294284433164,0.267480478992437,0.356574212408494
500,208,"beta1",0.25270086319635,0.241382099617519,0.114752195204207,0.0468412184800985,0.168932954657081,0.241382099617519,0.33065892389619,0.498569649303728
500,209,"alpha0",0.0958592094843692,0.0943630298237735,0.0234444370148499,0.0628767553612499,0.0834018409886501,0.0943630298237735,0.105827903387483,0.133951854590372
500,209,"alpha1",0.374860832724251,0.37009564592768,0.0798503297089905,0.232773341215277,0.316392707936832,0.37009564592768,0.42579135221186,0.550650256157996
500,209,"beta1",0.218693313630279,0.212956900118264,0.094064187588482,0.0555860967420782,0.148488758605657,0.212956900118264,0.280053220993827,0.415866957665559
500,210,"alpha0",0.0835648799429499,0.0813752824224448,0.0304476614581319,0.0464350156099472,0.0673304313142582,0.0813752824224448,0.0943064229828106,0.126731896393973
500,210,"alpha1",0.306892225221244,0.303053495514211,0.0632655710949953,0.19466471586218,0.263800569208976,0.303053495514211,0.344061216167614,0.451040144038998
500,210,"beta1",0.358483645774456,0.358957523205636,0.095808074173769,0.174557336587584,0.293204376622329,0.358957523205636,0.422680829586239,0.545389244454613
500,211,"alpha0",0.147846421544498,0.147559546197092,0.0320845347768843,0.0936673651032009,0.126418558458157,0.147559546197092,0.167976470170769,0.202775854399233
500,211,"alpha1",0.284593390564249,0.278236884774542,0.0734333547665597,0.154424580197034,0.233969687611624,0.278236884774542,0.33114838702532,0.438059540406185
500,211,"beta1",0.192629304871327,0.176133488127702,0.108800270566399,0.0171719608303206,0.109850843448193,0.176133488127702,0.271313345672645,0.419321605747464
500,212,"alpha0",0.130472271826716,0.133822243178542,0.0329729819372276,0.0602992407706342,0.110544148881329,0.133822243178542,0.153008616458071,0.176987751305393
500,212,"alpha1",0.288549668310505,0.281417554365081,0.0719897848665941,0.162933063679717,0.237013204893039,0.281417554365081,0.333607454361165,0.441946688077985
500,212,"beta1",0.175460253440332,0.141516393994456,0.133269146712551,0.0109720899645618,0.0688801544626251,0.141516393994456,0.258672338381133,0.512550155750155
500,213,"alpha0",0.13433299845606,0.133083719173686,0.0364692073975424,0.0753983074569701,0.1087019232339,0.133083719173686,0.157950495887579,0.199505775265643
500,213,"alpha1",0.290135905746101,0.284820982340268,0.0745990387698219,0.161202161144825,0.238305936681501,0.284820982340268,0.334715660716425,0.456779805808959
500,213,"beta1",0.255936258931396,0.249238616562098,0.120975103976592,0.0476298055950191,0.161621288180218,0.249238616562098,0.347117509907005,0.489364674565057
500,214,"alpha0",0.120568968911128,0.123784059982769,0.0413193271462458,0.0495636098056375,0.0897936588905229,0.123784059982769,0.148224234177829,0.191381347752371
500,214,"alpha1",0.243594358959588,0.240288791274308,0.0611591315635655,0.14005296738617,0.197439013119343,0.240288791274308,0.286495290655151,0.369309485062712
500,214,"beta1",0.371191558374104,0.350272725495689,0.151554961494237,0.11398048366708,0.258884365563777,0.350272725495689,0.485372966460976,0.674346376190351
500,215,"alpha0",0.0934852552512783,0.0890665418227153,0.0288871517085282,0.0531666212687354,0.0755738770855087,0.0890665418227153,0.106791779232329,0.151424129055635
500,215,"alpha1",0.434005402809563,0.429309884669299,0.0799781713512766,0.292274510756306,0.376869039515686,0.429309884669299,0.488752298814196,0.601149683928457
500,215,"beta1",0.238128476998806,0.245289734591769,0.10327366073702,0.0148371704508405,0.176861327566314,0.245289734591769,0.305043888372658,0.437980396925548
500,216,"alpha0",0.0988774797965181,0.0964928005814451,0.0337486538425605,0.0468257445298767,0.0786627228178323,0.0964928005814451,0.114150230827274,0.163032559446895
500,216,"alpha1",0.308348566450718,0.304132091684907,0.0749264297072627,0.175407801785417,0.252534952307152,0.304132091684907,0.36144223509151,0.458107098356192
500,216,"beta1",0.370109322554742,0.370508704170695,0.117918203354978,0.121028519697072,0.291176006447146,0.370508704170695,0.447223412623023,0.597376462107791
500,217,"alpha0",0.127210822721202,0.129722170111643,0.0276126965062072,0.0750994451739039,0.10932534582948,0.129722170111643,0.144877962462363,0.170813224915999
500,217,"alpha1",0.128234313623598,0.118056398744357,0.0672863091765527,0.0283699580670271,0.0768695097070589,0.118056398744357,0.168704094677714,0.285347682199511
500,217,"beta1",0.2122373874741,0.180706141330969,0.142523036646329,0.017781901474013,0.0969841134336819,0.180706141330969,0.307749571807155,0.524493632583697
500,218,"alpha0",0.109164592508052,0.106772451664252,0.0327268796373523,0.0555910246763781,0.0912049348612197,0.106772451664252,0.125646706127755,0.161201284909729
500,218,"alpha1",0.272344302222126,0.265436285226137,0.0807898336152133,0.131947582485553,0.214332023032805,0.265436285226137,0.325089422011774,0.443590935379551
500,218,"beta1",0.24920217582502,0.230805162892779,0.13574143435213,0.0391285094000695,0.147585725441571,0.230805162892779,0.332757473712895,0.563179524302146
500,219,"alpha0",0.108393888773654,0.107653302893707,0.0304924341564031,0.065932562062274,0.088972145773323,0.107653302893707,0.123700232549578,0.154373205082895
500,219,"alpha1",0.344109102486623,0.338291696451102,0.0823092586517757,0.197385972771692,0.285382500113362,0.338291696451102,0.397424808053647,0.51329759481814
500,219,"beta1",0.258465236513507,0.25045032049674,0.102086198728849,0.0829994962607343,0.181794679210728,0.25045032049674,0.329867753703737,0.463728177288122
500,220,"alpha0",0.0741005817522774,0.069742146323807,0.0294714831990389,0.0406940859475938,0.0587882020159049,0.069742146323807,0.0848134705219094,0.117918148429576
500,220,"alpha1",0.240203660243929,0.231316012557759,0.0658936501767838,0.132878713968064,0.19466251196731,0.231316012557759,0.277140650027902,0.398093609588092
500,220,"beta1",0.470679474145355,0.479138198037009,0.102472748223063,0.23108327876607,0.407488174290211,0.479138198037009,0.541382666171765,0.64854693270061
500,221,"alpha0",0.0756588949138297,0.0726830494174709,0.0265814460170539,0.0472804040680711,0.0628224051265877,0.0726830494174709,0.0833277497062442,0.11316979713648
500,221,"alpha1",0.465165682947759,0.456960376105473,0.0951318842505368,0.291712760881169,0.398259531599136,0.456960376105473,0.527015348563257,0.677016886492075
500,221,"beta1",0.333214691201531,0.34082473934614,0.0864592298389486,0.161754703995404,0.26915186529248,0.34082473934614,0.39539408976418,0.489139277497987
500,222,"alpha0",0.0939454300566097,0.0933206582871167,0.0252032247358583,0.0595616047026433,0.0830341488031006,0.0933206582871167,0.102829998618323,0.122834530119634
500,222,"alpha1",0.301370994821787,0.293497569120739,0.0715127916041736,0.186178353703266,0.249656249210379,0.293497569120739,0.344320380497777,0.461694732094306
500,222,"beta1",0.261390142922363,0.254314797548663,0.0853942924653328,0.111957029762281,0.201399502002001,0.254314797548663,0.313104662643626,0.451004132014711
500,223,"alpha0",0.103291760140573,0.101432038725511,0.0292666014035311,0.0607540240101216,0.0883942998686128,0.101432038725511,0.115083073063759,0.151757330997685
500,223,"alpha1",0.368505990352541,0.362845339960124,0.0793822690982251,0.228788257875498,0.314287647506938,0.362845339960124,0.414299474504236,0.550788692937682
500,223,"beta1",0.260137152601787,0.253987945837066,0.103423421209736,0.0640626840873005,0.191185117299642,0.253987945837066,0.318056556329769,0.502989571026361
500,224,"alpha0",0.0857526834288812,0.0835360604974006,0.0267913874756476,0.0561642036971911,0.0728262508228521,0.0835360604974006,0.0944219178599002,0.118573300881577
500,224,"alpha1",0.454404486422973,0.445002972323068,0.0830155387444808,0.309365531680798,0.395918097368583,0.445002972323068,0.505545422296498,0.634690012153645
500,224,"beta1",0.264251668205604,0.264165847551172,0.082119233266629,0.0976155685468622,0.210092890915979,0.264165847551172,0.318997077821848,0.431790934615523
500,225,"alpha0",0.0843316026769686,0.0824265203245688,0.024008796712945,0.0543836380298283,0.0718830707341599,0.0824265203245688,0.0938870513707113,0.118073854806377
500,225,"alpha1",0.338803059235911,0.334962842707125,0.0789396348864725,0.206123908961646,0.28101467851855,0.334962842707125,0.388647351622723,0.511599397629913
500,225,"beta1",0.331281268864305,0.326417267875996,0.0876869359355999,0.175005126131196,0.268456718370765,0.326417267875996,0.390688604118737,0.514507783316731
500,226,"alpha0",0.106682035239928,0.106157520115587,0.0344661263194903,0.0584679629430413,0.0840377117618556,0.106157520115587,0.12316894421794,0.164263289168049
500,226,"alpha1",0.202669683468156,0.192897994742288,0.0745377983744892,0.0879113032103163,0.151435999505499,0.192897994742288,0.241802473414566,0.378480606479497
500,226,"beta1",0.344283322016181,0.331308716283364,0.148085464667894,0.084823565046877,0.228657013516173,0.331308716283364,0.465506759143569,0.60888219475431
500,227,"alpha0",0.117815481572977,0.114809709272235,0.0329281558295021,0.0765688582069573,0.0992951788611702,0.114809709272235,0.132012916272759,0.163064110956597
500,227,"alpha1",0.380961030046171,0.375789060985998,0.0793519502895946,0.244431766760245,0.323417695977671,0.375789060985998,0.43126518934813,0.547917479734657
500,227,"beta1",0.25704889852531,0.253511341255658,0.0848619919691375,0.10294103206627,0.195549289654393,0.253511341255658,0.312651106603349,0.438453800268894
500,228,"alpha0",0.0999045744116291,0.0981593157137574,0.0279203035928127,0.0632973725145714,0.0861103846477863,0.0981593157137574,0.110635314903879,0.137650980017719
500,228,"alpha1",0.338771735407657,0.334894900845757,0.0805896960259639,0.198645955707408,0.280625533962592,0.334894900845757,0.390784702115382,0.501140357750475
500,228,"beta1",0.234450903884975,0.228283510505498,0.103035900691326,0.0426879629385435,0.159984694070973,0.228283510505498,0.299228761234601,0.456557992116093
500,229,"alpha0",0.152653518775086,0.153536265396058,0.0343755038593784,0.0917084131068828,0.132591372704415,0.153536265396058,0.172706357134754,0.20463379489828
500,229,"alpha1",0.195581488305965,0.190616729661032,0.0741248350137595,0.0625456935749753,0.142294889507676,0.190616729661032,0.244682087124387,0.348006039723843
500,229,"beta1",0.176064805431937,0.149454297044517,0.120312502831688,0.014314370122522,0.0850365919427227,0.149454297044517,0.244188783306516,0.452277518863358
500,230,"alpha0",0.0595992278495475,0.0533784320073428,0.0317858874480312,0.0200416533186304,0.0362970379278768,0.0533784320073428,0.0808041777616376,0.116012419847449
500,230,"alpha1",0.13650993618109,0.130264037799124,0.0520265605678193,0.0537372401016095,0.09717230705694,0.130264037799124,0.169840162689086,0.254758737823433
500,230,"beta1",0.546775638992967,0.575898548102715,0.165308066363002,0.219016479087715,0.40758691190681,0.575898548102715,0.686746418368813,0.799903617197619
500,231,"alpha0",0.107800371176117,0.106085247765201,0.0286341384280565,0.0660542084773077,0.0906429896738212,0.106085247765201,0.122829151399183,0.150023185129299
500,231,"alpha1",0.369105396031966,0.364231189384051,0.0772915764577742,0.229711440314016,0.312990861677813,0.364231189384051,0.421567985098392,0.524260621389528
500,231,"beta1",0.192117759930301,0.186214866337074,0.102657160693906,0.0178471717224884,0.11291383817465,0.186214866337074,0.266127777864704,0.395551990086523
500,232,"alpha0",0.100013891626411,0.0962501828965993,0.0334156095792612,0.0480873092029946,0.0760913165564898,0.0962501828965993,0.119126601801571,0.167159970201799
500,232,"alpha1",0.305349090319095,0.302806945133931,0.0774675340244123,0.161017840527745,0.252954712778294,0.302806945133931,0.352429681562843,0.470115266858006
500,232,"beta1",0.314712100392356,0.316863670683185,0.147463383488371,0.0497188440083769,0.205928367684996,0.316863670683185,0.422396335857319,0.608236499321613
500,233,"alpha0",0.126930145405716,0.125591095638301,0.0300938821354841,0.0795583550741399,0.10861730804495,0.125591095638301,0.142076408879047,0.177613729657123
500,233,"alpha1",0.368050034072116,0.365153303522816,0.0804712701868758,0.224547090867987,0.308818831778216,0.365153303522816,0.422833716211953,0.533745793875322
500,233,"beta1",0.188136724321626,0.184627318048209,0.0983688351792152,0.019565917429343,0.112402262854388,0.184627318048209,0.257368714008373,0.389780984175362
500,234,"alpha0",0.124006845801909,0.123675873385549,0.0250486282889619,0.0878651965978415,0.111313815183615,0.123675873385549,0.134940075833217,0.15636145389987
500,234,"alpha1",0.378926323321213,0.372541095594853,0.0811125510862882,0.237807425051264,0.319503744691227,0.372541095594853,0.429320818368821,0.55204591258868
500,234,"beta1",0.128064537934708,0.115030666622011,0.0724452142924704,0.0180078183639255,0.0751964982781597,0.115030666622011,0.171275409057993,0.293800561638719
500,235,"alpha0",0.0878441386588683,0.0847575050025211,0.0276280902357615,0.0497637665219303,0.070883567232128,0.0847575050025211,0.100377949253689,0.137439390151675
500,235,"alpha1",0.318937729406372,0.315162223172998,0.0805016481084432,0.167435391880572,0.264963890963151,0.315162223172998,0.368120261703532,0.490286363808292
500,235,"beta1",0.293620947454188,0.293793619341143,0.11520511195661,0.0897912620993715,0.208969299931195,0.293793619341143,0.37054084320705,0.530841347986968
500,236,"alpha0",0.108658011840185,0.105377708034312,0.0315468903871615,0.0656328370085986,0.0863450376517425,0.105377708034312,0.126925455414271,0.164160075627221
500,236,"alpha1",0.14356396731248,0.137672116310153,0.0590164969714995,0.0476889893929077,0.102197699369319,0.137672116310153,0.178267437964931,0.279577631511886
500,236,"beta1",0.31784519142396,0.321407528408408,0.13276042505022,0.0758765446143076,0.208915124536939,0.321407528408408,0.422693229994735,0.550807335625635
500,237,"alpha0",0.101168280471703,0.10047534746292,0.0282335073984992,0.0538955344554594,0.0847509033797402,0.10047534746292,0.116652742862061,0.145601264417067
500,237,"alpha1",0.317396998997179,0.309582266804712,0.081500236211474,0.176563741633483,0.260886169836203,0.309582266804712,0.365307601974277,0.498496168658158
500,237,"beta1",0.265758010204575,0.24899120485676,0.129108165316196,0.0604669378880613,0.17068840518987,0.24899120485676,0.33753226476624,0.55277862333424
500,238,"alpha0",0.0899493726596632,0.0866720750259751,0.029514700751386,0.0487408052533195,0.0712584880204721,0.0866720750259751,0.105409196808856,0.1423766069297
500,238,"alpha1",0.294273117209438,0.286796169729664,0.0785211425371243,0.156436957551805,0.237972628092268,0.286796169729664,0.343776513067191,0.464553588262632
500,238,"beta1",0.30524182488748,0.307312160365917,0.132454443381595,0.0530761261807125,0.210880441604631,0.307312160365917,0.399807433412866,0.559215066649324
500,239,"alpha0",0.109822931391081,0.106952536243528,0.028375137877878,0.0700514013216866,0.0932946610554131,0.106952536243528,0.123084817649681,0.156219891914945
500,239,"alpha1",0.312380038830225,0.30950776566524,0.0713182801914978,0.178044053479136,0.262182787111897,0.30950776566524,0.360736284463496,0.456781061930164
500,239,"beta1",0.230140605173142,0.22310048053974,0.10055290988855,0.0620104250070669,0.153364769410887,0.22310048053974,0.293106158534456,0.451199728279223
500,240,"alpha0",0.108657627199876,0.105866848003701,0.0314356370828185,0.0584985610354928,0.0846759811444672,0.105866848003701,0.131602996228234,0.165024448029148
500,240,"alpha1",0.261628706968895,0.256155459140827,0.0661270936064363,0.150440935692638,0.21269063226904,0.256155459140827,0.305164285919108,0.40090896447496
500,240,"beta1",0.255712245661317,0.255221721527956,0.147778586138783,0.0112320544456986,0.131913039015345,0.255221721527956,0.37127553696581,0.52783286095353
500,241,"alpha0",0.126375027669879,0.124912665493231,0.0311849118594484,0.0751271860717588,0.105847340047803,0.124912665493231,0.143265513427994,0.184402254465209
500,241,"alpha1",0.293331811279703,0.289428462860816,0.0687350859843286,0.171221714209695,0.245009266697515,0.289428462860816,0.335877505573683,0.43614497527053
500,241,"beta1",0.244816346269095,0.24222238558655,0.107425164529969,0.0474086553435137,0.167104951481324,0.24222238558655,0.316236539994416,0.465720446990677
500,242,"alpha0",0.099884748892709,0.0993088219609859,0.0258575713309629,0.0557634777968814,0.0836022945208925,0.0993088219609859,0.114794538591598,0.143493059684476
500,242,"alpha1",0.322753726680673,0.316117007404826,0.0797666131249032,0.186059928000647,0.265459095057958,0.316117007404826,0.372769860400071,0.50223703862282
500,242,"beta1",0.323421084664496,0.321039013066317,0.104640082616964,0.129046350054584,0.253356994342555,0.321039013066317,0.394458826813257,0.540387155915423
500,243,"alpha0",0.0770321135729308,0.0726031481511741,0.0337228337256987,0.0353533050491635,0.0589434769072109,0.0726031481511741,0.0894740992228141,0.137441326369423
500,243,"alpha1",0.355739043663561,0.35244246520925,0.0857796436245507,0.200228391922726,0.294060188636909,0.35244246520925,0.4148001865847,0.532352406260946
500,243,"beta1",0.384760066120827,0.386486791741141,0.127767206550322,0.114314157313064,0.29862380368294,0.386486791741141,0.473394424041058,0.62061759664616
500,244,"alpha0",0.108159949029705,0.105558745942751,0.0305035866541615,0.0647634031809762,0.0886898622618636,0.105558745942751,0.125353436434159,0.153773580578867
500,244,"alpha1",0.273436293055951,0.267941813647701,0.078417742891511,0.1366414882512,0.21700459123522,0.267941813647701,0.324143117055456,0.443988262260244
500,244,"beta1",0.207179026536645,0.194852301186503,0.131852070066331,0.0143856814905033,0.0950036367967538,0.194852301186503,0.304388426421322,0.488073006792161
500,245,"alpha0",0.11954333340025,0.119012055688585,0.0234946077007368,0.0831872357760995,0.106290493252669,0.119012055688585,0.13157783296187,0.153132108544876
500,245,"alpha1",0.436098342818619,0.432256501465483,0.0810542215288713,0.291519218904046,0.380975227697754,0.432256501465483,0.486069903170771,0.610263085822258
500,245,"beta1",0.155365839167179,0.146883079005205,0.0761382565178947,0.0275466680961093,0.102067357620067,0.146883079005205,0.200501873711151,0.332203939910258
500,246,"alpha0",0.113536796866927,0.110438546046071,0.0251043364287899,0.0742788459877167,0.0965569473878979,0.110438546046071,0.128781375235565,0.160909017979809
500,246,"alpha1",0.251096489419564,0.245509247302826,0.0591864801488989,0.15277092188761,0.210236811575553,0.245509247302826,0.285103435440148,0.390279675431331
500,246,"beta1",0.263363686422743,0.270584143223279,0.107003637763558,0.057249017421083,0.185733644236614,0.270584143223279,0.337168168604357,0.465184885444495
500,247,"alpha0",0.0625620012138813,0.0597000883280229,0.0216171897979004,0.0369242190833923,0.0504459531420227,0.0597000883280229,0.0703748315519035,0.106273341203252
500,247,"alpha1",0.337712994355915,0.327256319284043,0.0831820591895929,0.207649286135615,0.279565360378118,0.327256319284043,0.382651299657201,0.530512766262655
500,247,"beta1",0.424954432348818,0.432197140158561,0.0973802964946493,0.214134376202506,0.361592147821107,0.432197140158561,0.494993621695346,0.594735089716509
500,248,"alpha0",0.102909392639411,0.0989806870177213,0.0347201066854113,0.049664853088338,0.0816439214022744,0.0989806870177213,0.121043328128595,0.163020795353451
500,248,"alpha1",0.228561393636658,0.224007845512063,0.0641578897819635,0.120053521967223,0.182589444941246,0.224007845512063,0.266886805211818,0.370420136370798
500,248,"beta1",0.308913701347019,0.311654818216152,0.136143074225928,0.0606715640622225,0.205756410773571,0.311654818216152,0.403850206882002,0.575362530924144
500,249,"alpha0",0.0821546665012256,0.0807888606668621,0.0272905613948144,0.0396901670658098,0.067948269124964,0.0807888606668621,0.0938670889281028,0.126306969483645
500,249,"alpha1",0.374182746519645,0.373940024590248,0.0686203314709088,0.244489485398739,0.32728416113585,0.373940024590248,0.415764871971666,0.517182938412268
500,249,"beta1",0.355707577827785,0.352903313495341,0.0962750619409249,0.175246606338139,0.289990412059414,0.352903313495341,0.413059300139742,0.560084970984676
500,250,"alpha0",0.112400465498541,0.113212275934612,0.0275559715356537,0.0604118432756288,0.0963648203666957,0.113212275934612,0.12892086408506,0.1538938313126
500,250,"alpha1",0.2457763164852,0.240063127460321,0.0711425203220539,0.124527360206242,0.194156637617373,0.240063127460321,0.290091069622756,0.410852979558576
500,250,"beta1",0.208462888799674,0.190425136471328,0.134947642946303,0.0133169737901654,0.101556131064554,0.190425136471328,0.291125102333383,0.502303893398814
500,251,"alpha0",0.0834901544521989,0.0797012236104279,0.0291099619755996,0.042969935743964,0.0680377695677673,0.0797012236104279,0.0956615710001421,0.135326134079272
500,251,"alpha1",0.403672523004794,0.402859634265626,0.0714305286823452,0.268129229148597,0.351925180331059,0.402859634265626,0.456680391178602,0.538409625519389
500,251,"beta1",0.332690636798027,0.334096533733265,0.0940173411861892,0.151355440079866,0.267252392196315,0.334096533733265,0.398484961278592,0.517797779005174
500,252,"alpha0",0.104904482711091,0.104340671666581,0.0265338310454019,0.0618946412341765,0.0919872687489618,0.104340671666581,0.116923340071969,0.141761370375783
500,252,"alpha1",0.463809529711707,0.463147351918366,0.0874344785780655,0.288718387130232,0.406466855888772,0.463147351918366,0.521792366173881,0.635317971878949
500,252,"beta1",0.192700596615024,0.183757943617543,0.0832905387618239,0.0537725297334701,0.134665327998272,0.183757943617543,0.239097233665398,0.39701071164369
500,253,"alpha0",0.1222337480453,0.121438060138739,0.038397119339062,0.0579713590235866,0.0962945785301705,0.121438060138739,0.145866110822085,0.184181762365139
500,253,"alpha1",0.228880806040622,0.224129847205418,0.0648198672026782,0.11346034701292,0.183362872201777,0.224129847205418,0.270371537349334,0.366654206905566
500,253,"beta1",0.277113461472295,0.266065132764133,0.151106666007551,0.0346334267230089,0.156044059140648,0.266065132764133,0.377952845247481,0.598694283951854
500,254,"alpha0",0.0822987731852253,0.0763346949967799,0.0540613343395435,0.0161015703066449,0.0342690452017952,0.0763346949967799,0.116447770832551,0.185733154370362
500,254,"alpha1",0.17177426367367,0.16464641676728,0.0812200438124859,0.0466687344734367,0.105264624557334,0.16464641676728,0.227829104199118,0.341784989388809
500,254,"beta1",0.507032571933239,0.517688425222526,0.256924450581193,0.0295348390698787,0.309675499157362,0.517688425222526,0.748425679941418,0.870137275580775
500,255,"alpha0",0.120303903136055,0.119602567595094,0.0345080471603143,0.064548403250014,0.0957854700372068,0.119602567595094,0.140392847850938,0.177879322923115
500,255,"alpha1",0.226678480861179,0.221054997383788,0.0815378874165995,0.0896301939799236,0.169887210096847,0.221054997383788,0.276403079819142,0.413627301481625
500,255,"beta1",0.266078393254607,0.252408960510978,0.159220595282341,0.0137489582601948,0.146195299321646,0.252408960510978,0.379913195767679,0.597045690918876
500,256,"alpha0",0.115192372297712,0.11450038593422,0.031175039366556,0.0634353296128588,0.0965669443613386,0.11450038593422,0.13313491745743,0.166724648877303
500,256,"alpha1",0.328606240062126,0.32218032261791,0.0836251478128141,0.183916482033245,0.268396659449755,0.32218032261791,0.379950326890611,0.514860916875988
500,256,"beta1",0.249724395132044,0.240564993873367,0.123953886656187,0.0339493007288434,0.158894547764609,0.240564993873367,0.322297441332703,0.532176282195834
500,257,"alpha0",0.0879564338215873,0.0862766860972962,0.0259495252124749,0.0487296766085467,0.0747342749976526,0.0862766860972962,0.0989259868144466,0.127169872304504
500,257,"alpha1",0.401911780478466,0.394923908715934,0.0792884929425929,0.266224681410499,0.342965040669952,0.394923908715934,0.451396254416738,0.576634933961106
500,257,"beta1",0.257551470869518,0.252746814639011,0.0982198096356265,0.0777138982008937,0.190468134236495,0.252746814639011,0.316510531352558,0.477216320154839
500,258,"alpha0",0.136270483072926,0.138309695017807,0.0323704330891505,0.0585690957723933,0.117655550085366,0.138309695017807,0.1574915509244,0.189303514035855
500,258,"alpha1",0.34308635377971,0.335769308959041,0.0735245495037937,0.218448158009372,0.289533946070888,0.335769308959041,0.390604079350365,0.499528880125845
500,258,"beta1",0.205686934812292,0.19004597705417,0.121671200841226,0.0185103525178782,0.116505772439516,0.19004597705417,0.273906584084254,0.521044253755295
500,259,"alpha0",0.0619549078335132,0.0565429286400057,0.0304337479930296,0.0217155952875594,0.0431204822113015,0.0565429286400057,0.0765743911747959,0.114613758347912
500,259,"alpha1",0.25385537525878,0.248964241945298,0.0654847604915806,0.141343108012686,0.207107161437908,0.248964241945298,0.296229626269866,0.393674883232988
500,259,"beta1",0.529162371972909,0.539387693360095,0.124479313421886,0.273911734088083,0.446534019058745,0.539387693360095,0.621612643534687,0.74282023157582
500,260,"alpha0",0.087425673051588,0.0825673556024545,0.0277979298449992,0.0565444538190581,0.0714596036616189,0.0825673556024545,0.096508147601463,0.137813239074009
500,260,"alpha1",0.355711658327212,0.350668761301568,0.081791790172231,0.201810459853519,0.300050513448347,0.350668761301568,0.40928842268423,0.530385252312357
500,260,"beta1",0.300700878192498,0.308268369973874,0.0950086417336953,0.0959093534234411,0.240034902745158,0.308268369973874,0.366797989179313,0.469556814717717
500,261,"alpha0",0.11493026751225,0.114461036438536,0.0249250465648998,0.0708294330423315,0.0998368869585689,0.114461036438536,0.129257530636758,0.159307230754226
500,261,"alpha1",0.303227386486328,0.299353887803842,0.0785185724762497,0.166071709413295,0.246914194010687,0.299353887803842,0.354474584397141,0.464612457054025
500,261,"beta1",0.272119126355161,0.269204576702453,0.0979186528290871,0.0964731492562863,0.202342431811992,0.269204576702453,0.335722590760733,0.476334014809575
500,262,"alpha0",0.0922195987765149,0.0859302463545957,0.035177173987296,0.0441473561810431,0.0704334297824783,0.0859302463545957,0.105013643767328,0.168370893784655
500,262,"alpha1",0.267047068535827,0.263819042135074,0.0644600343142615,0.145560653291474,0.222283044831517,0.263819042135074,0.308139304160108,0.403481615848042
500,262,"beta1",0.38367389047889,0.403367347527731,0.148124255179694,0.0682323179053717,0.30009994382906,0.403367347527731,0.486351841219789,0.633901205236635
500,263,"alpha0",0.0983981810936464,0.0964503062638174,0.03331905736398,0.0479396138034356,0.0775545385059767,0.0964503062638174,0.115827299256711,0.15254421562922
500,263,"alpha1",0.340066286191084,0.33648121308861,0.07766798908101,0.198555451355769,0.288071516568862,0.33648121308861,0.385523139461417,0.510890552193338
500,263,"beta1",0.328420578815009,0.321677283220901,0.123999571841656,0.0973556446963756,0.237375637208258,0.321677283220901,0.412126212149929,0.5841535361723
500,264,"alpha0",0.140685955464863,0.141295552278171,0.0279279940732133,0.0914984293701454,0.125359784924943,0.141295552278171,0.15522111478307,0.180786647097421
500,264,"alpha1",0.350107792987168,0.343743207466364,0.0782839889493975,0.212584740754717,0.293452445169058,0.343743207466364,0.404079269738161,0.512599770141281
500,264,"beta1",0.112726082294166,0.0894299442067051,0.0898097002418983,0.00627287154976462,0.0426679067734433,0.0894299442067051,0.162931873840418,0.321162722206332
500,265,"alpha0",0.114557230220617,0.113879861452025,0.0369281797570816,0.0584444044302556,0.086382932126208,0.113879861452025,0.137949718333731,0.178735695114593
500,265,"alpha1",0.141052156022328,0.139313633908513,0.0563630594742583,0.0403916749926022,0.104220108006846,0.139313633908513,0.173647107850287,0.257136337000403
500,265,"beta1",0.320106140559689,0.308638973967994,0.153818224331244,0.0432576337267985,0.204753757265467,0.308638973967994,0.450746596017432,0.598169325304085
500,266,"alpha0",0.115800013341053,0.115093207832159,0.0267326696206016,0.0755365354522531,0.0999323310553146,0.115093207832159,0.128935800648821,0.158656699455898
500,266,"alpha1",0.378538762557012,0.371485609613816,0.0892297981994578,0.222027985150816,0.31601155403951,0.371485609613816,0.433458209402513,0.573229637086524
500,266,"beta1",0.167088972231941,0.1537807756665,0.0984787822461845,0.0108743546967704,0.0924768716197343,0.1537807756665,0.230492499041953,0.383623127248439
500,267,"alpha0",0.108489868190264,0.108050272075231,0.0263086731030202,0.0657296674601311,0.0934215650625229,0.108050272075231,0.122276371177371,0.150428351237326
500,267,"alpha1",0.311506330399883,0.303019432726794,0.0840027477784226,0.164984822772758,0.252511619265399,0.303019432726794,0.365286528005752,0.495241806896499
500,267,"beta1",0.187153173003747,0.169168751205196,0.115001463769307,0.0118441537261427,0.101248821626547,0.169168751205196,0.255432995177096,0.453622272924924
500,268,"alpha0",0.122710531410033,0.122905889488588,0.0224827179265685,0.084972965794674,0.112630507950301,0.122905889488588,0.132691687565151,0.149351100786857
500,268,"alpha1",0.361052221182412,0.357648617569173,0.0825853849050744,0.221495170467095,0.301978330394494,0.357648617569173,0.410012899205923,0.54056771334577
500,268,"beta1",0.0819211047555297,0.0585782019056949,0.0754042511227049,0.00300683430816349,0.0253505706707664,0.0585782019056949,0.118507861481649,0.277962727247922
500,269,"alpha0",0.081795749125295,0.0800116518741971,0.0266109163872076,0.0464533865013166,0.0678111910188588,0.0800116518741971,0.0926043517389944,0.119937722258436
500,269,"alpha1",0.423497226256856,0.420286151151206,0.0933790674414858,0.257831940079117,0.354971466265019,0.420286151151206,0.485861835583665,0.611724173162091
500,269,"beta1",0.307376925482963,0.300096799798421,0.0907034765175646,0.149561787957465,0.239468324846258,0.300096799798421,0.368496078357619,0.499999235755431
500,270,"alpha0",0.0841362787007866,0.0823019101029509,0.0287776646122573,0.0461244785633284,0.0677805310900611,0.0823019101029509,0.0959755069588194,0.132064748935881
500,270,"alpha1",0.386169525110145,0.384139599533184,0.0826804557497977,0.241818766396271,0.329794582778133,0.384139599533184,0.439796314321877,0.548311355033214
500,270,"beta1",0.333778351421666,0.327700141617298,0.107942482384882,0.14033639867763,0.254433065503917,0.327700141617298,0.40398744064279,0.557076837182621
500,271,"alpha0",0.112075808009732,0.110730848444815,0.0323696176292518,0.049052101969624,0.092747840574054,0.110730848444815,0.129689628929475,0.16927658293783
500,271,"alpha1",0.366861357783549,0.359034771681022,0.0991731022823032,0.194787147746522,0.294648945664957,0.359034771681022,0.43134759073625,0.583891423563797
500,271,"beta1",0.260071198717244,0.244246933370711,0.127781169153369,0.0548332754710964,0.170799288017153,0.244246933370711,0.334962395461761,0.582482312330346
500,272,"alpha0",0.134173543418334,0.133495034267941,0.0321718911395583,0.0756724862194908,0.114487294598643,0.133495034267941,0.152802318369871,0.185633454356186
500,272,"alpha1",0.267839859220478,0.260767592686204,0.0946155278049836,0.107302757723467,0.203822796078308,0.260767592686204,0.320009990129941,0.475483361103134
500,272,"beta1",0.208967750337129,0.196332121665714,0.124104663546505,0.0155914087440486,0.116275667919071,0.196332121665714,0.283102326116794,0.49712257075061
500,273,"alpha0",0.0583635534404862,0.0555234854377987,0.0342011275685266,0.0248189620667741,0.044150058359602,0.0555234854377987,0.0659981452446524,0.100719384121133
500,273,"alpha1",0.278750230721394,0.274252497645741,0.0572837348991477,0.178335981918763,0.238328143083922,0.274252497645741,0.313833387493799,0.406294433497066
500,273,"beta1",0.54094092026361,0.546184424230069,0.0895226669277271,0.346118597060473,0.491624077762828,0.546184424230069,0.597287522472041,0.699584953806727
500,274,"alpha0",0.119857968193758,0.116102292353572,0.0317865418400791,0.0779650275968331,0.0978931670706134,0.116102292353572,0.136387470134915,0.178582108038004
500,274,"alpha1",0.291702976412901,0.286746058559663,0.0740786326779985,0.162831178738874,0.238518670923741,0.286746058559663,0.339906454878088,0.449778410209827
500,274,"beta1",0.313122430991244,0.315036971039908,0.0983509043832322,0.121042134514741,0.242743213798247,0.315036971039908,0.383844206035017,0.494727910091889
500,275,"alpha0",0.119008505627894,0.118300533785484,0.0375202962612627,0.058494643819207,0.094921813175957,0.118300533785484,0.139839576292422,0.173134651823769
500,275,"alpha1",0.181089120527176,0.176798067326482,0.0598809287398475,0.0751412413693828,0.140722331978289,0.176798067326482,0.217200532091072,0.309593396828176
500,275,"beta1",0.275049452296638,0.258711965873829,0.144454321315181,0.0421018155942223,0.160173607145051,0.258711965873829,0.376440118866141,0.567093151255266
500,276,"alpha0",0.116873946312458,0.115341612524337,0.032483223015617,0.0675563331638571,0.0988168969882668,0.115341612524337,0.132322547766567,0.16486934419914
500,276,"alpha1",0.382206641340318,0.374688604146464,0.0760726192408579,0.253507508938584,0.330139918726568,0.374688604146464,0.42551696983895,0.547595425360254
500,276,"beta1",0.224001541438682,0.214667683992938,0.0947170527690165,0.0693870740727103,0.153434752855096,0.214667683992938,0.28510118510917,0.425680734646425
500,277,"alpha0",0.124376903656128,0.123151581758046,0.0265828023476735,0.0824830042786396,0.109624227682465,0.123151581758046,0.136638403382274,0.16900748981991
500,277,"alpha1",0.329317888423058,0.324469209382619,0.0791357406199389,0.184408326100765,0.274468577802038,0.324469209382619,0.379903817256545,0.496566445069143
500,277,"beta1",0.214060475389133,0.20815087167219,0.0955041305459688,0.0304894906262453,0.149852369579702,0.20815087167219,0.276841880103717,0.421418412582619
500,278,"alpha0",0.127850636017805,0.128487603107659,0.0314830873785741,0.0724453471611562,0.106714416628854,0.128487603107659,0.148392983206265,0.177208503661785
500,278,"alpha1",0.347317631810939,0.341856417401648,0.0754275269044429,0.219618818961194,0.293945097927854,0.341856417401648,0.391226202565114,0.526961232430811
500,278,"beta1",0.202124681021851,0.193202579924741,0.120406871790356,0.0195578631370951,0.102071131946304,0.193202579924741,0.282296385312682,0.457138095820426
500,279,"alpha0",0.0999263861415816,0.0984397238203889,0.0297301100488331,0.0609143832008588,0.0837985385282439,0.0984397238203889,0.112910959052244,0.142106812750275
500,279,"alpha1",0.348595650347359,0.341322771462747,0.0773996332523483,0.213544291849745,0.296164465800428,0.341322771462747,0.394231938569786,0.519306852877037
500,279,"beta1",0.239214433064573,0.230453399701855,0.105933404141666,0.0533460071836173,0.162373042370576,0.230453399701855,0.31519684057537,0.453308344243183
500,280,"alpha0",0.117365366113747,0.117534374444634,0.0245372356628502,0.0722029225901078,0.105587323933191,0.117534374444634,0.130007073963198,0.149717571865189
500,280,"alpha1",0.298580780716651,0.29292569363434,0.0732979161444284,0.168643840393785,0.246228195058896,0.29292569363434,0.346859716435938,0.455662328191839
500,280,"beta1",0.133384899216472,0.108661355751696,0.0989477953690967,0.0110498799818644,0.060739085144886,0.108661355751696,0.183428924720525,0.381106320448989
500,281,"alpha0",0.0826900957201512,0.0809221065854132,0.022008176884102,0.0514623542952302,0.0691812742505563,0.0809221065854132,0.0937047497858369,0.11987478238596
500,281,"alpha1",0.357219720072803,0.351607760980741,0.0737241186255107,0.224662208527515,0.305189018570341,0.351607760980741,0.405411100868863,0.512729727556374
500,281,"beta1",0.379661629042032,0.380852421068798,0.0869751335214504,0.217571568413407,0.316715155209136,0.380852421068798,0.441226588189721,0.54303172049239
500,282,"alpha0",0.0747071218114777,0.071920031398175,0.029251760226543,0.0391221246885774,0.0595733291350709,0.071920031398175,0.0859849741641183,0.116371489702115
500,282,"alpha1",0.328849478363853,0.323636577061923,0.0701354641829409,0.201613904343728,0.280607116729531,0.323636577061923,0.375399194371474,0.473839127908142
500,282,"beta1",0.374607791731518,0.374598087990383,0.102318694521581,0.159015604829809,0.306904683363317,0.374598087990383,0.44736933955321,0.569824570717176
500,283,"alpha0",0.0953438990050616,0.090952988264506,0.0369420279196331,0.0402281075074202,0.0740003445661742,0.090952988264506,0.109516715139442,0.168261379828495
500,283,"alpha1",0.283443227623935,0.280531656220442,0.0661468586550199,0.159537467980905,0.237633661170929,0.280531656220442,0.326219101628825,0.418537677546572
500,283,"beta1",0.333701654955347,0.3451249344049,0.136768233076113,0.0213218142572387,0.257663060937619,0.3451249344049,0.421172725482724,0.596289018189245
500,284,"alpha0",0.115020722254011,0.1146522841795,0.0259164526444934,0.0762920455330967,0.099688473399582,0.1146522841795,0.12794549844441,0.156928874086334
500,284,"alpha1",0.372457334348743,0.368681222363626,0.0823744613419826,0.215442168366918,0.318089037571104,0.368681222363626,0.425541709671828,0.543938788923536
500,284,"beta1",0.196443897053712,0.18716167563723,0.0888974440177497,0.0490257971495241,0.131301177711403,0.18716167563723,0.250458101249952,0.394922877199085
500,285,"alpha0",0.102199960240644,0.0974727767134976,0.0392147105703916,0.0401276952081908,0.0778268216430876,0.0974727767134976,0.121055118991953,0.185153755553807
500,285,"alpha1",0.251845473369072,0.245551989756983,0.0672577071856358,0.13816921294292,0.204220074040298,0.245551989756983,0.29167028070093,0.401571833922895
500,285,"beta1",0.358516038317323,0.367919351587037,0.15062070296997,0.0404408137437016,0.262944778663176,0.367919351587037,0.452514843715056,0.657351618570322
500,286,"alpha0",0.110310345372917,0.106689752453565,0.0335363371216804,0.0603646192802926,0.0891765935009846,0.106689752453565,0.128001919018589,0.169488385685047
500,286,"alpha1",0.395346968535581,0.388958320520482,0.0779629210889131,0.26144028860141,0.339004472805732,0.388958320520482,0.44658341370562,0.56415946345494
500,286,"beta1",0.24551282912146,0.244542692628806,0.116372333939908,0.023366214444002,0.163908906180048,0.244542692628806,0.323855996904645,0.476367455279957
500,287,"alpha0",0.121350079782549,0.120981649064307,0.0269562722470976,0.076205010945779,0.104003874376363,0.120981649064307,0.137356927242629,0.163274822809918
500,287,"alpha1",0.374626532981045,0.367339026189719,0.0847741266451381,0.227565255951234,0.315092632796732,0.367339026189719,0.426903357141756,0.561751613618327
500,287,"beta1",0.168057157077399,0.153592929468794,0.0994912292830362,0.0170385353613765,0.0894150869469626,0.153592929468794,0.232045037771137,0.392844622011767
500,288,"alpha0",0.082946366059496,0.0775724380967579,0.0348135401204837,0.0486671260522009,0.0654432838577121,0.0775724380967579,0.0941606435868509,0.131558772310931
500,288,"alpha1",0.335081017719458,0.327996910578243,0.0825967861885053,0.193763969064356,0.279195109733846,0.327996910578243,0.380324284002273,0.544443957462208
500,288,"beta1",0.34447573943536,0.350264813149231,0.111488178008901,0.114414699916704,0.270022773216545,0.350264813149231,0.424567759896942,0.545959910903878
500,289,"alpha0",0.0778204956924186,0.0746003473322899,0.032609532855981,0.0390457616041463,0.0580602036238266,0.0746003473322899,0.0924635386759992,0.126282397466151
500,289,"alpha1",0.318539397043976,0.313330252636994,0.0796856041308376,0.180254731553286,0.25970507089311,0.313330252636994,0.372326350362056,0.485485865308871
500,289,"beta1",0.354927628677895,0.347387547274345,0.12450773625136,0.129903165322935,0.265375700165241,0.347387547274345,0.44285416666409,0.595825972999838
500,290,"alpha0",0.0881986090974184,0.0857740583059734,0.0286836119379196,0.0485477414124605,0.0723776281947646,0.0857740583059734,0.0996075113456853,0.144048374852161
500,290,"alpha1",0.311963561002966,0.307226757850156,0.0739215027623653,0.182815840432497,0.258766883443511,0.307226757850156,0.360344324546734,0.470706443681239
500,290,"beta1",0.340282080939751,0.336457534344887,0.11850541557263,0.0936045708567989,0.261929427536057,0.336457534344887,0.41565112290075,0.574827777661793
500,291,"alpha0",0.114766384882629,0.110221160952264,0.0409912324368139,0.0420234025863531,0.0869354954186721,0.110221160952264,0.142303582074777,0.188514933732744
500,291,"alpha1",0.167474687153379,0.158628083951104,0.0701627098223616,0.0583920238007041,0.118737072851857,0.158628083951104,0.206036739069772,0.340597052042505
500,291,"beta1",0.340971719830899,0.337820959589495,0.183290548421852,0.0283706445631565,0.198990343137027,0.337820959589495,0.472377376499472,0.692289019599629
500,292,"alpha0",0.143862945628112,0.143927473132154,0.0224453755101969,0.103092751438599,0.130058678654934,0.143927473132154,0.157223551189695,0.18264200705557
500,292,"alpha1",0.347481214770437,0.342353466722001,0.0808427192506573,0.204544278266816,0.291421689757784,0.342353466722001,0.3996681879991,0.518922313252967
500,292,"beta1",0.111548463862333,0.100324530743878,0.0732483022647415,0.0113375269871728,0.0545602024900932,0.100324530743878,0.157040396603921,0.286535715971411
500,293,"alpha0",0.113181087418117,0.113587743340469,0.0306504367450174,0.0621089320491372,0.0972845752843528,0.113587743340469,0.128230084275348,0.151099593710459
500,293,"alpha1",0.336956266397645,0.331520955584257,0.0707132557687643,0.210973585926783,0.289198810381364,0.331520955584257,0.380557691602302,0.484924617117394
500,293,"beta1",0.200248203821358,0.184545009647327,0.105933851394515,0.0406570385130447,0.121579183608811,0.184545009647327,0.259117896398209,0.459575514735422
500,294,"alpha0",0.0794485939618773,0.0772324396537115,0.0273074933589791,0.0499049951547321,0.0665701123087637,0.0772324396537115,0.0877138038822868,0.114509477876151
500,294,"alpha1",0.330888983554282,0.326241764361843,0.0657558704199895,0.218710796679084,0.283050385123912,0.326241764361843,0.371058745586278,0.47449082411285
500,294,"beta1",0.441491618824901,0.44436902060562,0.0841001144161077,0.280302351641934,0.389772672258958,0.44436902060562,0.497591076989543,0.596776677926803
500,295,"alpha0",0.114121851928698,0.114612767883346,0.0273191079802074,0.0662339759603279,0.100514813316316,0.114612767883346,0.128314881859812,0.152267748820376
500,295,"alpha1",0.317435973619947,0.307447452110635,0.0898634304346918,0.165547262266068,0.259395745000442,0.307447452110635,0.365796663811677,0.519332840475935
500,295,"beta1",0.188065401103504,0.172247591973114,0.120562956182558,0.0129859589325523,0.0934499136861943,0.172247591973114,0.250836291832041,0.482034147671475
500,296,"alpha0",0.104870410263641,0.101468899527111,0.0304410316812983,0.0621324239380947,0.086075112419641,0.101468899527111,0.120995125674187,0.153804370362318
500,296,"alpha1",0.307277190347349,0.303093893391954,0.0781583972846263,0.169820870952001,0.251885022392556,0.303093893391954,0.358380867260907,0.473022511256966
500,296,"beta1",0.217091360776809,0.210020273672806,0.129325075637479,0.012406623364703,0.109159219705977,0.210020273672806,0.312871995216882,0.485269832892183
500,297,"alpha0",0.0970792383070741,0.096094196167179,0.0268806842158934,0.0550140301581899,0.0835972754696442,0.096094196167179,0.108902958366371,0.136457347432958
500,297,"alpha1",0.458784284058184,0.455741664754055,0.087769257770236,0.29873077242719,0.39548812347498,0.455741664754055,0.51696036602563,0.643892373871583
500,297,"beta1",0.224755023138636,0.215981177117118,0.0937990687318539,0.0612051847719408,0.158702539273568,0.215981177117118,0.281959583483338,0.438712662018935
500,298,"alpha0",0.123047959225716,0.123198952987687,0.0313057072020347,0.0733959056634235,0.100854377613303,0.123198952987687,0.143307436360738,0.169398034819887
500,298,"alpha1",0.234651802257447,0.229729723425733,0.0742922955514717,0.104509165736346,0.182328446977829,0.229729723425733,0.283196795843419,0.396486386870787
500,298,"beta1",0.175484937704395,0.148121827908088,0.125545988775442,0.00893534528877007,0.070961901979909,0.148121827908088,0.262784750091069,0.454103987022072
500,299,"alpha0",0.107994202154337,0.10644462426699,0.0301738743828011,0.0680331006548722,0.0908716275271832,0.10644462426699,0.121596558659129,0.149224890998462
500,299,"alpha1",0.335723537402571,0.331657840142744,0.0769771590816768,0.198722424174229,0.280629831435556,0.331657840142744,0.384843848206639,0.495250113175778
500,299,"beta1",0.210680304709514,0.202040757677793,0.100327897004622,0.0375471426617161,0.133636599902043,0.202040757677793,0.284102076311753,0.414878275824087
500,300,"alpha0",0.077188533192045,0.0762504613353968,0.0213423630557528,0.0492448961555047,0.0674626669780759,0.0762504613353968,0.0844123982152466,0.103543255893557
500,300,"alpha1",0.467376747581066,0.462914863869594,0.0883721158651086,0.3,0.409217379804956,0.462914863869594,0.52556688204273,0.64531618822828
500,300,"beta1",0.280686691888006,0.274997657231353,0.0730923713226228,0.150528825572482,0.230960802043284,0.274997657231353,0.325384353647321,0.444525517196556
500,301,"alpha0",0.097213479525254,0.0942545183483894,0.0277392943276122,0.0590356275383582,0.0810120851153338,0.0942545183483894,0.110244998185822,0.141220586794681
500,301,"alpha1",0.375914468763749,0.366246293867181,0.0877513609799626,0.230832533881682,0.314480326297515,0.366246293867181,0.425651437626568,0.569585797115769
500,301,"beta1",0.290042613503504,0.292276304287537,0.101990185719447,0.0810413456573041,0.217481187181193,0.292276304287537,0.359665848313761,0.487760502108117
500,302,"alpha0",0.0829045402648832,0.0821898948776294,0.0268483088784385,0.041135760217467,0.0682055247794388,0.0821898948776294,0.095091077353906,0.126867900594812
500,302,"alpha1",0.349676546013129,0.346311454827089,0.0778587932065734,0.215494654432598,0.293727155924936,0.346311454827089,0.399672181671442,0.518086680082714
500,302,"beta1",0.32221287854162,0.308885765316215,0.108033846554687,0.146235564189217,0.24396993349372,0.308885765316215,0.388461223994286,0.572909537131546
500,303,"alpha0",0.118096048621133,0.119297688673979,0.027738870885976,0.0618665737760139,0.101429600319757,0.119297688673979,0.13499505633327,0.161974657309607
500,303,"alpha1",0.306842943056612,0.303361816950363,0.0729907507937602,0.180108296158055,0.251854821655699,0.303361816950363,0.356380181580329,0.455729251499087
500,303,"beta1",0.19471400275537,0.175967244303865,0.111042568339877,0.0377365097475535,0.112441893642864,0.175967244303865,0.259052384768871,0.490496971730856
500,304,"alpha0",0.0783340965119339,0.0739645291679477,0.0293777298224978,0.0385159811922593,0.0608603182888789,0.0739645291679477,0.0922396422844926,0.13072116288272
500,304,"alpha1",0.301089598020783,0.296589798695127,0.0614545322978085,0.194058533459347,0.25767230861153,0.296589798695127,0.339566150608201,0.435957611734759
500,304,"beta1",0.416273875923624,0.419847576580377,0.107195517823976,0.20146257937676,0.34101820686622,0.419847576580377,0.492310662897595,0.619465168054562
500,305,"alpha0",0.109930574798265,0.108356833842874,0.0360289155540363,0.0413393666213628,0.0887569440931346,0.108356833842874,0.129371735380776,0.175578347177995
500,305,"alpha1",0.378102542963614,0.373602208229727,0.0959699403024824,0.203746012992496,0.311861970309567,0.373602208229727,0.438245426813693,0.58101521984253
500,305,"beta1",0.261839608202009,0.245261402800778,0.140488211370178,0.0492672479694027,0.156468698398295,0.245261402800778,0.339837162091964,0.619595130736593
500,306,"alpha0",0.162153716888268,0.162327224828755,0.0254272189943597,0.112751848306554,0.147738929287817,0.162327224828755,0.177162965936755,0.20308338430237
500,306,"alpha1",0.34457473082185,0.341982266912244,0.0743144501715622,0.213420411217038,0.290840296772587,0.341982266912244,0.392704645310117,0.494317418670526
500,306,"beta1",0.0981610299569132,0.0824916866190141,0.0743784812620912,0.00427250118540546,0.0394087569716256,0.0824916866190141,0.141575017609503,0.279117887419334
500,307,"alpha0",0.102352060723063,0.100990495818229,0.0281659661409262,0.0556390096460901,0.0868795139945969,0.100990495818229,0.115787267383033,0.147667006631978
500,307,"alpha1",0.432893508654201,0.430178293440304,0.0880504700169649,0.268659907618651,0.374137788544378,0.430178293440304,0.488078218136755,0.616074665727999
500,307,"beta1",0.194030147749223,0.183823780459982,0.0976998572449935,0.0323871191071579,0.123121185714423,0.183823780459982,0.248060690786895,0.419921851114804
500,308,"alpha0",0.0772796977264464,0.0736341944253239,0.0296370539071174,0.0430818175485567,0.0613397672547523,0.0736341944253239,0.0884281550493198,0.126339358096629
500,308,"alpha1",0.370804742385363,0.365902739145952,0.0697822302321978,0.246854766615095,0.321766211129535,0.365902739145952,0.416340401765625,0.523137253201128
500,308,"beta1",0.393131755709506,0.396694684878866,0.0967892834064627,0.193056480909665,0.332684011870758,0.396694684878866,0.459825629865838,0.568771248316185
500,309,"alpha0",0.0775807964839572,0.0762866467928369,0.0285065038408694,0.0353718555837038,0.059544811878478,0.0762866467928369,0.0932594717058656,0.120963320146501
500,309,"alpha1",0.318336119377204,0.314479520224258,0.0797898906690165,0.173585579568858,0.262837185817889,0.314479520224258,0.369938519305929,0.476857749719277
500,309,"beta1",0.376783138659592,0.363181767138895,0.130159074077737,0.165043096867126,0.276465480199519,0.363181767138895,0.466851891904814,0.650694125855325
500,310,"alpha0",0.09510656759491,0.0912757922369094,0.0303863178401161,0.0498701213931197,0.0754150882615785,0.0912757922369094,0.110190669978134,0.161339468419158
500,310,"alpha1",0.258356414643887,0.25149330533493,0.0688922217485549,0.13874151793294,0.210629391805299,0.25149330533493,0.300135701409792,0.416877818105937
500,310,"beta1",0.368352509281313,0.369719346598281,0.122847182558777,0.102979894848846,0.295656459964236,0.369719346598281,0.448206056966668,0.603177657615195
500,311,"alpha0",0.115497694770601,0.113589686094982,0.0361654471129389,0.0503812016376736,0.0903772725882696,0.113589686094982,0.138163477078821,0.17793884702695
500,311,"alpha1",0.308113206822143,0.303699650438524,0.0759533713773986,0.165740789006524,0.257193252033236,0.303699650438524,0.355122193764887,0.468747710800998
500,311,"beta1",0.248147319566693,0.23967227950848,0.142433237285094,0.0223908368204063,0.134395748033109,0.23967227950848,0.341815361359109,0.560057190257054
500,312,"alpha0",0.0827368587046016,0.0807811524037535,0.0256008834850575,0.0484480895923889,0.0678965519876724,0.0807811524037535,0.0944820658845663,0.1208170763592
500,312,"alpha1",0.313589054764921,0.304398781517668,0.0813632940859742,0.178519853671603,0.256323465097171,0.304398781517668,0.358784493530802,0.502288148638607
500,312,"beta1",0.321100376784143,0.319759121842952,0.114401534794278,0.117696369633955,0.231379853182348,0.319759121842952,0.40641581958076,0.5298100547303
500,313,"alpha0",0.0913182994596912,0.0894406969513267,0.0350389593140569,0.0288348758148371,0.0694719078128689,0.0894406969513267,0.1119252675822,0.150964597876291
500,313,"alpha1",0.231118660636577,0.225607634666164,0.0719912823558482,0.0942428512744319,0.182911253761332,0.225607634666164,0.277863076137072,0.379492156834364
500,313,"beta1",0.372582081579259,0.371363058861917,0.158793177245704,0.108466538487583,0.250699283285665,0.371363058861917,0.473558699922094,0.741306148706659
500,314,"alpha0",0.131515187461169,0.12742403789043,0.0376372149165913,0.0749167730456464,0.105531484598132,0.12742403789043,0.152545423735471,0.207690877400472
500,314,"alpha1",0.236378018844954,0.229233404934822,0.0773428276075748,0.107178671383938,0.181853933855464,0.229233404934822,0.281614134144783,0.414796469966802
500,314,"beta1",0.322124796090384,0.319071162654148,0.125743661438181,0.0760752585453545,0.232061323631688,0.319071162654148,0.403957834502193,0.582207698796921
500,315,"alpha0",0.140722897314945,0.141617777898933,0.0298391682285333,0.0813838793648784,0.123915805602873,0.141617777898933,0.158224014001689,0.187910491287446
500,315,"alpha1",0.271615699731699,0.267178589420834,0.0649598647580551,0.155688884464469,0.226755721805198,0.267178589420834,0.311322707487007,0.413068126890948
500,315,"beta1",0.184236811559026,0.169120143949125,0.111899486076004,0.0225100621446118,0.102709839567001,0.169120143949125,0.244333919224008,0.463334612741067
500,316,"alpha0",0.112569115794411,0.111412729544553,0.0315099134047073,0.0592207355785958,0.097050274104891,0.111412729544553,0.125863168101177,0.158221875504257
500,316,"alpha1",0.339142066232675,0.334218043104395,0.0767294060330427,0.199081359452804,0.285538076801698,0.334218043104395,0.388849693015553,0.498915592656806
500,316,"beta1",0.215915541586407,0.205214008983546,0.103164170550365,0.0537960571252031,0.139081657476116,0.205214008983546,0.280609985167471,0.457174928451675
500,317,"alpha0",0.110782729050549,0.111888598895891,0.0267702381148481,0.0651363076329693,0.0941716876684779,0.111888598895891,0.126412610757761,0.151447551528114
500,317,"alpha1",0.383250750636298,0.380689508282623,0.078860023044329,0.238993702725897,0.329363176542306,0.380689508282623,0.433427112664646,0.550156595391618
500,317,"beta1",0.175465908440159,0.168653788325849,0.097733122199397,0.0159335695619552,0.0998672563890114,0.168653788325849,0.239126461077335,0.388645093715374
500,318,"alpha0",0.103861618476223,0.105947439520508,0.0389133222541493,0.0369546404782121,0.0768914778462187,0.105947439520508,0.126761227079246,0.16491299958663
500,318,"alpha1",0.219964791393678,0.218834162690815,0.067122090725951,0.0998709037549777,0.170778640022239,0.218834162690815,0.264553681869779,0.356453373737704
500,318,"beta1",0.298593238714997,0.262024186375845,0.178964609361142,0.032446191675029,0.161163036580627,0.262024186375845,0.428338567113583,0.693956067520367
500,319,"alpha0",0.096282670300309,0.0932693145906883,0.028805445100343,0.0558482518625303,0.0793299715062284,0.0932693145906883,0.108504723387192,0.152342877582634
500,319,"alpha1",0.327405836119644,0.319081071794638,0.0801043572875782,0.197776018944779,0.270521946433402,0.319081071794638,0.373537981756347,0.520933128280593
500,319,"beta1",0.350671232961562,0.355507369031963,0.103859739880441,0.136143029508315,0.284037326591628,0.355507369031963,0.420428334485335,0.540559021982949
500,320,"alpha0",0.0672318914046677,0.0655839384092778,0.0232539443996773,0.0359131598970142,0.0538945372144646,0.0655839384092778,0.0767855224284975,0.108554944606287
500,320,"alpha1",0.354155966865553,0.351897528313713,0.0779412975869862,0.211930038125624,0.296693298471318,0.351897528313713,0.407705328633275,0.521534200370942
500,320,"beta1",0.40399179312125,0.399576263965279,0.0991585528970383,0.202283269375388,0.337380974035016,0.399576263965279,0.4746612888518,0.589728574902699
500,321,"alpha0",0.1145053440387,0.112834325322093,0.0266142091292895,0.0741726081303783,0.0989361676466347,0.112834325322093,0.127096002782562,0.161829468152619
500,321,"alpha1",0.306283234761562,0.302126050799798,0.073494683900744,0.170015633410093,0.256089095947687,0.302126050799798,0.351386859126141,0.460048336746408
500,321,"beta1",0.264615013980265,0.262408202042224,0.096008957819213,0.0749734306689643,0.202146475052682,0.262408202042224,0.332098932334161,0.456551783723249
500,322,"alpha0",0.122097558534977,0.121633579098652,0.0335787746025686,0.0625220121355049,0.100645811816755,0.121633579098652,0.141380003614238,0.180419737712915
500,322,"alpha1",0.257082856081076,0.25026827349397,0.0716268557765285,0.131810766344599,0.208755007171068,0.25026827349397,0.301902910507495,0.41145846135079
500,322,"beta1",0.251232951526658,0.242534266560427,0.13134797931241,0.0208766525666712,0.157308872336963,0.242534266560427,0.345092297125944,0.522970653555315
500,323,"alpha0",0.0750489977698909,0.0739711147793879,0.0323969198572619,0.0289733267602093,0.0580873902005271,0.0739711147793879,0.0894638641952772,0.125732459319285
500,323,"alpha1",0.214453010122193,0.21147795746853,0.0692410054020348,0.0879645812432509,0.164496296984301,0.21147795746853,0.261436116377311,0.353273577227822
500,323,"beta1",0.460984163346538,0.446951503172159,0.141116763850794,0.205103514842376,0.365872383431082,0.446951503172159,0.554681879839032,0.753924110702946
500,324,"alpha0",0.0912546356671324,0.0855227676592262,0.0329408103547903,0.0474812988610393,0.0698529126881806,0.0855227676592262,0.106766677726413,0.156688756198508
500,324,"alpha1",0.358573049920096,0.351069455667199,0.0777624514280063,0.227469087329448,0.300659560929881,0.351069455667199,0.409949934044463,0.52422858728353
500,324,"beta1",0.363032845287915,0.370184538279685,0.118521557060358,0.1232828229887,0.278290738329977,0.370184538279685,0.454966159706992,0.569324207412254
500,325,"alpha0",0.104704506698913,0.102136738973418,0.0327240368353477,0.0609317091273681,0.0861303290291294,0.102136738973418,0.119603600299337,0.159437053068284
500,325,"alpha1",0.291263969352521,0.284290059176504,0.0791062541497323,0.154760473348682,0.232821724898539,0.284290059176504,0.342539992681223,0.459953698258192
500,325,"beta1",0.344158549448931,0.338579255573101,0.11727627027872,0.13007225089952,0.262356256953213,0.338579255573101,0.422638072287903,0.582538863092119
500,326,"alpha0",0.0983905839094511,0.0968029364482001,0.0288199386887412,0.0624242322510455,0.0834294181083008,0.0968029364482001,0.109653510471672,0.136064242211654
500,326,"alpha1",0.345452436022226,0.33958413315048,0.0842653152344318,0.192028305314396,0.289108377039366,0.33958413315048,0.39401197001385,0.536845560316823
500,326,"beta1",0.26681723140692,0.260736508765888,0.0958797234864037,0.104028317391868,0.195067536994783,0.260736508765888,0.330473971644619,0.469683639075069
500,327,"alpha0",0.101331497200374,0.0999373747755272,0.0319561011105768,0.0515087013957578,0.0826792261857803,0.0999373747755272,0.115785839826867,0.153948858164045
500,327,"alpha1",0.284720790670787,0.27979961470695,0.0743145615059577,0.151975740753507,0.233725145481501,0.27979961470695,0.331831794375386,0.444501928508461
500,327,"beta1",0.283852340221162,0.274919711556591,0.121891018640793,0.061215843620781,0.198987953371603,0.274919711556591,0.366239068783171,0.535561679381648
500,328,"alpha0",0.125509409297777,0.126693283641341,0.0364631970737285,0.0637335423571362,0.101128032427979,0.126693283641341,0.148468919182232,0.181704724334873
500,328,"alpha1",0.306278102281025,0.302828802555171,0.0772438741242934,0.160910560381218,0.253250091309915,0.302828802555171,0.355505361607217,0.467032743637955
500,328,"beta1",0.24241118932058,0.229323372321054,0.148165172178499,0.0234936539939267,0.113575746203778,0.229323372321054,0.351270891709046,0.53773625772048
500,329,"alpha0",0.116526634150828,0.115741113012273,0.0370010010341754,0.0581726566769842,0.0894649539393729,0.115741113012273,0.13918978939539,0.18226833326669
500,329,"alpha1",0.297156540216787,0.2858993757965,0.0852207722971839,0.16519841363155,0.235422243301042,0.2858993757965,0.345546051974619,0.504303911892582
500,329,"beta1",0.269184366594396,0.252971942411924,0.141130079695709,0.0224251184128102,0.161427565049629,0.252971942411924,0.371655514696268,0.546787143421378
500,330,"alpha0",0.109643942927462,0.109285828196973,0.0277217901361268,0.0674858870119514,0.0946477465577124,0.109285828196973,0.122622839821812,0.148778887425883
500,330,"alpha1",0.356636048949685,0.349772517906611,0.0741353712819974,0.225681330530685,0.305956287185269,0.349772517906611,0.39897232740301,0.524109270497038
500,330,"beta1",0.168003643091821,0.155995160798009,0.100392373297368,0.0148318601762135,0.0894085001798188,0.155995160798009,0.234654465001899,0.392168296495404
500,331,"alpha0",0.107653624895776,0.105992445122937,0.0277228952107728,0.0716178551496287,0.0926813363310338,0.105992445122937,0.119200438768468,0.143955870201124
500,331,"alpha1",0.423578149025178,0.422361070196534,0.0889391462629237,0.258509383982447,0.363005830590151,0.422361070196534,0.48038101867402,0.6047885205452
500,331,"beta1",0.229128595065669,0.219770325301598,0.0804422352645195,0.0994936220307608,0.166896637675079,0.219770325301598,0.282862078496023,0.399473799293776
500,332,"alpha0",0.119222166682045,0.118402743663725,0.029891136265733,0.076988814333575,0.103563684758325,0.118402743663725,0.13302545251975,0.156656705853741
500,332,"alpha1",0.406338675716772,0.401629260507471,0.0774143218940603,0.267436163120601,0.351828172769176,0.401629260507471,0.454394694710076,0.582483593222466
500,332,"beta1",0.152991745696958,0.141004162839709,0.0876017444139701,0.0166578496861854,0.0847441986250537,0.141004162839709,0.208289962458802,0.345947013660062
500,333,"alpha0",0.132832566200095,0.133043813788066,0.0251130432609056,0.0840316752160852,0.117161960183497,0.133043813788066,0.148923405716285,0.174998318681881
500,333,"alpha1",0.286785277821343,0.282412014580127,0.0755846080198177,0.153711554593294,0.233839949100959,0.282412014580127,0.334138996418827,0.449166274606051
500,333,"beta1",0.150057087450295,0.132484721280906,0.10342760044236,0.0113121266717059,0.0694469417091971,0.132484721280906,0.207545726463725,0.397879642506412
500,334,"alpha0",0.104962501925526,0.103888413150286,0.0302773866710097,0.0557986222731909,0.0825334560806935,0.103888413150286,0.123855728874957,0.158758613452655
500,334,"alpha1",0.23440751635662,0.230110387742021,0.0677019111668728,0.117106587213278,0.184848130882741,0.230110387742021,0.278237461925666,0.381766330902522
500,334,"beta1",0.30973936250565,0.301699045507456,0.137848170980557,0.0633852444579348,0.207086151154051,0.301699045507456,0.410403607391655,0.589198858483329
500,335,"alpha0",0.107870390028652,0.108043096403137,0.0266905372169041,0.0642548702967071,0.0901438907607761,0.108043096403137,0.124347308107461,0.151410951444867
500,335,"alpha1",0.282148937332475,0.276700400706086,0.072806105830907,0.153506639274364,0.228585949601513,0.276700400706086,0.331858809996098,0.433822611131023
500,335,"beta1",0.24108813956576,0.221870154619649,0.11787613760269,0.0531520212510463,0.145125100018767,0.221870154619649,0.334476282761967,0.475390482177867
500,336,"alpha0",0.13433216830355,0.133925677597616,0.0332310854634436,0.0751945851334442,0.111914264965222,0.133925677597616,0.155251258970854,0.192165989656702
500,336,"alpha1",0.253733394629299,0.244912586339336,0.0749874152420712,0.126899793747549,0.200190408822149,0.244912586339336,0.2999856902237,0.414078985860046
500,336,"beta1",0.206140654627735,0.188115956990548,0.134716817776934,0.0080990640540661,0.100706623413271,0.188115956990548,0.293960483954739,0.501652393796409
500,337,"alpha0",0.0573340421061386,0.0539271144935309,0.0290206633267397,0.0255220778461299,0.0414504517883934,0.0539271144935309,0.0670961811928541,0.105919318854856
500,337,"alpha1",0.280524376725552,0.276574069080872,0.0667110301339918,0.16109668776619,0.232581412604395,0.276574069080872,0.324293887982094,0.419030414719682
500,337,"beta1",0.471323235076488,0.472861074102543,0.123665129018301,0.216682101328695,0.386930456492488,0.472861074102543,0.561712238525997,0.690152188665015
500,338,"alpha0",0.101373973208533,0.100677113173338,0.0278738264142972,0.0569426735092811,0.0861683259868561,0.100677113173338,0.11480615792268,0.14054370476725
500,338,"alpha1",0.279861616961667,0.27345475150154,0.0847560541929975,0.12939724489827,0.220029193470637,0.27345475150154,0.335973031054004,0.455874444121659
500,338,"beta1",0.210824849065439,0.204225836852502,0.122994493902751,0.015745527675692,0.121824633968561,0.204225836852502,0.283687131105717,0.511713895688396
500,339,"alpha0",0.156688698647347,0.15722098343195,0.0258077389471944,0.113537599028116,0.141252467971135,0.15722098343195,0.170724506346613,0.195569679893365
500,339,"alpha1",0.395522568557644,0.39141822421515,0.084153944116913,0.244484086385658,0.337345090224984,0.39141822421515,0.447017912576944,0.578264634728885
500,339,"beta1",0.0841603964329373,0.0692726176578112,0.0621968781242299,0.00493394781507264,0.0362343749066656,0.0692726176578112,0.118492770402102,0.24049252040781
500,340,"alpha0",0.0988546055492829,0.0968595845190304,0.0280945140416506,0.0568242446584404,0.0820042633229924,0.0968595845190304,0.112478429962387,0.149694132182253
500,340,"alpha1",0.266314102726681,0.262325984305703,0.0872587310041093,0.106617334290453,0.205402186597794,0.262325984305703,0.318772135159202,0.4577150350556
500,340,"beta1",0.367972771644316,0.366207154334115,0.112393718841235,0.15027839314335,0.287222608502414,0.366207154334115,0.446575962162116,0.591379422186479
500,341,"alpha0",0.093249673293317,0.091819937393344,0.0250157641460345,0.0537084072953995,0.0786472731242283,0.091819937393344,0.104960099187216,0.139257373903368
500,341,"alpha1",0.334887145402429,0.333219453730593,0.0695093293324225,0.204426685710714,0.286306489462271,0.333219453730593,0.380959260850194,0.479614337933934
500,341,"beta1",0.331113878146943,0.323354909320871,0.101645427459435,0.137230774416584,0.262259911381602,0.323354909320871,0.398585909307817,0.549256804635397
500,342,"alpha0",0.071313750365988,0.0657124068184957,0.0322444695023144,0.0329459463753972,0.0533030623894774,0.0657124068184957,0.0812448604971705,0.134473342173532
500,342,"alpha1",0.274572882637517,0.270729851989649,0.0746994729576198,0.136738043344966,0.223164946186538,0.270729851989649,0.319491662146903,0.432431322365838
500,342,"beta1",0.384799124149391,0.398871708624567,0.136586195543636,0.0859613642092239,0.303573651959188,0.398871708624567,0.474110698945888,0.631865967213527
500,343,"alpha0",0.117752264216386,0.117302713692593,0.0273188005576999,0.0643266476088757,0.102013956057782,0.117302713692593,0.134362850378446,0.162121868481446
500,343,"alpha1",0.408042237098466,0.401452106258197,0.0818105868404721,0.266326000015773,0.349755021159944,0.401452106258197,0.46044592872374,0.58472645809263
500,343,"beta1",0.181306873368566,0.167986262777365,0.100318447169048,0.0248781056343253,0.110998186097715,0.167986262777365,0.234985668488454,0.419855508875449
500,344,"alpha0",0.113589028547225,0.11215995704067,0.0312314056783603,0.0556261949148951,0.0931596069597513,0.11215995704067,0.132376713345669,0.171709160902772
500,344,"alpha1",0.312836457744145,0.309563852111276,0.0653379020890581,0.192697781799927,0.266785191093725,0.309563852111276,0.356717601491263,0.448097981194667
500,344,"beta1",0.311559045531196,0.307208906684585,0.117804283877537,0.082253931492009,0.232899686208989,0.307208906684585,0.393499307363567,0.545840303044132
500,345,"alpha0",0.115304188465258,0.113694247501636,0.0281853379284424,0.0693508307075283,0.0985426438204329,0.113694247501636,0.130927790241297,0.162827279882085
500,345,"alpha1",0.35180242241532,0.345240070082708,0.0800349040776741,0.221328933565445,0.295902541360131,0.345240070082708,0.398603046300756,0.525009089077061
500,345,"beta1",0.185281246316816,0.179338831735878,0.0992957246092894,0.00812127413938555,0.114696585491967,0.179338831735878,0.250710772088123,0.387002055179301
500,346,"alpha0",0.0922038790054596,0.087695819172954,0.032100842051385,0.0501807016777881,0.0750760096331608,0.087695819172954,0.104470932127728,0.145235953611358
500,346,"alpha1",0.274538142674183,0.270848403488186,0.0644949688465168,0.158503291487054,0.230030234927116,0.270848403488186,0.31551964699293,0.410445933149306
500,346,"beta1",0.2975315432615,0.303749914360872,0.117149051727652,0.0540437333087862,0.226185374325073,0.303749914360872,0.372095247376118,0.527765219378881
500,347,"alpha0",0.122438369747884,0.120304219501978,0.0328469349767043,0.0655755259852924,0.102157848059082,0.120304219501978,0.142870073275416,0.175599250498952
500,347,"alpha1",0.293695621918679,0.287852785783355,0.0709853067693,0.173766868692657,0.242981702525686,0.287852785783355,0.338696723080954,0.444298359722513
500,347,"beta1",0.233385252228457,0.231782043577942,0.130246987130351,0.0205328788462356,0.131299186477,0.231782043577942,0.31745861349376,0.519679436017366
500,348,"alpha0",0.105369257158529,0.103274683086726,0.0303557970031073,0.0597710824505999,0.0898957824452684,0.103274683086726,0.117866035021578,0.153920061345292
500,348,"alpha1",0.316651952229704,0.310422366729868,0.0749274487325585,0.186724844253327,0.263797223142282,0.310422366729868,0.364669098265452,0.470344722788396
500,348,"beta1",0.29414197127436,0.289303998065489,0.103576239729706,0.100111760843141,0.225740008555843,0.289303998065489,0.361392098267112,0.507997756071991
500,349,"alpha0",0.0644687064683474,0.0614750477352731,0.0252600675369026,0.0305244732513032,0.051409169412266,0.0614750477352731,0.0738469262593604,0.1055740933965
500,349,"alpha1",0.395613030680281,0.390938692652664,0.0700615723718502,0.266424040235873,0.345990493420523,0.390938692652664,0.44262022654656,0.540880394132106
500,349,"beta1",0.450784797363254,0.458545454971166,0.091468599089185,0.265493913930661,0.398159302445927,0.458545454971166,0.509967563236102,0.614298570273342
500,350,"alpha0",0.0787607406400639,0.0644675956625008,0.0424453351711817,0.030939123840056,0.0489077845904021,0.0644675956625008,0.100412995310945,0.164608786944726
500,350,"alpha1",0.239640635604907,0.234549911188807,0.0619932629684943,0.134690890266897,0.193221475699595,0.234549911188807,0.281666168400495,0.369887351128699
500,350,"beta1",0.422553760581885,0.476574292824971,0.189992150848017,0.0303051504255787,0.299912928120173,0.476574292824971,0.570853311030393,0.687022557316498
500,351,"alpha0",0.077636804816789,0.0767214993001051,0.0315064181519227,0.0345859948404904,0.060800423248555,0.0767214993001051,0.0898357204554126,0.125660218990763
500,351,"alpha1",0.312121099048386,0.315158481785857,0.0759452111973453,0.158909862574174,0.261068250797033,0.315158481785857,0.363593050331566,0.458017995657963
500,351,"beta1",0.325919340575311,0.313396524979438,0.138860303530471,0.0631602129452663,0.230255989570929,0.313396524979438,0.408056626225611,0.632748349589581
500,352,"alpha0",0.118427914827245,0.117890556395434,0.02915233212677,0.0770148082966346,0.104204457201522,0.117890556395434,0.130635113947378,0.152093616689003
500,352,"alpha1",0.392965292942609,0.385641391886042,0.0861019333456696,0.245413791452783,0.332706908268697,0.385641391886042,0.445334210655229,0.584954936377852
500,352,"beta1",0.185802528615488,0.171801716521614,0.0848980919853312,0.0593046196994071,0.123740063628781,0.171801716521614,0.234726078348534,0.390738976658775
500,353,"alpha0",0.11057312166273,0.110618016109771,0.027102532065094,0.0622187978943585,0.0948971530246202,0.110618016109771,0.125253973696288,0.152281604023433
500,353,"alpha1",0.352866168111771,0.347135793368441,0.0828003515337422,0.207474826295479,0.295398147406256,0.347135793368441,0.401880389061943,0.529092287122998
500,353,"beta1",0.222853227112116,0.214702788896812,0.0974715717393199,0.0596105948156666,0.153166185060194,0.214702788896812,0.276998142292773,0.449417262471319
500,354,"alpha0",0.136990821281687,0.1355539934296,0.0395506549499854,0.0748123182859876,0.103762240255686,0.1355539934296,0.166397065538864,0.209481944330692
500,354,"alpha1",0.230529174875364,0.228793899422979,0.0693506415157933,0.108602075490593,0.180003161546157,0.228793899422979,0.277319789721868,0.373260403774345
500,354,"beta1",0.240525321497501,0.22853926220272,0.15834635832639,0.0061183258884136,0.101963316974157,0.22853926220272,0.370974613866334,0.53964278735893
500,355,"alpha0",0.112764515699816,0.112698770537036,0.0284285781160671,0.0618017592507188,0.0971065829458212,0.112698770537036,0.128737685659186,0.152260090872266
500,355,"alpha1",0.44446093746719,0.441025162264017,0.0835376288715474,0.290618895552687,0.38659854184239,0.441025162264017,0.497659893876346,0.624946023079704
500,355,"beta1",0.161717676368868,0.151936937743495,0.103071235136983,0.0113911111666188,0.0797875474410608,0.151936937743495,0.223685361214186,0.403551636842612
500,356,"alpha0",0.0773425903220348,0.075944039001587,0.0252255604279473,0.0408306493273987,0.0626381490374303,0.075944039001587,0.0897011398899491,0.119784163918392
500,356,"alpha1",0.362798579366556,0.361114269532481,0.0763321195200278,0.218219390549032,0.311403038663206,0.361114269532481,0.412907490570403,0.520336615338478
500,356,"beta1",0.349788833182547,0.346981802003184,0.112393743707387,0.136510585947945,0.270016547066762,0.346981802003184,0.422853740733414,0.576523239740541
500,357,"alpha0",0.0670306812368702,0.0628136274582197,0.0308845125792166,0.0369597830547026,0.0534996471722532,0.0628136274582197,0.0746007213869646,0.111930759165495
500,357,"alpha1",0.372700704128984,0.369308914832583,0.0704344267627705,0.245934571197519,0.32246266774958,0.369308914832583,0.418364307867018,0.525786352969386
500,357,"beta1",0.341138330555674,0.347177976365245,0.0979165720045859,0.127604095013612,0.276511751575337,0.347177976365245,0.408709866150099,0.523047070767931
500,358,"alpha0",0.116721722964914,0.115247008166487,0.0341928724110696,0.0612997358951787,0.0926400520216996,0.115247008166487,0.138346278167596,0.174475314425928
500,358,"alpha1",0.253749890800276,0.254059984006303,0.0702331890842244,0.108866170431623,0.205740877261603,0.254059984006303,0.302760501646544,0.38654830297696
500,358,"beta1",0.250984993173844,0.246766458967683,0.146760848602467,0.0109529624639059,0.141764027415853,0.246766458967683,0.346046716389552,0.577676403876607
500,359,"alpha0",0.066280139117475,0.0639786765019419,0.0257903542044899,0.0348843715819125,0.0518122608267832,0.0639786765019419,0.0764405968143744,0.104909542201448
500,359,"alpha1",0.296556027895631,0.292257665625213,0.0667169822885607,0.178326416380253,0.248218046587047,0.292257665625213,0.3391251521092,0.43867766797007
500,359,"beta1",0.444361589375108,0.44327845489549,0.100221925846886,0.229736926630005,0.37814718360591,0.44327845489549,0.513508153438228,0.62981018229731
500,360,"alpha0",0.0907841211104611,0.0860844968055796,0.0366102991136894,0.0385150359235199,0.068855918094396,0.0860844968055796,0.109094215424502,0.156405834268104
500,360,"alpha1",0.198446907867363,0.193830673648052,0.0621887393550427,0.0910810041109453,0.155840216305047,0.193830673648052,0.235201133747864,0.330173776092615
500,360,"beta1",0.46812276227667,0.474836946010239,0.12516558235308,0.216672263224226,0.387453647659804,0.474836946010239,0.553587151727784,0.692378321590306
500,361,"alpha0",0.107529596853927,0.106554510045107,0.0280111800251032,0.0595241471624626,0.0896515812088313,0.106554510045107,0.122079927807299,0.155827320211467
500,361,"alpha1",0.271350967682542,0.263850842497818,0.0695189824849052,0.156456169064819,0.223807145460393,0.263850842497818,0.310664809295727,0.429672034971516
500,361,"beta1",0.231888298205979,0.232001283496231,0.116210793319819,0.0311310095476341,0.144546076995098,0.232001283496231,0.308461458501811,0.471352020803343
500,362,"alpha0",0.126221407480579,0.126416638250708,0.0266148911009503,0.0804051214902001,0.110663464044444,0.126416638250708,0.14158904311451,0.162748786692161
500,362,"alpha1",0.318146687410584,0.308607436667827,0.0797226932556637,0.187401648668697,0.26198958259241,0.308607436667827,0.366139138847749,0.512676513931572
500,362,"beta1",0.136677643429527,0.118779007951996,0.0965492787243323,0.0080365219957355,0.0583911087260413,0.118779007951996,0.198888062931226,0.359141028501261
500,363,"alpha0",0.0887474278551723,0.0835231458743829,0.0339177702425925,0.0447870052754268,0.0671673976326793,0.0835231458743829,0.103549647261579,0.158496946662064
500,363,"alpha1",0.324006992378761,0.320381355291848,0.0705536856568892,0.197478060736795,0.275532638342168,0.320381355291848,0.367741261946095,0.480220305285661
500,363,"beta1",0.370993016610035,0.382136575975474,0.1173417176085,0.119676862758974,0.298959359604042,0.382136575975474,0.452547144872696,0.578705765778086
500,364,"alpha0",0.0905749846053356,0.0868206838354789,0.0328269627232884,0.0393211007260014,0.0685371339857681,0.0868206838354789,0.108371348398211,0.157108160927402
500,364,"alpha1",0.334899238705169,0.323367489201395,0.0792305045348415,0.210632666732434,0.278463197720887,0.323367489201395,0.379148618568188,0.530082620004678
500,364,"beta1",0.299001959133667,0.301287644984988,0.141370002251988,0.0207344270590427,0.206304350596369,0.301287644984988,0.395963806209246,0.565658284747418
500,365,"alpha0",0.107095040789903,0.103874722269175,0.0296205588222238,0.0644217901070896,0.0911442620310845,0.103874722269175,0.118224286992847,0.159241023048676
500,365,"alpha1",0.304530135656542,0.29822863892446,0.0679129666046934,0.189363000339731,0.256558447439242,0.29822863892446,0.34367218425193,0.460920707198989
500,365,"beta1",0.315796136847253,0.323102495032668,0.10388197742004,0.110296067875734,0.247044726402456,0.323102495032668,0.386185719575328,0.518010242893705
500,366,"alpha0",0.110518355000021,0.110832771820145,0.0323778146607072,0.0577415559595635,0.0903782529114203,0.110832771820145,0.129132594868609,0.157875862305151
500,366,"alpha1",0.256007647985975,0.252620228215585,0.0736840182066468,0.11732889053889,0.205801140074019,0.252620228215585,0.303965841740092,0.406572858283065
500,366,"beta1",0.265376479427978,0.240583492367402,0.140953069513063,0.0516658138792279,0.157648037182689,0.240583492367402,0.360520956663471,0.565712729028893
500,367,"alpha0",0.133042631654653,0.13199721512591,0.0306855739597466,0.0877166352314265,0.11613048605553,0.13199721512591,0.14832677367717,0.174710883224511
500,367,"alpha1",0.419023393332856,0.408873483843656,0.0874303561554072,0.272725699969724,0.357031494211679,0.408873483843656,0.471859580253385,0.609643820149895
500,367,"beta1",0.126533832087984,0.11083163554082,0.0869427946659953,0.00818675906244693,0.0545009154903237,0.11083163554082,0.18668284796358,0.317324740554656
500,368,"alpha0",0.105554635551671,0.105069999377022,0.0278752636015307,0.065456133461423,0.0910468508097539,0.105069999377022,0.118489859060481,0.139864133252353
500,368,"alpha1",0.346372450000596,0.343912517325788,0.0737588859875561,0.206735388887668,0.29373181394329,0.343912517325788,0.394927402248432,0.500903675243272
500,368,"beta1",0.17141674740207,0.160815899627439,0.101267757128809,0.0131938541041387,0.0913755030748221,0.160815899627439,0.242097925377411,0.389146550296444
500,369,"alpha0",0.106762452728348,0.105925042696793,0.0242034006854145,0.0715247163060532,0.0919857239590282,0.105925042696793,0.119189343072574,0.143383656872193
500,369,"alpha1",0.51373594556508,0.506931226787216,0.0936036953816079,0.352720717150245,0.445629481942031,0.506931226787216,0.572287015425128,0.722820411404012
500,369,"beta1",0.189922116759233,0.182209908591934,0.0763269414353799,0.0646456358343408,0.130893217195662,0.182209908591934,0.242862214517326,0.348217639489296
500,370,"alpha0",0.126506811229447,0.126261465050098,0.0313747280236833,0.0702329668349546,0.106312485149589,0.126261465050098,0.14614020463576,0.180684862681848
500,370,"alpha1",0.250299550050097,0.245576558632665,0.0711784051958891,0.12336847372407,0.198683034396591,0.245576558632665,0.298339722084954,0.39885096168023
500,370,"beta1",0.268113502658717,0.254700681250388,0.121144301709803,0.0541886338413402,0.179812457885224,0.254700681250388,0.353018056841273,0.520028161740568
500,371,"alpha0",0.129980207463098,0.128107312473243,0.0301291320168944,0.0872740717924954,0.110056901747669,0.128107312473243,0.1454279494406,0.178539696299327
500,371,"alpha1",0.32385023186573,0.315138281819049,0.0840753232047747,0.184442483521317,0.261756120383971,0.315138281819049,0.377471326711428,0.510559391936831
500,371,"beta1",0.176774483943347,0.173616438404048,0.0960366441121316,0.0145786382972752,0.102934198786041,0.173616438404048,0.243979216877501,0.369548527354449
500,372,"alpha0",0.122332384715117,0.121225728666689,0.0337535508603361,0.0637275731639187,0.0997266228252922,0.121225728666689,0.142515255668994,0.184455037711479
500,372,"alpha1",0.240228544659958,0.232486324480035,0.0758624337622374,0.113291751126002,0.185833057924407,0.232486324480035,0.286786975242886,0.409701421665235
500,372,"beta1",0.273152898417341,0.268725616819619,0.130778448037885,0.0365124213770961,0.185842095115228,0.268725616819619,0.346541757680582,0.564857693945557
500,373,"alpha0",0.120118402928323,0.12175806761895,0.0344227731801362,0.0587367502583438,0.10094718652326,0.12175806761895,0.13875503332832,0.173836749347625
500,373,"alpha1",0.280182049346948,0.275049567047525,0.0701103706357409,0.153890366791471,0.231333590650781,0.275049567047525,0.324619897258719,0.429820814961822
500,373,"beta1",0.262314144823772,0.240639950680584,0.128477868520569,0.0663942328018722,0.165763226113012,0.240639950680584,0.345101123547954,0.558971466055595
500,374,"alpha0",0.129877454483366,0.130884172332652,0.0304870619265313,0.0740520530663931,0.108986528943774,0.130884172332652,0.149616520696102,0.181232361416213
500,374,"alpha1",0.243400601506811,0.235999473693119,0.0791383230202758,0.112909878859822,0.187634245180099,0.235999473693119,0.287707366666486,0.419506934268327
500,374,"beta1",0.207882988896926,0.189547955676574,0.118840836445853,0.0126066672435343,0.123854118935705,0.189547955676574,0.280193594157017,0.491065583163307
500,375,"alpha0",0.126178574179959,0.125381567319852,0.03194531876601,0.0753776928451966,0.106489376311657,0.125381567319852,0.143440310745884,0.178473680565883
500,375,"alpha1",0.311127008847315,0.30489235065021,0.0765841648701874,0.180796626592093,0.255426506198062,0.30489235065021,0.359161017532111,0.47841895890035
500,375,"beta1",0.237815764448205,0.233485697815905,0.115812149922486,0.0342321776048603,0.14796995924003,0.233485697815905,0.323551390572805,0.467557794390617
500,376,"alpha0",0.0758655093594955,0.0738480831983644,0.0304157834759391,0.0315058246118044,0.0595718092893201,0.0738480831983644,0.088634635141794,0.137111324245365
500,376,"alpha1",0.335133814991723,0.328627381837569,0.0773987188250746,0.198377911001943,0.282175366919777,0.328627381837569,0.379884378587423,0.512761646294245
500,376,"beta1",0.394785665281778,0.39327526176063,0.121819673416968,0.0951845584427141,0.31942180718872,0.39327526176063,0.473966781697314,0.628337493866334
500,377,"alpha0",0.128522236230303,0.128402928381616,0.0253710196321506,0.0889646265309267,0.115821167678208,0.128402928381616,0.140196097521436,0.161098884634052
500,377,"alpha1",0.302404660884673,0.296334005328971,0.0703083137376012,0.181295739112771,0.25342367182553,0.296334005328971,0.345180474143086,0.463100213375188
500,377,"beta1",0.127179867274267,0.108247162082634,0.0860269110035374,0.0130931573270376,0.0583331426929918,0.108247162082634,0.179878646547185,0.330567749467058
500,378,"alpha0",0.140611827906917,0.14387495457799,0.0352688017106373,0.0744688528212851,0.119130332329687,0.14387495457799,0.163078779983444,0.195165678716088
500,378,"alpha1",0.322985064398106,0.318543324050632,0.0777652373959514,0.183278693535309,0.266513025519825,0.318543324050632,0.375075057532936,0.488795984248825
500,378,"beta1",0.175515479449952,0.148526965076154,0.12518074284779,0.0111690412584143,0.0738409275724215,0.148526965076154,0.248916006954619,0.463365525933909
500,379,"alpha0",0.1216929088149,0.12206542485697,0.0241209112114025,0.0767796114951077,0.108454151595221,0.12206542485697,0.134807541167067,0.157963398445474
500,379,"alpha1",0.320986385811907,0.317135790597757,0.0756949967739299,0.187988951417299,0.265938002817785,0.317135790597757,0.371577424397164,0.477989268093424
500,379,"beta1",0.144557222919311,0.132216914766286,0.0864287215498735,0.0165945894547072,0.0857322153979723,0.132216914766286,0.189122041708973,0.330547668261537
500,380,"alpha0",0.119642653918003,0.122337514798098,0.0324549775572256,0.0559824561802321,0.101251040296613,0.122337514798098,0.138546233705478,0.162319726825081
500,380,"alpha1",0.281814477619451,0.277872799647691,0.0705286987520175,0.155794483110264,0.233146444007909,0.277872799647691,0.325040584821646,0.433589259585256
500,380,"beta1",0.179215451658714,0.153615231542795,0.135257612347327,0.00471890818978074,0.0720310600854309,0.153615231542795,0.26055925760128,0.511326983771224
500,381,"alpha0",0.085260686930489,0.0802091819445342,0.0328958048186207,0.0400885430071918,0.0618100039602116,0.0802091819445342,0.102425899611653,0.15079167155018
500,381,"alpha1",0.18183702313108,0.176640060980627,0.0603505157996956,0.0720605107484026,0.140677352311318,0.176640060980627,0.217452759841849,0.315220762297374
500,381,"beta1",0.447123912673256,0.452545306069003,0.135384151951427,0.17441210581269,0.351273630498333,0.452545306069003,0.551424916458312,0.687570524853772
500,382,"alpha0",0.131654756469849,0.132899945733796,0.0403987886062817,0.0483178079164309,0.108707709538703,0.132899945733796,0.156155630147634,0.200911306042234
500,382,"alpha1",0.277731735290908,0.274179841477304,0.0834250598723787,0.121055559187407,0.218884394573083,0.274179841477304,0.333836192726383,0.446391383700445
500,382,"beta1",0.242438563758876,0.215200738623356,0.168030061015529,0.00848930924475823,0.121375590991943,0.215200738623356,0.322446378044622,0.691248654804285
500,383,"alpha0",0.0831418230051178,0.08165209444534,0.0283212036248191,0.0432300870008481,0.0680674429591284,0.08165209444534,0.094211682765617,0.127525021246345
500,383,"alpha1",0.328466328360921,0.323479216007094,0.0718692953908074,0.198960750640089,0.277087532172593,0.323479216007094,0.377527179343135,0.474716811061989
500,383,"beta1",0.334696078163732,0.3269953009871,0.109500726947065,0.142555148030312,0.257358307732171,0.3269953009871,0.402079881048957,0.582871979917232
500,384,"alpha0",0.100915709811707,0.0998185110048824,0.0282158620356174,0.0550527405256894,0.0852214100656028,0.0998185110048824,0.116237612362437,0.144191913754007
500,384,"alpha1",0.385095646902987,0.382122886247553,0.0811242916788734,0.236125771104649,0.327758951616568,0.382122886247553,0.436079489956799,0.552889736188552
500,384,"beta1",0.215755037710367,0.199014339022924,0.113643305222316,0.0491643160122899,0.130948978851676,0.199014339022924,0.278787832246689,0.478371597189871
500,385,"alpha0",0.100989468959294,0.0979322052858984,0.0326506338720957,0.0568231711883667,0.082500804676679,0.0979322052858984,0.114811040329579,0.150498125068878
500,385,"alpha1",0.341966549513804,0.336306974654282,0.0760104215640749,0.207690113638944,0.2863856807281,0.336306974654282,0.395371436667233,0.496035657910139
500,385,"beta1",0.240408328782765,0.243416937948114,0.115279014954972,0.0205624160072719,0.157015205618269,0.243416937948114,0.321618873185269,0.461458338445521
500,386,"alpha0",0.142420930051554,0.141602703228924,0.0274515305390188,0.0978811882148357,0.124564610200736,0.141602703228924,0.15880987077929,0.185291408008034
500,386,"alpha1",0.304223510693387,0.293643899118921,0.0910782459766782,0.162507294297933,0.234864552159848,0.293643899118921,0.361744268046918,0.505784050218768
500,386,"beta1",0.135296271606693,0.105647816113609,0.101370774553336,0.00803378275927243,0.0545603955483028,0.105647816113609,0.202984761997072,0.365529177707693
500,387,"alpha0",0.121447615265569,0.123263501776534,0.0230935278432011,0.077630175960007,0.10717169312463,0.123263501776534,0.136241790202308,0.158608795669875
500,387,"alpha1",0.397109022091857,0.392260442017105,0.0759357281745529,0.263007605853336,0.34585969623278,0.392260442017105,0.441867675428719,0.571578635257963
500,387,"beta1",0.160779283256507,0.142303685513288,0.0997665269824432,0.0205891272116839,0.0811870914698766,0.142303685513288,0.220637745607616,0.394716811060365
500,388,"alpha0",0.104140898465078,0.102443192377838,0.027945649155604,0.0559034098897161,0.0876775114475165,0.102443192377838,0.119293993779105,0.151488260119025
500,388,"alpha1",0.31726197647035,0.314200709365734,0.0760443727366481,0.178379869541807,0.264095319018841,0.314200709365734,0.367135310506931,0.479358481666701
500,388,"beta1",0.228508411928075,0.220035100582836,0.125109972378371,0.0277345028019835,0.140002584479158,0.220035100582836,0.303556433542626,0.513082482092479
500,389,"alpha0",0.118490218854778,0.117799705726668,0.031513977131264,0.0665504968549256,0.095601827845956,0.117799705726668,0.139453223722114,0.176452767614057
500,389,"alpha1",0.252725022020529,0.251616396172231,0.0678848274755309,0.126191257316157,0.205456592112707,0.251616396172231,0.297747053016369,0.390461163847213
500,389,"beta1",0.299627089747948,0.282569234436186,0.134380988229991,0.0690474653704816,0.201346530824597,0.282569234436186,0.391943211924247,0.584956143880098
500,390,"alpha0",0.0642705758074364,0.060257882637982,0.0303358987809987,0.0297017774706986,0.0464394345936292,0.060257882637982,0.0759129960615087,0.117155428565736
500,390,"alpha1",0.27379051971291,0.268781877500917,0.068086297734662,0.155594983327395,0.227451382948346,0.268781877500917,0.313874735916669,0.430363748595867
500,390,"beta1",0.489359094770362,0.493761407545248,0.108693419455455,0.264823648265856,0.417013651986602,0.493761407545248,0.569206539079472,0.682600672971973
500,391,"alpha0",0.0997356969940606,0.0967731759176144,0.0350543528555863,0.0499117418246823,0.0768572408677303,0.0967731759176144,0.118277984547228,0.163081863225917
500,391,"alpha1",0.294802929668344,0.289654289450875,0.0738206225632002,0.170038296324661,0.240058396640844,0.289654289450875,0.342760942003818,0.452580466098183
500,391,"beta1",0.329848278045165,0.331791473861088,0.139458499549855,0.0601552180860953,0.23121375573331,0.331791473861088,0.435857595215282,0.580951958052064
500,392,"alpha0",0.121315938877055,0.12153871484719,0.0380943124239396,0.0490458869111211,0.0982927261841283,0.12153871484719,0.146888896858343,0.184943297134831
500,392,"alpha1",0.259060142934809,0.255746766265618,0.0850099925190476,0.108839584713621,0.195603209157718,0.255746766265618,0.317579239069284,0.430389301125635
500,392,"beta1",0.251108499318792,0.228216486823836,0.170157579198847,0.0158152417633339,0.112459183927888,0.228216486823836,0.353500337853239,0.64155348276045
500,393,"alpha0",0.0632703029344939,0.0600272963350784,0.025960882873735,0.0311752009629054,0.0474475241113771,0.0600272963350784,0.0743240398352901,0.111266022734197
500,393,"alpha1",0.276727999048159,0.270442055185256,0.0635186103511226,0.168677058551542,0.230545271858218,0.270442055185256,0.316935358600368,0.415467998478874
500,393,"beta1",0.492136149304283,0.502756036492058,0.112779265549372,0.233157830646646,0.417552194748809,0.502756036492058,0.577337117978215,0.677571686863339
500,394,"alpha0",0.0992383344257724,0.0961065559972409,0.0302972237860734,0.0541531870747688,0.0817179240345348,0.0961065559972409,0.112065019721907,0.155233341429865
500,394,"alpha1",0.299274381188426,0.291091258990189,0.0782135150169796,0.172081980778238,0.241921925716783,0.291091258990189,0.348817744510097,0.474527651593567
500,394,"beta1",0.284618384875068,0.28658947302619,0.122407569033916,0.0260228114051051,0.204164040325079,0.28658947302619,0.365171015278369,0.527377737123364
500,395,"alpha0",0.114209828951505,0.118090691634862,0.0356526484855307,0.0463438099931593,0.0946649926969633,0.118090691634862,0.136950614751877,0.163173418137998
500,395,"alpha1",0.236287777280288,0.232803875417118,0.0709497626400431,0.111137810300015,0.186446670060307,0.232803875417118,0.283382863697218,0.389205526198158
500,395,"beta1",0.229761985435855,0.184666624281852,0.169476558030993,0.0249959343541862,0.0928093125549089,0.184666624281852,0.326437633994786,0.606320071579001
500,396,"alpha0",0.141913878847485,0.14202689919999,0.0254617767483181,0.10169591956019,0.128222434146891,0.14202689919999,0.154652052587871,0.176059790493926
500,396,"alpha1",0.252380590010577,0.24737501631705,0.0694835442866245,0.131982591105556,0.203601705265073,0.24737501631705,0.29618783602103,0.408887757992453
500,396,"beta1",0.11574326615183,0.0992437357942162,0.0868660502750709,0.00602718225222484,0.0457454432896355,0.0992437357942162,0.163433366851823,0.334079416719496
500,397,"alpha0",0.116955526483105,0.117888995752084,0.0317398880099252,0.059655625870511,0.0980269843362838,0.117888995752084,0.13561353973785,0.171417087581965
500,397,"alpha1",0.329839541980534,0.324061658097024,0.077936430692478,0.190368534856536,0.274798955653842,0.324061658097024,0.380838243121426,0.492838121932411
500,397,"beta1",0.25914419625298,0.240649680885953,0.122345884492838,0.060746760824025,0.173297152295041,0.240649680885953,0.332206736096333,0.535816650275509
500,398,"alpha0",0.133212316934146,0.131968883138626,0.0320889846715853,0.0817979284019302,0.113448166750636,0.131968883138626,0.149771349712235,0.190666903013568
500,398,"alpha1",0.28006010548968,0.275648963144858,0.0828410929298956,0.130450991890753,0.223291628415244,0.275648963144858,0.33461340143655,0.461289437183476
500,398,"beta1",0.23767544907126,0.226928734359407,0.107864000324421,0.0570057587404036,0.160439461996845,0.226928734359407,0.302244085342081,0.47403158683177
500,399,"alpha0",0.115178341492596,0.111553259593196,0.0303528304541092,0.070964602040914,0.0972599295096749,0.111553259593196,0.130240236069748,0.16761128187975
500,399,"alpha1",0.382715469350485,0.377453518027815,0.0850307736475324,0.230100877211102,0.320317416580236,0.377453518027815,0.441062442670633,0.563402602538541
500,399,"beta1",0.253991132468217,0.25330555272703,0.098764272922366,0.0690907316083996,0.187198630694833,0.25330555272703,0.321379746534633,0.438328096730265
500,400,"alpha0",0.0855856397949653,0.0835886672013651,0.0240984378464107,0.0565934879594295,0.0726566282024699,0.0835886672013651,0.0953504986085519,0.119113605172695
500,400,"alpha1",0.3430506351704,0.335361733403729,0.0836103087198328,0.20298455733712,0.283155262584309,0.335361733403729,0.39301652101164,0.523445525086775
500,400,"beta1",0.31164491859999,0.312542099694179,0.0891791476193782,0.142365450268105,0.247509307263026,0.312542099694179,0.372545518296747,0.486647995189678
500,401,"alpha0",0.15275217430667,0.153814353058553,0.0271841370263924,0.101856444544518,0.135561817394586,0.153814353058553,0.170933526562525,0.194630232637215
500,401,"alpha1",0.300671701343392,0.295097119810696,0.0818943329036492,0.157244575168587,0.242447605739854,0.295097119810696,0.350900832359134,0.465007102928953
500,401,"beta1",0.150274219018406,0.137020560968816,0.0976098096022162,0.00458873428126726,0.0741478999877734,0.137020560968816,0.208795730085839,0.382792976611312
500,402,"alpha0",0.12888578798024,0.128219624614128,0.0321545587974466,0.0785412290436936,0.110115611298852,0.128219624614128,0.146299096391001,0.177446282018902
500,402,"alpha1",0.282348688235637,0.276652167679014,0.0749203644022756,0.155505829416756,0.230057179793371,0.276652167679014,0.32718618258518,0.448601950015323
500,402,"beta1",0.213725418981299,0.198547885040675,0.119838070879094,0.0305600848684937,0.119142386581882,0.198547885040675,0.295172288984555,0.467054801709279
500,403,"alpha0",0.0985074064236549,0.0965821809964828,0.0250419630202576,0.0608854948349362,0.0848955383801489,0.0965821809964828,0.110335492553676,0.137841947906933
500,403,"alpha1",0.318270430049818,0.312945321627769,0.06827074575258,0.196362577002815,0.271416032166169,0.312945321627769,0.361798070326524,0.464742522298443
500,403,"beta1",0.328966029942462,0.323434867090563,0.0829419861723184,0.175258751946801,0.271747112511745,0.323434867090563,0.381116957165748,0.502042420010546
500,404,"alpha0",0.135852941200978,0.133522867011357,0.0314164450222877,0.0857326052628473,0.117516886264943,0.133522867011357,0.151774793073472,0.185314755336227
500,404,"alpha1",0.316802489914964,0.311100442722203,0.0760448622250088,0.175913954518498,0.265534394266362,0.311100442722203,0.365450919606222,0.478488295906003
500,404,"beta1",0.195436159981081,0.181973435176703,0.097668428154429,0.043738163014913,0.122670744973998,0.181973435176703,0.25353016168863,0.429683608864915
500,405,"alpha0",0.106206059935697,0.104000201239824,0.0312592294481361,0.0549316587085093,0.0859784497092266,0.104000201239824,0.123761281476565,0.164700273388466
500,405,"alpha1",0.328782471098425,0.328754668970252,0.0710059495642061,0.196721973120406,0.280223991681533,0.328754668970252,0.375331915868995,0.469005169163523
500,405,"beta1",0.257690232502943,0.255249200126175,0.130018043834905,0.0163757288651168,0.163520593853805,0.255249200126175,0.345076945359365,0.5294042904993
500,406,"alpha0",0.0858607216981053,0.0869566204786715,0.0315316518386171,0.0387966025817036,0.0615006024596634,0.0869566204786715,0.105490836697759,0.13898918207818
500,406,"alpha1",0.289074188663732,0.284740549961221,0.0749704118034374,0.155680901394196,0.235710749525882,0.284740549961221,0.337043917457879,0.452345461261972
500,406,"beta1",0.38539328101005,0.368702350255736,0.137344573133122,0.143531215078515,0.289446628197967,0.368702350255736,0.48955818141266,0.64871457900319
500,407,"alpha0",0.0939324626398889,0.092591497685638,0.0274809239750017,0.0548475266120816,0.0779361030258323,0.092591497685638,0.106705073425914,0.135687365929726
500,407,"alpha1",0.386122755399069,0.381054472146804,0.0909098062173251,0.213671999221905,0.323551484278248,0.381054472146804,0.444432552100018,0.579623273967476
500,407,"beta1",0.302720798793146,0.295394276861686,0.0935019953290434,0.141636436822406,0.233524113436217,0.295394276861686,0.367417988435934,0.49717815921104
500,408,"alpha0",0.1238722983875,0.123313082614159,0.0228499349788342,0.0918144327877123,0.112602933699418,0.123313082614159,0.133840193639237,0.15279440171627
500,408,"alpha1",0.474499273270515,0.467468986074349,0.098777761120201,0.29261619114443,0.405902787189834,0.467468986074349,0.53589981585622,0.678855005521068
500,408,"beta1",0.0923134087348315,0.0836560714703345,0.0618915039678205,0.00488037231480809,0.0469156962591134,0.0836560714703345,0.125132863916626,0.244407365583498
500,409,"alpha0",0.107198822680188,0.105633923719291,0.0263334709675936,0.0680343020608096,0.0897935801012145,0.105633923719291,0.122267258310152,0.152430738872722
500,409,"alpha1",0.457718260729193,0.456275053989093,0.0880398124408297,0.292404249826579,0.398750754333335,0.456275053989093,0.513941467861873,0.638892545938708
500,409,"beta1",0.188967552722795,0.181037902078409,0.0986209033619485,0.0181626464771351,0.117504167522247,0.181037902078409,0.258088314766112,0.390265025665847
500,410,"alpha0",0.0801192738811613,0.0768490960578006,0.0270313914890286,0.0460495215890981,0.0659758927751158,0.0768490960578006,0.0907095016674541,0.122235650653854
500,410,"alpha1",0.349111758030771,0.344401553315575,0.0747950590417059,0.218613619682709,0.29612014292317,0.344401553315575,0.393622702066141,0.522802197453014
500,410,"beta1",0.341286714349943,0.341743278162978,0.101515520504116,0.151762701639771,0.264766572043235,0.341743278162978,0.418529309182199,0.524510412558799
500,411,"alpha0",0.103432381457735,0.101078531017063,0.0284841796593634,0.0632140982637856,0.0841855924444151,0.101078531017063,0.118986180367948,0.150471469362985
500,411,"alpha1",0.362951304335774,0.358440567205847,0.0757841725309231,0.223617112789722,0.309916713432758,0.358440567205847,0.410505963773035,0.528092454370897
500,411,"beta1",0.23700701449681,0.233947479662379,0.107149387654156,0.0451155719510442,0.154612671554603,0.233947479662379,0.317806349880985,0.441188578513392
500,412,"alpha0",0.116851013768645,0.114444816913323,0.0309197276127353,0.0663156660026417,0.0980176813486723,0.114444816913323,0.13373046622484,0.169707847620552
500,412,"alpha1",0.256317398626491,0.251079742899979,0.073681853141762,0.11657415972574,0.207861288332297,0.251079742899979,0.301288245379207,0.413989436739283
500,412,"beta1",0.279829688773329,0.281795305898047,0.114155286734335,0.0723936227602587,0.193317901439973,0.281795305898047,0.360217518919277,0.507852701565758
500,413,"alpha0",0.106484150198234,0.102983328204284,0.0329635780980796,0.0528021545485014,0.0855182501604049,0.102983328204284,0.123234062617229,0.176801386984075
500,413,"alpha1",0.173767514824968,0.168448844164865,0.0671561679055054,0.0544472887414781,0.129136388294885,0.168448844164865,0.212087245658766,0.330468680316066
500,413,"beta1",0.382705371794016,0.387314223618444,0.141730229149323,0.104393946126694,0.294316696005271,0.387314223618444,0.473734941484458,0.654755193137611
500,414,"alpha0",0.0925660844141248,0.0818225754526128,0.0413575179622764,0.0438166767387838,0.0659112333309919,0.0818225754526128,0.108138471090675,0.190545519126106
500,414,"alpha1",0.191412665555329,0.183699440443921,0.0615544761067402,0.0886750538140882,0.148459515184453,0.183699440443921,0.226335801970563,0.336218278908611
500,414,"beta1",0.456548247289959,0.492204574657125,0.159387715751831,0.0875249330296701,0.362522161035696,0.492204574657125,0.568212927769939,0.700388124034253
500,415,"alpha0",0.0709400298505019,0.0678028334965672,0.029614711327013,0.034789345535789,0.0554495476847132,0.0678028334965672,0.082509550419631,0.111813601298196
500,415,"alpha1",0.329926961434565,0.326411281151158,0.0640352050619159,0.213236157026143,0.286032839513275,0.326411281151158,0.369496530362448,0.467927031457364
500,415,"beta1",0.45721600599508,0.456425652186422,0.0918420987662709,0.279291645932106,0.39770947048189,0.456425652186422,0.520267408361189,0.628647260342796
500,416,"alpha0",0.0702560921107362,0.0685608752699644,0.0244153043681965,0.0379572533592977,0.057594084578093,0.0685608752699644,0.0798418146360234,0.107075504258669
500,416,"alpha1",0.406214466733281,0.400532924793079,0.0851476694425394,0.253239303337873,0.345571945798209,0.400532924793079,0.459690818211947,0.589664801251868
500,416,"beta1",0.327545656765676,0.323527009957227,0.09261306699623,0.153312313549392,0.264272229087881,0.323527009957227,0.390459822984761,0.516302271487481
500,417,"alpha0",0.0931499897718897,0.0908885055206314,0.0332772621757483,0.0441598096065152,0.0739727477976734,0.0908885055206314,0.106896121288278,0.153491500777335
500,417,"alpha1",0.384831808410232,0.381963778003568,0.0735691221662627,0.246974186272201,0.334052449814548,0.381963778003568,0.433257434262989,0.532157511972776
500,417,"beta1",0.291084777958632,0.289533001936919,0.110316620595065,0.0820031060322945,0.215974845118958,0.289533001936919,0.364816625529983,0.515175086702036
500,418,"alpha0",0.0957896656779852,0.0886213530954957,0.0381492594756359,0.0508103875812732,0.0702905914987485,0.0886213530954957,0.110720022048871,0.190255712817862
500,418,"alpha1",0.187265126868126,0.179697949192793,0.0635369698259146,0.0849188676500183,0.143305166297504,0.179697949192793,0.224699412623543,0.330683663516072
500,418,"beta1",0.439000206839809,0.460159973313319,0.140058430889038,0.0542075815980108,0.369875312471333,0.460159973313319,0.532043073299193,0.659720897696823
500,419,"alpha0",0.0737600571784041,0.0711771004607465,0.0293448311238325,0.0401978386187506,0.0587974125522086,0.0711771004607465,0.0845863528797196,0.112545872581828
500,419,"alpha1",0.291765916636038,0.288971158349536,0.0628608994419968,0.173165351436588,0.247973511466456,0.288971158349536,0.335327269169708,0.41610480444381
500,419,"beta1",0.407644701219529,0.406121228335202,0.104970408638394,0.207106253475151,0.33302330298192,0.406121228335202,0.480604899055407,0.616758425337774
500,420,"alpha0",0.10247184485741,0.102336495902092,0.0297114672461717,0.054130669131871,0.0859245591470008,0.102336495902092,0.117375936133655,0.147819912437101
500,420,"alpha1",0.325228493168125,0.322895294316065,0.0705340403347927,0.198137195449399,0.276037504210534,0.322895294316065,0.369296189551906,0.474006872161148
500,420,"beta1",0.231305873355738,0.216041825397447,0.111709629778539,0.0549135216689936,0.155603676954836,0.216041825397447,0.289393668106794,0.492481896287669
500,421,"alpha0",0.132338120016348,0.130756162220281,0.0300048403699749,0.0840213970966286,0.114435897454555,0.130756162220281,0.148289514663211,0.185406752705941
500,421,"alpha1",0.352209355221164,0.345438495442296,0.0840724664611459,0.20785584056242,0.292949246508951,0.345438495442296,0.403688349230262,0.549497679321914
500,421,"beta1",0.250132777039873,0.245070047161947,0.091040479200252,0.0983710155094545,0.178376445202662,0.245070047161947,0.31357806396478,0.436834928218063
500,422,"alpha0",0.126506444914914,0.122588688583333,0.0417057553534682,0.0585389668561527,0.096572570462348,0.122588688583333,0.154842540174242,0.202661251374988
500,422,"alpha1",0.163773463468283,0.160183329822952,0.0565899515591102,0.0648088426982831,0.123276228028236,0.160183329822952,0.201455436704553,0.282958864072696
500,422,"beta1",0.334641354892079,0.340995852545691,0.161838182608599,0.0558520212783672,0.204968300559189,0.340995852545691,0.451598566285639,0.649194790935971
500,423,"alpha0",0.123734150545469,0.123432458839024,0.0255242434615923,0.0817157776496673,0.108757485994876,0.123432458839024,0.137196030260539,0.162790324229105
500,423,"alpha1",0.374596509822348,0.368695310914469,0.0802748800163097,0.234800868207937,0.317269057630296,0.368695310914469,0.425576112789088,0.547743267009734
500,423,"beta1",0.183550807934381,0.175820442270934,0.0846019581551881,0.0463455626411309,0.120637306022745,0.175820442270934,0.23627231253153,0.372882531809834
500,424,"alpha0",0.0959201416058121,0.0922802851556551,0.0316468191037952,0.0592382738897022,0.0784106913484065,0.0922802851556551,0.109109217053843,0.139271377672925
500,424,"alpha1",0.474393775664343,0.466451856282016,0.0909236333711517,0.322836037942279,0.407455871862275,0.466451856282016,0.531797483260576,0.66594567668359
500,424,"beta1",0.224801697268199,0.221386841444604,0.0943822232767286,0.0617055452228426,0.151088529497609,0.221386841444604,0.295821742610543,0.406057429535497
500,425,"alpha0",0.117319663797156,0.11573013825025,0.0312937235031347,0.0664300955295574,0.0992955713338186,0.11573013825025,0.131353576553914,0.176351309045141
500,425,"alpha1",0.31533158477342,0.310682656709935,0.0704420204172689,0.190772001789234,0.265196963963002,0.310682656709935,0.357732974417468,0.472981081121876
500,425,"beta1",0.283602502843709,0.278183538406545,0.113206915146552,0.0650130133930832,0.20785481945422,0.278183538406545,0.356433741105822,0.529362034033174
500,426,"alpha0",0.0886379408399576,0.0849263208310646,0.0361070188972373,0.037760611714109,0.0633578613768096,0.0849263208310646,0.108998096177844,0.153131015783576
500,426,"alpha1",0.201574347643096,0.192137091175428,0.0714408515835127,0.0879576321408224,0.150778999811886,0.192137091175428,0.245554822355502,0.356250658539997
500,426,"beta1",0.442040637180084,0.455603901335431,0.160895083905417,0.116693147452701,0.328499018598464,0.455603901335431,0.566348521386624,0.710217209491585
500,427,"alpha0",0.095827427773823,0.0932796633773647,0.0287088371569384,0.0568860514526813,0.0790084278595657,0.0932796633773647,0.109195471351309,0.141163722067709
500,427,"alpha1",0.359932820299214,0.354182600208208,0.0717569251391344,0.237787760754158,0.305881524968271,0.354182600208208,0.408651047359443,0.509181658220091
500,427,"beta1",0.274541473713129,0.274883148097957,0.10745569188447,0.0717663534772415,0.196432602370137,0.274883148097957,0.352580581804434,0.476220574110101
500,428,"alpha0",0.104543335904555,0.103454256003479,0.029209057273758,0.0612817006857357,0.0860047667237655,0.103454256003479,0.118609424620862,0.15630804023219
500,428,"alpha1",0.260005863669358,0.254129992278097,0.0683472787727819,0.140656892970832,0.213407947233246,0.254129992278097,0.30202116125505,0.408410990863629
500,428,"beta1",0.361059384780592,0.356028729129559,0.108858044086124,0.155228643235351,0.285083067219861,0.356028729129559,0.430976907898287,0.590274919672471
500,429,"alpha0",0.140789145190767,0.140879693514724,0.0365192015250641,0.071451362039386,0.11818263515233,0.140879693514724,0.162946445895284,0.20374072838267
500,429,"alpha1",0.238364233127316,0.233206521450379,0.0720368633636174,0.11622161783116,0.187037244308589,0.233206521450379,0.282576469983184,0.394273411878872
500,429,"beta1",0.216235069427957,0.200709838665356,0.128198399446333,0.0194299672909811,0.120798197911784,0.200709838665356,0.293676165090415,0.506326804386301
500,430,"alpha0",0.0844500106895963,0.0821219161945601,0.0311411812425263,0.0447512489501671,0.0671549607658854,0.0821219161945601,0.097628064302914,0.129605095303062
500,430,"alpha1",0.305720000939066,0.299613839093526,0.0742197882562937,0.179662736628959,0.252881012313079,0.299613839093526,0.355194387955719,0.460115196337285
500,430,"beta1",0.402248830929454,0.401798880308307,0.100520901108126,0.20683220100913,0.336549948096888,0.401798880308307,0.473197673797881,0.587348329738434
500,431,"alpha0",0.0567671400052142,0.0504273398468362,0.0328747462586328,0.0261836421507665,0.0399305605227312,0.0504273398468362,0.0652456931956289,0.116523947145715
500,431,"alpha1",0.303587860466783,0.297789011568846,0.0685086503761201,0.184194145698492,0.255164379018909,0.297789011568846,0.346275501666534,0.457033700105149
500,431,"beta1",0.463815963996843,0.477909961736343,0.120134750206041,0.170406360433075,0.399609133543026,0.477909961736343,0.54770975178576,0.661427920886845
500,432,"alpha0",0.110242025388194,0.10919082681881,0.028035513263439,0.0668551647290358,0.0948160456335831,0.10919082681881,0.123065133743496,0.151840997232711
500,432,"alpha1",0.467639929456123,0.461376240287733,0.0952494329053381,0.306049601940273,0.402731523906789,0.461376240287733,0.519896535632964,0.706253445468048
500,432,"beta1",0.189361330144403,0.179958267873656,0.0921279639421834,0.0435462146021477,0.116779542110956,0.179958267873656,0.250831867676341,0.385093580529493
500,433,"alpha0",0.0908012506141479,0.0879249639876086,0.025878993165942,0.0535975785035633,0.0737233511090546,0.0879249639876086,0.104846491305526,0.139422388468064
500,433,"alpha1",0.33420808250641,0.327244544040319,0.0809244323805792,0.191825432390521,0.279297052903664,0.327244544040319,0.382809831112306,0.518271713819143
500,433,"beta1",0.340787707684488,0.338766204245738,0.102385968637822,0.154932832584161,0.267146792033549,0.338766204245738,0.413327974415712,0.538665135107057
500,434,"alpha0",0.156024361050432,0.15674229145601,0.0328265788616083,0.100200128024454,0.133512675097077,0.15674229145601,0.177527022181548,0.212398875233012
500,434,"alpha1",0.258342946664073,0.251404719983392,0.0754933474573829,0.127817212392837,0.204409828230037,0.251404719983392,0.305929101811464,0.427031746761051
500,434,"beta1",0.181599480955681,0.168538306946093,0.108174513683762,0.0158963545629175,0.099303317152605,0.168538306946093,0.251879187678859,0.428996839723679
500,435,"alpha0",0.130061332824629,0.130954421866035,0.0325099873827538,0.0747796722636017,0.109037561290953,0.130954421866035,0.149940016883716,0.176094507582816
500,435,"alpha1",0.236842563292896,0.227400689833113,0.067673095741694,0.125677935998868,0.188002184792575,0.227400689833113,0.277971946854529,0.387845387265667
500,435,"beta1",0.188020972528443,0.17294642674273,0.123542215462556,0.0133381948234198,0.0804404969817263,0.17294642674273,0.278585292259933,0.447493353506397
500,436,"alpha0",0.0891636931877269,0.0861930785017162,0.0245079194396218,0.0591207543876121,0.0763183458009639,0.0861930785017162,0.098127062026629,0.126001678592525
500,436,"alpha1",0.30790544492822,0.304231922683871,0.0704304918615213,0.175605309482445,0.25671848790473,0.304231922683871,0.356946631308908,0.447767731688877
500,436,"beta1",0.336901983473588,0.339679102085423,0.0871101911282644,0.166915069980738,0.279028491220472,0.339679102085423,0.39429921972172,0.510153308164096
500,437,"alpha0",0.110116299456819,0.111431237231427,0.0346556980499226,0.0235638336453088,0.092565310037144,0.111431237231427,0.130164344018864,0.165940998820215
500,437,"alpha1",0.211707479086425,0.207888780124006,0.0752734879120816,0.077930272910198,0.158959729299918,0.207888780124006,0.259917539011364,0.36971312069165
500,437,"beta1",0.288086564038418,0.260173632773333,0.172565593062821,0.0349169027325172,0.168674283024597,0.260173632773333,0.371834321401315,0.799426242409459
500,438,"alpha0",0.111880099973275,0.108751694407982,0.0319437071385324,0.0571869116233838,0.092146839615413,0.108751694407982,0.129517462609189,0.167381762703153
500,438,"alpha1",0.282401528640204,0.277262382356855,0.0677286444717587,0.167559661483038,0.232895252481924,0.277262382356855,0.327053806565338,0.428018358026858
500,438,"beta1",0.262759152047454,0.264163466734556,0.130383401093184,0.030115784578016,0.167600963959476,0.264163466734556,0.34986791503652,0.534830842276256
500,439,"alpha0",0.126626215583866,0.126497697239376,0.0227309712563998,0.085235838746126,0.115192707197788,0.126497697239376,0.138015673347064,0.159718244072648
500,439,"alpha1",0.3285710438932,0.318856803561586,0.0758538840176072,0.201579056445568,0.273265308056087,0.318856803561586,0.376541439352271,0.492531678271098
500,439,"beta1",0.107806011143867,0.0925295229245872,0.0839641385280011,0.00647730006613805,0.0444979329703559,0.0925295229245872,0.147755949221422,0.341302548349097
500,440,"alpha0",0.0889242445991707,0.0868700953441856,0.0329259850152593,0.0341639580244498,0.0693647612453334,0.0868700953441856,0.105199630236503,0.156096026502786
500,440,"alpha1",0.284195373598981,0.276651397587438,0.0765786958342201,0.151368947168926,0.230226944525049,0.276651397587438,0.333166173400859,0.453164197784552
500,440,"beta1",0.415593365214498,0.410549101945763,0.141841346441576,0.158670059963915,0.31503988283316,0.410549101945763,0.519315161442125,0.686198182021362
500,441,"alpha0",0.11787674087069,0.11682352194799,0.0272569350439439,0.0796007260746098,0.101636160871644,0.11682352194799,0.130383082326065,0.159900886668521
500,441,"alpha1",0.381840847034291,0.375579567403182,0.0801583291793611,0.233564062224021,0.329134943416325,0.375579567403182,0.431601371634523,0.548901989550699
500,441,"beta1",0.186997773766363,0.182941851214113,0.083079364946515,0.0420326798310976,0.125408300103221,0.182941851214113,0.243594190044968,0.359768547091453
500,442,"alpha0",0.0980081118090042,0.0972299314630173,0.0254560649376538,0.0595070012418113,0.0832450142311137,0.0972299314630173,0.110494015316099,0.135900867195586
500,442,"alpha1",0.281028603970268,0.276483245207278,0.073140991169915,0.152616179789241,0.227510599497961,0.276483245207278,0.3285095485035,0.438133362611045
500,442,"beta1",0.307531867573497,0.300431454834902,0.104219489300443,0.114699286778875,0.230904152811564,0.300431454834902,0.376970182816252,0.520714110273373
500,443,"alpha0",0.102724039622437,0.101098014238703,0.030395686403578,0.0583236167562556,0.0833566945278143,0.101098014238703,0.118498742050739,0.151189929267803
500,443,"alpha1",0.301063595837142,0.291664577171702,0.0719950329209078,0.182068547054629,0.249046309449275,0.291664577171702,0.345043033864623,0.455967252892149
500,443,"beta1",0.345061382554677,0.346692362785543,0.103901362296304,0.161053814246443,0.264956708674909,0.346692362785543,0.417403227694043,0.5545050313514
500,444,"alpha0",0.108299467867349,0.109550103384266,0.0328309442790317,0.0495876921093018,0.0874401486564428,0.109550103384266,0.128108563381152,0.164300753570788
500,444,"alpha1",0.265440539794464,0.261595393114501,0.077835001895075,0.118641439240619,0.213542241425851,0.261595393114501,0.313256668090488,0.42901698992071
500,444,"beta1",0.284669319701932,0.266688254928201,0.13479579104228,0.0651466690508899,0.187658424322619,0.266688254928201,0.370621103188059,0.590928065247358
500,445,"alpha0",0.118982042454428,0.118839050420798,0.0328041403644881,0.0599213701895877,0.0992016614078462,0.118839050420798,0.137265494806942,0.173614170233373
500,445,"alpha1",0.313153913093067,0.31015152083272,0.0687408336881064,0.193429828659851,0.262906422204097,0.31015152083272,0.357132359015987,0.459755426124618
500,445,"beta1",0.227618262357701,0.211024398402625,0.127254920554998,0.026706361583032,0.133027756838205,0.211024398402625,0.313386916442615,0.501062105499515
500,446,"alpha0",0.0913550323461755,0.0902137692566042,0.0269596961269355,0.0472143520229325,0.0746707044723069,0.0902137692566042,0.104705912879041,0.138464646230056
500,446,"alpha1",0.347344528235634,0.346296665812254,0.0777573850690479,0.203550587867154,0.293205065596926,0.346296665812254,0.399833037354418,0.504010964317719
500,446,"beta1",0.353678562186856,0.351591943818664,0.109797416742965,0.142395306874288,0.281114951561234,0.351591943818664,0.422722085025862,0.578598923325214
500,447,"alpha0",0.0953407898297733,0.0935604484617558,0.0225615909838787,0.062299582013706,0.0810413716031763,0.0935604484617558,0.107266615190813,0.134634517508012
500,447,"alpha1",0.379697308134188,0.376814485779652,0.0700984034623734,0.249952686880354,0.329326022400386,0.376814485779652,0.427748292988541,0.517899173088889
500,447,"beta1",0.283477021525507,0.281396704854164,0.0821333553036705,0.121928846355837,0.227106399986164,0.281396704854164,0.339151724590658,0.446885895027549
500,448,"alpha0",0.125677416108187,0.127090911849308,0.0292450780132423,0.072841255968646,0.109365457654028,0.127090911849308,0.142182943118927,0.167031873647368
500,448,"alpha1",0.349483930227805,0.341855383680662,0.0836395583744134,0.20792578171208,0.290354301391384,0.341855383680662,0.401105086836838,0.537282110093224
500,448,"beta1",0.149848150303783,0.125830130990254,0.106992565896828,0.0103864420174207,0.0710524224837072,0.125830130990254,0.194949795963847,0.433899298436763
500,449,"alpha0",0.0595826792394017,0.0569691478522406,0.0299417979709893,0.0234502398941932,0.0405867516619569,0.0569691478522406,0.0732202381411424,0.106158647231884
500,449,"alpha1",0.240478037228368,0.235897729260996,0.0674410811244465,0.1202134606703,0.19241604390474,0.235897729260996,0.283543693037984,0.390513305286483
500,449,"beta1",0.518117688067106,0.516140178916136,0.131626481809536,0.264139337607634,0.421426496351764,0.516140178916136,0.616560162376508,0.759632534253646
500,450,"alpha0",0.149206049416385,0.149535421517928,0.0235927003760529,0.112330035790266,0.137160536404955,0.149535421517928,0.160257558955234,0.180171911948402
500,450,"alpha1",0.290265007565419,0.283910902389088,0.0697822478085798,0.17023741078655,0.238732168921821,0.283910902389088,0.33768328520465,0.438000797595967
500,450,"beta1",0.0747160546239749,0.0584025671188639,0.0648883415431163,0.00312214781613305,0.028538566096527,0.0584025671188639,0.101217367660761,0.242241178781357
500,451,"alpha0",0.0975648495606097,0.0943759936345706,0.0383356027256959,0.0469906605686845,0.0665623283425581,0.0943759936345706,0.12176547914756,0.165556670277094
500,451,"alpha1",0.251697431599395,0.24646302745788,0.0728732238099818,0.131325952409632,0.199484539571166,0.24646302745788,0.295490728495915,0.402474124306972
500,451,"beta1",0.323844551202026,0.333492928338191,0.168822048754881,0.028482004052348,0.179735210375136,0.333492928338191,0.469853729967751,0.591472944136025
500,452,"alpha0",0.0888498150210006,0.0842266092373357,0.0341803499431648,0.0477489288472558,0.0696683088016943,0.0842266092373357,0.101691136915473,0.150721351006953
500,452,"alpha1",0.245841010130866,0.237385819207552,0.0747388361392142,0.123387115915685,0.192181897781151,0.237385819207552,0.289311016102746,0.411728041261757
500,452,"beta1",0.466293972972844,0.477088031662904,0.111638574201818,0.214899241424493,0.40084413657538,0.477088031662904,0.544021488380139,0.654151053689864
500,453,"alpha0",0.144309719226315,0.143828304423481,0.0324044694966679,0.0907440441684514,0.122577498819822,0.143828304423481,0.165687828160964,0.195476220215699
500,453,"alpha1",0.294402119039401,0.291678175256806,0.0772084483910812,0.150886539822697,0.24043917638458,0.291678175256806,0.346627363430444,0.448623836445573
500,453,"beta1",0.179318826910135,0.164124424555492,0.121035858701998,0.0101051203372967,0.0735097508591677,0.164124424555492,0.265046991229558,0.440367648637589
500,454,"alpha0",0.110064745618975,0.107356014987156,0.0326383968828934,0.0565420206283621,0.085688008996922,0.107356014987156,0.131329832949677,0.174360618069857
500,454,"alpha1",0.304681843585917,0.294733655133769,0.079199638813706,0.174778854656789,0.249867561011382,0.294733655133769,0.350857866689592,0.484914059580665
500,454,"beta1",0.255838787341042,0.260242586037239,0.134882149075534,0.0255014531746843,0.144334498853116,0.260242586037239,0.361236953704544,0.507689873913218
500,455,"alpha0",0.12492809216906,0.126853850696046,0.033526041556423,0.0574561502796427,0.102493834218771,0.126853850696046,0.147520999831031,0.179401102406469
500,455,"alpha1",0.217718617977212,0.211631044107561,0.073817455709928,0.0942154090884992,0.161662876589313,0.211631044107561,0.268378465676906,0.373379954166155
500,455,"beta1",0.254314752188697,0.227660904054555,0.157188700027545,0.0222629957348605,0.129016608906763,0.227660904054555,0.371090866143045,0.607404799533982
500,456,"alpha0",0.115456709168356,0.112626641608489,0.0339422351954094,0.0647703204945975,0.0949411275394297,0.112626641608489,0.131547716183018,0.171586632109083
500,456,"alpha1",0.266658888007194,0.263075556623944,0.0659022355774648,0.149616734582041,0.219573297063732,0.263075556623944,0.310879124267856,0.403267254778132
500,456,"beta1",0.306613525349853,0.305387133840815,0.116180417959119,0.0925650153190793,0.22409354556378,0.305387133840815,0.378835362535942,0.541663482018208
500,457,"alpha0",0.129150579089988,0.129112812758619,0.0308649380187937,0.0761547674121952,0.108968712918903,0.129112812758619,0.148668487344482,0.18263902538097
500,457,"alpha1",0.351304346676378,0.344701139414802,0.0713865196396989,0.225777208236465,0.302461065891198,0.344701139414802,0.393379521901221,0.512114345765546
500,457,"beta1",0.226328793664518,0.217615245164331,0.113954793112086,0.0343105290245498,0.139526083967931,0.217615245164331,0.303002928048258,0.465937028947372
500,458,"alpha0",0.130403297618203,0.131001321721748,0.0293240409760693,0.0764746613640945,0.111552531219383,0.131001321721748,0.149163315454725,0.177122439477059
500,458,"alpha1",0.232764682345971,0.222020439466091,0.0718420728104264,0.121511029545156,0.182522031251428,0.222020439466091,0.271638421427164,0.410687391177108
500,458,"beta1",0.219997267394353,0.206125973362597,0.118438785108255,0.0380483780710639,0.131474583379536,0.206125973362597,0.290315449827849,0.487670956247543
500,459,"alpha0",0.0968640189751607,0.0952189496882921,0.0247720684422995,0.0619765566380457,0.0824176441176902,0.0952189496882921,0.108486560729614,0.137588954300654
500,459,"alpha1",0.416112458257837,0.412529104800055,0.0717331667870828,0.284025159680175,0.365701794386497,0.412529104800055,0.462681722539596,0.563420249340696
500,459,"beta1",0.241858831177665,0.237823403989205,0.090358027081972,0.0761006954945206,0.175951702065129,0.237823403989205,0.303677774996289,0.420628287400513
500,460,"alpha0",0.119794495242488,0.116135579959612,0.0340807858781407,0.0659109549902515,0.0963283310890138,0.116135579959612,0.138715114968373,0.196728884180641
500,460,"alpha1",0.345240589986503,0.339873016103711,0.0764002318390388,0.210784825260133,0.290070361198445,0.339873016103711,0.394963325487797,0.510214324217304
500,460,"beta1",0.286080925251378,0.287828335691431,0.121109240357877,0.0312152230499537,0.204258243831366,0.287828335691431,0.373094913402537,0.508881247301421
500,461,"alpha0",0.124745173111051,0.123861393160136,0.0295060264121895,0.0756178893034254,0.107105810681889,0.123861393160136,0.141095942473224,0.175311660081178
500,461,"alpha1",0.279573278200142,0.271893596116712,0.0795686321467746,0.144605204367289,0.221817741753799,0.271893596116712,0.327987517176704,0.454067295305019
500,461,"beta1",0.284457387482934,0.274917303376869,0.108698862071811,0.0885877332050997,0.204822976003337,0.274917303376869,0.362972638739016,0.503674318684708
500,462,"alpha0",0.105087913392758,0.104013047975135,0.0247138254322417,0.0679632195490483,0.0911546643790768,0.104013047975135,0.117095930377033,0.141304525266995
500,462,"alpha1",0.320683891017765,0.316702551024066,0.0752925510560853,0.189300984709141,0.267134674177032,0.316702551024066,0.371148936403062,0.477975874056339
500,462,"beta1",0.204044685495122,0.197471543464586,0.0929740990163445,0.046716545698536,0.133276938557857,0.197471543464586,0.263477283919001,0.39658055240731
500,463,"alpha0",0.0977232902040178,0.0940495381375477,0.0320816347118233,0.051683658221442,0.0793474999465283,0.0940495381375477,0.112717469668902,0.151113526920363
500,463,"alpha1",0.208671778680717,0.201664782498554,0.0640721737708819,0.105800568262648,0.16068493643962,0.201664782498554,0.247291966677138,0.353516988335548
500,463,"beta1",0.332026709012764,0.339192089731083,0.136160873032209,0.0521631701893225,0.243117955086418,0.339192089731083,0.423848349908305,0.592509787700385
500,464,"alpha0",0.0997328551437803,0.0991949420287892,0.0282582989901006,0.0536623328132552,0.0801299417915689,0.0991949420287892,0.117317730866288,0.149244699265469
500,464,"alpha1",0.507734799145427,0.501547759131809,0.107492977250324,0.307530237527691,0.434080062280513,0.501547759131809,0.5728810154833,0.737466934487835
500,464,"beta1",0.196402688772075,0.180431155640735,0.124119792181554,0.0123234333118907,0.0936372061363894,0.180431155640735,0.286309130806004,0.46224597693557
500,465,"alpha0",0.112682598898725,0.116273932446404,0.0434558415927425,0.040223333446274,0.0799007762113612,0.116273932446404,0.141463089115514,0.186426475837689
500,465,"alpha1",0.206444595026515,0.201016489305572,0.066151992835022,0.0899347452076789,0.162795250414216,0.201016489305572,0.245285550726892,0.362908390880047
500,465,"beta1",0.327231448962145,0.304805103552005,0.182294350128465,0.0273046448244325,0.187076101325194,0.304805103552005,0.464120194621524,0.676944263577618
500,466,"alpha0",0.0741373131648864,0.0714438492377758,0.0339337132504431,0.0314969559367149,0.0540385749792085,0.0714438492377758,0.0885553255999111,0.125402268239479
500,466,"alpha1",0.295301954988397,0.291335951061251,0.0775041444435263,0.151481677107179,0.241566051729934,0.291335951061251,0.344134500864365,0.461367411181848
500,466,"beta1",0.36270178996534,0.358172652609267,0.15371927364215,0.0893605752993716,0.245895339250591,0.358172652609267,0.476541533988639,0.655369581054764
500,467,"alpha0",0.145939458434738,0.146032759892058,0.0294203700300152,0.0921006792891507,0.128873095766054,0.146032759892058,0.163645132435847,0.194672486050387
500,467,"alpha1",0.337053303746919,0.327494911482139,0.080431504843642,0.208053464035947,0.279082773679154,0.327494911482139,0.384967184642947,0.519965356900215
500,467,"beta1",0.153746943567045,0.136008466260516,0.0957335372962443,0.015726604897736,0.0798444618918329,0.136008466260516,0.214921827865044,0.375102478804274
500,468,"alpha0",0.092709619687761,0.0864379104762596,0.0381356761197026,0.0479002812938583,0.0700153096782256,0.0864379104762596,0.109129508202789,0.155655407203005
500,468,"alpha1",0.321836181493323,0.31590893546357,0.0753234782085879,0.189603165779707,0.268896744127738,0.31590893546357,0.370237502950456,0.480693262410756
500,468,"beta1",0.335226720315349,0.339573259956703,0.134061076389913,0.07489951171216,0.235294082153464,0.339573259956703,0.435524600037057,0.589004384068804
500,469,"alpha0",0.0966682071352225,0.089687952027234,0.0425477901591514,0.0370435908893201,0.066108257663732,0.089687952027234,0.122706227447956,0.179046155678074
500,469,"alpha1",0.231450127461475,0.2255001101945,0.0721960343479929,0.107687106091718,0.180032883519524,0.2255001101945,0.277665782787129,0.387632827866435
500,469,"beta1",0.377994883963718,0.394363559577246,0.184469950658085,0.0336167292610498,0.245906763674533,0.394363559577246,0.519660534863349,0.691688893531543
500,470,"alpha0",0.13769572192386,0.136629852372441,0.0274624805590205,0.0913821445975161,0.122065920184464,0.136629852372441,0.151837488843619,0.183136914587404
500,470,"alpha1",0.440929174260437,0.439053676194358,0.08459452895246,0.285623066944096,0.380151421040591,0.439053676194358,0.497178898924276,0.614488879768656
500,470,"beta1",0.149314055089835,0.139909291870265,0.0887907640545278,0.0146810022651667,0.0838870780116128,0.139909291870265,0.199020932107429,0.361196916271827
500,471,"alpha0",0.124345833200613,0.125540440265292,0.0338795862549231,0.0675491075600395,0.100816177963151,0.125540440265292,0.144338900073232,0.179544518899471
500,471,"alpha1",0.243159276935894,0.229020198188693,0.0801216566131869,0.121390931715244,0.188963089435461,0.229020198188693,0.283577076456458,0.432101561015167
500,471,"beta1",0.266814806341001,0.249411566046311,0.129101799703993,0.0491153607518656,0.172071485667032,0.249411566046311,0.356978674967428,0.533419745502732
500,472,"alpha0",0.0895649916225065,0.0862283923277542,0.0314290484095108,0.0495794445865716,0.0709187519591246,0.0862283923277542,0.101123443370243,0.156309833653539
500,472,"alpha1",0.264913099372283,0.258045860687122,0.0719515072665632,0.141613304944108,0.214013076509299,0.258045860687122,0.309653460539418,0.427257799862969
500,472,"beta1",0.408013555986954,0.41468147908887,0.112592481325477,0.179587650955176,0.331169150255815,0.41468147908887,0.483036556680325,0.619162961752253
500,473,"alpha0",0.0768144850459378,0.0715413671570049,0.0298247575976582,0.0398153152764256,0.0593248682249365,0.0715413671570049,0.090190256119039,0.128491085314709
500,473,"alpha1",0.31352016132571,0.307780551610047,0.0870568787014099,0.150327708874434,0.252659885587729,0.307780551610047,0.373632310826449,0.49079190451469
500,473,"beta1",0.36418304898048,0.376891025751201,0.137263240598242,0.0779576940946129,0.271634838363077,0.376891025751201,0.458672341616022,0.61193857161869
500,474,"alpha0",0.127740995974635,0.128755820272458,0.0343585334475581,0.0630164809020749,0.106004364408152,0.128755820272458,0.147961784571565,0.18167350226801
500,474,"alpha1",0.255614634742995,0.250104857971763,0.0706339404666365,0.133404517310902,0.202465915237597,0.250104857971763,0.305771364196237,0.399795015902768
500,474,"beta1",0.232689040873608,0.211972361457842,0.133957538110137,0.0288961720696964,0.132739881201151,0.211972361457842,0.318731283018453,0.536734944241588
500,475,"alpha0",0.122495161143852,0.122181507896647,0.0354636259382351,0.060540276425777,0.100693183591839,0.122181507896647,0.143631513495246,0.172610231841758
500,475,"alpha1",0.311201553258106,0.304784052477379,0.075565509604058,0.184972704522231,0.257399855525215,0.304784052477379,0.357157167396195,0.475648971769834
500,475,"beta1",0.199032346961706,0.189792834572363,0.136851389063945,0.00983077670836554,0.080321612393846,0.189792834572363,0.289296096051648,0.5046849058431
500,476,"alpha0",0.100112116813006,0.0968132082460322,0.0348998243600929,0.0425437284296914,0.0770432348798376,0.0968132082460322,0.121226939842256,0.163315831788834
500,476,"alpha1",0.220502600140258,0.215450420511011,0.0663856981454807,0.109815162315464,0.173406219144576,0.215450420511011,0.259655459989329,0.371044584912097
500,476,"beta1",0.30450056219906,0.300719402552158,0.151307458943086,0.0207360701419208,0.196356756494396,0.300719402552158,0.414500812926912,0.616404163830049
500,477,"alpha0",0.0770120515470109,0.0731626319372408,0.0320884580468843,0.038355122345941,0.0585010699997345,0.0731626319372408,0.0882392641326838,0.155382894425609
500,477,"alpha1",0.240108318292507,0.235384279048421,0.063627284854581,0.131323284391569,0.193883755874892,0.235384279048421,0.281391191115622,0.374403436514311
500,477,"beta1",0.474407407320147,0.480021323758183,0.125064450135665,0.155853731728244,0.404409448511333,0.480021323758183,0.562965590578798,0.683156189737952
500,478,"alpha0",0.0649570932841874,0.0613759290009022,0.0295105879196773,0.0315151206099198,0.0474227068185983,0.0613759290009022,0.0757220225155734,0.119516415527616
500,478,"alpha1",0.267000681739399,0.262255954227209,0.0722084108778082,0.141162373635962,0.214511098840213,0.262255954227209,0.31511227893814,0.418805770590399
500,478,"beta1",0.459943774937832,0.465115378780882,0.127294304678231,0.194007995709616,0.378674373402865,0.465115378780882,0.550309829279449,0.686495660610424
500,479,"alpha0",0.112758499585203,0.113914320866204,0.0307091166711404,0.0649306687344355,0.0925043754680354,0.113914320866204,0.131161663851176,0.15328254466204
500,479,"alpha1",0.31919245374427,0.312927538637809,0.0856330653660232,0.172503416563919,0.257236545294863,0.312927538637809,0.370354541107365,0.513063865291578
500,479,"beta1",0.171209176802271,0.136052228589039,0.138552107384839,0.00588389519801489,0.0513455091720732,0.136052228589039,0.27384687100807,0.47268188150725
500,480,"alpha0",0.113546184603291,0.112666361436399,0.0279411722831213,0.0696406272885196,0.098524021048329,0.112666361436399,0.126289972600144,0.157914507590869
500,480,"alpha1",0.373311095471202,0.371913645865309,0.0862668765011199,0.201576497313353,0.31429750987417,0.371913645865309,0.429152475910358,0.548990635650246
500,480,"beta1",0.218255836485592,0.21359146827859,0.100112796976848,0.0528913545701925,0.146176425678606,0.21359146827859,0.278025833133765,0.465937473241572
500,481,"alpha0",0.0661383774229031,0.060915362148304,0.0290635401387047,0.0299251874625858,0.0496340467398521,0.060915362148304,0.0770091155663684,0.119164522460971
500,481,"alpha1",0.41536488012956,0.410001617941957,0.0752888497062286,0.285349564437732,0.360399358036304,0.410001617941957,0.464600161234932,0.575408225410754
500,481,"beta1",0.383242132918849,0.395339711794055,0.10471029670871,0.147700545346649,0.320514975753507,0.395339711794055,0.456288860281213,0.563044121012069
500,482,"alpha0",0.131387027942721,0.132472452978356,0.0319631239198686,0.0761156920695963,0.112854874212239,0.132472452978356,0.150104520728021,0.182387089528642
500,482,"alpha1",0.278128677314132,0.271767389676362,0.070365175596941,0.152711316783003,0.230584580813589,0.271767389676362,0.320343842576958,0.427666333062921
500,482,"beta1",0.205046825393579,0.193328154041348,0.121423313815435,0.0128802859831182,0.109443982942776,0.193328154041348,0.287060859849204,0.457409612516524
500,483,"alpha0",0.114545259717841,0.111930909210934,0.037842749551178,0.0541479774292355,0.0879951063334757,0.111930909210934,0.1391054906439,0.17887002365471
500,483,"alpha1",0.197771440221433,0.194029624078451,0.0722303945800687,0.0780653986274195,0.142080637910717,0.194029624078451,0.244828957464536,0.348244689073156
500,483,"beta1",0.308950866181825,0.311218892612085,0.16614967894725,0.0202394882942633,0.173857795292986,0.311218892612085,0.433213514813045,0.620410650868022
500,484,"alpha0",0.0924051441216951,0.0894071068424364,0.0289345903670194,0.0592055770733898,0.0777676474871684,0.0894071068424364,0.102823005891843,0.13298532929245
500,484,"alpha1",0.371972229246062,0.365377380869414,0.0916595440486421,0.207985324452492,0.308455059639838,0.365377380869414,0.430582744141257,0.564119802076692
500,484,"beta1",0.327138427621469,0.319323692635481,0.0943102880026049,0.161418904891398,0.263953753502642,0.319323692635481,0.383373211976313,0.527913863591914
500,485,"alpha0",0.0926481695053265,0.088179681040517,0.0358187858928217,0.0393487665334191,0.0706879801100206,0.088179681040517,0.111323800750809,0.15446278792386
500,485,"alpha1",0.147723890695591,0.143680659362681,0.0573353546015983,0.0515286823800489,0.106109155458827,0.143680659362681,0.182819098067391,0.27141805232605
500,485,"beta1",0.362314020053887,0.36586171165202,0.165689829587606,0.0616909399915276,0.231389648100766,0.36586171165202,0.482728482018024,0.685590558551394
500,486,"alpha0",0.131100599836481,0.13038033935065,0.0308475056730887,0.0816397526260536,0.113567163681354,0.13038033935065,0.147286967048918,0.18312869329082
500,486,"alpha1",0.307661224602944,0.300782882389448,0.0745185333870124,0.18282528695297,0.256282248462146,0.300782882389448,0.350922904944747,0.479889160819705
500,486,"beta1",0.206071982470151,0.19066404364433,0.108585771202911,0.0372100192452919,0.120966244605863,0.19066404364433,0.276553198802222,0.438899393343264
500,487,"alpha0",0.113190431007134,0.114050338156854,0.0304465585484957,0.0579858309295366,0.0956361968825643,0.114050338156854,0.131004835157447,0.159107266754894
500,487,"alpha1",0.307954887124229,0.298808831997664,0.0731807697948484,0.188989465502819,0.254691740646603,0.298808831997664,0.351441321380676,0.477542587366697
500,487,"beta1",0.240223805389737,0.217577665948104,0.123982162543014,0.0571130554868725,0.144757518653014,0.217577665948104,0.323966938430631,0.522617184881095
500,488,"alpha0",0.135394212968859,0.134971306367649,0.0283774296570596,0.0867471386099656,0.117778428376178,0.134971306367649,0.151334660654565,0.184232208835032
500,488,"alpha1",0.310565075636034,0.306412416948487,0.0771908086954798,0.176206171856601,0.256186315697394,0.306412416948487,0.359202699875999,0.476171393928378
500,488,"beta1",0.198475992063304,0.19064763211304,0.0999361282288608,0.0360949889992579,0.121772224909701,0.19064763211304,0.266435049826207,0.418311611464236
500,489,"alpha0",0.110654379765776,0.111338113647414,0.0295905010050117,0.0640280370389848,0.0942243803259561,0.111338113647414,0.125056188792213,0.151895373608837
500,489,"alpha1",0.457952274110464,0.455680496646152,0.0890955057576719,0.289104332128972,0.395829515700795,0.455680496646152,0.516277816742817,0.637853890110659
500,489,"beta1",0.193834442124486,0.179936043119713,0.0946833215153105,0.0392462307967058,0.127833340239149,0.179936043119713,0.245177676776578,0.416147364249344
500,490,"alpha0",0.119223989113539,0.116729094597955,0.0289961705854588,0.0738292375777328,0.102043437821029,0.116729094597955,0.134884308920439,0.168138822415467
500,490,"alpha1",0.301849281236617,0.298799522750445,0.0718765488130388,0.171043060323167,0.253493080410741,0.298799522750445,0.34714396284152,0.454737536797844
500,490,"beta1",0.21286203507758,0.211478937424564,0.0966291493913039,0.0350092713200629,0.143816246019465,0.211478937424564,0.272329975121152,0.419498390103261
500,491,"alpha0",0.105620261807568,0.103559492203889,0.0315253282405147,0.0562135788211613,0.0854972838056728,0.103559492203889,0.122556543431293,0.167030347721637
500,491,"alpha1",0.268271540932427,0.265650834856098,0.0701401865996359,0.143765844073101,0.218890619350429,0.265650834856098,0.311536854415469,0.418980676416982
500,491,"beta1",0.362746239210059,0.360217182834409,0.116077247767192,0.14914229635409,0.283190005718789,0.360217182834409,0.438055233016866,0.593532247493122
500,492,"alpha0",0.0638894819202181,0.0606408205487483,0.026920683286362,0.0316384320515929,0.0483794203717627,0.0606408205487483,0.0744156280655219,0.108545160052963
500,492,"alpha1",0.289020906565061,0.281472831243872,0.0720236404782967,0.169006834129504,0.238173212456694,0.281472831243872,0.332281479582407,0.450407882376463
500,492,"beta1",0.446965409328613,0.45558763345839,0.118587724340345,0.1946254204661,0.371432575035265,0.45558763345839,0.534199272153836,0.651445209333404
500,493,"alpha0",0.0729796102847736,0.0707499687303623,0.0274246396550866,0.0375138911425562,0.0578517344279547,0.0707499687303623,0.0845248429733241,0.116185728698663
500,493,"alpha1",0.339504132788809,0.335571155205303,0.070605414660679,0.209590939521352,0.291020286432733,0.335571155205303,0.385249116950618,0.49152785151704
500,493,"beta1",0.423143252750004,0.42428280560669,0.0952827952446793,0.234353381616172,0.358340490950854,0.42428280560669,0.492781536728254,0.598572019105932
500,494,"alpha0",0.11365094603927,0.113433920984261,0.0218661537684821,0.0774119204986107,0.100868605030846,0.113433920984261,0.124735097181835,0.147729893462328
500,494,"alpha1",0.354759483237201,0.352062551287471,0.0830481102768381,0.195148004392782,0.298836257450738,0.352062551287471,0.409177137217111,0.524735394582856
500,494,"beta1",0.156261234944625,0.150338587990386,0.0756371724217251,0.0278397539935682,0.0998099052222483,0.150338587990386,0.202340351805256,0.327243504204921
500,495,"alpha0",0.113924252000995,0.11259756521428,0.0276509570354644,0.071310495038517,0.0969310021420999,0.11259756521428,0.12963679700097,0.155272293937465
500,495,"alpha1",0.241658111089041,0.237356776691744,0.0644923626621387,0.129082154445968,0.19430676143375,0.237356776691744,0.282595564416426,0.379967669091724
500,495,"beta1",0.204403965926052,0.198148914560167,0.109292839552728,0.022799688633856,0.118666321247583,0.198148914560167,0.279372161491971,0.427322123187161
500,496,"alpha0",0.105158201745159,0.103416743056421,0.0319510833941835,0.0536923102432688,0.0884267708026332,0.103416743056421,0.119981229183109,0.158831546884853
500,496,"alpha1",0.326245463857368,0.321312224516889,0.0784568482221329,0.191486057976088,0.269982562897635,0.321312224516889,0.378434419749521,0.494795055405307
500,496,"beta1",0.23498642827881,0.231714852539324,0.116937322853473,0.0306405757890437,0.147790654779844,0.231714852539324,0.309821394296781,0.500372938408445
500,497,"alpha0",0.136296834105478,0.13567536407622,0.0252333991321496,0.0997375910822113,0.123985094771452,0.13567536407622,0.146945774481062,0.167484462799143
500,497,"alpha1",0.368838560059443,0.361465665784978,0.0870328672705158,0.222959525739012,0.308694969954757,0.361465665784978,0.420827718580653,0.551212536778327
500,497,"beta1",0.0883373591249928,0.0780497389628896,0.063446429727698,0.00504700698508264,0.039099456664245,0.0780497389628896,0.121560797321665,0.240424475966892
500,498,"alpha0",0.112208902690249,0.110563229161462,0.0296284515284208,0.0682074378630704,0.093777410962498,0.110563229161462,0.126404311603741,0.170658620763425
500,498,"alpha1",0.261395287531723,0.256608400137297,0.084919420499237,0.106785050445083,0.199716133315805,0.256608400137297,0.319211354245149,0.438403116327454
500,498,"beta1",0.256272265698733,0.247299896368595,0.113979209798091,0.0482709309864131,0.179936739277681,0.247299896368595,0.329371979949747,0.498406002419609
500,499,"alpha0",0.0953644280396553,0.0944586344007063,0.0309612892889804,0.0491738111366365,0.0727069466615244,0.0944586344007063,0.113311598512771,0.151056869933181
500,499,"alpha1",0.302666307042507,0.297145685387993,0.0765842684435363,0.168805003321406,0.248561858868398,0.297145685387993,0.350775862648467,0.466710949390156
500,499,"beta1",0.349918546470795,0.344045274309492,0.137794127757276,0.0936916769554622,0.257805213927236,0.344045274309492,0.453126963880623,0.605776336388142
500,500,"alpha0",0.0948795867887396,0.0935980260012911,0.0234878892639778,0.0592888021789538,0.0822725015982139,0.0935980260012911,0.10625744334974,0.129003771075029
500,500,"alpha1",0.401494222857381,0.396873710450572,0.0819574769620499,0.251599738734011,0.344688338106663,0.396873710450572,0.455852967775047,0.575230098233669
500,500,"beta1",0.224798516873921,0.218433840120366,0.0950435614619151,0.0724620893968324,0.153763876837938,0.218433840120366,0.285180284149998,0.426080502821903
750,1,"alpha0",0.102576987058805,0.0996533196620192,0.0273631515665988,0.0631630685652065,0.0865512609496348,0.0996533196620192,0.115617906977921,0.150188805941893
750,1,"alpha1",0.178324500195711,0.175032568599743,0.0504185779329057,0.0906008051318932,0.141586029959527,0.175032568599743,0.210508289064623,0.28646285236267
750,1,"beta1",0.385779074757962,0.393188204777319,0.104570579750262,0.175909013769944,0.316575347042495,0.393188204777319,0.45815895866811,0.58423913295318
750,2,"alpha0",0.133160848307025,0.132177805855341,0.027516749064607,0.0935688821034903,0.119269767650153,0.132177805855341,0.144770789923034,0.171068845125776
750,2,"alpha1",0.295938227693594,0.294727823463338,0.06016201909997,0.183292646331938,0.254093652929572,0.294727823463338,0.335184329166956,0.416042988817324
750,2,"beta1",0.187917380626211,0.189423068856552,0.0868773117905994,0.028808460872289,0.126539296695058,0.189423068856552,0.242175486186714,0.370791748823481
750,3,"alpha0",0.0992273565070821,0.0959519308739025,0.0272171078407861,0.0586794548629671,0.0825666738486895,0.0959519308739025,0.111897310181428,0.150905311581396
750,3,"alpha1",0.357619083749081,0.353448229897227,0.063205982954527,0.245060977223517,0.311873863936771,0.353448229897227,0.399826420434145,0.491488336054657
750,3,"beta1",0.319247553437187,0.321126220884739,0.09616488368836,0.119313518920666,0.253859312675077,0.321126220884739,0.385193119326539,0.507419839029335
750,4,"alpha0",0.0899936029226259,0.0887389919052376,0.0271257039554684,0.0504539231473132,0.0754006203901151,0.0887389919052376,0.101880873597304,0.130820125193659
750,4,"alpha1",0.289698624136816,0.287930936653501,0.0581965451998376,0.180327588403678,0.249074428516203,0.287930936653501,0.327686625890935,0.408777900991879
750,4,"beta1",0.341524798472334,0.336275445998797,0.104231875935402,0.147088401020495,0.270999042991407,0.336275445998797,0.413310907048069,0.566340543201305
750,5,"alpha0",0.100331107196008,0.0976042188185865,0.0269240276948835,0.0656610585102453,0.0849504612467849,0.0976042188185865,0.110442606112679,0.15073310870576
750,5,"alpha1",0.38205070278589,0.381297767802484,0.0599565749336264,0.268122512567677,0.3404868355499,0.381297767802484,0.42251315817277,0.503840399181429
750,5,"beta1",0.306644710280012,0.309731118853254,0.0842950471471342,0.118474021433998,0.254485785735836,0.309731118853254,0.361256732063282,0.46508216417592
750,6,"alpha0",0.0790247777935101,0.0774076366449778,0.0256793636601074,0.0502003148685289,0.0694764782675178,0.0774076366449778,0.0862404318195314,0.103440072730293
750,6,"alpha1",0.42773946758116,0.423374854089523,0.0665267577613148,0.302007415981441,0.383147508481882,0.423374854089523,0.471392241052373,0.563796606417861
750,6,"beta1",0.281874807323853,0.278965153138305,0.0667300336854352,0.15951800775995,0.240285745925905,0.278965153138305,0.31656533922419,0.437845714167413
750,7,"alpha0",0.127736477681738,0.128511598517054,0.0331895241831833,0.0618957204553269,0.110750277262571,0.128511598517054,0.148651831981388,0.173820715268956
750,7,"alpha1",0.268792495453527,0.264582752385885,0.0603960372863925,0.164096007827894,0.22740933360378,0.264582752385885,0.305204412901054,0.409464011657918
750,7,"beta1",0.208438565812149,0.188850628250326,0.127427603687994,0.0286333731761676,0.111332612381924,0.188850628250326,0.276206333385606,0.53060966137896
750,8,"alpha0",0.0982200123660667,0.0968057734263104,0.0237652751743,0.0666735720884137,0.0859964740933539,0.0968057734263104,0.108187227864018,0.133722085995624
750,8,"alpha1",0.406699602232675,0.400815095115974,0.075462877212967,0.275600114093856,0.357277111774127,0.400815095115974,0.451224826655148,0.567567244811
750,8,"beta1",0.255689692237245,0.254449452750897,0.0769689137200578,0.109872919488169,0.202667349902977,0.254449452750897,0.305495864389405,0.413994322391188
750,9,"alpha0",0.114904106072285,0.111059720546631,0.0299053161584311,0.0737247811737231,0.0967229794180638,0.111059720546631,0.131220599398447,0.159337828847278
750,9,"alpha1",0.353770293748515,0.348970533877463,0.0697517908032202,0.228592684618545,0.306310197569003,0.348970533877463,0.39709209241405,0.499296141174182
750,9,"beta1",0.223548798035705,0.228811095113054,0.105622447686222,0.0438269266369727,0.138608063219979,0.228811095113054,0.296507134789402,0.434416553347275
750,10,"alpha0",0.0915677722920026,0.0884329399470128,0.0293911047019142,0.0512765093709755,0.0731588668264967,0.0884329399470128,0.10642833106758,0.144435833452921
750,10,"alpha1",0.25771511717086,0.254943416600532,0.0504971259107549,0.169598560218334,0.221895712957823,0.254943416600532,0.288667903981959,0.363651332953137
750,10,"beta1",0.401198313608636,0.404493684731243,0.106879544643396,0.183834529013913,0.327339637638384,0.404493684731243,0.479509583898174,0.593715899734099
750,11,"alpha0",0.118657568269023,0.117913588010294,0.0251809930852891,0.0734842915733204,0.104602121991675,0.117913588010294,0.131576916342578,0.158818650860331
750,11,"alpha1",0.331177998704581,0.325616734030341,0.0670339734763687,0.215176508862437,0.283990232238749,0.325616734030341,0.372905407791681,0.47955996765137
750,11,"beta1",0.208101436395223,0.203828323894107,0.0912977179226231,0.0426030239679229,0.145276722771686,0.203828323894107,0.262365160183558,0.394835499719649
750,12,"alpha0",0.118424684210318,0.118484179203269,0.0251624794818108,0.0727374971639846,0.104884301340937,0.118484179203269,0.132502981883217,0.158295533194598
750,12,"alpha1",0.310644860417301,0.305730778060122,0.0620535095371619,0.201523229590411,0.266851921818912,0.305730778060122,0.349929423817927,0.443833022611597
750,12,"beta1",0.23662477452596,0.228502804269092,0.100970814231027,0.0725725745034543,0.166307643801135,0.228502804269092,0.292612541738925,0.46422930524259
750,13,"alpha0",0.0623706689843015,0.0583660680625003,0.0314421366666666,0.0200598310340139,0.0430609195344493,0.0583660680625003,0.07537760916216,0.126924141666826
750,13,"alpha1",0.18012888116202,0.173493015241349,0.0559967115832773,0.0906165778663639,0.139684281501732,0.173493015241349,0.213841521970112,0.308671306070591
750,13,"beta1",0.542459329051027,0.560548665098866,0.143705984689254,0.201571213200142,0.446682834167298,0.560548665098866,0.639734159415317,0.79864567621538
750,14,"alpha0",0.129136407414399,0.126895990118602,0.0252112327635521,0.0931288612308842,0.114782034741444,0.126895990118602,0.140428225847177,0.172781612289895
750,14,"alpha1",0.282566015774391,0.279259864867295,0.0533245179590079,0.185971310001248,0.245244390080321,0.279259864867295,0.317676618601664,0.393065363785252
750,14,"beta1",0.245042146109179,0.246147555902599,0.0776364341063899,0.0843223208355977,0.195174202302009,0.246147555902599,0.298344816106837,0.39222313337182
750,15,"alpha0",0.108422521526647,0.106356779318001,0.0256234788811373,0.0717412632565186,0.0925303153754164,0.106356779318001,0.120552187994282,0.156289797311048
750,15,"alpha1",0.377100241413574,0.374644430797967,0.0657211490733783,0.253543303650696,0.331946335378299,0.374644430797967,0.420073142713319,0.518496533056812
750,15,"beta1",0.231359067671452,0.22670687184742,0.0919255431551296,0.0641179560074879,0.166119009581402,0.22670687184742,0.298065744812776,0.40980303684534
750,16,"alpha0",0.0788315970362115,0.0756866249904361,0.0288154850872189,0.0466666927082153,0.0642059016770616,0.0756866249904361,0.087832873522153,0.123635047877869
750,16,"alpha1",0.325973584705424,0.322526840034643,0.0632440265558988,0.21270168285934,0.280604517019793,0.322526840034643,0.367741099803518,0.454855978458443
750,16,"beta1",0.435961750882156,0.440811408671854,0.0850436159228705,0.237066954834036,0.386371821659875,0.440811408671854,0.494442901339762,0.586181156732021
750,17,"alpha0",0.114500827397559,0.113259133922481,0.0235417307353128,0.0837949606651177,0.102549855824556,0.113259133922481,0.123681916847036,0.151283708006856
750,17,"alpha1",0.294705343352991,0.289697473053168,0.0572372146131158,0.194471553744538,0.254994122125297,0.289697473053168,0.329759674784575,0.422518506504036
750,17,"beta1",0.207607515757049,0.202206166098088,0.0745307850498422,0.0660572789065824,0.158646999630893,0.202206166098088,0.252512890400884,0.367035702681064
750,18,"alpha0",0.0971438870370193,0.0952644297885998,0.0248256381238999,0.0681400833731085,0.0860728442430694,0.0952644297885998,0.105210060084403,0.126308577052633
750,18,"alpha1",0.376724696334644,0.374263902275413,0.0632388815871507,0.263315789517827,0.332156513376327,0.374263902275413,0.417425398838125,0.510183723200882
750,18,"beta1",0.331193316689964,0.331770359772905,0.0663964644233346,0.206166570715617,0.283139769919371,0.331770359772905,0.375112230401244,0.464477390801947
750,19,"alpha0",0.110629035854926,0.109459740349869,0.0260455885947235,0.070370150946015,0.0956552895427236,0.109459740349869,0.123549818435005,0.152893055907373
750,19,"alpha1",0.378232507407019,0.373710792785064,0.0625434781227119,0.264373000903742,0.334918992200318,0.373710792785064,0.419667603903043,0.510609710783992
750,19,"beta1",0.271522814456006,0.266484011728426,0.0842934085430016,0.11082488364168,0.216432340589079,0.266484011728426,0.325258678846357,0.441592668037479
750,20,"alpha0",0.132573886198365,0.131863193407586,0.0222478301141036,0.0943121987172111,0.120647729322381,0.131863193407586,0.14388763517534,0.167895382311093
750,20,"alpha1",0.341940873809382,0.338522566621517,0.0642736371221259,0.22405919063116,0.297854753136304,0.338522566621517,0.384071250899581,0.474467394585558
750,20,"beta1",0.157384269243169,0.150846268068121,0.0773385910209907,0.0166749844953629,0.103624344677656,0.150846268068121,0.205140276415679,0.330664908509327
750,21,"alpha0",0.0973049589717277,0.0948858330546515,0.0237281119339663,0.0678804346024688,0.08435782184405,0.0948858330546515,0.107405292729442,0.131599380566227
750,21,"alpha1",0.33631296118632,0.334933154222929,0.0539976149970246,0.236269603425189,0.299997351018437,0.334933154222929,0.370844908822893,0.450227112455772
750,21,"beta1",0.269941369657353,0.270857351008347,0.07979118122637,0.112985444829302,0.21511224118178,0.270857351008347,0.325879129162655,0.420346869361548
750,22,"alpha0",0.111226524621855,0.110114847933449,0.0259381077456825,0.0762486085443481,0.0975145891460205,0.110114847933449,0.122548457414615,0.145939889829576
750,22,"alpha1",0.357188072656239,0.351381815927534,0.0685710855429908,0.237645938077944,0.311947094605518,0.351381815927534,0.395406701319464,0.513968137843321
750,22,"beta1",0.162044086483281,0.153913386470545,0.0871573880594833,0.0163974358046436,0.0944781629785886,0.153913386470545,0.221330225629652,0.34730137715658
750,23,"alpha0",0.114748614719301,0.1126603110521,0.0260753192904049,0.0787473256231376,0.100133928488936,0.1126603110521,0.125987643900238,0.156663737888366
750,23,"alpha1",0.334455062818765,0.33181421297113,0.063303125480808,0.221151941100582,0.290945675197173,0.33181421297113,0.375214356811226,0.468765385514723
750,23,"beta1",0.227120871605655,0.223922549676462,0.086220672125776,0.0716676334199779,0.16567620236712,0.223922549676462,0.282024854304763,0.409934010822358
750,24,"alpha0",0.100590656360785,0.0980090488825537,0.0297377900318376,0.059474820237461,0.0832040437463503,0.0980090488825537,0.114138940479748,0.149977950202794
750,24,"alpha1",0.286159653398269,0.284678217637929,0.0551562622864611,0.185171492850015,0.247735141115696,0.284678217637929,0.322468662293628,0.396405047556512
750,24,"beta1",0.281815769497048,0.279922786526164,0.107362248028686,0.0713538117361306,0.205276351636026,0.279922786526164,0.356947910992285,0.489640464930223
750,25,"alpha0",0.100625292221488,0.102377996485772,0.0266270235506846,0.0552185278544574,0.0863386505001227,0.102377996485772,0.114778540890452,0.138586071907187
750,25,"alpha1",0.342251668498465,0.33689824840093,0.0652771950603692,0.226972631284645,0.297038137326309,0.33689824840093,0.383658801175988,0.479684798405486
750,25,"beta1",0.265555531006391,0.256350293984997,0.0982349705738177,0.104308828389389,0.195013195491609,0.256350293984997,0.324127359768191,0.488005811331866
750,26,"alpha0",0.0859940397939052,0.0843137389690221,0.0250512691628134,0.0554255809545234,0.0721682289219315,0.0843137389690221,0.0960789813945649,0.123520159748452
750,26,"alpha1",0.323586787093482,0.323501154631062,0.0577129620264352,0.213234320732016,0.282875307928581,0.323501154631062,0.361452569705663,0.439487837633673
750,26,"beta1",0.316428804694612,0.311510536070261,0.0856260046886599,0.156624026467616,0.25757641572461,0.311510536070261,0.377875678563128,0.479193097757651
750,27,"alpha0",0.116528009440613,0.116094409530796,0.0281615480659505,0.0765641981431261,0.104300896015873,0.116094409530796,0.12714635137311,0.148409769225302
750,27,"alpha1",0.344051704795491,0.34364066528053,0.0632613454514982,0.220148210980918,0.301244860996896,0.34364066528053,0.388334208727471,0.465602743779986
750,27,"beta1",0.174057701386089,0.161625835388071,0.0928776843332365,0.0328076285167366,0.110975275799126,0.161625835388071,0.220169653108389,0.407572036525021
750,28,"alpha0",0.10873305657887,0.108082754786173,0.0248918631877382,0.0717852128405209,0.0954829076425416,0.108082754786173,0.120419408599567,0.143476718739146
750,28,"alpha1",0.323079206358766,0.322371288571558,0.0595709227201723,0.209593324416919,0.280349364407802,0.322371288571558,0.363557837510981,0.443513565294424
750,28,"beta1",0.228764967829694,0.21740751486581,0.0937504561301766,0.0781810859983737,0.157936780830933,0.21740751486581,0.292140388457038,0.431660158402117
750,29,"alpha0",0.0741764539306893,0.072549679824537,0.0226745569102495,0.0432091350608711,0.0584936546709958,0.072549679824537,0.0880616230787792,0.107565700500487
750,29,"alpha1",0.26997910293349,0.267442891694108,0.0540153496011344,0.172854021942517,0.232161657060144,0.267442891694108,0.306067195153801,0.381457293742557
750,29,"beta1",0.438179560060469,0.437805983273433,0.0963696869504875,0.265332589421906,0.36266625098458,0.437805983273433,0.512890982552463,0.618245164809225
750,30,"alpha0",0.116261087627285,0.115222338719475,0.0270619960137131,0.0779233529799357,0.100126555063825,0.115222338719475,0.128492487744333,0.161817741871614
750,30,"alpha1",0.284059306697088,0.282791948913262,0.0569525477748322,0.177035699424859,0.247210884051627,0.282791948913262,0.318133662420094,0.409765984589929
750,30,"beta1",0.269555160441345,0.264958861427323,0.0920201933063239,0.0979632316809467,0.203565509468886,0.264958861427323,0.333893327715255,0.451431799172509
750,31,"alpha0",0.0871578834165971,0.0854260725469157,0.0249621897795409,0.0545893749327228,0.0751916238560533,0.0854260725469157,0.0955617861351494,0.12575756061675
750,31,"alpha1",0.372171730515895,0.36641029436424,0.0679531995980409,0.250668248983444,0.324655014246896,0.36641029436424,0.417795863256222,0.516162006527151
750,31,"beta1",0.276787456705163,0.268669263816313,0.0910629765787423,0.0879145525497969,0.220292279136722,0.268669263816313,0.3316674603528,0.476653453794866
750,32,"alpha0",0.101918883146257,0.100050579433142,0.0248152753846409,0.0685489318853013,0.0879820419532629,0.100050579433142,0.112383179511528,0.140241750504622
750,32,"alpha1",0.38096545433101,0.379580849570222,0.0657533713490017,0.256516389346501,0.336030337442517,0.379580849570222,0.422191613577282,0.518147500897061
750,32,"beta1",0.248251178847213,0.247039942274858,0.0844092001444395,0.100951456560929,0.185594567681948,0.247039942274858,0.303893306089019,0.421794994530075
750,33,"alpha0",0.132461071469551,0.133284225889051,0.0293036569735798,0.0733837318292979,0.116008572085839,0.133284225889051,0.149235813242395,0.180173736306925
750,33,"alpha1",0.315520434546942,0.31207476475566,0.0621765231174875,0.201696057784831,0.272942248143524,0.31207476475566,0.353898820504224,0.44824646016331
750,33,"beta1",0.239820340005736,0.225760749314472,0.109245469856246,0.0614852344787055,0.161901023108833,0.225760749314472,0.302231842664556,0.503260327190173
750,34,"alpha0",0.100824262371042,0.098311206534157,0.0310961036847393,0.0629195693223701,0.0856983798310355,0.098311206534157,0.111494727916658,0.143928130869376
750,34,"alpha1",0.207314696217446,0.205232651084528,0.0538370368030482,0.10790200889386,0.168726558329712,0.205232651084528,0.241818743994357,0.322811496200518
750,34,"beta1",0.332895723617466,0.332750487120322,0.104065164189619,0.129270144127576,0.262967207709005,0.332750487120322,0.401419229420878,0.546312957120707
750,35,"alpha0",0.107710648922841,0.10615350517194,0.0360063093027855,0.0391940902134051,0.0861761354980362,0.10615350517194,0.130851184230699,0.169460580712191
750,35,"alpha1",0.252599221732685,0.248708160538721,0.0646700525116475,0.137441800810324,0.206293749499433,0.248708160538721,0.293181478473823,0.394534155037204
750,35,"beta1",0.292856870748901,0.288881642317312,0.16686375048747,0.0276038197307184,0.170724924796677,0.288881642317312,0.391293134450324,0.65330518536925
750,36,"alpha0",0.120426953044087,0.120623018142876,0.0280124133512687,0.0720877625577878,0.103456538314341,0.120623018142876,0.135733708663969,0.164666929918037
750,36,"alpha1",0.346797540340917,0.345959798588635,0.0656913910139991,0.219226804977166,0.302915897347129,0.345959798588635,0.3876379927496,0.482172534617845
750,36,"beta1",0.228611066755605,0.214235395363409,0.104453224155401,0.0588918380805223,0.154548322098297,0.214235395363409,0.291214699852749,0.46034001082616
750,37,"alpha0",0.112988238510669,0.112047566145061,0.0260056079809836,0.0728871632326601,0.0999645625481961,0.112047566145061,0.123209925960106,0.150716591241641
750,37,"alpha1",0.386124322229593,0.382906763179357,0.0775879710507644,0.238928002408549,0.333419908779089,0.382906763179357,0.437056318050896,0.539993568790625
750,37,"beta1",0.237460908476251,0.22936401989585,0.0869651108394331,0.0910294896724856,0.176372051093328,0.22936401989585,0.287267454950976,0.438745080284382
750,38,"alpha0",0.128364546215144,0.12791738510824,0.0272368801211692,0.0849020815564529,0.114373111727657,0.12791738510824,0.141584173364297,0.165288752605151
750,38,"alpha1",0.228547027623086,0.227635649656142,0.0551443185820384,0.125539370314721,0.190052244745609,0.227635649656142,0.266310539184993,0.336070351926596
750,38,"beta1",0.183257674560483,0.168405879047656,0.0983758188170207,0.0277291641986386,0.110783319349431,0.168405879047656,0.244878157266201,0.398568201133145
750,39,"alpha0",0.126629164283332,0.127092420772673,0.0252991374922593,0.0803338594765798,0.113630336097311,0.127092420772673,0.139680883591684,0.161788318897564
750,39,"alpha1",0.360040739904013,0.354103666914303,0.0722328394213716,0.229958488870037,0.310342391702564,0.354103666914303,0.406731939163901,0.512039433606851
750,39,"beta1",0.138228125031684,0.121074368645678,0.0946461321227157,0.0104951147737919,0.0682080909281465,0.121074368645678,0.188098803050995,0.387840404891751
750,40,"alpha0",0.072207356705662,0.0700987011799744,0.0268573728077983,0.0421494014395829,0.0572838154511258,0.0700987011799744,0.0835869149570364,0.10711646790346
750,40,"alpha1",0.240404424813,0.238148625937585,0.0499610525426776,0.148693417293311,0.205150471375776,0.238148625937585,0.271590456441465,0.350649475183234
750,40,"beta1",0.454084032034427,0.452524496900104,0.0953763087632246,0.285935359815177,0.386998896304686,0.452524496900104,0.524949025662304,0.626994152850368
750,41,"alpha0",0.0750415609150837,0.072699928474375,0.0249521291571663,0.0480827005224288,0.063480443200728,0.072699928474375,0.0831407075848581,0.105179772496743
750,41,"alpha1",0.434931296036645,0.43123891980289,0.0715923288286947,0.303297738659636,0.385125807095649,0.43123891980289,0.482358104626444,0.577876663842708
750,41,"beta1",0.295347866125012,0.291605674476011,0.0814548203669398,0.14576528721561,0.237002715035449,0.291605674476011,0.352755903265902,0.458324504872263
750,42,"alpha0",0.0735306117150188,0.072182601318272,0.0247769194815952,0.0465933599552388,0.0608679034148162,0.072182601318272,0.0824920205976753,0.100629323223961
750,42,"alpha1",0.283510593462139,0.281440709525175,0.0516570227337286,0.188115273830462,0.247307151938156,0.281440709525175,0.316412516063902,0.391482418691736
750,42,"beta1",0.398695816782523,0.400817586039369,0.0798055638303415,0.243712295365229,0.344771510884232,0.400817586039369,0.453592122898991,0.543956002764098
750,43,"alpha0",0.09023344492899,0.089375233210707,0.0207477299151709,0.06262064030841,0.0801905475680725,0.089375233210707,0.0987044351678171,0.117048659987392
750,43,"alpha1",0.305431877111113,0.303055680192853,0.0626488603964147,0.191540660203249,0.259710625858669,0.303055680192853,0.348331872473135,0.436327763257757
750,43,"beta1",0.298608669068018,0.292375094373876,0.0773763340966051,0.162545876524907,0.244828196314901,0.292375094373876,0.346570767357093,0.468857065049118
750,44,"alpha0",0.111035369981686,0.109429204559723,0.0278287917395981,0.0678551740960077,0.0951856316835919,0.109429204559723,0.124353291577709,0.156943410690871
750,44,"alpha1",0.379556783686126,0.3754394754235,0.072977781144909,0.24701248506618,0.331306449048477,0.3754394754235,0.421998282290053,0.537822802768451
750,44,"beta1",0.249742533564494,0.242842375510198,0.0895547172658836,0.0905879007952017,0.186883575508468,0.242842375510198,0.31280212367672,0.436287039794168
750,45,"alpha0",0.0864853045703671,0.083108316553646,0.0237555862145958,0.056540185689013,0.0732130303894627,0.083108316553646,0.0960430922158582,0.125737665896024
750,45,"alpha1",0.328206708039649,0.325633342786875,0.0604954256428366,0.219862445373242,0.286036055850717,0.325633342786875,0.365906911425861,0.459105029892933
750,45,"beta1",0.388661958945488,0.391543949584702,0.0825964422164963,0.216057410864477,0.334526101541912,0.391543949584702,0.446709722552204,0.536439982868733
750,46,"alpha0",0.076457779695143,0.0724366110069206,0.0315994424494825,0.0309689109533873,0.0533220584018357,0.0724366110069206,0.0950374945189435,0.138073879765757
750,46,"alpha1",0.286510829088817,0.281865919734224,0.0712504282551627,0.157833475265022,0.236715046546911,0.281865919734224,0.33202508703854,0.439539292790288
750,46,"beta1",0.432479567171726,0.438964620299497,0.149450965453062,0.139787481020691,0.323259127289187,0.438964620299497,0.551077228086951,0.689199908678121
750,47,"alpha0",0.137191751057083,0.137435675434597,0.0282391901368937,0.0885010714976119,0.120278825304475,0.137435675434597,0.154970129498384,0.180254532421436
750,47,"alpha1",0.284426240455575,0.279240289083289,0.071155076718598,0.161311075660342,0.234857888438118,0.279240289083289,0.327263578347623,0.439754644259613
750,47,"beta1",0.164734002894517,0.139000267784461,0.11316543328655,0.0118857045619385,0.0790767751581235,0.139000267784461,0.235071920902154,0.419982398862305
750,48,"alpha0",0.0913574333434515,0.0893035462313502,0.0262277341698042,0.0550265562492366,0.078864563553143,0.0893035462313502,0.101326692050753,0.127839583341731
750,48,"alpha1",0.259937252863435,0.258723873633013,0.057893016137514,0.148594482773292,0.221348478715817,0.258723873633013,0.298059668435086,0.371745663379576
750,48,"beta1",0.277060987036191,0.273006068181494,0.103020337825279,0.0922277953911348,0.206559697738442,0.273006068181494,0.340712769730765,0.501491835483431
750,49,"alpha0",0.122500292906512,0.120713221077556,0.0284808767896558,0.077864607109538,0.105534273145087,0.120713221077556,0.137971630798093,0.168357261474371
750,49,"alpha1",0.293523171346721,0.292919966360014,0.0553441566273672,0.185575683138042,0.256425207938366,0.292919966360014,0.329073149892146,0.408809240603606
750,49,"beta1",0.21183032295745,0.210223226531972,0.107993872345072,0.0246531008402378,0.130677199187131,0.210223226531972,0.286500291940287,0.424548603426735
750,50,"alpha0",0.119953571435953,0.118235580749442,0.0258659172339881,0.08427933923281,0.106510351728155,0.118235580749442,0.130440529607441,0.157922782506924
750,50,"alpha1",0.395427158090287,0.390631042852631,0.0759705955416669,0.257232037558661,0.344465581592086,0.390631042852631,0.44026321574587,0.553015674242632
750,50,"beta1",0.172595187801974,0.166766948850919,0.0807795390428471,0.0336146990100873,0.113441369557186,0.166766948850919,0.223372835713274,0.350990726718276
750,51,"alpha0",0.0991154252030623,0.0987423357071293,0.0260896724702885,0.0578541193377504,0.0847226453726285,0.0987423357071293,0.111981630181548,0.139804826845815
750,51,"alpha1",0.313668415894575,0.310973883065177,0.0621562192027679,0.201095177177784,0.269703985306414,0.310973883065177,0.353879780677296,0.445871266777939
750,51,"beta1",0.315813206153895,0.305874294172685,0.10185876364201,0.139370861580128,0.243306152030876,0.305874294172685,0.379741789340534,0.538962312489633
750,52,"alpha0",0.107484436031511,0.105827258509863,0.0261878809340252,0.0631453744998029,0.0918957963370149,0.105827258509863,0.121664791413115,0.153912039563914
750,52,"alpha1",0.330634349976605,0.325150515852043,0.0641426731209069,0.219547369187613,0.28460505892733,0.325150515852043,0.373996099883631,0.46054890145928
750,52,"beta1",0.259985438461436,0.262273932948314,0.101558635727356,0.0653462531669284,0.18656545902136,0.262273932948314,0.325559755584514,0.46305012740676
750,53,"alpha0",0.11062313441556,0.108471970608756,0.0317173729962141,0.0651576266975143,0.0929819491309701,0.108471970608756,0.126178179646258,0.160405833290956
750,53,"alpha1",0.316096824661041,0.314021109409171,0.0705922006820808,0.182801804594239,0.26749262286941,0.314021109409171,0.362881599059722,0.461968514038881
750,53,"beta1",0.28207299159281,0.281409656062078,0.111181254279115,0.0763774939564084,0.205454217629124,0.281409656062078,0.353163543258246,0.520079005427529
750,54,"alpha0",0.0930016070280238,0.0905759784717793,0.0324326334934571,0.0524110162430607,0.0742731047320881,0.0905759784717793,0.106071372154799,0.142040607748287
750,54,"alpha1",0.295723018479775,0.294364330670911,0.0528176254392962,0.201840430103055,0.256762529827791,0.294364330670911,0.332152116697246,0.402097524045081
750,54,"beta1",0.403970596661701,0.40364934861771,0.0995149852925587,0.2083189200982,0.337119921238028,0.40364934861771,0.474986128585485,0.588392626157818
750,55,"alpha0",0.122167972330991,0.123327274065404,0.0277069778410307,0.0722028149061997,0.108296892434482,0.123327274065404,0.137376801390103,0.162357864207753
750,55,"alpha1",0.329985575866584,0.325383245154657,0.0576338310618062,0.226509716231272,0.289939226835534,0.325383245154657,0.366670683760177,0.455425049094173
750,55,"beta1",0.169972478473865,0.149723817182485,0.106753220319007,0.0182309033505226,0.0922000168941662,0.149723817182485,0.224710873195613,0.434869153405259
750,56,"alpha0",0.116426495126066,0.115314601822902,0.0243147108217094,0.0785675915438451,0.100980412705379,0.115314601822902,0.128536272408537,0.161125136426663
750,56,"alpha1",0.329042855249674,0.324695937743368,0.0687816629340161,0.208598237341366,0.279928727546499,0.324695937743368,0.37348093734635,0.476125512891545
750,56,"beta1",0.2339251063571,0.233329412432399,0.0953877899934129,0.0653566507579292,0.161083554644858,0.233329412432399,0.300878804026961,0.425297832547073
750,57,"alpha0",0.0940139808679511,0.0927852163880844,0.0213174335635984,0.0656881001321152,0.0830910074269853,0.0927852163880844,0.102653902097222,0.122439695900094
750,57,"alpha1",0.335352130218317,0.332386234384682,0.0656508565348757,0.217337276445596,0.29144045092312,0.332386234384682,0.375394972389572,0.480915141421967
750,57,"beta1",0.305571918495763,0.301974969091884,0.0746805377882834,0.16887650415529,0.251001771909362,0.301974969091884,0.3563571486091,0.454832439322971
750,58,"alpha0",0.088478323799014,0.0863343070730443,0.0280977108396104,0.0461113830516743,0.0712610292945566,0.0863343070730443,0.101997512803625,0.137949649992202
750,58,"alpha1",0.265270064383957,0.262899509554401,0.0572851930630185,0.159520302796516,0.22546604733659,0.262899509554401,0.303781220668774,0.382642875649925
750,58,"beta1",0.349467844586081,0.347522080990693,0.125128518564011,0.111720120931608,0.262690369311022,0.347522080990693,0.437988887717453,0.59463223579787
750,59,"alpha0",0.0940737193598047,0.092204406087285,0.0288792180091008,0.0502833721094546,0.075736205294985,0.092204406087285,0.107601000884404,0.147084074391185
750,59,"alpha1",0.152349135940943,0.148279653730746,0.0499968340903975,0.0685972129799971,0.118179899548741,0.148279653730746,0.180949315617082,0.269220470686456
750,59,"beta1",0.381740036962584,0.382415333244067,0.132020520536549,0.114458967257125,0.298828489252111,0.382415333244067,0.469217496753276,0.644583565666945
750,60,"alpha0",0.119000199756717,0.117591585159778,0.0224039312397066,0.0827979075548185,0.105538765022535,0.117591585159778,0.130748702582377,0.156470235235002
750,60,"alpha1",0.292482864257376,0.288463824828604,0.0576277568955492,0.194226227128002,0.249532187991926,0.288463824828604,0.331324366972642,0.414825212981632
750,60,"beta1",0.173314316256127,0.170610793589222,0.087561289104232,0.015618429466156,0.110428350117689,0.170610793589222,0.231511554932433,0.358595203928325
750,61,"alpha0",0.104858827922547,0.103921564119935,0.0250466758698086,0.068526340693997,0.0918804786536401,0.103921564119935,0.116094762932326,0.139125468054506
750,61,"alpha1",0.316064604046627,0.313083982545363,0.0569272890139096,0.213269114459581,0.276095345193237,0.313083982545363,0.354293326471795,0.431812450149388
750,61,"beta1",0.280852835176028,0.274963398801032,0.0842916495409735,0.137467093388959,0.219182056107932,0.274963398801032,0.334668664674153,0.463195984715496
750,62,"alpha0",0.112369435532657,0.110326511727919,0.0317777725940427,0.0593273323929579,0.0948376032245949,0.110326511727919,0.128771376897765,0.164994360840825
750,62,"alpha1",0.22513912394263,0.220820625460372,0.0591632005800374,0.119110262101277,0.182359764781076,0.220820625460372,0.266247156827999,0.350725197217966
750,62,"beta1",0.312963073532756,0.309417038607716,0.122967646593129,0.0976309070219892,0.224975483874564,0.309417038607716,0.386608443412213,0.571461836990254
750,63,"alpha0",0.116748042352054,0.115467130175917,0.0307995099929797,0.0744507462834171,0.0992620426873814,0.115467130175917,0.130447758002468,0.160897108284395
750,63,"alpha1",0.27322790112021,0.268840989496525,0.0602706909952946,0.170587854276213,0.227650822311961,0.268840989496525,0.313268553692638,0.402481076861452
750,63,"beta1",0.289640884405373,0.284789848115953,0.0968729760185592,0.105437800314803,0.220957157003245,0.284789848115953,0.363961778581883,0.466198215567503
750,64,"alpha0",0.0803235929267764,0.0774338277254884,0.0278750095289761,0.0478692543752874,0.0649988486680882,0.0774338277254884,0.0902983011304257,0.133136016146137
750,64,"alpha1",0.236664931906388,0.235146649696409,0.0480469898386486,0.146115603500105,0.203532608645775,0.235146649696409,0.267545041707234,0.336799479646254
750,64,"beta1",0.456330439751255,0.46018047698069,0.0932501767793667,0.235915708245396,0.40295920838801,0.46018047698069,0.516520186607285,0.62222576457343
750,65,"alpha0",0.0763802147945549,0.0731291914065788,0.0294786184631565,0.0428050693460386,0.0620452011930896,0.0731291914065788,0.0849951171816644,0.127486869412726
750,65,"alpha1",0.315532920798277,0.31069725896105,0.0649178828816575,0.198617051382262,0.269010592219648,0.31069725896105,0.360992256044914,0.44605763041373
750,65,"beta1",0.411010155793069,0.409281678952374,0.10175106092566,0.188546516169605,0.345655159713485,0.409281678952374,0.481804862047794,0.603825819767051
750,66,"alpha0",0.105871566921638,0.105054441232799,0.0251050862165018,0.0675472827554443,0.0922876717938138,0.105054441232799,0.117756116656488,0.140535933095823
750,66,"alpha1",0.398177058038085,0.397371424451398,0.0651624224221307,0.268967554344336,0.355397853752914,0.397371424451398,0.441436759988289,0.527093842241559
750,66,"beta1",0.23159773224049,0.220749448843295,0.0810298328396563,0.100080528346639,0.172063595030959,0.220749448843295,0.28295342740167,0.414240451987604
750,67,"alpha0",0.101622733621071,0.0992156836740784,0.0269498956941608,0.0632506972621577,0.0856609964211149,0.0992156836740784,0.115789808337148,0.144401743916236
750,67,"alpha1",0.361722758358369,0.361035355232095,0.0642482778893434,0.239316306733051,0.3161375071883,0.361035355232095,0.406339670421939,0.490718986365195
750,67,"beta1",0.242637569704658,0.2385906803469,0.101793172154546,0.0618975480700311,0.168495963568769,0.2385906803469,0.309513898889571,0.455428974773227
750,68,"alpha0",0.0963343011577481,0.0955801157868695,0.0213178249956574,0.0660761754092233,0.085172301013618,0.0955801157868695,0.10585350985051,0.126957744307049
750,68,"alpha1",0.357083745700469,0.353691779807501,0.0627832166377035,0.246959661828888,0.311092440679748,0.353691779807501,0.398915560879336,0.484327669755618
750,68,"beta1",0.320572760753004,0.318101439818435,0.0749274148564029,0.176918120409314,0.265881055524151,0.318101439818435,0.373081889074378,0.469126468811885
750,69,"alpha0",0.138988496278472,0.139893796728899,0.0249544439207209,0.0943742141964066,0.125667375663101,0.139893796728899,0.152172694801255,0.172271712991719
750,69,"alpha1",0.417146236702196,0.415299968714489,0.0669712343483774,0.293369974340129,0.368922030984692,0.415299968714489,0.462677661859616,0.552300667950291
750,69,"beta1",0.128748540135026,0.112831282355922,0.0779342845488897,0.0216468757333703,0.0717320947050549,0.112831282355922,0.170499083452216,0.313058727061198
750,70,"alpha0",0.096208123883716,0.0953764539981327,0.0259431065875172,0.059627729647383,0.0847907261205882,0.0953764539981327,0.10582223800238,0.127578315571031
750,70,"alpha1",0.349998586268772,0.344292721683342,0.0685291228209624,0.22946416226705,0.301638360873004,0.344292721683342,0.393610257183086,0.497733222032018
750,70,"beta1",0.248791038666805,0.239730748313901,0.0868022055316168,0.0988502323143174,0.191895476558798,0.239730748313901,0.299181486127302,0.448053989783413
750,71,"alpha0",0.0954735354858073,0.0941199571609359,0.0286223861825957,0.0566715506789991,0.0798096036616249,0.0941199571609359,0.107130004051669,0.136873064377293
750,71,"alpha1",0.283500245120657,0.279027694715922,0.0549953780455729,0.18588432056626,0.244376943287444,0.279027694715922,0.320557729029484,0.401038903935122
750,71,"beta1",0.374228891103923,0.368043475863315,0.0917245942679593,0.199594065598564,0.308804948291342,0.368043475863315,0.440441492322588,0.555033683490659
750,72,"alpha0",0.105420300525376,0.103516722769104,0.0288691107269119,0.0625596984615392,0.0882675619051543,0.103516722769104,0.119177768759507,0.153193405518774
750,72,"alpha1",0.282875542434466,0.280558426544353,0.0636323186762683,0.168701615798021,0.238255333923381,0.280558426544353,0.323458481322586,0.419827630526594
750,72,"beta1",0.284118527183664,0.279614926891091,0.113529141522177,0.0811734024372708,0.199172321120641,0.279614926891091,0.362185095577621,0.523014182794065
750,73,"alpha0",0.129017767061367,0.130914608423816,0.0282573568956359,0.0793318437784155,0.113897873565073,0.130914608423816,0.145086585419022,0.166523902073964
750,73,"alpha1",0.432243978341992,0.426574915697295,0.073626462293991,0.302667997017941,0.380036534497717,0.426574915697295,0.478870148156804,0.589306029094479
750,73,"beta1",0.137226249687966,0.113698892919648,0.0975404853791937,0.00669967706805795,0.0608562875750165,0.113698892919648,0.198283019706124,0.370300563296138
750,74,"alpha0",0.117391203657086,0.116053085031696,0.0278874973954861,0.0740242507645621,0.101065257528696,0.116053085031696,0.131687403000091,0.160447000093933
750,74,"alpha1",0.295979145324585,0.291503412687513,0.0678194505304208,0.174511228121499,0.248225726388488,0.291503412687513,0.337415756050273,0.438056120887012
750,74,"beta1",0.248572931406716,0.238075331434243,0.104029540499955,0.0717789595391516,0.170608780034883,0.238075331434243,0.323872058211978,0.467849305734124
750,75,"alpha0",0.0769051963230083,0.0725273608359382,0.027281287645388,0.0429864271317973,0.0604606976526847,0.0725273608359382,0.0897804911859058,0.120894819223215
750,75,"alpha1",0.233796176910482,0.228149867628902,0.0543063668235533,0.142393497404523,0.197418497536104,0.228149867628902,0.262399570375255,0.362928607472233
750,75,"beta1",0.470603681651958,0.482578939375718,0.104942925698509,0.255306440770663,0.402256331635531,0.482578939375718,0.547226354408644,0.643968607820743
750,76,"alpha0",0.122035871658115,0.122909719486163,0.0264156405405105,0.0750679247198819,0.107798463149851,0.122909719486163,0.135736971462318,0.154818304607374
750,76,"alpha1",0.313001307355807,0.308239230686582,0.0659509277610565,0.199918385765125,0.264975678812803,0.308239230686582,0.355932510342645,0.455171232619247
750,76,"beta1",0.125579003676342,0.10545926784455,0.0967912202501812,0.00715566795646995,0.051598140645167,0.10545926784455,0.17323879722432,0.383156741026535
750,77,"alpha0",0.136180739632001,0.136217847098316,0.0258777267725041,0.0882686470663757,0.120928911413699,0.136217847098316,0.151715148766573,0.176445566291669
750,77,"alpha1",0.306224944464296,0.304149975023701,0.0590629953010523,0.199249502319991,0.264821843900827,0.304149975023701,0.34499272539964,0.427449764664452
750,77,"beta1",0.145362477812703,0.135435056711005,0.0975608069750205,0.00841395022889395,0.0629314667755526,0.135435056711005,0.208646666991651,0.364287121184267
750,78,"alpha0",0.129532061326314,0.131246974733848,0.0315221410500532,0.0748857557529033,0.10955679736111,0.131246974733848,0.149315465591856,0.175396535821281
750,78,"alpha1",0.218469626630467,0.213556805400974,0.0541905992723214,0.125467425598618,0.180035937989906,0.213556805400974,0.251243838224071,0.338898115365351
750,78,"beta1",0.202723660011999,0.186782704523333,0.129402781981496,0.0124547845753104,0.104497413551848,0.186782704523333,0.286194366373916,0.476926794410009
750,79,"alpha0",0.0902057914981232,0.0894209863016402,0.0234193067484731,0.0552543012533831,0.0791457193118811,0.0894209863016402,0.0995367183795707,0.125389525879426
750,79,"alpha1",0.322658437193168,0.319379894185763,0.0557782149312572,0.224768431312433,0.284272825811758,0.319379894185763,0.357882478368584,0.443741244425931
750,79,"beta1",0.338356419722485,0.337157799934498,0.0759033031880438,0.190331228834199,0.28935502758761,0.337157799934498,0.38474958485293,0.498655669854355
750,80,"alpha0",0.0705839387169778,0.0680300440655056,0.0217015738011983,0.0453132549144056,0.0588171722142447,0.0680300440655056,0.0791016985029766,0.101533179244832
750,80,"alpha1",0.314498020034848,0.30704243670785,0.0703679163392308,0.204165649973866,0.263586402466285,0.30704243670785,0.35558686367814,0.474157169900612
750,80,"beta1",0.397868851712,0.39849412787184,0.0828825962195313,0.23328308695307,0.342517184894253,0.39849412787184,0.454293756451995,0.556327073793547
750,81,"alpha0",0.121818153704346,0.120268811446008,0.0260145533597311,0.0783060449277217,0.104302446525413,0.120268811446008,0.139081873702679,0.164009046185701
750,81,"alpha1",0.246120371540772,0.244606865847578,0.0550648177671583,0.146791591109511,0.207292588119723,0.244606865847578,0.27995262364166,0.366549390843484
750,81,"beta1",0.21865776079268,0.217604407321204,0.113490532222433,0.0329812620947984,0.124934547340288,0.217604407321204,0.299760443954261,0.442818770819173
750,82,"alpha0",0.143047352186769,0.142737646590226,0.0291663367951074,0.0976613579698062,0.124685227589512,0.142737646590226,0.160120892268648,0.184231718377977
750,82,"alpha1",0.287829648068017,0.284294592070424,0.0630867961001347,0.176783513793854,0.243868512504245,0.284294592070424,0.328336555556655,0.422773174120846
750,82,"beta1",0.152300643324164,0.142377949929081,0.0982166807348638,0.00968792834732587,0.0682685334082458,0.142377949929081,0.222227619328281,0.357505207374436
750,83,"alpha0",0.0938147563227801,0.0919834162947699,0.0253230149739084,0.059643719672668,0.0807053200725052,0.0919834162947699,0.103771801013868,0.13238378975151
750,83,"alpha1",0.369656170217829,0.368638699913073,0.0614345401492364,0.251797178511037,0.32814675313083,0.368638699913073,0.408890879971198,0.497061797412172
750,83,"beta1",0.304894419294989,0.304281585864934,0.0776170147625247,0.154768191008794,0.253082346889178,0.304281585864934,0.356630447075856,0.461278983983576
750,84,"alpha0",0.0933754285809217,0.0909335725417507,0.0254592819382793,0.0579114700712107,0.079196548466929,0.0909335725417507,0.104837673925666,0.132303596370404
750,84,"alpha1",0.319873458601452,0.311824141594214,0.0675494127255169,0.212572380041686,0.272945650875511,0.311824141594214,0.357041558485888,0.464698247547689
750,84,"beta1",0.326416251596316,0.325993152110395,0.0923240578902792,0.164604056704375,0.256602156297623,0.325993152110395,0.38669326432126,0.516819020553373
750,85,"alpha0",0.0896339095183541,0.0857081543462918,0.0312413620754418,0.0499255317325225,0.0721024171938161,0.0857081543462918,0.102396776856986,0.141286992733855
750,85,"alpha1",0.265199644239198,0.261774903363181,0.060101096841518,0.159017884898317,0.222218398618658,0.261774903363181,0.303185626818931,0.399416267503485
750,85,"beta1",0.336731096555839,0.340789355449373,0.122188470747215,0.0720640671634876,0.252215135795589,0.340789355449373,0.425801923942851,0.558737421773706
750,86,"alpha0",0.0994214293667052,0.0965220873231191,0.0292023468256026,0.0582282377466855,0.0798190340123694,0.0965220873231191,0.115104658796834,0.149039742791683
750,86,"alpha1",0.309400531160939,0.302504009516101,0.0654934969501292,0.198953351485425,0.26383359192345,0.302504009516101,0.347372130976066,0.452316377507458
750,86,"beta1",0.332567755718612,0.326880735004386,0.105184368943221,0.138050666091167,0.259129005561509,0.326880735004386,0.405405748751145,0.541094078845164
750,87,"alpha0",0.0859873677509653,0.0836023573947141,0.0264761522855128,0.0545607485880552,0.0729526957460912,0.0836023573947141,0.095262947695871,0.121596028592953
750,87,"alpha1",0.324235086354829,0.323128855253263,0.0638055348545628,0.206286044182697,0.278672940402981,0.323128855253263,0.36786381928378,0.450805371236201
750,87,"beta1",0.334878221021598,0.336684892572289,0.0820478956725444,0.171028166040283,0.278637460577333,0.336684892572289,0.391680062741667,0.49249848929341
750,88,"alpha0",0.142529744642179,0.142278875533637,0.0250484297288108,0.0996859630945845,0.127746483229714,0.142278875533637,0.157120719778558,0.181471222865217
750,88,"alpha1",0.459441632444043,0.454933597459381,0.0713066353851556,0.329708687685347,0.409518209242562,0.454933597459381,0.505953528779919,0.605343857304534
750,88,"beta1",0.110256857684745,0.0967899051693408,0.0759854954383371,0.00749875185261432,0.0466804097496483,0.0967899051693408,0.162468628079881,0.27954748367961
750,89,"alpha0",0.123844472378937,0.124313172426812,0.0228294197736748,0.0785358919003882,0.110567383501061,0.124313172426812,0.13780237111503,0.157379142248824
750,89,"alpha1",0.293505754108417,0.290192569869803,0.0606699153259269,0.184218248935669,0.250147329225534,0.290192569869803,0.335159966413949,0.418446260611482
750,89,"beta1",0.167475457948745,0.158405851993449,0.0941923272849751,0.0239782246425422,0.0977016974120481,0.158405851993449,0.222595889449088,0.402564631152865
750,90,"alpha0",0.107210516756693,0.106158213965315,0.0254720821422804,0.0669969207529639,0.0928372456425065,0.106158213965315,0.120780474952901,0.145976772896769
750,90,"alpha1",0.262418102608967,0.258716105494894,0.0541758621366257,0.161452999184906,0.226166959053882,0.258716105494894,0.297390258158015,0.376606988527827
750,90,"beta1",0.218591488796162,0.213240676408156,0.110225634954141,0.0385381331878385,0.128453689820994,0.213240676408156,0.294875964840232,0.440929109393864
750,91,"alpha0",0.111982958011889,0.11282485919573,0.0241571887444664,0.0695124947542665,0.0966268309558175,0.11282485919573,0.126667659728712,0.155344195085243
750,91,"alpha1",0.249244718567138,0.24728839309634,0.0570486843615748,0.144559737422813,0.209299409101231,0.24728839309634,0.284442212326476,0.367021694338667
750,91,"beta1",0.243068789533467,0.227692717699723,0.10977229004024,0.053466521823701,0.170634018214532,0.227692717699723,0.316488038525432,0.466114587458194
750,92,"alpha0",0.123351327416296,0.123014135808836,0.0212654688052031,0.0922264401348797,0.112022895107923,0.123014135808836,0.133144833429767,0.153507903896062
750,92,"alpha1",0.439742775450657,0.438438079901106,0.0678466327949251,0.314693545946854,0.394171434384764,0.438438079901106,0.484588883339436,0.57391246791281
750,92,"beta1",0.147514786063494,0.143417777823981,0.0602877334504429,0.0438039400619781,0.103068120360958,0.143417777823981,0.18687676454394,0.277568263185909
750,93,"alpha0",0.096081846314985,0.0950485732055178,0.0250523090602386,0.05642727279676,0.0838791630650717,0.0950485732055178,0.106314407468871,0.133731854162401
750,93,"alpha1",0.354526845534837,0.350091148538237,0.0630618830985765,0.244281252579125,0.309244770027418,0.350091148538237,0.395309080660556,0.489193083739443
750,93,"beta1",0.286066240594099,0.285762031237352,0.0803740122570227,0.125459806816312,0.233418485142225,0.285762031237352,0.333128323519542,0.465224907267827
750,94,"alpha0",0.120799521177219,0.119295273148985,0.0259974592024743,0.0816763678023223,0.104608571430231,0.119295273148985,0.135752321479448,0.160004433256739
750,94,"alpha1",0.367601755538941,0.362183427794229,0.0731236562635398,0.241655395255606,0.313984301024331,0.362183427794229,0.413851006300974,0.532182210301233
750,94,"beta1",0.188652503355602,0.183239014687502,0.0905209146685316,0.0385734311165517,0.120999602503952,0.183239014687502,0.24583364124132,0.38612769139759
750,95,"alpha0",0.0979745974024835,0.0958075054523167,0.0270147029635673,0.0581921810525225,0.0798590764169906,0.0958075054523167,0.112346598162272,0.148959441069986
750,95,"alpha1",0.258584882190365,0.25597642717651,0.0536224325128868,0.160010129285166,0.220647426261311,0.25597642717651,0.294399676699179,0.366922117864453
750,95,"beta1",0.408546128363233,0.411222817282461,0.103180974865308,0.195691924720612,0.342811197820599,0.411222817282461,0.480596726827092,0.602207390466427
750,96,"alpha0",0.096334584511262,0.0953212302024171,0.0294423552723272,0.0516233997660738,0.081142523222136,0.0953212302024171,0.109366264783888,0.137097420495028
750,96,"alpha1",0.311217419615381,0.306529313075188,0.0635328697193279,0.198115935927028,0.265316238840891,0.306529313075188,0.350268478182458,0.452186469934801
750,96,"beta1",0.290914839182545,0.278543971041071,0.108996468356607,0.101296755267985,0.214303121741792,0.278543971041071,0.359597943154087,0.525118104693566
750,97,"alpha0",0.112554632947818,0.112120830908689,0.0278563070591833,0.0606176153987317,0.0978008314006157,0.112120830908689,0.127314406745146,0.157206262183956
750,97,"alpha1",0.247557028812964,0.245191533955133,0.0667148125659575,0.125534867576045,0.19998602223702,0.245191533955133,0.289872158137786,0.384639301974029
750,97,"beta1",0.308233802917757,0.293542480351878,0.11305508536924,0.117623606817183,0.233123243707939,0.293542480351878,0.368902485044644,0.593403298903609
750,98,"alpha0",0.085154066646513,0.0808114807196068,0.0293169395276074,0.0521037072040551,0.0697026249312935,0.0808114807196068,0.0965389479869382,0.126278587886017
750,98,"alpha1",0.282642726979185,0.281029059270299,0.0525763305147331,0.185472923980408,0.245673940984892,0.281029059270299,0.315881316094054,0.392718462363527
750,98,"beta1",0.368082019276181,0.374331190299077,0.0950089692831867,0.182956524445481,0.296320463965265,0.374331190299077,0.438223280037482,0.540214659263129
750,99,"alpha0",0.127786041820182,0.127852146943812,0.0263894607298897,0.0833012595456216,0.113929787951834,0.127852146943812,0.140823636367476,0.167107057489248
750,99,"alpha1",0.344259668992421,0.340705667780684,0.0606573944773916,0.231655966240731,0.303437277025439,0.340705667780684,0.382029216860606,0.473258593982677
750,99,"beta1",0.18471586590412,0.175054790983714,0.0867401965066468,0.0453979059684489,0.119314117503271,0.175054790983714,0.238177392776189,0.384672951456564
750,100,"alpha0",0.0849161904627708,0.0811445497665826,0.0273392795267701,0.0524500693904315,0.070156986142242,0.0811445497665826,0.0949439116432186,0.128066567524748
750,100,"alpha1",0.324363398868256,0.322209416980498,0.0653406061699102,0.20876902414289,0.279687044162064,0.322209416980498,0.363864610008014,0.463017014618919
750,100,"beta1",0.332801922228654,0.337612338995584,0.101730057275032,0.106823225436212,0.272035678798353,0.337612338995584,0.401407105009436,0.513517512797095
750,101,"alpha0",0.139116455501334,0.139359038138336,0.0249221969775849,0.0993560040234785,0.126054833595991,0.139359038138336,0.151304775751547,0.16940943635434
750,101,"alpha1",0.214117004276176,0.207973107138387,0.05822672622959,0.110991149543975,0.175086793827437,0.207973107138387,0.247567147451446,0.348260826131864
750,101,"beta1",0.112703403788077,0.0920365950976681,0.0874471128105846,0.00473664005706744,0.0422899341052186,0.0920365950976681,0.164690139941521,0.319547221334008
750,102,"alpha0",0.113584388872935,0.112545257663349,0.0219445002751203,0.0788323992271655,0.101835476211273,0.112545257663349,0.12369168731483,0.148720632076354
750,102,"alpha1",0.369402319506544,0.366208984130809,0.0650131888719565,0.255145973293606,0.324697229188034,0.366208984130809,0.40963444931783,0.512366676747318
750,102,"beta1",0.187713767518378,0.182962710673915,0.073217440179608,0.0561572591933086,0.137441304727754,0.182962710673915,0.231975521574796,0.350987867967676
750,103,"alpha0",0.103217537806461,0.0989539384354527,0.027677547635741,0.0652118027880113,0.0879264500664868,0.0989539384354527,0.114071821806518,0.156291382186033
750,103,"alpha1",0.306378363939749,0.303514717599338,0.055575412343817,0.202444356830971,0.26875652047528,0.303514717599338,0.343031902418331,0.42417408736893
750,103,"beta1",0.313930263302052,0.319541336142372,0.0983624524433128,0.0916506669478507,0.251130100370753,0.319541336142372,0.380507914028553,0.493553465522936
750,104,"alpha0",0.112746918559614,0.111241972973133,0.0211127170695297,0.083425537639021,0.100854239472824,0.111241972973133,0.122648089709084,0.144736374296175
750,104,"alpha1",0.394088754400045,0.386469324839564,0.0700795929099585,0.270828474896169,0.345188579667387,0.386469324839564,0.43787436087645,0.54809691598164
750,104,"beta1",0.175770257851353,0.172046563679223,0.0675168201208001,0.0513057669261177,0.130084200782068,0.172046563679223,0.219127853598978,0.316924222681474
750,105,"alpha0",0.121655472160223,0.121343991457722,0.0349964159217922,0.0541433066783345,0.101320900814332,0.121343991457722,0.144292603607729,0.176110485827228
750,105,"alpha1",0.273326898069018,0.269268488597861,0.062664516897283,0.161468387938525,0.229412819726148,0.269268488597861,0.314305781439027,0.403506734881636
750,105,"beta1",0.241202322627285,0.226958066214085,0.145284448592429,0.0208673393008374,0.125118118860162,0.226958066214085,0.331776348193287,0.566669078703413
750,106,"alpha0",0.0728270047355088,0.0715180956671453,0.0242899567333456,0.0438498396317509,0.0610435770126908,0.0715180956671453,0.0813445713392564,0.102815862731745
750,106,"alpha1",0.388952257359606,0.387688418070487,0.061227563374472,0.277240507040113,0.344852638634853,0.387688418070487,0.4291864040825,0.519921453541414
750,106,"beta1",0.314464382844352,0.315455456279594,0.0800258825043955,0.165873554996893,0.256877812469778,0.315455456279594,0.37060094906245,0.470041775031792
750,107,"alpha0",0.105408937541828,0.104596334262047,0.0216943613541578,0.0748883023177653,0.0951230385549319,0.104596334262047,0.114044161781201,0.131971436308852
750,107,"alpha1",0.433537641948578,0.428966084164225,0.0675249003160805,0.313164890355339,0.387815106651146,0.428966084164225,0.473730092165539,0.582106830056204
750,107,"beta1",0.16269307251586,0.153844834320468,0.0696043469590358,0.0486731835097718,0.114095397900769,0.153844834320468,0.203881512013094,0.322706017749127
750,108,"alpha0",0.129170977675328,0.130838403693433,0.0281019141685393,0.081541635374225,0.117010173320498,0.130838403693433,0.141552858412938,0.158343555534076
750,108,"alpha1",0.256546119438604,0.253152647329851,0.0604260099033512,0.147218117905431,0.216063609071798,0.253152647329851,0.294763140249872,0.385457502520112
750,108,"beta1",0.142428843896274,0.119142367885232,0.0979547429688078,0.0178848380018609,0.070195047935315,0.119142367885232,0.190952000676058,0.388323914253565
750,109,"alpha0",0.101264881750871,0.102635540435808,0.0307717963255074,0.0471639480847185,0.0811784481395738,0.102635540435808,0.119459294988226,0.151090660268986
750,109,"alpha1",0.254036004700127,0.249648937992095,0.0626003301170773,0.143678443089452,0.209193918879545,0.249648937992095,0.295607541393342,0.385062342651938
750,109,"beta1",0.277827097574576,0.258975018960486,0.151762786734503,0.0206257106355326,0.16693773796924,0.258975018960486,0.385649958235152,0.601131504099566
750,110,"alpha0",0.120293880561768,0.119933842615491,0.0306607884302231,0.0731165085695784,0.102533350326949,0.119933842615491,0.135479594552608,0.168456823020187
750,110,"alpha1",0.362774722838406,0.358154348205881,0.0619458777224341,0.250338107822283,0.319740142333645,0.358154348205881,0.402185116773438,0.494365723538947
750,110,"beta1",0.211610232140145,0.19849272654074,0.0996422028110719,0.0525718397138597,0.134858942813024,0.19849272654074,0.279448599497785,0.421096073456931
750,111,"alpha0",0.101194993134049,0.0966321151115911,0.0385360786678632,0.0326967541061367,0.0738102746110288,0.0966321151115911,0.127855463236965,0.173182821602589
750,111,"alpha1",0.243690328471617,0.241715198390156,0.0551490302676778,0.143946789279718,0.203678958744782,0.241715198390156,0.282099285818266,0.355609233545138
750,111,"beta1",0.374921920854855,0.384675464183003,0.156556225196428,0.0758519230720535,0.255007178140442,0.384675464183003,0.485487762751939,0.708780300143938
750,112,"alpha0",0.105126056231544,0.10585081795106,0.0250510315416031,0.0627025212171142,0.0931311605995826,0.10585081795106,0.116004560781985,0.14273607276623
750,112,"alpha1",0.321508617415346,0.320221229261616,0.0633716721702226,0.207980576370623,0.275530236158627,0.320221229261616,0.363795241527644,0.452666989608501
750,112,"beta1",0.272692621725535,0.265085352191493,0.0912821983197948,0.112332792167591,0.214914935939387,0.265085352191493,0.317651870385276,0.486757076936227
750,113,"alpha0",0.0771248045024151,0.0747996766700469,0.028909518179684,0.0414533513231654,0.0601618207086185,0.0747996766700469,0.0888697879755004,0.123726653329204
750,113,"alpha1",0.220649687681495,0.218508428074752,0.0524338609258336,0.129768243694694,0.184012274911767,0.218508428074752,0.250647525504874,0.337758373227268
750,113,"beta1",0.388294810086503,0.395791102049595,0.122871447269291,0.113702866202454,0.310225950085637,0.395791102049595,0.471691548416629,0.608074218681358
750,114,"alpha0",0.1092527465989,0.106055351412202,0.02772111290919,0.068478642592647,0.0927177762711262,0.106055351412202,0.122609150787128,0.155581986658083
750,114,"alpha1",0.305478366096137,0.303269499296166,0.0599612198178409,0.193755721501229,0.265078205638909,0.303269499296166,0.346355442490936,0.426293857027365
750,114,"beta1",0.280397951571692,0.277401097921078,0.100673423072267,0.100614870491891,0.21017143648471,0.277401097921078,0.354311769723834,0.480865713120749
750,115,"alpha0",0.084032162067236,0.0811853597176376,0.0299756481163354,0.0497462852447358,0.0666608304040771,0.0811853597176376,0.0955069059255099,0.128425607267724
750,115,"alpha1",0.312728970442688,0.310326663983516,0.0573612847540049,0.208850254328146,0.272105035511704,0.310326663983516,0.349147784075943,0.433075474949242
750,115,"beta1",0.415991751137956,0.417067801381475,0.0945809448610393,0.212476424649265,0.355056381427945,0.417067801381475,0.48610671696533,0.580595064379871
750,116,"alpha0",0.137732292995583,0.138646043117299,0.0257344263267757,0.0924182627746386,0.123578165381923,0.138646043117299,0.152375390811969,0.175848513948648
750,116,"alpha1",0.305160901406018,0.303460850081431,0.0552679976780751,0.20274228239653,0.267938946119522,0.303460850081431,0.340402441158474,0.419251454369399
750,116,"beta1",0.147243948677333,0.134387267406141,0.0923199648968314,0.0111313554982979,0.0776032437765817,0.134387267406141,0.204367023342401,0.360056891405048
750,117,"alpha0",0.0907117306906336,0.089155963782948,0.0256751186057754,0.0548084971303579,0.0760535123599223,0.089155963782948,0.103214818626565,0.129546961916748
750,117,"alpha1",0.309086139503693,0.307162972538844,0.0595960488882178,0.201603926669178,0.26775036041406,0.307162972538844,0.348948526540693,0.434416243387509
750,117,"beta1",0.282411300291022,0.283575928150445,0.0994447567294831,0.0909990606537258,0.212952931359775,0.283575928150445,0.350320736278641,0.471920506135761
750,118,"alpha0",0.116201417131323,0.114317706688613,0.0275931555232967,0.079489520599799,0.10016909934827,0.114317706688613,0.129083191725961,0.155128357087031
750,118,"alpha1",0.389076424348827,0.385917650504098,0.0606175974192468,0.275926783669023,0.346438920605037,0.385917650504098,0.429471997186509,0.513546860939419
750,118,"beta1",0.223642282951293,0.222742862732038,0.0806428318327804,0.0826771333726171,0.163795179259131,0.222742862732038,0.277732945130477,0.385707858988754
750,119,"alpha0",0.135891928727403,0.136489466748977,0.0226493558322858,0.0912378524314635,0.122182082038099,0.136489466748977,0.149300812088377,0.171969740535214
750,119,"alpha1",0.337690823496601,0.336464088671715,0.0587177285873453,0.230218540638728,0.295867313850431,0.336464088671715,0.377056398024759,0.458278077738179
750,119,"beta1",0.159269534278079,0.148701098773048,0.0840062322696133,0.0281435463958763,0.0969361054560599,0.148701098773048,0.208890168786223,0.358925331272446
750,120,"alpha0",0.0917599459478849,0.0908117218794318,0.0325677580963683,0.039296878206585,0.0742849434271373,0.0908117218794318,0.107416987026578,0.137572383228162
750,120,"alpha1",0.278978654414846,0.274669250010197,0.0645315067125223,0.16219790477747,0.235128666726664,0.274669250010197,0.320007433892887,0.414816107444512
750,120,"beta1",0.332854838183403,0.324975363864403,0.134019287746219,0.118198826603213,0.229036920419449,0.324975363864403,0.416100029509227,0.641230875631928
750,121,"alpha0",0.165709013456908,0.167501310031351,0.0277287807335464,0.112344406941427,0.152105655519269,0.167501310031351,0.180300494661385,0.201911519352026
750,121,"alpha1",0.291396732577594,0.287515125342503,0.0578759415087869,0.185848310801113,0.251701919711628,0.287515125342503,0.328765553762025,0.416701484968141
750,121,"beta1",0.10006916663166,0.0809501428430004,0.0793153514833198,0.00561259068530011,0.0388764187174144,0.0809501428430004,0.139871504484316,0.304862280723579
750,122,"alpha0",0.115674182462507,0.112320700725681,0.0301491444157586,0.074674013707524,0.0967586568006327,0.112320700725681,0.129197262230866,0.175969621168472
750,122,"alpha1",0.355892426790711,0.352522691137169,0.0668515629005589,0.232807706704859,0.309886822373181,0.352522691137169,0.399227903045447,0.497825293607994
750,122,"beta1",0.26518498313092,0.266047420712238,0.092915039902408,0.0800221202709205,0.201475636237012,0.266047420712238,0.330443218487042,0.443074058698181
750,123,"alpha0",0.114897146494286,0.111966488346229,0.0259407251227674,0.0779157185194914,0.0996674243763155,0.111966488346229,0.126978452455813,0.158075796833025
750,123,"alpha1",0.379169270420081,0.377817843266008,0.06758133816085,0.25650198573592,0.331787515884886,0.377817843266008,0.424043065440921,0.512803115843776
750,123,"beta1",0.232820918398365,0.232680248463953,0.0846769976223932,0.0809837586687478,0.168667201787344,0.232680248463953,0.29326676997207,0.398641765119967
750,124,"alpha0",0.0999203045182643,0.0998230396556532,0.0260070183622968,0.0604160955759518,0.0868667006920228,0.0998230396556532,0.110813125353163,0.135132054291332
750,124,"alpha1",0.283910031739956,0.278828831009323,0.0648875963494052,0.168331828322011,0.238361645496839,0.278828831009323,0.326381305853914,0.422056698415425
750,124,"beta1",0.294895100191439,0.282918361514472,0.0966655278340159,0.136694223419111,0.225307024710059,0.282918361514472,0.353724380674637,0.515389567863819
750,125,"alpha0",0.0945977452732681,0.0911007804844529,0.0266060436575722,0.0576534018026187,0.0786408757898593,0.0911007804844529,0.108383421203909,0.138659820829877
750,125,"alpha1",0.294580101923703,0.293684517324838,0.057395758572831,0.184828573760436,0.25506471949201,0.293684517324838,0.33246774907373,0.410459959139076
750,125,"beta1",0.321525501015145,0.320397125232904,0.100692678483429,0.13808517209887,0.246109363964768,0.320397125232904,0.391679635701266,0.516608837669017
750,126,"alpha0",0.12075497589444,0.121819483203114,0.0304022118293757,0.0651717514002428,0.106987022153089,0.121819483203114,0.136062955748944,0.161062737529429
750,126,"alpha1",0.233703469926993,0.226517014462284,0.0670968460251717,0.119369212067549,0.184837889136585,0.226517014462284,0.273488569603053,0.385215183114471
750,126,"beta1",0.230019002819307,0.211834984660487,0.121886174527077,0.0606437715991816,0.13495627895936,0.211834984660487,0.296853148863777,0.528866980164238
750,127,"alpha0",0.134457191174574,0.133601853670449,0.0256554752366043,0.0903245446985283,0.119538749193187,0.133601853670449,0.147955624861555,0.17339872307022
750,127,"alpha1",0.306678727236112,0.301360081913164,0.0625409032685275,0.194883375952555,0.262726542777174,0.301360081913164,0.345692764154321,0.445517650336159
750,127,"beta1",0.162259008625916,0.153598410964208,0.0911399840013589,0.0180010169587591,0.093294680525145,0.153598410964208,0.220661141814078,0.368653926633761
750,128,"alpha0",0.0944481866041388,0.0900360829499783,0.0302449848469157,0.0543140195836792,0.0776464261743898,0.0900360829499783,0.107216046778394,0.146904898928508
750,128,"alpha1",0.254338868562027,0.252326970746422,0.0512440051049829,0.157969219673858,0.218345401491863,0.252326970746422,0.288680763827166,0.357326447495152
750,128,"beta1",0.38390422963454,0.395815802913919,0.109317756985221,0.152733588649583,0.308360388152715,0.395815802913919,0.463072104238363,0.574054897043387
750,129,"alpha0",0.0954489267819214,0.0908625793284439,0.0333594060569712,0.051587436118436,0.0739901430081061,0.0908625793284439,0.111470853255645,0.152980113409752
750,129,"alpha1",0.241200310215974,0.234448785165915,0.0598550384423495,0.146116462406878,0.200367214044787,0.234448785165915,0.272936355885861,0.379128847972565
750,129,"beta1",0.345893675092284,0.358696599652675,0.139066072757209,0.0612570194187445,0.249508875328364,0.358696599652675,0.453646414163524,0.58381563782359
750,130,"alpha0",0.0881714871270368,0.087158691730601,0.0244631819091465,0.0578402208948233,0.0770141540477737,0.087158691730601,0.0970231395677318,0.115741158143378
750,130,"alpha1",0.332559468184502,0.327747640438857,0.0669736102724566,0.213452224281239,0.283909623450065,0.327747640438857,0.377529120436841,0.472171947007032
750,130,"beta1",0.329155076195398,0.321425483009558,0.0824184401658298,0.183554629115708,0.267945087689983,0.321425483009558,0.386428049250787,0.500461492479592
750,131,"alpha0",0.0889170239068047,0.0858192007878401,0.028950727228341,0.0475330320413781,0.0740408148454388,0.0858192007878401,0.10059539000334,0.133723215576705
750,131,"alpha1",0.286860928137125,0.283151916861562,0.0595301826779349,0.181390021836751,0.243879253110215,0.283151916861562,0.323880048997564,0.413705303900104
750,131,"beta1",0.365107185521813,0.366267077918609,0.104356419728896,0.168325371026505,0.296265048988993,0.366267077918609,0.434087880347552,0.572369755606685
750,132,"alpha0",0.124009803379569,0.125419051921746,0.0346047725869779,0.0658882909686326,0.103566031195741,0.125419051921746,0.144444202295183,0.172961206906353
750,132,"alpha1",0.364043000894993,0.364361910402525,0.0695114545269965,0.229169680812047,0.314384743969112,0.364361910402525,0.4151996830117,0.494928824114551
750,132,"beta1",0.200886089839091,0.187324625989016,0.122833893163798,0.0122686948717177,0.105639936476346,0.187324625989016,0.275159507646763,0.49097831904748
750,133,"alpha0",0.107372993648461,0.107759763230383,0.0277559295893538,0.0571256742423562,0.0926420001715174,0.107759763230383,0.121677266563084,0.150079693025983
750,133,"alpha1",0.21972460505733,0.219173692216383,0.0549637420988615,0.118345971755641,0.181824260502776,0.219173692216383,0.2530820325879,0.330810983747451
750,133,"beta1",0.245502003536388,0.229345619983987,0.12192885949156,0.0507171483063773,0.159582933227758,0.229345619983987,0.313682118850203,0.536883386716194
750,134,"alpha0",0.102418599045899,0.0997799907873142,0.0278868853729463,0.0628299540770021,0.0868244706343113,0.0997799907873142,0.115198844554911,0.145501158816104
750,134,"alpha1",0.360136809977301,0.357579823750438,0.0639010984121857,0.246653150130203,0.313943225757031,0.357579823750438,0.402107292689218,0.490893976305734
750,134,"beta1",0.275189382526169,0.278564074516909,0.103147784356351,0.0751091107520708,0.199604006154074,0.278564074516909,0.344021659184606,0.480488694446785
750,135,"alpha0",0.154110626590194,0.15415128218814,0.0184626048991812,0.12357189756015,0.143358590589315,0.15415128218814,0.164032917768215,0.181550202025717
750,135,"alpha1",0.349377144384038,0.347146534011688,0.0642852525718737,0.232343149171733,0.303394182450963,0.347146534011688,0.392663951654357,0.483592163579381
750,135,"beta1",0.0559279647339524,0.0436687953282332,0.0465586351930874,0.00183402053871115,0.0209351486210274,0.0436687953282332,0.0814050440219114,0.174397542754899
750,136,"alpha0",0.095746219363979,0.0945370775488347,0.0242745220120291,0.0620204525915963,0.0832037640800178,0.0945370775488347,0.106514956011632,0.128513489370094
750,136,"alpha1",0.298250393599247,0.294338800304363,0.0589325600977973,0.19460852062857,0.258955609646471,0.294338800304363,0.331669412507473,0.424851305196304
750,136,"beta1",0.296362968452357,0.294291307595977,0.0934889262726054,0.12501288151225,0.232357966453263,0.294291307595977,0.359908473504579,0.480823476401883
750,137,"alpha0",0.138021733144301,0.138918166274744,0.0269955267365725,0.0931777152843078,0.122437558865523,0.138918166274744,0.152803634599058,0.17356859417327
750,137,"alpha1",0.335535451430196,0.328167953188238,0.0802521574317069,0.200671608708118,0.276343957283555,0.328167953188238,0.389388040514729,0.500313979793583
750,137,"beta1",0.138091466888048,0.121216933478813,0.0986936108945663,0.00623861541643392,0.0557279264671444,0.121216933478813,0.203605664261346,0.36535370067832
750,138,"alpha0",0.11172541745072,0.111031332099908,0.0230388374630941,0.0772299601876303,0.0990550674079178,0.111031332099908,0.122590940549399,0.14805345374017
750,138,"alpha1",0.409770737822471,0.407271498212647,0.069143403634316,0.284052752602683,0.359079690860431,0.407271498212647,0.455936034456288,0.554167151892112
750,138,"beta1",0.18298140773017,0.173083696079299,0.0784795356382394,0.0509762610484625,0.124207380346492,0.173083696079299,0.236282331850025,0.352633337607998
750,139,"alpha0",0.0968009905264251,0.0920748161618494,0.0367817539226852,0.0524472666546552,0.0782918298488405,0.0920748161618494,0.106694232143544,0.160638056437824
750,139,"alpha1",0.290133792911953,0.288546065956896,0.0611336579119895,0.176559285893241,0.248924094799614,0.288546065956896,0.328056072567358,0.415536649685837
750,139,"beta1",0.36871386536526,0.372165544658907,0.116953763875125,0.115532180894708,0.299296586469448,0.372165544658907,0.440756712925162,0.604391927120982
750,140,"alpha0",0.112728047318624,0.109939644640384,0.0263604814727652,0.0747952464137703,0.0963091053312304,0.109939644640384,0.1264553723252,0.156300230913945
750,140,"alpha1",0.320400107291884,0.318195427249975,0.0633289437763774,0.208832586057366,0.275665635391562,0.318195427249975,0.360729875380761,0.448482398489134
750,140,"beta1",0.280169108351677,0.285084760935014,0.0952289883596935,0.0928845603177356,0.214587088850041,0.285084760935014,0.342270897374009,0.472249864108156
750,141,"alpha0",0.123532122107387,0.122493435895658,0.0281974853280923,0.0802862247472602,0.108689337437653,0.122493435895658,0.136534923350704,0.165371304544278
750,141,"alpha1",0.309590015605714,0.306731598340851,0.0653890599278471,0.192480245031803,0.264990077346298,0.306731598340851,0.35079213891268,0.450571932600822
750,141,"beta1",0.267879079582937,0.263779681019078,0.0898301814196538,0.10966902258573,0.202849444454393,0.263779681019078,0.32411064414088,0.473073937270646
750,142,"alpha0",0.119960535700145,0.119459937576337,0.027931375931729,0.0731337578569838,0.104143060237163,0.119459937576337,0.135315761626684,0.159597615538323
750,142,"alpha1",0.338073739627904,0.332636345531171,0.0603182913163005,0.232375480582611,0.294951219664803,0.332636345531171,0.3763445549289,0.46597644393345
750,142,"beta1",0.171788114998752,0.155014472273284,0.104074206888275,0.0148341135585727,0.0918363132488992,0.155014472273284,0.243773254333603,0.398558221266792
750,143,"alpha0",0.112012570415271,0.109378039609587,0.0280969064524219,0.0759491555751365,0.0963115908954091,0.109378039609587,0.12377347499526,0.154215331720586
750,143,"alpha1",0.409885843045516,0.406913929455606,0.0739668354552687,0.275286217549285,0.356220226517687,0.406913929455606,0.463071236098593,0.558213273747449
750,143,"beta1",0.174028914400172,0.180377747250281,0.0913096305348819,0.00746702387854376,0.109654762846155,0.180377747250281,0.238457948170222,0.344759105013361
750,144,"alpha0",0.0695746875538313,0.0666420043247203,0.0258597497298259,0.0394765564959914,0.0564460182463189,0.0666420043247203,0.0781966361410416,0.112894444109497
750,144,"alpha1",0.329283329255388,0.325397024684476,0.0652486672716583,0.213391555982304,0.282425115658209,0.325397024684476,0.373987277938174,0.463530829471906
750,144,"beta1",0.424286449607111,0.42870802451236,0.0942746191404196,0.229787451626086,0.357915767007896,0.42870802451236,0.488968422670524,0.599883036594278
750,145,"alpha0",0.0799651476115992,0.0765113991477932,0.0253162157931871,0.048379303075227,0.0638102177500607,0.0765113991477932,0.0919560097082444,0.126298588695963
750,145,"alpha1",0.237060820196121,0.23323148834589,0.0550805374375256,0.142611693585063,0.200313816700718,0.23323148834589,0.267450589063404,0.363212985901528
750,145,"beta1",0.458928453859447,0.470237662030502,0.0997881581870938,0.235976555736805,0.395855280626387,0.470237662030502,0.533821164445325,0.621834779846468
750,146,"alpha0",0.102438183984674,0.101926008211635,0.02092591497111,0.0716587856087618,0.0907919143068213,0.101926008211635,0.112558500218279,0.133771715942447
750,146,"alpha1",0.364941629627047,0.362213531539691,0.0552824426309745,0.267446044211735,0.325740572425794,0.362213531539691,0.401529979593529,0.481422312162795
750,146,"beta1",0.272981303048652,0.269331278130349,0.0696740166054924,0.138289732144319,0.225018802049821,0.269331278130349,0.31921468230724,0.416208799312398
750,147,"alpha0",0.105964672151605,0.103753071326556,0.0277433202646239,0.0662648956638213,0.0888307480246184,0.103753071326556,0.120313057140294,0.149591703136444
750,147,"alpha1",0.319458118103457,0.316416787696663,0.0583907138165535,0.210005657279713,0.280404095196563,0.316416787696663,0.355906539716002,0.444235238388859
750,147,"beta1",0.294698210420301,0.289665101924544,0.0970325476620488,0.113906891356415,0.223792405308397,0.289665101924544,0.36439383230801,0.483321757165106
750,148,"alpha0",0.127936410310245,0.128142602227125,0.0259962011658482,0.0795173649223618,0.114759323355617,0.128142602227125,0.141679000933772,0.161188742490182
750,148,"alpha1",0.333478521731391,0.328388013722617,0.0663992463196525,0.215368532097095,0.288305871734344,0.328388013722617,0.374681865091107,0.479057118239213
750,148,"beta1",0.135460422354122,0.115738032402346,0.0972224802136812,0.0149659601831917,0.0572820323793443,0.115738032402346,0.193046440280722,0.398876946321532
750,149,"alpha0",0.109064613447294,0.107706825686744,0.0314648491331384,0.0611498365120187,0.0918383971393766,0.107706825686744,0.122369609804365,0.157659584285475
750,149,"alpha1",0.284846532814271,0.282043898886502,0.0553864279178425,0.18465579303549,0.245047645277896,0.282043898886502,0.320836692909582,0.40180898772279
750,149,"beta1",0.306932670724575,0.302953647176329,0.103542142706879,0.10292677030122,0.238835867264484,0.302953647176329,0.372351076952215,0.538082286086674
750,150,"alpha0",0.0984755820522254,0.0968595993902206,0.0254051442125442,0.0649222652070418,0.085082967804147,0.0968595993902206,0.109480670839512,0.130616167839986
750,150,"alpha1",0.396721301709482,0.393396692215406,0.0618936820857614,0.281320760547633,0.354647050735748,0.393396692215406,0.436730719470123,0.523459020568392
750,150,"beta1",0.209893183704673,0.203741860371554,0.0833269785491898,0.0707902071479895,0.146928016199031,0.203741860371554,0.264406870008461,0.390634233506241
750,151,"alpha0",0.0981687630375356,0.0957933009582549,0.0284454543916223,0.0623946540885287,0.0818554167490165,0.0957933009582549,0.110188827334997,0.141108581372818
750,151,"alpha1",0.278327078382998,0.274264431297599,0.0585224406709613,0.172753184245031,0.237388837271833,0.274264431297599,0.316040230093031,0.405329993473434
750,151,"beta1",0.297837986640439,0.296076156850809,0.104149973812436,0.0996116561391555,0.227020515001956,0.296076156850809,0.370270995916787,0.498042981900367
750,152,"alpha0",0.106069828703167,0.106792415186019,0.0338222647415163,0.0436174315644042,0.0870286086509158,0.106792415186019,0.12409504423934,0.150324867811765
750,152,"alpha1",0.219671931194955,0.216646785314642,0.0562568285215445,0.120432970651286,0.180153012508021,0.216646785314642,0.255488306908286,0.340321058299226
750,152,"beta1",0.255427913901863,0.236143061209993,0.145575326936636,0.0322530231747395,0.14127419736584,0.236143061209993,0.346295407705987,0.59732285066618
750,153,"alpha0",0.105794080920508,0.104247505786383,0.0233892523991904,0.0717270764905081,0.0927532899199468,0.104247505786383,0.116397008998445,0.140597766633564
750,153,"alpha1",0.406495538713912,0.404030460511842,0.0669435358659572,0.290133035515921,0.361917425846211,0.404030460511842,0.448268228314101,0.544410995442493
750,153,"beta1",0.23298042217713,0.230278595396088,0.0736557131237185,0.099875776595959,0.179639247852278,0.230278595396088,0.282846562100391,0.380583954262044
750,154,"alpha0",0.117472141866803,0.120690233260296,0.0310068828148843,0.0590380215459013,0.0977183352188998,0.120690233260296,0.136725764616084,0.160316226802257
750,154,"alpha1",0.303721502856566,0.300373327755183,0.0604156233512972,0.199263522254062,0.260142733016699,0.300373327755183,0.34221144727456,0.431109463190871
750,154,"beta1",0.19918536993083,0.169787537844049,0.132734269495913,0.0183194828712996,0.095598764967247,0.169787537844049,0.291524130952576,0.508499634910151
750,155,"alpha0",0.127195577160053,0.126348004146331,0.024313445038135,0.0860521550144111,0.112733444720511,0.126348004146331,0.140457862924432,0.166894623014967
750,155,"alpha1",0.332276528972261,0.331704650134589,0.0605093322948288,0.216338298342647,0.289927436911013,0.331704650134589,0.374146775516914,0.447377951238813
750,155,"beta1",0.214051789374047,0.205944193475465,0.0818196541903669,0.0768550012671832,0.155644293109818,0.205944193475465,0.263604150678514,0.394931227687213
750,156,"alpha0",0.0966094345549787,0.0959480333305992,0.0221936787050291,0.0611363885594784,0.0853180878144723,0.0959480333305992,0.106679123328985,0.130656525162525
750,156,"alpha1",0.218117350813608,0.215112817756,0.0514283590433901,0.126089703872295,0.181780225883591,0.215112817756,0.250146712538406,0.335739116771762
750,156,"beta1",0.365018734377875,0.361071411747019,0.0891817214498428,0.197147532145374,0.302681162653993,0.361071411747019,0.419730784719489,0.54734181029858
750,157,"alpha0",0.113586687556844,0.112080532882995,0.0238191579710927,0.0778993178109895,0.101668571488834,0.112080532882995,0.1235329275216,0.150111933526654
750,157,"alpha1",0.396989306776011,0.392781377052507,0.0697961004796956,0.2708968000029,0.347769840284838,0.392781377052507,0.445295955295312,0.535532475661035
750,157,"beta1",0.174551870449321,0.166199822129008,0.084421062984812,0.023990321345098,0.117128226761198,0.166199822129008,0.222526490507694,0.37177013581163
750,158,"alpha0",0.101013203214987,0.0998172292627075,0.0298774438558761,0.0569136982848955,0.0839706689563346,0.0998172292627075,0.116076986834622,0.144676474304748
750,158,"alpha1",0.296602874451566,0.291520221000464,0.0665900620333559,0.18262793180276,0.249886839067188,0.291520221000464,0.338610399629446,0.437192594980938
750,158,"beta1",0.306265405162346,0.306678007490883,0.119456250054208,0.102526960882117,0.21182617775834,0.306678007490883,0.385084203459724,0.551934084935276
750,159,"alpha0",0.115477268412626,0.114407737823325,0.0283155775830628,0.0695306363141362,0.100012435177415,0.114407737823325,0.129739520748126,0.159501585116795
750,159,"alpha1",0.315360899808214,0.309679498371215,0.0625598843212118,0.204417977135878,0.273446858949726,0.309679498371215,0.355348358944943,0.45174969211044
750,159,"beta1",0.297259720104871,0.294743327398008,0.0969483745730131,0.118533522970061,0.227666755478488,0.294743327398008,0.355564687446611,0.511010722432556
750,160,"alpha0",0.0792971520314819,0.076933315188082,0.0259956724223487,0.0471554532579365,0.067317100246305,0.076933315188082,0.0882926187158145,0.108468420594181
750,160,"alpha1",0.352518928364283,0.351583617862127,0.0593349213343138,0.241790005548145,0.310926557555529,0.351583617862127,0.392687903075434,0.472011168375377
750,160,"beta1",0.369856118409648,0.367643706941032,0.0855080595805721,0.223336523321985,0.313305661549825,0.367643706941032,0.424577362978216,0.544526276703483
750,161,"alpha0",0.108583720770673,0.10748460463996,0.0264949744747557,0.0654780633755748,0.0921620796073907,0.10748460463996,0.123236469244419,0.153241908487019
750,161,"alpha1",0.35121965654681,0.348094040076612,0.0610542606785662,0.240142883202671,0.307674244789038,0.348094040076612,0.390005403155809,0.478213667081705
750,161,"beta1",0.275262256227637,0.272485599687273,0.0978339303840357,0.0977840094119539,0.204040444325049,0.272485599687273,0.34318414185851,0.469043869873011
750,162,"alpha0",0.0940266857092695,0.0945717854537352,0.0237047880417362,0.0530883969284376,0.0788843140800888,0.0945717854537352,0.108577132096877,0.131123042911725
750,162,"alpha1",0.312267805353481,0.308777146592513,0.0658165160661899,0.196808803933277,0.264339238896261,0.308777146592513,0.35534131443137,0.455130052535442
750,162,"beta1",0.293441441602934,0.280715042903531,0.113893664171237,0.114896101086716,0.203841725915622,0.280715042903531,0.365974164703536,0.528666068446985
750,163,"alpha0",0.103307057939417,0.100308660648059,0.0318550097361966,0.0590250884150196,0.0831058376211222,0.100308660648059,0.117157363282982,0.165262104376786
750,163,"alpha1",0.2629134383674,0.257832999606452,0.0608182405861502,0.156799403059971,0.220785679205922,0.257832999606452,0.298741277964844,0.395245117498074
750,163,"beta1",0.323679494116002,0.332612302521152,0.118686556539455,0.0675187040231576,0.251618451265001,0.332612302521152,0.405067925584506,0.543991144879659
750,164,"alpha0",0.119890595113171,0.120412561455203,0.031015860361733,0.0672855326124534,0.099028993708883,0.120412561455203,0.139439905717202,0.165859075826729
750,164,"alpha1",0.237764867536533,0.23181648745316,0.0641946986285401,0.133251969757375,0.193919835118702,0.23181648745316,0.275060072302907,0.38908921886931
750,164,"beta1",0.228377905722586,0.218570400421174,0.138290627398574,0.00906430587748398,0.117970937832625,0.218570400421174,0.326259109390666,0.518451829892008
750,165,"alpha0",0.138030792075995,0.138100473796254,0.0262399497672329,0.0889959011115424,0.122875079077241,0.138100473796254,0.152070839059958,0.180878015722459
750,165,"alpha1",0.361279672336047,0.356295506084241,0.0698947370894415,0.239833694457556,0.312495558238915,0.356295506084241,0.403115284564716,0.514063574792841
750,165,"beta1",0.162072458390394,0.154735915941566,0.0878008580758524,0.0169535932706309,0.101988309614697,0.154735915941566,0.214338948408339,0.363047547442913
750,166,"alpha0",0.0869991382794511,0.085660102110891,0.032541471291838,0.0350876042343927,0.0703180039146866,0.085660102110891,0.0998022284526421,0.142170218533072
750,166,"alpha1",0.201193211835513,0.19663741936209,0.0568571804890544,0.101724147447261,0.160343501929645,0.19663741936209,0.239357158841952,0.319412904380798
750,166,"beta1",0.426740334714794,0.42524405809497,0.131456858360103,0.16568981094617,0.337887782761885,0.42524405809497,0.507013807954797,0.706361501177189
750,167,"alpha0",0.089797548758014,0.0879405452754151,0.027009539948736,0.0584361254465198,0.0779200508416718,0.0879405452754151,0.0984503730050504,0.119539295945152
750,167,"alpha1",0.356142081612651,0.351594322717806,0.063816709162106,0.238189164107447,0.31171966799282,0.351594322717806,0.397832105288669,0.489579089318192
750,167,"beta1",0.304039871869482,0.303340103392654,0.0800209135990944,0.156982233853208,0.247289495984566,0.303340103392654,0.357460855462206,0.467259626671174
750,168,"alpha0",0.116595572854114,0.114909152124521,0.0264491144269203,0.0767694650620331,0.101260342407327,0.114909152124521,0.128264404606137,0.162100082056928
750,168,"alpha1",0.248112796522099,0.242601211621355,0.0553823557973866,0.154768488509032,0.209545312632249,0.242601211621355,0.280916961503923,0.375608686122417
750,168,"beta1",0.313128742288838,0.313116343697689,0.0928489551673354,0.133763918150121,0.249185156185463,0.313116343697689,0.373983412481275,0.503247956139489
750,169,"alpha0",0.118746360272076,0.114525773287076,0.0289773380823413,0.0792399622221106,0.100125576404617,0.114525773287076,0.132959137022286,0.171021573358493
750,169,"alpha1",0.399112830700477,0.399314529258746,0.0639297423522496,0.279039122182235,0.355154999395441,0.399314529258746,0.439949534335884,0.528607126515662
750,169,"beta1",0.23261175052254,0.239166301361617,0.0872685876848867,0.0602211854972002,0.175938480340969,0.239166301361617,0.291915650426412,0.396375570330616
750,170,"alpha0",0.134361635339197,0.131081249113125,0.0347753234355577,0.0749280243450668,0.109569191140321,0.131081249113125,0.156843124418031,0.199486776212622
750,170,"alpha1",0.166271264362955,0.162264784969111,0.0549866050369655,0.0709378997053841,0.126013149513359,0.162264784969111,0.201916001598578,0.280304406911988
750,170,"beta1",0.268067032979953,0.280506234626973,0.130324615635381,0.0196564765987772,0.170057408666181,0.280506234626973,0.36130154447569,0.507962694464084
750,171,"alpha0",0.0809027614024494,0.0807464742354885,0.0257571333540418,0.0359418658490663,0.0680578745275681,0.0807464742354885,0.0925655621625458,0.121117394729449
750,171,"alpha1",0.307832769419231,0.30379942445303,0.0573950717344796,0.204683954424142,0.269121902139897,0.30379942445303,0.343759470097422,0.433018175851132
750,171,"beta1",0.373114927287107,0.367627297664089,0.107201784317149,0.178574207351359,0.30109387397874,0.367627297664089,0.438902242291749,0.619498542863947
750,172,"alpha0",0.10631567282917,0.104320917015794,0.0296173708195703,0.0697994410799765,0.092211262920371,0.104320917015794,0.117614632618423,0.140696558827792
750,172,"alpha1",0.377433593219003,0.374262672076684,0.0702978507345558,0.253074668445857,0.325932199126054,0.374262672076684,0.425542252492408,0.522725610038067
750,172,"beta1",0.206297261224177,0.201786511819276,0.089491309764748,0.0535130709860624,0.138093187897301,0.201786511819276,0.267818654194845,0.398249821217569
750,173,"alpha0",0.10488693507282,0.102421159312553,0.0334605726475597,0.0509105713600664,0.0821525968465075,0.102421159312553,0.124367222071835,0.165580538953927
750,173,"alpha1",0.207298650123994,0.202883045043257,0.0620684609009797,0.103979699825918,0.162253148694053,0.202883045043257,0.245716536418793,0.344035108974354
750,173,"beta1",0.294665103999461,0.291865974978862,0.159503541807669,0.0204954586691781,0.170356014618637,0.291865974978862,0.415100224163948,0.620238763170802
750,174,"alpha0",0.119501577748265,0.11973942996411,0.0309861253571725,0.066857480569307,0.101755873276111,0.11973942996411,0.135064695398127,0.162104033957612
750,174,"alpha1",0.27801091179814,0.273022834544856,0.0566456968501361,0.180523111186853,0.239892330095845,0.273022834544856,0.312752297789866,0.39635054350734
750,174,"beta1",0.191704433778829,0.17241423042339,0.121621418167188,0.0114777936261089,0.10118168320664,0.17241423042339,0.272855602020883,0.47048991510907
750,175,"alpha0",0.118440113889161,0.118886848918268,0.0226538017339808,0.0807670457322787,0.106985643063067,0.118886848918268,0.129964836369652,0.14946431657918
750,175,"alpha1",0.292265135647397,0.28523891853643,0.0678499291409923,0.179150238392549,0.244954846772121,0.28523891853643,0.334029984037012,0.439000795456768
750,175,"beta1",0.15222062220338,0.143058991605717,0.0914621619852457,0.0179108809972626,0.0831575882513926,0.143058991605717,0.203553630429722,0.354146159432825
750,176,"alpha0",0.150930411528859,0.152084236558053,0.024177102896309,0.107423086579947,0.136394877063387,0.152084236558053,0.165426529944452,0.185848412560853
750,176,"alpha1",0.295044183527462,0.292962448996786,0.057244141698682,0.190013420080401,0.254527199545144,0.292962448996786,0.331918627007658,0.415942227858407
750,176,"beta1",0.118297103662237,0.0981578096056435,0.0826775809353979,0.0114337729323678,0.0531090324317518,0.0981578096056435,0.171017419573202,0.321299817707094
750,177,"alpha0",0.104311545497401,0.102982577268919,0.024540888005603,0.0685463359403584,0.0907994018192295,0.102982577268919,0.115715912056898,0.140015581145789
750,177,"alpha1",0.38280920454398,0.378832468559742,0.0633543409909909,0.267575652943399,0.338247849095312,0.378832468559742,0.424181337833996,0.515824243939457
750,177,"beta1",0.209397414472703,0.20370985611039,0.0839798349380229,0.0655501527330219,0.148218950521844,0.20370985611039,0.267065443549409,0.383577986558662
750,178,"alpha0",0.120652267545005,0.119845416993958,0.0294137947813142,0.0758612771252773,0.102837378933292,0.119845416993958,0.135149324912389,0.1696959781693
750,178,"alpha1",0.338414543770482,0.338668393042662,0.0634597888630322,0.216104679190091,0.294687999349805,0.338668393042662,0.379759206058061,0.469032024221388
750,178,"beta1",0.269775768135421,0.265248633890247,0.0943148671510166,0.10000171157327,0.198546687166554,0.265248633890247,0.338982661345747,0.459723536037319
750,179,"alpha0",0.082345181049792,0.078895126857,0.0303265620312162,0.0498895108079283,0.06581262721395,0.078895126857,0.0919619230123554,0.13547652783088
750,179,"alpha1",0.319332171331466,0.31508783166259,0.062387197711476,0.214120301476637,0.273798714993434,0.31508783166259,0.359208887014875,0.449607215531522
750,179,"beta1",0.374839136035462,0.379738965850686,0.0983423378395103,0.155016238689206,0.319065635476778,0.379738965850686,0.442146034462884,0.539658068730457
750,180,"alpha0",0.0923478712841582,0.0918264748015887,0.033097075748504,0.0420936367194673,0.0721178733208565,0.0918264748015887,0.109141966226384,0.139790739702585
750,180,"alpha1",0.348357824693937,0.346850509972917,0.069474483863975,0.223825163613623,0.299503128240146,0.346850509972917,0.39200381544738,0.493992302011491
750,180,"beta1",0.325858369786628,0.310575409665402,0.127242708008439,0.111422595868843,0.232609285660702,0.310575409665402,0.418326173374718,0.592724375902252
750,181,"alpha0",0.143465393703057,0.144827501346899,0.0263176951201092,0.0975704119580693,0.127848462542252,0.144827501346899,0.158331927756485,0.181022501789723
750,181,"alpha1",0.316034899588603,0.313797712652983,0.0652694305882843,0.195336224514898,0.272358453506868,0.313797712652983,0.357531385811846,0.44987574889569
750,181,"beta1",0.145818854827552,0.129227491536229,0.0875318850493349,0.0241661673373349,0.075678532496735,0.129227491536229,0.201614360366112,0.343852214866292
750,182,"alpha0",0.105810904088024,0.104535320335903,0.0252018371411093,0.0718204303462142,0.0921439028663904,0.104535320335903,0.116623852110502,0.144270509280848
750,182,"alpha1",0.345034147732586,0.34367269250723,0.062735791974214,0.226877693470057,0.299024409616267,0.34367269250723,0.386976967157828,0.475926546661566
750,182,"beta1",0.272692398275223,0.26901725589815,0.0797895345717847,0.113418241146949,0.217696443446615,0.26901725589815,0.325527763406375,0.433683064980728
750,183,"alpha0",0.11870558377495,0.11771568230875,0.0304370145582016,0.0695462320943994,0.0985773601109794,0.11771568230875,0.135654582899361,0.171031741108265
750,183,"alpha1",0.251189698979543,0.246320428632066,0.0592974484081443,0.15018353113232,0.209340678435591,0.246320428632066,0.287389048176889,0.379211946802819
750,183,"beta1",0.245134311710621,0.239263377394884,0.122362066160313,0.0179376996520928,0.153638622729109,0.239263377394884,0.335464826211347,0.484801322123836
750,184,"alpha0",0.0959998215190027,0.0931552303257181,0.0300068035447191,0.0492708649043836,0.0772949176353172,0.0931552303257181,0.110572712938258,0.153287868975765
750,184,"alpha1",0.336828327264392,0.332515791733412,0.0685935486954179,0.215646387456094,0.286669094889601,0.332515791733412,0.38091620820872,0.485198263856999
750,184,"beta1",0.277521034847931,0.271164925270022,0.127201949955128,0.0228808668929715,0.194447545608562,0.271164925270022,0.366216566638626,0.532507631706149
750,185,"alpha0",0.101132653109199,0.0985395967982942,0.0290606700981787,0.0589536375572864,0.0834655340053333,0.0985395967982942,0.115670758802207,0.146543721060884
750,185,"alpha1",0.299279813873147,0.295102048827629,0.059976506652179,0.193480979724431,0.256450696075469,0.295102048827629,0.336136962371507,0.434082437020485
750,185,"beta1",0.302210185983757,0.3042543403267,0.106047207455887,0.101843387613326,0.224947891852713,0.3042543403267,0.378631102162043,0.507433704715813
750,186,"alpha0",0.125317350027452,0.124521408207139,0.0328656531751458,0.0712012525074934,0.103844912529716,0.124521408207139,0.144533995962563,0.180899904130403
750,186,"alpha1",0.23804710769958,0.234405755477534,0.0546129793216795,0.144603799057012,0.19902187703051,0.234405755477534,0.272260530860112,0.355141509352962
750,186,"beta1",0.261179402503191,0.250910255655616,0.12364348691222,0.0365100621708906,0.170647813466236,0.250910255655616,0.352528237142334,0.500204093004758
750,187,"alpha0",0.150129303201608,0.15056121349974,0.0223549414182114,0.109902589653592,0.137976204607433,0.15056121349974,0.162558317135264,0.181861595194981
750,187,"alpha1",0.382923453519177,0.381568713920967,0.0617785671831971,0.265243069356912,0.339418518693453,0.381568713920967,0.425314119737169,0.507986889310244
750,187,"beta1",0.0961398676195674,0.0828852131620201,0.0707572205366059,0.0050586499298237,0.0413758924992792,0.0828852131620201,0.135427830397689,0.279176594562925
750,188,"alpha0",0.0659595598411154,0.0609785129717706,0.0294560006798696,0.0342734480683151,0.0502661263148545,0.0609785129717706,0.0733182963997811,0.136839749091281
750,188,"alpha1",0.250480107484847,0.248407952398179,0.0496704718568253,0.162699916774067,0.214937341465162,0.248407952398179,0.282295565023025,0.355952173962706
750,188,"beta1",0.48784950457276,0.502843859514208,0.113779911168604,0.176269440288845,0.433190006429373,0.502843859514208,0.56729606496693,0.656413115999026
750,189,"alpha0",0.121103670634922,0.119034751774501,0.0296271763633565,0.0786615031555001,0.104804480289051,0.119034751774501,0.134509647162831,0.166257437985259
750,189,"alpha1",0.346005207973568,0.341546529869632,0.0630813010405687,0.233515517772276,0.300978805616912,0.341546529869632,0.385169542225615,0.483352208872747
750,189,"beta1",0.201547246819708,0.196432534826828,0.0946825143739232,0.0428965646285843,0.128498694986153,0.196432534826828,0.267110734329105,0.397942263036713
750,190,"alpha0",0.0695798845609562,0.066541483441559,0.0244744713782722,0.0398084136492446,0.0571772231368658,0.066541483441559,0.0772687663716142,0.121868733812556
750,190,"alpha1",0.246605024778271,0.24264461190766,0.0527587109824284,0.152885133026212,0.208697225793897,0.24264461190766,0.281612612835458,0.358202258702138
750,190,"beta1",0.437265463641396,0.445443607187471,0.0969093752091265,0.174529618534855,0.383922688543395,0.445443607187471,0.501956186273982,0.601659347206214
750,191,"alpha0",0.12263995989755,0.127787406383449,0.0376044418640039,0.0517640600282737,0.0947352470833402,0.127787406383449,0.149105676642881,0.18009368076132
750,191,"alpha1",0.317734402755198,0.310293343046534,0.0777146334953271,0.184538371295321,0.263438310591499,0.310293343046534,0.367555116703179,0.485371901103662
750,191,"beta1",0.24139627238268,0.20134162525144,0.164757656332708,0.0157835840883895,0.108651879352236,0.20134162525144,0.365633844628201,0.588138184049823
750,192,"alpha0",0.0768240314667358,0.0715534768059868,0.0277889061358559,0.0432935229911265,0.0604609630371487,0.0715534768059868,0.0889383345733304,0.12913800627716
750,192,"alpha1",0.298494469090227,0.295687253383455,0.0536755679601514,0.202371566267773,0.259989796739427,0.295687253383455,0.3359822000961,0.408336932586999
750,192,"beta1",0.369558866021292,0.390295332938118,0.119873354476142,0.106801360782982,0.293830097502884,0.390295332938118,0.455457068298821,0.565448696512618
750,193,"alpha0",0.0573706727443057,0.0497437248057834,0.0334157335011626,0.0229200028225014,0.0394520029233739,0.0497437248057834,0.0649186055795258,0.120769284035088
750,193,"alpha1",0.147502573286181,0.143584717542283,0.0431939460341574,0.0737213289446431,0.117012039494647,0.143584717542283,0.174008156732474,0.244005478065283
750,193,"beta1",0.598092476768284,0.628020702600725,0.13732486453303,0.265063865311858,0.541305460263186,0.628020702600725,0.692413770976423,0.789201159581917
750,194,"alpha0",0.148320437347253,0.149759508138691,0.0175880343188762,0.113688815158991,0.1387556857105,0.149759508138691,0.158527735096117,0.172872959722613
750,194,"alpha1",0.339831768246542,0.337348243438547,0.0606610053139768,0.230910229635379,0.297523937232377,0.337348243438547,0.378497594325507,0.463138531536092
750,194,"beta1",0.0677935918017529,0.0493158513176888,0.0603116598418892,0.00229580206172083,0.0215284892142722,0.0493158513176888,0.098915905461275,0.226514263211948
750,195,"alpha0",0.138006382213726,0.139875364425849,0.0242426541236379,0.0898884609367301,0.124616183037748,0.139875364425849,0.152485256377094,0.172250480482501
750,195,"alpha1",0.383909396652662,0.380440500342225,0.061611992414887,0.271143310317128,0.340666831476609,0.380440500342225,0.425272751646746,0.508859391138213
750,195,"beta1",0.121456190566977,0.100427318589315,0.0831434542904993,0.0165319397876769,0.0580374190349751,0.100427318589315,0.167442908743129,0.333357715229201
750,196,"alpha0",0.100233399833601,0.0961662545377012,0.0282858768480705,0.0604284760234006,0.0803569322563458,0.0961662545377012,0.116733539674073,0.150356038218222
750,196,"alpha1",0.251146028533468,0.248479520686012,0.0574018827225973,0.148711131576053,0.209270162675067,0.248479520686012,0.287805843446783,0.374885619748258
750,196,"beta1",0.312432766220938,0.317790995636555,0.123102662026498,0.079974892433643,0.22121377509026,0.317790995636555,0.404065136226221,0.525927396372947
750,197,"alpha0",0.101415932574389,0.0973476678008734,0.0273167232761535,0.065615570371143,0.0849424266310425,0.0973476678008734,0.113515914763545,0.151798442965528
750,197,"alpha1",0.304944209879342,0.304441175743106,0.0630503312346833,0.179575921312664,0.262482026732595,0.304441175743106,0.347199552891729,0.427297786720971
750,197,"beta1",0.283223843036389,0.295625252629072,0.106618316173645,0.0522544988191507,0.210233700640503,0.295625252629072,0.357719633198082,0.468096710919252
750,198,"alpha0",0.104466828104358,0.105394336591868,0.0315912344640437,0.0485852408932454,0.0862630526693941,0.105394336591868,0.122033088895394,0.151085664402201
750,198,"alpha1",0.243491867966623,0.240390719472876,0.0559647082615379,0.136744662094726,0.204703838221001,0.240390719472876,0.281744452545781,0.35627281506579
750,198,"beta1",0.272181649662528,0.251875653724331,0.138390055986675,0.0620480580604548,0.167607462981309,0.251875653724331,0.356275375151263,0.583222091722914
750,199,"alpha0",0.0889732703760197,0.0861272781821745,0.027897204144684,0.0550756822321416,0.075469068504693,0.0861272781821745,0.0984872762857458,0.126748526082476
750,199,"alpha1",0.251084691168936,0.247018413268136,0.0524308960888317,0.161847005407175,0.213015869265691,0.247018413268136,0.283910168985549,0.364326842183251
750,199,"beta1",0.369585009917385,0.368958597961223,0.0917747334962016,0.194513731284638,0.304879825605398,0.368958597961223,0.432839274426195,0.548602440687048
750,200,"alpha0",0.110087253570744,0.109066826342588,0.0297770275920597,0.0669348166426207,0.0929406738492957,0.109066826342588,0.124681026397189,0.149782157627274
750,200,"alpha1",0.306054321350674,0.300807771069617,0.0702788928959782,0.185290726162729,0.256208629754604,0.300807771069617,0.350658803680972,0.456747577596354
750,200,"beta1",0.244153758307906,0.240175089321319,0.110151984982311,0.0710745743883412,0.151632766374872,0.240175089321319,0.323654553766398,0.477183882865514
750,201,"alpha0",0.134045533804413,0.132271508747982,0.0283057462352637,0.0878478664538797,0.115190551896742,0.132271508747982,0.151651161191928,0.180825885444824
750,201,"alpha1",0.227956749186615,0.223777813185567,0.0509288452004926,0.140211056980914,0.191756781236559,0.223777813185567,0.258963892866067,0.34198939382593
750,201,"beta1",0.221743760965168,0.218330798948713,0.107766157465436,0.0295468133432501,0.140395582203394,0.218330798948713,0.303511328095539,0.425519377862853
750,202,"alpha0",0.11412671987281,0.112337104352009,0.0255637235930972,0.0788768837111575,0.0997394528068766,0.112337104352009,0.126532796865289,0.149610298895722
750,202,"alpha1",0.400242633265404,0.395674128157605,0.0705670379256831,0.274543441684536,0.349525814879691,0.395674128157605,0.44542056177809,0.556439453129305
750,202,"beta1",0.190747711041806,0.186666103766779,0.077185897487452,0.0569959558063726,0.131339545015941,0.186666103766779,0.245025286607528,0.348898027627232
750,203,"alpha0",0.107987282498094,0.106342437502574,0.0273841383103095,0.0690116622768191,0.0936239216310728,0.106342437502574,0.119405775841808,0.14549271730419
750,203,"alpha1",0.380004405904706,0.378247674173468,0.0619473751465467,0.262918924093356,0.336312455579867,0.378247674173468,0.419974620833835,0.511636421510361
750,203,"beta1",0.241619193824943,0.236317573441669,0.0877009789192755,0.0803359131269845,0.180463464052342,0.236317573441669,0.297090634654563,0.431893541465839
750,204,"alpha0",0.0878955730207313,0.08605400138728,0.0263876660492268,0.0563817530195371,0.0752622516355031,0.08605400138728,0.0969588200381384,0.122426068122121
750,204,"alpha1",0.319421340319742,0.315662852181364,0.0560094795976848,0.221482663685361,0.279855605310552,0.315662852181364,0.354830420352108,0.436652895376126
750,204,"beta1",0.371973098415257,0.370773601436651,0.0769403445190524,0.209024850110346,0.323114614862094,0.370773601436651,0.424203047394405,0.518660529013865
750,205,"alpha0",0.0963419529529676,0.0938591778480146,0.0331925079317068,0.0537150941438861,0.0754811620378056,0.0938591778480146,0.111797128685185,0.15626604778401
750,205,"alpha1",0.276323310633959,0.275006775859857,0.0517937246633619,0.17980605216398,0.239872055859331,0.275006775859857,0.309969043200754,0.385422411838779
750,205,"beta1",0.377826749324337,0.374153514886495,0.112729053242978,0.140867279103437,0.298131063865779,0.374153514886495,0.461972168328015,0.585917706445232
750,206,"alpha0",0.0844417758559134,0.0838917805814709,0.0270875273136263,0.0487564088660628,0.0717421009957313,0.0838917805814709,0.0941126868367191,0.117832768323821
750,206,"alpha1",0.291781521449996,0.289215659228517,0.0529784872477585,0.196540105609153,0.254465028970558,0.289215659228517,0.326370410686497,0.399701682091045
750,206,"beta1",0.39173355367632,0.38847054485398,0.089586640666861,0.225191311610925,0.33122814393023,0.38847054485398,0.446724928082994,0.581601837236409
750,207,"alpha0",0.0976588072958786,0.0945535461682318,0.0273476474736444,0.0636384407743394,0.0827504517614848,0.0945535461682318,0.108598844606923,0.136766385215456
750,207,"alpha1",0.336228108749767,0.332568921403462,0.0573665940642222,0.238510419340328,0.293951010592986,0.332568921403462,0.374443826226685,0.455619383301635
750,207,"beta1",0.291178330533604,0.297340457885617,0.0944583586503773,0.103786632622322,0.223366601689871,0.297340457885617,0.357856049778544,0.464119307783086
750,208,"alpha0",0.143294492353656,0.1446150133034,0.0203355204609981,0.103179850199701,0.132234759345655,0.1446150133034,0.155367817999049,0.172735754027863
750,208,"alpha1",0.240166142829218,0.237238941338203,0.0588837731972916,0.13673529031529,0.198183503208169,0.237238941338203,0.279108619631503,0.3595861654959
750,208,"beta1",0.098456373432354,0.0773008371415308,0.0822853482530207,0.00545777636962287,0.039875589934758,0.0773008371415308,0.132357571125863,0.323123035830994
750,209,"alpha0",0.100408387477244,0.0986231707146891,0.0327077140983917,0.0536515132025666,0.0807926883922288,0.0986231707146891,0.115305289240709,0.155702940935231
750,209,"alpha1",0.293882065022724,0.290222108013059,0.0664821404297933,0.170483459672876,0.246433272204007,0.290222108013059,0.339318361546377,0.427271717958282
750,209,"beta1",0.368970170902042,0.370413386354643,0.11800023960038,0.143199668280414,0.286379969479097,0.370413386354643,0.450201772932766,0.587193610455364
750,210,"alpha0",0.113034194735254,0.111692876777919,0.0273306633341621,0.0746411631118303,0.0982608585726357,0.111692876777919,0.125649173334599,0.153351422699492
750,210,"alpha1",0.275551927988392,0.273192489453012,0.0583641237070033,0.170143970547139,0.233308571228099,0.273192489453012,0.313919322607842,0.396913696361668
750,210,"beta1",0.232935222497003,0.227144259071921,0.0987545547704596,0.0633299694320428,0.158041418039012,0.227144259071921,0.300446179656883,0.438814009622426
750,211,"alpha0",0.104419109751151,0.101311747306584,0.0316511236703923,0.0612636559996249,0.0844532831888947,0.101311747306584,0.120355298786933,0.157836400134063
750,211,"alpha1",0.287175483390844,0.284077179574793,0.0572576315728274,0.183526281592962,0.247267548580948,0.284077179574793,0.324270702153276,0.407695646154937
750,211,"beta1",0.35656578285289,0.358181149102473,0.105540754290431,0.168405751459136,0.272563037348204,0.358181149102473,0.438620974995597,0.550109083097613
750,212,"alpha0",0.104209486831043,0.100729901776557,0.0281947490865632,0.065414016482949,0.086391982566692,0.100729901776557,0.118144219008868,0.155985824658789
750,212,"alpha1",0.245747248672546,0.243457332719991,0.0525248041589184,0.149391438700071,0.209896564644128,0.243457332719991,0.278328256768973,0.359757508764013
750,212,"beta1",0.355390528108887,0.357765782892497,0.099766169255806,0.151973327024473,0.288749919825109,0.357765782892497,0.424365055294775,0.543467687899289
750,213,"alpha0",0.139659522756706,0.138513020026617,0.0263751755595201,0.101526323590975,0.125213422351996,0.138513020026617,0.151602094767567,0.178077689097584
750,213,"alpha1",0.298086808946809,0.295802145831194,0.0599483121084591,0.185903044259705,0.256641197362484,0.295802145831194,0.339299685822613,0.416409123711628
750,213,"beta1",0.14536638423577,0.137776502240133,0.0805214207278505,0.0168988104597368,0.0825284083997647,0.137776502240133,0.19639526246604,0.315374663123971
750,214,"alpha0",0.118226908107418,0.11744695245113,0.0236118588671835,0.0811514288122103,0.103182313936317,0.11744695245113,0.131031412917897,0.157041571949532
750,214,"alpha1",0.349367708704787,0.346749703962303,0.0601798890524331,0.244644254475477,0.306165280993321,0.346749703962303,0.389667568366079,0.47501931751404
750,214,"beta1",0.215745882948741,0.210296160068497,0.0869529947397055,0.0629036331537321,0.152395554158439,0.210296160068497,0.274663049872657,0.403770214184161
750,215,"alpha0",0.12995680536337,0.130041703185078,0.0261097011326503,0.0830899313392638,0.116786568202822,0.130041703185078,0.142346919556567,0.168130816032588
750,215,"alpha1",0.373378886956816,0.371351685449359,0.065503282460474,0.251719414687662,0.330093918895371,0.371351685449359,0.414012158122072,0.511115493526368
750,215,"beta1",0.154020230418388,0.140057812398665,0.0889599250665774,0.0146402298182782,0.0881360270624005,0.140057812398665,0.207359324572438,0.365916901336315
750,216,"alpha0",0.115214040842054,0.113325892875614,0.0295907844691922,0.068297184149358,0.0956967266795288,0.113325892875614,0.13257345280285,0.165243243858194
750,216,"alpha1",0.317230702874248,0.312509480907135,0.0603013291901937,0.210590881585704,0.273917433336511,0.312509480907135,0.356105136770594,0.444625918968082
750,216,"beta1",0.290326142652713,0.289395597373736,0.103749834873094,0.100071803533168,0.212319692277582,0.289395597373736,0.365747888693339,0.49148758315006
750,217,"alpha0",0.128432060808941,0.132921246825994,0.0351193572740693,0.0625531387010087,0.108309923573513,0.132921246825994,0.150289551684549,0.171766559962019
750,217,"alpha1",0.278956571476398,0.276241405093443,0.0548866816264226,0.182413876781421,0.239841056336593,0.276241405093443,0.31383002811556,0.396339787798005
750,217,"beta1",0.192972804032099,0.16303745131906,0.132416292598741,0.0186993560459865,0.0883070134845161,0.16303745131906,0.268231271191067,0.503577873134267
750,218,"alpha0",0.0973597197442418,0.0954481482376929,0.0228721835395531,0.064071555119912,0.0845349255112819,0.0954481482376929,0.107916748048651,0.133866353560436
750,218,"alpha1",0.242076240012437,0.234841447836935,0.0584725220215711,0.148004119476308,0.198402082194457,0.234841447836935,0.279226903207804,0.371569787027179
750,218,"beta1",0.283849948385897,0.285378036720192,0.0936278874858361,0.100359554591067,0.217407401157342,0.285378036720192,0.348165235781405,0.465320261321626
750,219,"alpha0",0.0802114918771262,0.0777977772222681,0.0257685075798258,0.0462122103083359,0.066393376336124,0.0777977772222681,0.0900036765096981,0.125231621262251
750,219,"alpha1",0.304832216723627,0.301666279945442,0.0631497569704038,0.184618103974451,0.262553959134736,0.301666279945442,0.343591366817181,0.441733103229978
750,219,"beta1",0.343400990054568,0.343182428505787,0.107843100643387,0.109085637002084,0.275413548248001,0.343182428505787,0.41518573574853,0.55470914348345
750,220,"alpha0",0.125496875012368,0.124995794717219,0.0239531764033011,0.0849050003913284,0.111749031221438,0.124995794717219,0.138179471323659,0.16604795825207
750,220,"alpha1",0.328050994074832,0.322804004652364,0.0661049847146935,0.215026472378049,0.279791197890322,0.322804004652364,0.371175894993123,0.469201028557556
750,220,"beta1",0.168947860370861,0.163204704393323,0.0881311291939363,0.012671091662911,0.105822961547347,0.163204704393323,0.229304951960379,0.363358572782692
750,221,"alpha0",0.130219282911293,0.129787272603018,0.0238778971692975,0.0922414210700662,0.11494178367617,0.129787272603018,0.144130341491161,0.167201051932589
750,221,"alpha1",0.318638361463623,0.313353078241819,0.058238565031816,0.218161912506254,0.277451546111337,0.313353078241819,0.353793144403642,0.450677406476356
750,221,"beta1",0.159886328463033,0.151704498252176,0.0858060084898063,0.0192263489318747,0.0941859556964834,0.151704498252176,0.218161449337098,0.338402169095883
750,222,"alpha0",0.0959113662431636,0.0937996950894698,0.0258838765583389,0.0610534139032491,0.0823238824463464,0.0937996950894698,0.105385061451815,0.131737291860634
750,222,"alpha1",0.350384046004,0.348914608793511,0.0609703428123646,0.239892052614087,0.306487661117222,0.348914608793511,0.391602971157303,0.47268950031993
750,222,"beta1",0.265674815945598,0.261264070921639,0.0898416031901399,0.100553530278657,0.202115719334519,0.261264070921639,0.325778860003681,0.453270073976954
750,223,"alpha0",0.12818322825741,0.126492048099432,0.0342409691379127,0.0709086564048127,0.104752689581378,0.126492048099432,0.149339780102244,0.18718847496352
750,223,"alpha1",0.267182984362909,0.261072005778944,0.0655373635079567,0.158694974756683,0.219988270646444,0.261072005778944,0.307272657809924,0.415057873745752
750,223,"beta1",0.236995401005054,0.233559209448382,0.14056486691066,0.0104743273434141,0.127445566684715,0.233559209448382,0.331355608744388,0.524626372563408
750,224,"alpha0",0.138848230125554,0.138975639609657,0.0266917377119402,0.0962465672000542,0.122112890045816,0.138975639609657,0.154062772813989,0.176879183735682
750,224,"alpha1",0.2970609548661,0.29441359269362,0.0564987436805528,0.198451599400172,0.255772179884192,0.29441359269362,0.335606470374938,0.415679147522401
750,224,"beta1",0.147051793916106,0.135748970594916,0.0876820785142423,0.014891747943106,0.0754991448867322,0.135748970594916,0.209967915604973,0.327552365185478
750,225,"alpha0",0.113822506007604,0.11332468527263,0.0265690846248885,0.0702643946856171,0.0989832227015289,0.11332468527263,0.127986366915269,0.152343026697918
750,225,"alpha1",0.321806745895649,0.319184702116983,0.0674559943188551,0.201394648649316,0.273813782581927,0.319184702116983,0.366166395989781,0.462315427207114
750,225,"beta1",0.207147511081883,0.193108909289905,0.106927643660322,0.0408852780230352,0.124474736803027,0.193108909289905,0.274762265870767,0.454244692618012
750,226,"alpha0",0.0874454138104066,0.0861570752681617,0.0282480739381902,0.0504058354106135,0.0719250603630895,0.0861570752681617,0.09900226124106,0.129553838170913
750,226,"alpha1",0.299223748918608,0.297849327721107,0.0637934282151983,0.183922993342271,0.253456387232109,0.297849327721107,0.340124275686529,0.432974937781403
750,226,"beta1",0.34988243612614,0.343242376190736,0.109647041573685,0.14365545801882,0.273103060685438,0.343242376190736,0.422657238592781,0.575288858528311
750,227,"alpha0",0.117603752874537,0.115950363880098,0.0344699581087492,0.0632189537451068,0.0918614805605147,0.115950363880098,0.142185051461428,0.171032692014242
750,227,"alpha1",0.240425831554649,0.238403782556179,0.0634962351093214,0.120160344322921,0.19763050861067,0.238403782556179,0.281549133007942,0.373764942643752
750,227,"beta1",0.247688824283517,0.236082623717065,0.153657720615691,0.0164431028612917,0.117616050998613,0.236082623717065,0.36528664654199,0.563343400119063
750,228,"alpha0",0.0876427110313884,0.0851948950892953,0.0300356023871281,0.0538265353001305,0.0716694513600544,0.0851948950892953,0.0977865415444321,0.137204585547608
750,228,"alpha1",0.35841141318886,0.356724405836391,0.0607540231895122,0.24784729641248,0.315101256689025,0.356724405836391,0.399675899166188,0.482262704890993
750,228,"beta1",0.302059540362306,0.298115791800028,0.0986674108377379,0.0856948632531639,0.238614409874842,0.298115791800028,0.371777781189923,0.490327158398963
750,229,"alpha0",0.115684824760837,0.116369569618309,0.0282989734015043,0.0641640180138977,0.0976088719382069,0.116369569618309,0.132585562890332,0.158817399167996
750,229,"alpha1",0.359575256851704,0.35558239310454,0.0707710729088391,0.233824767623286,0.312854373529188,0.35558239310454,0.400446657914331,0.517185333362144
750,229,"beta1",0.241592801772745,0.227564572320727,0.107259942691701,0.0695201924444273,0.162004551221851,0.227564572320727,0.312087597330275,0.493443603642865
750,230,"alpha0",0.0952534615883858,0.0942014063275923,0.0256813131610585,0.055253490329852,0.0817894985487147,0.0942014063275923,0.107240090312146,0.132632988002262
750,230,"alpha1",0.31460418657721,0.309828118602775,0.062108295385502,0.206546573466423,0.27078111808322,0.309828118602775,0.353370168537412,0.449899702202911
750,230,"beta1",0.334113569026698,0.325984610184806,0.0941310399725247,0.173701505174026,0.270242592669639,0.325984610184806,0.393931700746429,0.547483506732514
750,231,"alpha0",0.135967820189247,0.137405112501075,0.0258974980825936,0.0888451882021435,0.122412678156512,0.137405112501075,0.149541097493609,0.170319499449773
750,231,"alpha1",0.301494376131033,0.296441997402739,0.0708908829194759,0.175209200068719,0.250892373686285,0.296441997402739,0.348775595510327,0.452959177102442
750,231,"beta1",0.138838810597903,0.120151137892508,0.0931754009200801,0.0133906766699271,0.0713355842236331,0.120151137892508,0.184010574569908,0.375688224336354
750,232,"alpha0",0.109102974550863,0.108566178887784,0.023735465798655,0.069477459413632,0.0941611252859397,0.108566178887784,0.122302873074713,0.147766210487947
750,232,"alpha1",0.355976516706375,0.351651403046641,0.058536459674347,0.249122014534289,0.316175551495343,0.351651403046641,0.393760229673282,0.480636415613773
750,232,"beta1",0.187004841661091,0.184459825074082,0.0935429160074076,0.0302015478128325,0.116258461734042,0.184459825074082,0.247982807501009,0.381720970562034
750,233,"alpha0",0.132097095465575,0.129716928192184,0.0315416106747891,0.0856345614712557,0.113003773659769,0.129716928192184,0.147609680967957,0.184584864029431
750,233,"alpha1",0.359665749844735,0.355841022614942,0.062596189006411,0.247285855607136,0.31458596887433,0.355841022614942,0.40166743902871,0.492099225864621
750,233,"beta1",0.247949675365968,0.247353302126033,0.10272199148583,0.0593585810861645,0.174623980136027,0.247353302126033,0.323168480308411,0.447035739164498
750,234,"alpha0",0.0920398087299813,0.0893037672547438,0.0227823200966663,0.0617581609024886,0.0786036948421758,0.0893037672547438,0.102609114968078,0.129990383120369
750,234,"alpha1",0.291588917232227,0.286049302051146,0.0555385242795531,0.197121480074901,0.252240475329853,0.286049302051146,0.326201430415642,0.413500464634518
750,234,"beta1",0.300436391842767,0.308780022937449,0.0914354291025876,0.115387470965472,0.241629344716797,0.308780022937449,0.364432049505174,0.469036151405201
750,235,"alpha0",0.0876501126175764,0.0859324823283363,0.0268884781825047,0.0506005596992986,0.0734293584284551,0.0859324823283363,0.0978051581044448,0.132101541903295
750,235,"alpha1",0.271155029104701,0.269679642702532,0.0598370371983473,0.158617120395242,0.230187841269946,0.269679642702532,0.310618424890527,0.394221794167601
750,235,"beta1",0.363750972468792,0.361860568795665,0.101989273865353,0.153144256135429,0.297557952314863,0.361860568795665,0.431374049399777,0.568987679190519
750,236,"alpha0",0.0968978216557344,0.0967557457944948,0.0253898263145531,0.0562560802444864,0.0824753000895791,0.0967557457944948,0.109839659015912,0.133465146622961
750,236,"alpha1",0.295330029223512,0.288259561257189,0.0642689859269092,0.186944800192108,0.250527490444769,0.288259561257189,0.332122774430291,0.444161048940156
750,236,"beta1",0.356012675474932,0.34773571166319,0.0919843824340672,0.198924692471287,0.288157979594144,0.34773571166319,0.416625981504904,0.562175469277755
750,237,"alpha0",0.137187967588565,0.137357180538119,0.0276650580028839,0.0910972861043039,0.122811787910873,0.137357180538119,0.150562765619714,0.172114023170083
750,237,"alpha1",0.34567601296599,0.341127734613155,0.0593231210629729,0.239230805293855,0.304741907701632,0.341127734613155,0.383559493569404,0.471636444765245
750,237,"beta1",0.140172962020815,0.125280300062006,0.0856963193736046,0.0123238619098362,0.0769263220939199,0.125280300062006,0.193943524795961,0.33730840366198
750,238,"alpha0",0.0875520600035098,0.0842832920590896,0.0262383081042408,0.0528938326840798,0.0704368426992111,0.0842832920590896,0.0993166274271533,0.138598311724515
750,238,"alpha1",0.297068662613784,0.296702118334124,0.0612597375961903,0.179082968163319,0.255287264461196,0.296702118334124,0.335771994292221,0.421325031808408
750,238,"beta1",0.350641999253742,0.35099866480954,0.107107846831352,0.127473538204857,0.281226553325371,0.35099866480954,0.4273672246107,0.548391949511616
750,239,"alpha0",0.0842876542742894,0.0829316490935586,0.0231123549575525,0.0556887933592324,0.0735729811865391,0.0829316490935586,0.0925463410289957,0.114357045958884
750,239,"alpha1",0.41057158724802,0.408549613571258,0.0655288735612294,0.292931308222649,0.363733347154042,0.408549613571258,0.451613403826028,0.550112638877187
750,239,"beta1",0.26786515969905,0.265339041207389,0.0745813853321452,0.126231247769394,0.218898769892397,0.265339041207389,0.315659169423365,0.417250461255666
750,240,"alpha0",0.0651012832728382,0.0609322377045565,0.0293715600007689,0.0351180797380963,0.0489835767710052,0.0609322377045565,0.0747345371085352,0.110274611915494
750,240,"alpha1",0.2236956654387,0.222558147363134,0.0526942292502785,0.129743736890911,0.185898095631856,0.222558147363134,0.256427759011354,0.334199454315082
750,240,"beta1",0.527926921750498,0.536070301055526,0.104832581057643,0.307705758526836,0.462606301987398,0.536070301055526,0.603770416995911,0.700387579304335
750,241,"alpha0",0.0979868011878902,0.093469609984841,0.0334014834125352,0.054247614541124,0.0754181566293988,0.093469609984841,0.114310522155093,0.160944412762185
750,241,"alpha1",0.22242408948382,0.216280654983161,0.0584763684577513,0.123370458942758,0.181713951257136,0.216280654983161,0.258054471764575,0.351162500725162
750,241,"beta1",0.367104221896949,0.377566896257088,0.132174322422587,0.0991955692081716,0.272801253024905,0.377566896257088,0.464113575975526,0.596004443111418
750,242,"alpha0",0.114114163354708,0.112058878320059,0.0290603939090294,0.0697644607466953,0.0968969160074427,0.112058878320059,0.12794369962971,0.16507895156029
750,242,"alpha1",0.349251493170152,0.346099221392048,0.0601142835589993,0.239782787077371,0.306674030245925,0.346099221392048,0.39020258709702,0.472800818830065
750,242,"beta1",0.228310523229491,0.230556190236103,0.100857009019705,0.0294399761466682,0.158787424479408,0.230556190236103,0.297638184691824,0.426074716045267
750,243,"alpha0",0.0625551762354559,0.0553644782375682,0.0311076610556934,0.0294365975409598,0.0447400638230068,0.0553644782375682,0.0727422960101227,0.132961351892713
750,243,"alpha1",0.164740208253969,0.160854884813157,0.0421361219297854,0.0950625648493579,0.1352310443314,0.160854884813157,0.188809478616567,0.254391151382511
750,243,"beta1",0.557626685753877,0.584248125053246,0.129697436516099,0.239728153582475,0.491730287412405,0.584248125053246,0.648913138123249,0.737850985527605
750,244,"alpha0",0.145653904913344,0.145763129880138,0.0238512312739113,0.107347263879299,0.133340221062532,0.145763129880138,0.157186154829239,0.175644277276055
750,244,"alpha1",0.331432671657361,0.326980666904908,0.0609916473011589,0.227038298407391,0.288722595532329,0.326980666904908,0.367373582456429,0.468414906033712
750,244,"beta1",0.109196648728721,0.0997560498922764,0.0665966044299674,0.0114168786690836,0.0606212354565339,0.0997560498922764,0.144137512118747,0.255614696836844
750,245,"alpha0",0.0931203073100203,0.0910690436755634,0.029510178353764,0.0542559198410247,0.0757494852073001,0.0910690436755634,0.106811909071843,0.139572349099589
750,245,"alpha1",0.355319029775861,0.351826153156808,0.0716843333388869,0.225907138593977,0.303131552613274,0.351826153156808,0.402335484420849,0.506844405322442
750,245,"beta1",0.280736298839013,0.277078561633689,0.113370958877341,0.0659278103942361,0.201824589291022,0.277078561633689,0.357436533283051,0.511503659408202
750,246,"alpha0",0.106218782485596,0.104768030596858,0.02333027716831,0.0734153965646394,0.0923860903484885,0.104768030596858,0.116725905494588,0.143703816134685
750,246,"alpha1",0.359713839641841,0.359360650526624,0.0650404540246238,0.238664683421824,0.31491730982946,0.359360650526624,0.405145649780466,0.4810470573748
750,246,"beta1",0.225375549932472,0.222008053418739,0.0827976908999153,0.0711986495781403,0.16638768214566,0.222008053418739,0.285723757868377,0.385083104955354
750,247,"alpha0",0.116438896364642,0.115303652567722,0.0271003613267386,0.0668356825833337,0.100693395732747,0.115303652567722,0.132343398196433,0.164433303828863
750,247,"alpha1",0.27547658903896,0.273043715043933,0.0608718860723741,0.164476739905236,0.232789166789137,0.273043715043933,0.31536548786723,0.401775609614896
750,247,"beta1",0.268786983365506,0.266518983465993,0.12163430762923,0.0608225009758163,0.175893853879541,0.266518983465993,0.347515614107134,0.522967885636408
750,248,"alpha0",0.0840288720783004,0.079513695239447,0.0329643071359232,0.0441200136268176,0.065864066490563,0.079513695239447,0.094873013820852,0.14735504253545
750,248,"alpha1",0.319063777774813,0.316302265328985,0.0583632115735322,0.215286874065083,0.277164265613216,0.316302265328985,0.357014367739895,0.443780651284226
750,248,"beta1",0.386150248596769,0.400499431041433,0.117010758088734,0.115476329261146,0.314618985577685,0.400499431041433,0.465489296777926,0.589267680594859
750,249,"alpha0",0.111892733179785,0.110362809674371,0.0258464393563162,0.0774865562572627,0.0982982384406052,0.110362809674371,0.122277901352843,0.150800580105621
750,249,"alpha1",0.332346370614222,0.328095126922759,0.068117195556606,0.20980767532255,0.28267145731537,0.328095126922759,0.37727224178451,0.476182723652682
750,249,"beta1",0.251399714257881,0.24418067725691,0.085008061781424,0.09891492786963,0.194130598345027,0.24418067725691,0.301853271497051,0.442887558905644
750,250,"alpha0",0.0811198808767903,0.0771558696342558,0.0313190714756357,0.044023741400546,0.0625502311575789,0.0771558696342558,0.0945457718555699,0.134536240306874
750,250,"alpha1",0.344090945294408,0.340612230905044,0.0613892164439198,0.232686080415852,0.301439692430746,0.340612230905044,0.38291512166612,0.474950464265289
750,250,"beta1",0.332950128788504,0.343467593021844,0.117162060590298,0.0778635753861036,0.244864048406699,0.343467593021844,0.42420737217574,0.535569512610944
750,251,"alpha0",0.10921847583456,0.107777691042131,0.0258221322246466,0.0743271072852735,0.0953042619208981,0.107777691042131,0.119703583222839,0.147475525337903
750,251,"alpha1",0.427698894771967,0.421804896973719,0.0708915613414281,0.306647993472312,0.380415606620444,0.421804896973719,0.467412259314336,0.593037468949622
750,251,"beta1",0.222740690680354,0.221024100508948,0.0814539768744627,0.060909998355497,0.166798880332648,0.221024100508948,0.277876343727375,0.393255704612093
750,252,"alpha0",0.126072960007369,0.124026481111283,0.0302975767356475,0.0793727563510919,0.107826239411855,0.124026481111283,0.140746011967929,0.178197864488892
750,252,"alpha1",0.26133376146773,0.256652504370572,0.0590084908235655,0.159871720944241,0.220020292760736,0.256652504370572,0.298586564415934,0.390664534726034
750,252,"beta1",0.228416426748185,0.226318045439685,0.111896632404262,0.0203609283334713,0.154285198067078,0.226318045439685,0.299855042921582,0.449285358650773
750,253,"alpha0",0.106110104950504,0.105499009270355,0.0254303357979953,0.0694740554800488,0.0922541385743949,0.105499009270355,0.117846228389538,0.141980441697685
750,253,"alpha1",0.376934712527616,0.372743842185194,0.0647433432148499,0.263149499798889,0.330991607586021,0.372743842185194,0.417845680187161,0.516779573057106
750,253,"beta1",0.232503473654787,0.222417011937064,0.0884263183212193,0.0799039458068427,0.169685632032988,0.222417011937064,0.292259555551826,0.415872661549335
750,254,"alpha0",0.133551292770196,0.133861556120232,0.0261380926585898,0.084944211253167,0.11826000852087,0.133861556120232,0.148685350571334,0.176218795393268
750,254,"alpha1",0.309804834751982,0.306679390365999,0.0609950058283279,0.200240042714068,0.26716290461919,0.306679390365999,0.349626982617941,0.435203889957189
750,254,"beta1",0.190944489524451,0.182239104827002,0.096423463003493,0.0331046308340251,0.117962151783963,0.182239104827002,0.247302027383445,0.412484417424843
750,255,"alpha0",0.111935005098766,0.11566466605686,0.0407483014519474,0.0296351482857076,0.0891730462567668,0.11566466605686,0.136248814343492,0.183849366563108
750,255,"alpha1",0.233767362517982,0.234303866865248,0.0747973927240316,0.0830223160628684,0.184852699626186,0.234303866865248,0.280952189812141,0.389835941246578
750,255,"beta1",0.389625999897993,0.35330214066347,0.170969993683265,0.12436733002796,0.274776340569574,0.35330214066347,0.477580216285427,0.798229232214787
750,256,"alpha0",0.135159036918385,0.13793383766613,0.0264720497528501,0.0763921517853977,0.122949137262308,0.13793383766613,0.150442065715977,0.16905993428617
750,256,"alpha1",0.259280402478398,0.255128686095989,0.0643338652032424,0.143097708580241,0.214328930314232,0.255128686095989,0.300996503539873,0.395030196403981
750,256,"beta1",0.144650228358655,0.121951029071654,0.111413064317353,0.0069709326248155,0.0624226708561026,0.121951029071654,0.19454657269875,0.450895247100559
750,257,"alpha0",0.105330333959471,0.102409498326054,0.027808267807596,0.0630768970519237,0.0898462227467439,0.102409498326054,0.116253262157025,0.157984629245226
750,257,"alpha1",0.243035861411657,0.241357526966404,0.0556319956104106,0.141597064650852,0.204292212268114,0.241357526966404,0.276938163582645,0.363830688246338
750,257,"beta1",0.275722086667998,0.273706147272619,0.104088976978201,0.037270005713922,0.214447537897614,0.273706147272619,0.337471713679579,0.495258852502723
750,258,"alpha0",0.10574121851345,0.104631979119833,0.0253916324560652,0.0667773163889461,0.0913151914808916,0.104631979119833,0.117899495368797,0.152050895374472
750,258,"alpha1",0.215683709852486,0.211710837662066,0.0531698114428146,0.118827547120499,0.177785395115006,0.211710837662066,0.251740610664616,0.326413195988383
750,258,"beta1",0.312375083502551,0.311676343218061,0.10197577122148,0.101786984555917,0.243940454491479,0.311676343218061,0.378516528456129,0.518919593806012
750,259,"alpha0",0.118740523788424,0.118057017302561,0.0239752916735507,0.0832996196980247,0.105980063128628,0.118057017302561,0.129206809631794,0.154015896452026
750,259,"alpha1",0.342899139017453,0.33951435921161,0.0627086957812013,0.231810505856022,0.298484252114967,0.33951435921161,0.381927617556454,0.474017384049611
750,259,"beta1",0.2099360205764,0.204034303756249,0.0806175618846948,0.0639678808547272,0.152875809130828,0.204034303756249,0.263165987886391,0.381942563384072
750,260,"alpha0",0.126597853723285,0.124610091584443,0.0327017306811415,0.0735769310259237,0.10545219970847,0.124610091584443,0.146908894795197,0.184476332393927
750,260,"alpha1",0.259812487095842,0.254432607635388,0.0615637020762989,0.158715600129558,0.214527582570318,0.254432607635388,0.296132069667484,0.398320049049203
750,260,"beta1",0.282827635261391,0.279534647336987,0.124454811919074,0.0591247723819717,0.186186451782029,0.279534647336987,0.36886160392226,0.520637550349199
750,261,"alpha0",0.0982584885333716,0.0947292298338261,0.0301788208777329,0.0568753606980379,0.0829918552475178,0.0947292298338261,0.108827125897613,0.152706560862445
750,261,"alpha1",0.311740797305564,0.309311134853218,0.056732046901156,0.208971808261189,0.270801062079043,0.309311134853218,0.351117670457683,0.426922149097997
750,261,"beta1",0.311679146868292,0.319120503173723,0.104991415577532,0.0771026785283417,0.256815007450368,0.319120503173723,0.372473986557237,0.516960882742097
750,262,"alpha0",0.114074763919984,0.112792780425662,0.0249766344015227,0.0800040028577501,0.101509998212278,0.112792780425662,0.123942392240742,0.148078462482864
750,262,"alpha1",0.419764646780185,0.418241076731535,0.0737813036176117,0.287911026560913,0.369308212872684,0.418241076731535,0.465452607632231,0.5821964576661
750,262,"beta1",0.18717197747109,0.18164473593277,0.0794575636426143,0.0497085054850712,0.130148674579005,0.18164473593277,0.236513518046506,0.35486319657559
750,263,"alpha0",0.0972021134767453,0.0944597353130321,0.034181479551401,0.0483865637620935,0.0754340817694659,0.0944597353130321,0.113688239733695,0.159020372698986
750,263,"alpha1",0.243459925213381,0.239175780504519,0.0603096041455171,0.139935425091159,0.201595562314245,0.239175780504519,0.278658206150183,0.380413220809204
750,263,"beta1",0.350199954737372,0.344936717607356,0.138070791080944,0.0817019166118159,0.260073615437091,0.344936717607356,0.452046085684244,0.602173513373284
750,264,"alpha0",0.104977639701338,0.102463710519819,0.0340639106090582,0.0586665698125294,0.0808819259050134,0.102463710519819,0.124883685043526,0.15880104236536
750,264,"alpha1",0.211959951628164,0.211136783123257,0.0566788959336386,0.105140341778908,0.172229004559185,0.211136783123257,0.249889092892744,0.325935170142599
750,264,"beta1",0.382295588158464,0.381768650588689,0.124313416811971,0.159909862725458,0.28373192701405,0.381768650588689,0.480473622827508,0.602371563616269
750,265,"alpha0",0.0980467540384926,0.0958170619979256,0.0287940882653286,0.0597173480955662,0.081527116510803,0.0958170619979256,0.109955959527917,0.144348689550969
750,265,"alpha1",0.296933570492554,0.294731060002069,0.0629953664273964,0.178270470073852,0.253990773995141,0.294731060002069,0.336584345806225,0.427249425023389
750,265,"beta1",0.256834025554524,0.25602395155153,0.117161673603756,0.0307088794147918,0.177561704220257,0.25602395155153,0.337692644667813,0.477026946965922
750,266,"alpha0",0.133581377045836,0.134222265451924,0.0239323147699771,0.0899120107273049,0.119409374317104,0.134222265451924,0.148113006270214,0.169928383435172
750,266,"alpha1",0.35714651263973,0.354646957121148,0.0704162920346848,0.232935033835985,0.305599087459254,0.354646957121148,0.403860240645746,0.501027662531264
750,266,"beta1",0.118568945650162,0.101759545775752,0.0919300726542974,0.00306988705887158,0.0405077708911204,0.101759545775752,0.174643855910121,0.334944630433019
750,267,"alpha0",0.105610146222048,0.105773919543587,0.0244422347824642,0.0673236265597735,0.09159993805409,0.105773919543587,0.117626200602987,0.146417715977513
750,267,"alpha1",0.344750111887171,0.342307662977216,0.0643676295498761,0.226801600120017,0.30017172462001,0.342307662977216,0.384452559473054,0.484562923804407
750,267,"beta1",0.298268264895688,0.29178893444411,0.0883723560564393,0.141177585717431,0.235911454171929,0.29178893444411,0.35268815188152,0.482147688958623
750,268,"alpha0",0.131574883575265,0.132105699566455,0.0299203642143522,0.0774234061149584,0.113056224016943,0.132105699566455,0.150097653365187,0.178493807434875
750,268,"alpha1",0.254516320925869,0.247870075185028,0.0553185859480976,0.158991098452036,0.216492111615328,0.247870075185028,0.28724423925237,0.383650475988581
750,268,"beta1",0.209212647056094,0.197700599624438,0.116639073892403,0.0219574027579042,0.120822360873297,0.197700599624438,0.28742517317427,0.456627215204755
750,269,"alpha0",0.123104656834541,0.122025430883688,0.0279074530699951,0.0779250273944634,0.108223989359983,0.122025430883688,0.135644319589209,0.168411271901621
750,269,"alpha1",0.353004096359747,0.349028963497814,0.0602976980933335,0.238651605480135,0.312322362576867,0.349028963497814,0.391712564193455,0.477779232645465
750,269,"beta1",0.248559888327555,0.243093079856099,0.0929620371808853,0.0758719349084918,0.187113332721469,0.243093079856099,0.304650917570087,0.445377835251622
750,270,"alpha0",0.0837197237905737,0.0800415637709709,0.0289036384484646,0.0519005613616764,0.069422259694836,0.0800415637709709,0.0926028027243184,0.126858157778914
750,270,"alpha1",0.307441855842201,0.30512599089265,0.0556422039384539,0.204850728750123,0.26951462717404,0.30512599089265,0.342143059376135,0.427054784378714
750,270,"beta1",0.398970052268561,0.405053064154119,0.0862949642711109,0.204804350604379,0.345959213355762,0.405053064154119,0.458913391039202,0.558326720011855
750,271,"alpha0",0.0931459450356897,0.0941926610607065,0.035612928180773,0.0296426855762275,0.0737152407373163,0.0941926610607065,0.113934618567008,0.150333053305203
750,271,"alpha1",0.202777607564549,0.201389242961135,0.0643620667924158,0.0817887572109247,0.157892083949496,0.201389242961135,0.246412552234098,0.331779009131801
750,271,"beta1",0.409464600419837,0.384524536549631,0.167303757005466,0.142210970791741,0.288307354759632,0.384524536549631,0.505267378532708,0.778924821374407
750,272,"alpha0",0.117057284398229,0.117408797624844,0.0314442826096565,0.0642044656452095,0.0976690363120908,0.117408797624844,0.135781322775765,0.161936733574927
750,272,"alpha1",0.228992217638198,0.225472396614157,0.0608702254352078,0.114657739512009,0.186504446975903,0.225472396614157,0.266719127218506,0.359101992848855
750,272,"beta1",0.290462357884532,0.278062579754454,0.120518373424531,0.092431027219033,0.20038531892879,0.278062579754454,0.370323800195904,0.555986220388277
750,273,"alpha0",0.108404295655881,0.104908158594872,0.0310483120000098,0.0629541127351344,0.089825188963464,0.104908158594872,0.122737199094866,0.165892824127889
750,273,"alpha1",0.317114949376601,0.311976226087839,0.0621203293047444,0.209456060873059,0.27389790343668,0.311976226087839,0.3545488354804,0.455240561761185
750,273,"beta1",0.30015014853837,0.308602164091812,0.115515778224296,0.049196216540174,0.229471650646462,0.308602164091812,0.379955688582445,0.510515545737871
750,274,"alpha0",0.123912461268693,0.126336510443178,0.0272587546065783,0.0609506764281966,0.110787037874694,0.126336510443178,0.139817433838988,0.160867036004709
750,274,"alpha1",0.246743280453508,0.24322942765773,0.0649961273878709,0.131171330251633,0.201656104982382,0.24322942765773,0.289601797606353,0.384391501826605
750,274,"beta1",0.164807107056093,0.136258866329313,0.125388775291405,0.0100215213063301,0.07502891879783,0.136258866329313,0.219543741022682,0.518882591128809
750,275,"alpha0",0.101352763526106,0.10082352323374,0.0306708373904602,0.0493500800580312,0.0841426958184607,0.10082352323374,0.118556838022919,0.143365452708538
750,275,"alpha1",0.309048564835311,0.303716252852232,0.0646761941105654,0.191967473858833,0.265833028237242,0.303716252852232,0.349443486362428,0.454387056541576
750,275,"beta1",0.233909522772408,0.218001229869728,0.134845286191585,0.0244941753877005,0.132476752868341,0.218001229869728,0.3145843457339,0.542235036931706
750,276,"alpha0",0.104828786893446,0.103420626952151,0.0247477469374234,0.0716500936535737,0.0909655128597277,0.103420626952151,0.116259119298907,0.142897258911214
750,276,"alpha1",0.312075055892451,0.30866515029947,0.0562583847216383,0.209733245868273,0.273057972742308,0.30866515029947,0.346883314919824,0.435351573066043
750,276,"beta1",0.241878182749498,0.23984507779431,0.085624276597629,0.0849410270494423,0.180140322555219,0.23984507779431,0.296477651910263,0.420592507013805
750,277,"alpha0",0.117465298464218,0.116241668393041,0.0262142328194207,0.0758222348169162,0.10241534952282,0.116241668393041,0.131224987877723,0.156886936150944
750,277,"alpha1",0.240149064541308,0.234932089251556,0.0593610058464793,0.139920282591296,0.19592923176647,0.234932089251556,0.278313243139452,0.366101868896717
750,277,"beta1",0.217172558272213,0.212985228817375,0.111016384936402,0.0334459859253109,0.13183153168985,0.212985228817375,0.290529465071994,0.451573991693629
750,278,"alpha0",0.124073282583736,0.123033061607167,0.0265067136164124,0.0791848432905204,0.107799954966025,0.123033061607167,0.139606408030796,0.16883196641528
750,278,"alpha1",0.300349021756263,0.294612627317209,0.0612486575684809,0.194830463027187,0.259587185507029,0.294612627317209,0.33591557862661,0.435019595218482
750,278,"beta1",0.195423378631187,0.191812828466317,0.0973900586203299,0.0213860281086974,0.127320009955451,0.191812828466317,0.259323785346839,0.408166768021312
750,279,"alpha0",0.0995980519252069,0.098823721281125,0.0215605640587717,0.0695775758089977,0.0888648612068514,0.098823721281125,0.108332100332542,0.130153702943595
750,279,"alpha1",0.351200526643061,0.346027876857913,0.0584573183650764,0.24750768484586,0.310165830164577,0.346027876857913,0.388877204135216,0.477623275008635
750,279,"beta1",0.26826941802442,0.266227964183948,0.0740062881262315,0.134864607645027,0.214398830894638,0.266227964183948,0.316957963408266,0.422709173120654
750,280,"alpha0",0.102695787404753,0.101404572870267,0.0230175034465801,0.0709007279720749,0.0903669080822574,0.101404572870267,0.112380961241142,0.136661652317799
750,280,"alpha1",0.335362830673862,0.330202168564202,0.0576027289801034,0.236428645109334,0.295338782608404,0.330202168564202,0.369759546791059,0.464200030177391
750,280,"beta1",0.20909573355932,0.207886168834348,0.0808983747219861,0.0653811066878173,0.151072467265507,0.207886168834348,0.264541777605798,0.378200737668465
750,281,"alpha0",0.0725492592109614,0.0671029493499521,0.0325122756379287,0.0336377551298113,0.0509178857588235,0.0671029493499521,0.0864518677288992,0.154290562128201
750,281,"alpha1",0.212589379049586,0.20495243968015,0.0587107998394589,0.116239647855353,0.171812557205762,0.20495243968015,0.246354950098577,0.342450361510018
750,281,"beta1",0.521478157070644,0.540528562394148,0.138606392937219,0.184066629229697,0.438743957686002,0.540528562394148,0.624884938239959,0.73387725485944
750,282,"alpha0",0.0773186527597467,0.0748292975632506,0.0274419141145011,0.0420410356132071,0.0634256794336586,0.0748292975632506,0.0872560702727785,0.118890304465427
750,282,"alpha1",0.24254721834581,0.238834709455502,0.0499460267421526,0.154459047075779,0.207511261915561,0.238834709455502,0.27402714171238,0.348538703519619
750,282,"beta1",0.473594467781296,0.478798843655421,0.0951552752772964,0.282266283108,0.417592872038687,0.478798843655421,0.537818512747644,0.643566173628475
750,283,"alpha0",0.0965001197970434,0.0954180710629876,0.0274179208381035,0.0606224971161073,0.0833557254256468,0.0954180710629876,0.10650897383892,0.132557781474557
750,283,"alpha1",0.337055546081292,0.333515230838616,0.060987735220943,0.22815890372666,0.295309876674617,0.333515230838616,0.375854821123387,0.466177813857996
750,283,"beta1",0.331793013397817,0.329177854854276,0.0844930898029692,0.172200170507334,0.275545249603427,0.329177854854276,0.384353670553028,0.517698545264647
750,284,"alpha0",0.122102147750207,0.120947790724007,0.031163430668999,0.0718971490257521,0.102467251797036,0.120947790724007,0.139784701657608,0.176269595851893
750,284,"alpha1",0.199656111348512,0.196515376564663,0.0616325107814271,0.0916745460914997,0.156148278506069,0.196515376564663,0.23808513592999,0.333485699451006
750,284,"beta1",0.27735602142514,0.272711979935178,0.116899830624381,0.0700863905125881,0.188687479083244,0.272711979935178,0.3608221382128,0.508570095721636
750,285,"alpha0",0.103299030143485,0.102382765532587,0.0248168931403787,0.0675600427941841,0.0895276791051506,0.102382765532587,0.115167975655475,0.138422550118533
750,285,"alpha1",0.266461680592699,0.263689590642231,0.0566914941717026,0.158977968482195,0.227488509962639,0.263689590642231,0.302030413145189,0.387878063373738
750,285,"beta1",0.254113031523711,0.247807042620474,0.0981411260177512,0.0769342590035647,0.184150658196213,0.247807042620474,0.319066491707877,0.458665452105876
750,286,"alpha0",0.0924859219996561,0.0891000568369941,0.0261895432358012,0.057137822100469,0.0768141268317095,0.0891000568369941,0.105419715887214,0.135410102779314
750,286,"alpha1",0.273441149370472,0.271710715608304,0.0547698692180688,0.168767955676521,0.235563731729836,0.271710715608304,0.3091162267339,0.386442496981844
750,286,"beta1",0.342152119206316,0.350460812814004,0.105473561424328,0.148160297811575,0.261747243078269,0.350460812814004,0.417895548943086,0.538006080901222
750,287,"alpha0",0.1006387117876,0.0955662482825376,0.029766923183579,0.062978598086926,0.0827992650472499,0.0955662482825376,0.114802914638766,0.147176681919932
750,287,"alpha1",0.304183710654829,0.299761566803415,0.0648704013256163,0.189570606464972,0.258100904195558,0.299761566803415,0.343692351701625,0.447483705703167
750,287,"beta1",0.277453423551115,0.286277364939456,0.108605865872154,0.0760635829444089,0.198282025355003,0.286277364939456,0.3576896069284,0.476193595703905
750,288,"alpha0",0.103682575962189,0.0995097678358291,0.0333692733124619,0.0636714400723115,0.085148696578127,0.0995097678358291,0.115557879778687,0.164446249088893
750,288,"alpha1",0.343921893597706,0.341260491632259,0.0610172923826575,0.227654388345175,0.302895728150304,0.341260491632259,0.384099186636681,0.46771360252075
750,288,"beta1",0.30583462256215,0.30736262170841,0.101722086333697,0.0962491004575118,0.23774654438725,0.30736262170841,0.37832595769246,0.491687025676503
750,289,"alpha0",0.141148499825233,0.138917641223331,0.0353590554553949,0.0867059617749684,0.118282169225431,0.138917641223331,0.162325812602343,0.194217856025213
750,289,"alpha1",0.245591302744134,0.238906801027048,0.0589583705227023,0.145053587226505,0.204162689115429,0.238906801027048,0.283256787574821,0.371646588947213
750,289,"beta1",0.198440997213463,0.195897607484789,0.116476325803265,0.00587482073103298,0.11171605262204,0.195897607484789,0.280684599516075,0.429211515978827
750,290,"alpha0",0.0989479951018899,0.0972348698826612,0.0297267814484659,0.0571408640079635,0.0838215824064761,0.0972348698826612,0.110069550386137,0.147286513756942
750,290,"alpha1",0.266892834069136,0.264981165426626,0.0522368586084139,0.175217603915437,0.22869481222874,0.264981165426626,0.30115436668004,0.374881130642531
750,290,"beta1",0.32526752107621,0.324441563905744,0.105217239974419,0.112757418535499,0.255150569483953,0.324441563905744,0.391457978814003,0.534406024599051
750,291,"alpha0",0.104742277228099,0.104724121551641,0.0301524123021998,0.0585394157239223,0.0877596139591724,0.104724121551641,0.119495299638823,0.145389255816189
750,291,"alpha1",0.323973979526696,0.320138753576679,0.0614384004912351,0.214698773976052,0.279285538287579,0.320138753576679,0.364485811370488,0.452609189838802
750,291,"beta1",0.25310250520741,0.236660687651627,0.118196822476378,0.0624176903941117,0.163749792442363,0.236660687651627,0.339957609587154,0.496386879419208
750,292,"alpha0",0.070508459561408,0.0681960497809653,0.0268104516536862,0.0400313700113463,0.0575555852232404,0.0681960497809653,0.0796476653268433,0.104816585090685
750,292,"alpha1",0.244275638899607,0.241183169172254,0.0467169778707639,0.155282794720077,0.212786913723319,0.241183169172254,0.274055191186071,0.340310813072253
750,292,"beta1",0.505001734372623,0.511526413503533,0.0844091344497038,0.334287906836456,0.454833929637222,0.511526413503533,0.560421952124576,0.659180923230681
750,293,"alpha0",0.143536349802766,0.144504308789418,0.0243039840304326,0.0959788094917028,0.128887778517089,0.144504308789418,0.15851279590387,0.181701248359
750,293,"alpha1",0.298861856619691,0.297733689017206,0.0612372601613059,0.187985716136081,0.255201178521102,0.297733689017206,0.33944317025139,0.423877336742161
750,293,"beta1",0.140792396949451,0.125460990392899,0.0932794773498593,0.0103357530314151,0.0683002921216516,0.125460990392899,0.200864361399193,0.367661274492171
750,294,"alpha0",0.109746287430852,0.108283215704445,0.0266154750913335,0.0706402098524722,0.0948998025614921,0.108283215704445,0.122508975965764,0.148414045743272
750,294,"alpha1",0.396380105271842,0.395331336412644,0.0667009501280884,0.267860350731244,0.352181925992346,0.395331336412644,0.439997400985054,0.52939349263947
750,294,"beta1",0.244733615773755,0.239839780940503,0.0885847052329406,0.0812362253057494,0.180988518629552,0.239839780940503,0.303036168482574,0.425307283501241
750,295,"alpha0",0.107479142827054,0.106441415207115,0.0261063554066542,0.0682266405465677,0.0944071761820169,0.106441415207115,0.117473256218973,0.149669013229673
750,295,"alpha1",0.43821842734416,0.435193619825778,0.0767351845098975,0.301455593999461,0.385881200988836,0.435193619825778,0.488118298257567,0.599478615638149
750,295,"beta1",0.211670559796044,0.203691003485587,0.0858431299947938,0.0516102780432661,0.157078957048039,0.203691003485587,0.256985682602091,0.417735001219009
750,296,"alpha0",0.107524507690405,0.106946714237501,0.0248339102843429,0.0684972361861657,0.0934097976885515,0.106946714237501,0.120479406458485,0.143782164683177
750,296,"alpha1",0.349537334332893,0.343603414482527,0.0587832971645684,0.246924612115955,0.30775114632733,0.343603414482527,0.386232239745895,0.474577260119784
750,296,"beta1",0.235329324762637,0.224951903773514,0.0951988855816403,0.0749391987938,0.167004231029408,0.224951903773514,0.296915248507139,0.438332086694077
750,297,"alpha0",0.118641395418472,0.117875196446656,0.0322373686149078,0.0714006978825717,0.100583191426081,0.117875196446656,0.132914437564455,0.168096045332785
750,297,"alpha1",0.234969039478207,0.230651703719147,0.0566657868822536,0.13539534016523,0.195635440091343,0.230651703719147,0.268261264525116,0.358957849872135
750,297,"beta1",0.280559198490144,0.277380311526673,0.113704771939593,0.0673379775508704,0.19729653296593,0.277380311526673,0.356863092983764,0.50949868106085
750,298,"alpha0",0.120746145899884,0.119781665072645,0.0270924406464258,0.0783558955314184,0.104547346724345,0.119781665072645,0.135215266151762,0.162625022563615
750,298,"alpha1",0.255606431565985,0.253500313380958,0.0486253375104042,0.167352826351707,0.222482197262193,0.253500313380958,0.28577116942847,0.358964757227149
750,298,"beta1",0.228556940040418,0.226809527226395,0.100898786280143,0.0488197875115942,0.152581731513641,0.226809527226395,0.299355243251106,0.429861719013661
750,299,"alpha0",0.118818610807873,0.118241774890235,0.0253712548136204,0.079212038606513,0.104747710803964,0.118241774890235,0.131569971354012,0.157065472073054
750,299,"alpha1",0.402393213393233,0.39685163247898,0.0684281974748853,0.279114920424561,0.352646269458658,0.39685163247898,0.449606653131375,0.543099548207164
750,299,"beta1",0.177277354872944,0.168544511039491,0.0848819698120203,0.0396669364806759,0.112645834876313,0.168544511039491,0.231700173522078,0.365291223071279
750,300,"alpha0",0.120696352013526,0.119893311076471,0.0259201404401029,0.0849248228722637,0.107509022038523,0.119893311076471,0.131576963053884,0.155401951748638
750,300,"alpha1",0.311864474853355,0.306536449202934,0.0623183773947405,0.205589900968165,0.265509754526805,0.306536449202934,0.353734800728319,0.445472231342242
750,300,"beta1",0.169315235025756,0.160448908301224,0.0827777132561226,0.0338319388778526,0.105690055095152,0.160448908301224,0.224208987850928,0.345808524539811
750,301,"alpha0",0.116735961341919,0.117992518180591,0.0290456780098506,0.0729260670030876,0.100000155296677,0.117992518180591,0.131437675063891,0.151938244480417
750,301,"alpha1",0.376597424961102,0.374557636446484,0.0716032631436487,0.242876763724591,0.329389843489767,0.374557636446484,0.419899875992572,0.523543281515462
750,301,"beta1",0.173577238909928,0.15107816354607,0.100154196131443,0.0354316092195436,0.0945659532270182,0.15107816354607,0.236160093881837,0.39740395866073
750,302,"alpha0",0.112780403475289,0.112597467548143,0.0279668616320911,0.063580301631851,0.0970880451327208,0.112597467548143,0.127693937984481,0.159612502819871
750,302,"alpha1",0.2619612437224,0.258307113049722,0.0609690393343313,0.151666041639261,0.218680518913293,0.258307113049722,0.300988161711434,0.393307710190568
750,302,"beta1",0.273605611775211,0.264494766230714,0.115933083407499,0.065120434033787,0.196537128284305,0.264494766230714,0.342944830114285,0.53061764342439
750,303,"alpha0",0.100627836473381,0.0998062798721618,0.0233748836816186,0.0637122323356136,0.0866913944968868,0.0998062798721618,0.112367111941901,0.138613581019816
750,303,"alpha1",0.352954806057625,0.34629817636799,0.068186841537491,0.233257045498807,0.304513723543787,0.34629817636799,0.39655941539208,0.505602648831713
750,303,"beta1",0.292056999104919,0.289233432927031,0.0936684746655898,0.114616815753861,0.228148001928063,0.289233432927031,0.35087552527315,0.492967635096665
750,304,"alpha0",0.101264195070169,0.0977559253734608,0.0289773305599302,0.0639027356870613,0.0831382912850324,0.0977559253734608,0.115033254390046,0.152077294948531
750,304,"alpha1",0.281312559735182,0.278038156146382,0.0570100818718491,0.180177848148888,0.240188618561725,0.278038156146382,0.317901413124169,0.404450929388323
750,304,"beta1",0.360743526934046,0.365887756451371,0.0988017793709413,0.148353755192015,0.296934712834528,0.365887756451371,0.433077085718116,0.540866165416769
750,305,"alpha0",0.1321494195478,0.131950385504571,0.0276909577031771,0.0778167910402346,0.113976902112276,0.131950385504571,0.150908250001768,0.182272097278162
750,305,"alpha1",0.305467084964836,0.299100091676153,0.069378626867393,0.187276139499523,0.256784560140111,0.299100091676153,0.348185576173343,0.456078629098412
750,305,"beta1",0.185146861484115,0.173355279450483,0.110403756719047,0.00484576847258364,0.101019007546685,0.173355279450483,0.256633536256635,0.424871184837281
750,306,"alpha0",0.108578555478286,0.108461242594199,0.03051817206692,0.0536742043131955,0.0884090574233374,0.108461242594199,0.128412887978917,0.159104911347205
750,306,"alpha1",0.319234867364768,0.31622133163398,0.0611876106312458,0.210554457324917,0.275556487616234,0.31622133163398,0.36050871569758,0.442998769652176
750,306,"beta1",0.306114917514478,0.299114530614561,0.115801440920579,0.110940502849823,0.217309214770409,0.299114530614561,0.379662181729833,0.563246068562633
750,307,"alpha0",0.0938259136060129,0.0925901237284284,0.0221062431636894,0.0638192978702991,0.0837718882924854,0.0925901237284284,0.10216213665571,0.122862431107409
750,307,"alpha1",0.437921183528836,0.432459136791636,0.0727114855179527,0.309756230835123,0.387548228895916,0.432459136791636,0.481652268409219,0.60142046148867
750,307,"beta1",0.266290946812631,0.265753566925179,0.0713279062119266,0.123351414488212,0.219561702266365,0.265753566925179,0.311419662489487,0.415431345908974
750,308,"alpha0",0.100606854666944,0.0989297010133793,0.0235542035366975,0.0645962059668592,0.0871511670280784,0.0989297010133793,0.11075454476051,0.140332174367737
750,308,"alpha1",0.316072748568327,0.310430026414707,0.061371625714563,0.207886226200922,0.274678965638276,0.310430026414707,0.352559782516496,0.45101423111069
750,308,"beta1",0.342950205645636,0.340647581536668,0.0772885508428347,0.200256697811596,0.288608129850108,0.340647581536668,0.394869929635269,0.498966468531483
750,309,"alpha0",0.106369366773592,0.106063031196922,0.0237703486502045,0.0701170610830619,0.092478032786402,0.106063031196922,0.117920269309648,0.143450981055764
750,309,"alpha1",0.391211767426188,0.386124483242519,0.0730764793690034,0.25373608810322,0.34320890791403,0.386124483242519,0.433496544862741,0.559380525010531
750,309,"beta1",0.221873636108408,0.212544158168923,0.0799209868692814,0.0925703396861336,0.163439006698462,0.212544158168923,0.270077290873406,0.408599717915085
750,310,"alpha0",0.107904145523967,0.108551651370882,0.023966631173793,0.0669682029076141,0.0948727572592744,0.108551651370882,0.120032532001484,0.14276872423896
750,310,"alpha1",0.296957595651318,0.29201505985391,0.0624433837398504,0.187660222008117,0.252254850049322,0.29201505985391,0.337204390887671,0.428823462653659
750,310,"beta1",0.218823742969537,0.202497488802485,0.100981565336576,0.0626187512972706,0.147620606693862,0.202497488802485,0.276852905100632,0.453669924742563
750,311,"alpha0",0.0749883652054065,0.0727248015961742,0.0254223858704144,0.0494108857586422,0.0639758911354745,0.0727248015961742,0.0822620776724526,0.103047256061411
750,311,"alpha1",0.452230447799198,0.448510432580737,0.0658013702228897,0.335551261759987,0.404327149139915,0.448510432580737,0.495882075493482,0.591531397109625
750,311,"beta1",0.287390313027255,0.287314010057938,0.0694756975849513,0.149383648776145,0.240304483952247,0.287314010057938,0.33661361811943,0.413474840154766
750,312,"alpha0",0.101414838459216,0.100366973122079,0.0271539172498416,0.0632934002824149,0.08620789116165,0.100366973122079,0.114135632868086,0.139531463240159
750,312,"alpha1",0.324487138675754,0.320924170151154,0.0628121515740151,0.209770091394632,0.279947073413882,0.320924170151154,0.366127469953313,0.452448437499054
750,312,"beta1",0.281684674708046,0.276294085223657,0.0942618309957011,0.121806398691349,0.209578546073963,0.276294085223657,0.346649040121165,0.476284355782328
750,313,"alpha0",0.109947678579206,0.105082106277007,0.0331388017626159,0.0663844865198564,0.0914073948286721,0.105082106277007,0.123129343567022,0.176338375219728
750,313,"alpha1",0.282448345936271,0.280989301595523,0.0532081627177474,0.180391981146485,0.245183939079623,0.280989301595523,0.318210651574427,0.390778566536858
750,313,"beta1",0.338184193678128,0.346996541168045,0.104984534334348,0.0868103379103839,0.274506831462525,0.346996541168045,0.412354170369026,0.518076498342226
750,314,"alpha0",0.109731773096572,0.108890957971867,0.0293265007767082,0.0503274337143877,0.0937992667202168,0.108890957971867,0.124613671378477,0.155296763867608
750,314,"alpha1",0.254128095440472,0.247794137545899,0.0628999351919479,0.1512219963306,0.210221855672699,0.247794137545899,0.289534552309758,0.399925642618691
750,314,"beta1",0.3313548996322,0.321824115083168,0.10656953936068,0.164376314911092,0.251299204202648,0.321824115083168,0.392120436718757,0.60037019191243
750,315,"alpha0",0.115611997998922,0.111936463510522,0.0255673351645977,0.0819963432701779,0.0998903274708418,0.111936463510522,0.127499884424494,0.163125276850663
750,315,"alpha1",0.375006689260554,0.371316103943537,0.0662500297558282,0.258690879315487,0.327170383890096,0.371316103943537,0.417616851826886,0.514636600191016
750,315,"beta1",0.264959723646246,0.268991826739949,0.0822428192544706,0.0799026699369649,0.21380387540752,0.268991826739949,0.322639772134675,0.408273125027361
750,316,"alpha0",0.105350006941746,0.106686429926752,0.0316997531819482,0.0480222447886316,0.0877904967919908,0.106686429926752,0.123220765746649,0.149495667790737
750,316,"alpha1",0.216331015185688,0.214766798687051,0.0579515552986016,0.112075497112577,0.175356952600749,0.214766798687051,0.253196465246949,0.337476626791625
750,316,"beta1",0.31138366333636,0.294336751987014,0.14183626185493,0.0878451354738147,0.206457103827301,0.294336751987014,0.393393660792151,0.631053571022819
750,317,"alpha0",0.116736687636289,0.116311779836589,0.0315525896339136,0.0527934998824149,0.0984369188484906,0.116311779836589,0.134772727620341,0.180063286014387
750,317,"alpha1",0.292298705814249,0.288352909599634,0.0630746689588402,0.179197859060125,0.246502928552256,0.288352909599634,0.334853586420453,0.426832375638368
750,317,"beta1",0.328350586422767,0.319969943443764,0.114679726693788,0.110942455080607,0.253466413926571,0.319969943443764,0.403101957021023,0.57740063160754
750,318,"alpha0",0.141216063563488,0.140792694063338,0.0243237986941187,0.0992700916270509,0.125968307193323,0.140792694063338,0.155409871245117,0.179851743808942
750,318,"alpha1",0.331830159772677,0.327719904043657,0.0627158463642144,0.21959012803483,0.287669508239509,0.327719904043657,0.372220401481817,0.466939784377305
750,318,"beta1",0.150755344277764,0.140696992774536,0.0843016516152763,0.0165650311711268,0.0848258261185853,0.140696992774536,0.206390159800387,0.332097221293657
750,319,"alpha0",0.151724565803069,0.151871233918055,0.0336611210753157,0.0874843615166281,0.129261105458697,0.151871233918055,0.174757483994686,0.208611423749538
750,319,"alpha1",0.189393350298135,0.186066921908792,0.0506671471773057,0.0942895215530724,0.153041129296204,0.186066921908792,0.222030222403613,0.298205147249729
750,319,"beta1",0.253822940426847,0.243031427644591,0.128202621007091,0.0506397005052472,0.153548796429457,0.243031427644591,0.336878269054406,0.536856832489238
750,320,"alpha0",0.130583441491523,0.131427029649819,0.0256277109990344,0.0862494710246936,0.114458297803128,0.131427029649819,0.146525830686513,0.168617781366443
750,320,"alpha1",0.292716439411507,0.286825636565829,0.0628021412926248,0.181927168407001,0.248551335965507,0.286825636565829,0.334884226140083,0.428276690996536
750,320,"beta1",0.177137854242638,0.159237458733822,0.107965683712613,0.0131678974668589,0.0912805563128831,0.159237458733822,0.253290124556,0.407805849766763
750,321,"alpha0",0.0930630696850492,0.0897715879929877,0.0311418127688454,0.0442048096787838,0.0735732030157423,0.0897715879929877,0.1102152605482,0.151858676457674
750,321,"alpha1",0.275464993818993,0.269471755335099,0.0584810317533526,0.175552032629698,0.235673432147668,0.269471755335099,0.31006368455442,0.40681783297715
750,321,"beta1",0.3588074578009,0.363981088151369,0.132990411486173,0.0831206321683699,0.26377179930158,0.363981088151369,0.452974824017377,0.614911328761599
750,322,"alpha0",0.0945057803321675,0.0901966107034632,0.0291315760392588,0.0627519298160176,0.0805470418855081,0.0901966107034632,0.103291616177635,0.138093750850211
750,322,"alpha1",0.313215807038415,0.312003006512531,0.0565477814291511,0.207566118701822,0.273882431936465,0.312003006512531,0.349462811274067,0.429177054831098
750,322,"beta1",0.268946106921437,0.273514390205713,0.0960795652812406,0.0524541767790492,0.216000356464479,0.273514390205713,0.332712817427384,0.444106574530671
750,323,"alpha0",0.114040584254633,0.113304795553411,0.0261149024052495,0.073154379145262,0.0982425560646633,0.113304795553411,0.128109579199857,0.154922282231292
750,323,"alpha1",0.321870661370286,0.319933207160173,0.0598947664122633,0.210234749747569,0.280361440196378,0.319933207160173,0.361476083597553,0.44499535319076
750,323,"beta1",0.248027332128251,0.242708386876404,0.0915575049165225,0.083410859376682,0.17916776777784,0.242708386876404,0.314914995812232,0.428110523272803
750,324,"alpha0",0.115100210976472,0.112611498516334,0.0386071335072075,0.0581223529191309,0.0892089151466891,0.112611498516334,0.136198764859985,0.183231425691613
750,324,"alpha1",0.253329518140054,0.250343041707052,0.0654173584627764,0.136270217093427,0.206268740345955,0.250343041707052,0.298219392978373,0.385089472150976
750,324,"beta1",0.273195246992727,0.271853190870606,0.145170813441463,0.0208788636423769,0.157224138636076,0.271853190870606,0.384426843170871,0.547016354893919
750,325,"alpha0",0.109214623272773,0.106887051380137,0.0424110135414918,0.0464405219491731,0.0755261761894583,0.106887051380137,0.136589993033284,0.184297844201837
750,325,"alpha1",0.194466723441353,0.189576623622357,0.0541068289116555,0.102418612379712,0.155291098157821,0.189576623622357,0.22888847530554,0.313415120812333
750,325,"beta1",0.343328788287033,0.345294834107192,0.183230686042688,0.0285457424886533,0.198653242746913,0.345294834107192,0.496311307494849,0.668611533506447
750,326,"alpha0",0.12688521315984,0.126720037404671,0.0287373080305801,0.0754605636432839,0.10903279745888,0.126720037404671,0.143381304995146,0.172666573518625
750,326,"alpha1",0.330381702516212,0.324849736428715,0.0660228251387511,0.216288492622551,0.282915868793681,0.324849736428715,0.372479006204833,0.471814380640113
750,326,"beta1",0.185267222855335,0.174523700292286,0.0988386484807124,0.0252507130848762,0.110213136735297,0.174523700292286,0.24782597728546,0.409415351405483
750,327,"alpha0",0.13342138238207,0.135549104561311,0.0271362859768261,0.0832113715631035,0.119665435174644,0.135549104561311,0.148087595361182,0.165404346274655
750,327,"alpha1",0.354523364551966,0.346876157625904,0.069845548859955,0.235678762355982,0.305119663769817,0.346876157625904,0.400136790570831,0.509033421174278
750,327,"beta1",0.112672022296893,0.0924882840685619,0.0924124291750534,0.00506633554515887,0.0394132122558135,0.0924882840685619,0.15946337749996,0.340956219288694
750,328,"alpha0",0.133497706226484,0.132651720988083,0.0306834274888138,0.0844806426232744,0.116555468631649,0.132651720988083,0.148842037841299,0.180077888086816
750,328,"alpha1",0.327883971331522,0.324439631082103,0.0627265911943757,0.215642238917011,0.284949613890454,0.324439631082103,0.368049170925927,0.459466132192093
750,328,"beta1",0.170697563183464,0.159995443794129,0.0978784183572049,0.0200808702464722,0.0940979753026089,0.159995443794129,0.232507491829851,0.381604064102283
750,329,"alpha0",0.098583994226833,0.0977742770947607,0.0272216596602608,0.0587763209861736,0.0847262316240817,0.0977742770947607,0.110164009636774,0.13623056439617
750,329,"alpha1",0.268858937533077,0.26191207040916,0.0684997647732728,0.152239249649767,0.221122855156914,0.26191207040916,0.311118925281103,0.429413134373656
750,329,"beta1",0.290317190559198,0.279878357240755,0.107720775356,0.106328925811655,0.21245946802787,0.279878357240755,0.363475172699937,0.527275168315507
750,330,"alpha0",0.114303360058795,0.113548321656547,0.0283938459183014,0.0691440516644767,0.0976654787835588,0.113548321656547,0.128976135674612,0.157076815378861
750,330,"alpha1",0.261943603559761,0.256660216910526,0.0598457412578171,0.155532231857737,0.220602057269721,0.256660216910526,0.297942237329044,0.395008399367926
750,330,"beta1",0.212857854789187,0.200869149641835,0.111743234913558,0.0262790861653117,0.130485710883201,0.200869149641835,0.286802082948148,0.46678549345317
750,331,"alpha0",0.0829423792588304,0.0820610110621854,0.0261971787198767,0.0511595200148684,0.0704021418234614,0.0820610110621854,0.0931702480640857,0.114981626269761
750,331,"alpha1",0.396056911520756,0.39378277872454,0.0682853649782603,0.270506407519099,0.347975536078806,0.39378277872454,0.439658180271037,0.540123602851699
750,331,"beta1",0.32493888836984,0.321764423117032,0.0794240433590388,0.177999450101781,0.268798763118115,0.321764423117032,0.375587496607341,0.491030655920654
750,332,"alpha0",0.0759255396869816,0.0737974568490473,0.0244998131332333,0.0455140172519809,0.0628950408139524,0.0737974568490473,0.0853070356852488,0.111413065918947
750,332,"alpha1",0.374171850961742,0.370461332956284,0.0638719799981239,0.255274864172476,0.330489719547173,0.370461332956284,0.41532978741697,0.50853221223009
750,332,"beta1",0.339484477760314,0.341566905262979,0.0933145096312826,0.158415284273581,0.274225985257328,0.341566905262979,0.404410994387316,0.520651301380567
750,333,"alpha0",0.127061241019047,0.126786118065098,0.0330321311804312,0.0665081602474617,0.107460429736736,0.126786118065098,0.146365525032018,0.181091317648192
750,333,"alpha1",0.242492242094468,0.239298716270663,0.0540869551320854,0.14694954023599,0.205259878434841,0.239298716270663,0.276661786771592,0.357361220541533
750,333,"beta1",0.240488557299379,0.230893900666425,0.132101533660542,0.0248016603660581,0.144929088603024,0.230893900666425,0.321869897531725,0.531870380873915
750,334,"alpha0",0.0978811206787643,0.0956603968857748,0.0275966126728126,0.0494011435061881,0.0825441609300428,0.0956603968857748,0.111880254396444,0.151942409800958
750,334,"alpha1",0.28088617183147,0.277834546475846,0.0573599364158704,0.180379823066775,0.239897024211287,0.277834546475846,0.317382656849098,0.400060410478716
750,334,"beta1",0.362937601472717,0.363771027227262,0.109650263145822,0.130973403988392,0.29517512934333,0.363771027227262,0.429752452790604,0.598621376678236
750,335,"alpha0",0.113159910005601,0.112956531167573,0.0235050284654095,0.0761408045486148,0.0996138314884453,0.112956531167573,0.126194585448995,0.146228852364346
750,335,"alpha1",0.260618400247552,0.255795628161193,0.0549003847920937,0.161791508338073,0.223320462385854,0.255795628161193,0.29575996908444,0.377661457558118
750,335,"beta1",0.293528908224479,0.287089145982871,0.0838796955390955,0.156054875512258,0.232498507975442,0.287089145982871,0.346646788304518,0.47851186877658
750,336,"alpha0",0.0920318363011463,0.090368400911059,0.0274235348311376,0.0592517270626018,0.0777963090879175,0.090368400911059,0.101977544197931,0.129815958226633
750,336,"alpha1",0.294100851669582,0.291224203472733,0.0601628405186387,0.186306246945118,0.251915813083345,0.291224203472733,0.331834097544022,0.420731861440321
750,336,"beta1",0.285412342165772,0.28402583481952,0.0962581656095603,0.0999238811246629,0.21693154409586,0.28402583481952,0.351080679668554,0.476043282899412
750,337,"alpha0",0.0823483362235742,0.0798071039976918,0.0317532708577645,0.0341365000754485,0.061661846493346,0.0798071039976918,0.100969257720594,0.1406213111983
750,337,"alpha1",0.16162890880088,0.159077051588674,0.0511930708980984,0.0697651688171734,0.12542943252127,0.159077051588674,0.194616009638641,0.271749522747341
750,337,"beta1",0.412999401921912,0.421821724396358,0.159618276119216,0.097820625152382,0.28918220473361,0.421821724396358,0.535289508154144,0.692567807203615
750,338,"alpha0",0.136996020546964,0.137403794477408,0.0254918137748673,0.0961367440121437,0.123056032302619,0.137403794477408,0.150445535320274,0.174037233315947
750,338,"alpha1",0.262944891891895,0.259337995544049,0.0554759624206811,0.164114457366102,0.224056953327316,0.259337995544049,0.298141612825327,0.384541216101261
750,338,"beta1",0.146543337550865,0.133295666247307,0.0908710018245415,0.015154549464194,0.0774323876109935,0.133295666247307,0.202200434983896,0.350325346999163
750,339,"alpha0",0.0897007379966288,0.0882476680127871,0.0277232225522924,0.051444761143734,0.0738000195473954,0.0882476680127871,0.102152834874876,0.132765497147407
750,339,"alpha1",0.297791477051033,0.295738320942059,0.0563327554517063,0.1946732510158,0.257712571281485,0.295738320942059,0.336233593799214,0.413833286833784
750,339,"beta1",0.329683618437593,0.323773360312269,0.107931487852068,0.119798344257038,0.255038804384883,0.323773360312269,0.405829241483491,0.538272165410013
750,340,"alpha0",0.155781820761975,0.155474263208972,0.0278821590710916,0.11154769488979,0.141451473944512,0.155474263208972,0.170162107581805,0.191462048647196
750,340,"alpha1",0.260015528095566,0.256463136417293,0.0550588796938693,0.163835059383848,0.221003690385428,0.256463136417293,0.295398882816061,0.376630726281172
750,340,"beta1",0.111727279398341,0.0967069711940949,0.0891193665129721,0.00297979211129922,0.0348209187359132,0.0967069711940949,0.163837901569606,0.326356251436907
750,341,"alpha0",0.108165999909837,0.106752825120543,0.0300189401236558,0.0629688252661657,0.0888466060101885,0.106752825120543,0.124094099002238,0.156621134456343
750,341,"alpha1",0.314813238070485,0.312384589042677,0.0617402294435736,0.205403522816919,0.270932279523846,0.312384589042677,0.354843970445486,0.445902235955753
750,341,"beta1",0.302595459625518,0.298275038402122,0.113327843336305,0.0995502780203336,0.222379874841489,0.298275038402122,0.381306416149972,0.532607757725507
750,342,"alpha0",0.120126655346724,0.118831058426228,0.0295360995159916,0.0754499561276013,0.102666510302961,0.118831058426228,0.136056591535972,0.166209475665859
750,342,"alpha1",0.278242427322887,0.274105923553495,0.0605127087032146,0.169928708777112,0.235677813223642,0.274105923553495,0.317646765685071,0.401520568555967
750,342,"beta1",0.202406245943037,0.201019595321635,0.116537236975533,0.00927239807125456,0.114474756627083,0.201019595321635,0.280668329391556,0.451208309349851
750,343,"alpha0",0.0799691644911865,0.0794230734040152,0.0214268722050713,0.0487075258689134,0.0682579677838472,0.0794230734040152,0.0898526993716678,0.113273235554255
750,343,"alpha1",0.363672588152754,0.359669549949122,0.0600081495754778,0.258500337258159,0.321729159952738,0.359669549949122,0.400280639579739,0.493567032884657
750,343,"beta1",0.345552188800472,0.342419620175094,0.0793341923663191,0.19985708461375,0.288485138372163,0.342419620175094,0.39868402747047,0.503667807925737
750,344,"alpha0",0.11704519249893,0.115968704935164,0.0243402001494369,0.0845382777761363,0.104761706210176,0.115968704935164,0.126814823781064,0.147528263227983
750,344,"alpha1",0.346797505833714,0.345292739730091,0.061258910090527,0.229514697781418,0.304010947998578,0.345292739730091,0.387670521478081,0.469546330926849
750,344,"beta1",0.154798620750596,0.149693932675508,0.0736741904969935,0.0237956994095452,0.100985414626131,0.149693932675508,0.203842045493123,0.31099362377514
750,345,"alpha0",0.102890131366564,0.100841218477863,0.0405361245464855,0.0380752351785252,0.0751693247111755,0.100841218477863,0.129945990211728,0.164747437586628
750,345,"alpha1",0.197322392028088,0.191026234784931,0.0631586765287148,0.0943000317982593,0.151537389341557,0.191026234784931,0.235909019749507,0.333571842998899
750,345,"beta1",0.332551812541331,0.325051834226911,0.180106859515981,0.0425369279630433,0.183353121676714,0.325051834226911,0.459558394047586,0.684474692415287
750,346,"alpha0",0.1320839002709,0.134473012457066,0.0337147811083863,0.0721472692617049,0.109668807382503,0.134473012457066,0.154982379452268,0.182949363121264
750,346,"alpha1",0.192234327912121,0.187607800403718,0.0576196511886969,0.0937473717972258,0.151440968398735,0.187607800403718,0.228649638125971,0.314344838266618
750,346,"beta1",0.220737481339636,0.192886041719789,0.147706619738057,0.0130317404878167,0.0967655357910454,0.192886041719789,0.327120141846559,0.533962229074483
750,347,"alpha0",0.101047837165724,0.100205437942092,0.0243814542285115,0.0677110709044233,0.0891954818826453,0.100205437942092,0.110674319751741,0.131219872496577
750,347,"alpha1",0.401744100181489,0.397602359263565,0.0664591071633132,0.281790630881109,0.35497275108902,0.397602359263565,0.444731015573272,0.543015775194173
750,347,"beta1",0.233738398221777,0.223804334386244,0.0677233650576374,0.124205223498088,0.185985889605572,0.223804334386244,0.273705798724976,0.391272808181898
750,348,"alpha0",0.0866168749982925,0.0840910955310425,0.024328772467519,0.0524704371146053,0.0721834715487805,0.0840910955310425,0.0984853064091549,0.124888394148627
750,348,"alpha1",0.336926205181373,0.334864533456875,0.0605500275359412,0.22728641420125,0.29609672176305,0.334864533456875,0.371966081230277,0.473951338159037
750,348,"beta1",0.371303059723874,0.373480161507147,0.08636981731272,0.206860870036481,0.312338321158022,0.373480161507147,0.427617620131376,0.548612314728403
750,349,"alpha0",0.085765183280827,0.0843053930262517,0.0277769965835517,0.047710339558623,0.0695643211662685,0.0843053930262517,0.097921375083958,0.132257478470348
750,349,"alpha1",0.2402332831937,0.234395096653826,0.0567449028590043,0.145906155743113,0.200025122814774,0.234395096653826,0.273074441572015,0.368228045552702
750,349,"beta1",0.371191186058853,0.37216081281997,0.10865449271963,0.149616666037897,0.297528956044226,0.37216081281997,0.445643692522893,0.585014220156198
750,350,"alpha0",0.100513238693377,0.0978717270137512,0.0357771523764026,0.0415114769383627,0.0763420970337251,0.0978717270137512,0.121963917242805,0.173073317309845
750,350,"alpha1",0.189524918916567,0.185547816666433,0.0518295506124258,0.102304717405336,0.152522486007695,0.185547816666433,0.221126065213021,0.299465321199114
750,350,"beta1",0.441597266636309,0.444003116855312,0.138142877996311,0.166164385872752,0.345545506991228,0.444003116855312,0.536529173759835,0.7045416055799
750,351,"alpha0",0.124931099272053,0.125344839707074,0.0314965995530061,0.0682470281019369,0.1060305846917,0.125344839707074,0.14269845539768,0.178184815757513
750,351,"alpha1",0.285726368364174,0.28419580357811,0.0555710867901671,0.183192855902126,0.24623939319267,0.28419580357811,0.32213271502534,0.398510698130127
750,351,"beta1",0.247133351500582,0.235741566951016,0.116539132310341,0.0429563172839871,0.167437083602445,0.235741566951016,0.315730831506301,0.508167947735341
750,352,"alpha0",0.0997255403279222,0.0970363691199007,0.0300362796147784,0.0552657180068428,0.0787326794803072,0.0970363691199007,0.117271464802148,0.160053714046972
750,352,"alpha1",0.250223865339637,0.246289240670521,0.0548591695854021,0.156071241918373,0.210392516502697,0.246289240670521,0.285886136457126,0.366799253459661
750,352,"beta1",0.330132266831823,0.330682576716538,0.12780904530999,0.0747366527360335,0.235854787351591,0.330682576716538,0.427177387470595,0.56321059717771
750,353,"alpha0",0.137092576071651,0.136132379432626,0.0259241627576364,0.0967722776111845,0.122194253505281,0.136132379432626,0.15032005997544,0.176581575409137
750,353,"alpha1",0.27473789608681,0.270444663924805,0.0635391674414282,0.16140726667151,0.229438322844362,0.270444663924805,0.315639827737713,0.407886106070588
750,353,"beta1",0.150125104323953,0.139200931058643,0.088341049718785,0.0149867706444721,0.0842184875702796,0.139200931058643,0.204589548011324,0.353285576618586
750,354,"alpha0",0.0840113778879309,0.0815407890242964,0.0286052952887915,0.0442343238036095,0.0678847837035735,0.0815407890242964,0.0959382122208239,0.127545080698609
750,354,"alpha1",0.271675867867166,0.270318265015056,0.0549482403536073,0.170454135091441,0.233356229494534,0.270318265015056,0.306851641988427,0.383646780909443
750,354,"beta1",0.370024022827796,0.372064013943403,0.113758875511649,0.134167818956281,0.293105596620366,0.372064013943403,0.446691374363748,0.591017040854965
750,355,"alpha0",0.127253379894986,0.127393697371605,0.0214053887166431,0.0925413153405909,0.115992925293262,0.127393697371605,0.138159955720445,0.156960144227883
750,355,"alpha1",0.437469272676478,0.434956388516432,0.0744100983995522,0.296195337451011,0.386427991405957,0.434956388516432,0.48566587848163,0.59113410158136
750,355,"beta1",0.13146183233641,0.120724801468954,0.0667284707430365,0.0297741464613669,0.0846370990215266,0.120724801468954,0.167426452609732,0.300315957004931
750,356,"alpha0",0.0958535805365514,0.095146659786086,0.0254511367966185,0.0607769310633756,0.0822686914097355,0.095146659786086,0.106632662989116,0.131155938611988
750,356,"alpha1",0.400728653626031,0.399133753675881,0.0753918525687734,0.258761574556884,0.348438533118607,0.399133753675881,0.448915984078752,0.55810640055717
750,356,"beta1",0.227118128645142,0.218124741590972,0.0891862068070006,0.080464020098055,0.160503306395153,0.218124741590972,0.283722505751074,0.423250508909396
750,357,"alpha0",0.0867642786047381,0.0836812164461208,0.027404111347389,0.0510464758457113,0.0735422024038576,0.0836812164461208,0.0969447644640093,0.128029735921446
750,357,"alpha1",0.292507814011629,0.288176313398668,0.0593465033343426,0.189517365829469,0.252371759679293,0.288176313398668,0.326152609662434,0.424847498205507
750,357,"beta1",0.352340329359959,0.358354268182999,0.0991272266989314,0.144845536631365,0.287623363202385,0.358354268182999,0.417733191829998,0.544463566788186
750,358,"alpha0",0.104066136489113,0.103502951577275,0.0254690860213,0.0690373640998154,0.0908216739133462,0.103502951577275,0.114897223594167,0.134031997270563
750,358,"alpha1",0.301390680157835,0.297055935248179,0.0565258530859002,0.204120838466611,0.262383912410504,0.297055935248179,0.336273534386965,0.420253361530638
750,358,"beta1",0.253160963638526,0.248016230044488,0.0781704348488281,0.117414820651903,0.195419546744493,0.248016230044488,0.307053894114261,0.417925161347801
750,359,"alpha0",0.107719740996169,0.107179537871751,0.0365009312325173,0.0475950806737698,0.087219246882032,0.107179537871751,0.127646501343553,0.161898572347143
750,359,"alpha1",0.236975398659281,0.236202227930256,0.0524537574612752,0.131057905278184,0.201209126046599,0.236202227930256,0.271782861852302,0.343322184061768
750,359,"beta1",0.309097928266091,0.293628217594701,0.145965414838234,0.0677004633842643,0.200563176976593,0.293628217594701,0.396936467479013,0.628167832089363
750,360,"alpha0",0.090599553683683,0.0886100530787278,0.0321564417958878,0.0403797524055421,0.0680758415355416,0.0886100530787278,0.109117716945732,0.152448937614593
750,360,"alpha1",0.247982889468428,0.244722951404331,0.0624054942012408,0.129157629512792,0.206131549675875,0.244722951404331,0.287898732397151,0.377781918197861
750,360,"beta1",0.415307579655268,0.412685338968536,0.142993126325605,0.154178994491882,0.313104826505398,0.412685338968536,0.51691601312446,0.687637074514049
750,361,"alpha0",0.095596486823609,0.0945386816698212,0.0263656187375089,0.0558107429373197,0.0823258739440053,0.0945386816698212,0.106777491850413,0.139173353526296
750,361,"alpha1",0.308442554975517,0.303250301927613,0.0611906017874413,0.204483787840142,0.265485844443538,0.303250301927613,0.345780964186685,0.446738204459983
750,361,"beta1",0.339451625619066,0.333058761984367,0.0920616586987296,0.164340675321176,0.280502784277256,0.333058761984367,0.395139042347862,0.537813063125978
750,362,"alpha0",0.0781191833263914,0.0765834676733559,0.0284922430475908,0.038908498734874,0.061864248515575,0.0765834676733559,0.0904427240478654,0.12152164487271
750,362,"alpha1",0.276122019117933,0.269686216804345,0.0695851930182603,0.164463705306905,0.225133688283989,0.269686216804345,0.316917051666477,0.427750183895856
750,362,"beta1",0.416263329468029,0.413843963330048,0.117026724382435,0.201915187678269,0.334490059049101,0.413843963330048,0.500434177812134,0.637936371639254
750,363,"alpha0",0.108995355160317,0.10550833690578,0.0284325418262298,0.0695208294831961,0.091400798019929,0.10550833690578,0.122312767193718,0.166075748507595
750,363,"alpha1",0.328398543399488,0.327506283970071,0.0596424509366066,0.217272094557592,0.287377901115897,0.327506283970071,0.36500271233195,0.454238938329702
750,363,"beta1",0.295368439631487,0.298498259873478,0.10164776962666,0.087861758184874,0.227385158894454,0.298498259873478,0.367547717673391,0.482444293372435
750,364,"alpha0",0.0735251464629512,0.0716245951423222,0.0242788302466963,0.0442366993509636,0.0599906283425627,0.0716245951423222,0.0832413590950251,0.109917703531695
750,364,"alpha1",0.335591192656979,0.333035585447153,0.0604076982347939,0.226432722046244,0.2925684735776,0.333035585447153,0.376483555385629,0.458437742924083
750,364,"beta1",0.400613498036264,0.403930077582838,0.0902168828673848,0.223873641948624,0.342224738801133,0.403930077582838,0.462306925605493,0.5629988646963
750,365,"alpha0",0.087772801170997,0.0833514009264947,0.0316391700549723,0.0466990245711626,0.0684714918658327,0.0833514009264947,0.102481013642987,0.142433215017687
750,365,"alpha1",0.245872037435102,0.243467689490062,0.0511253642727289,0.152613230375579,0.209764713193605,0.243467689490062,0.278564972827012,0.349832970658353
750,365,"beta1",0.372840290581556,0.379810150177257,0.12316785706434,0.111296933110146,0.282380403199644,0.379810150177257,0.467685870509592,0.581518667745857
750,366,"alpha0",0.118126367476624,0.115698390083417,0.035943134769551,0.0600616091194644,0.0978334678494647,0.115698390083417,0.135083932373921,0.17688762693352
750,366,"alpha1",0.191229080213231,0.188875423408172,0.0558906747550342,0.0939655833214151,0.150112971182508,0.188875423408172,0.227751306327523,0.310271246836406
750,366,"beta1",0.327446802468272,0.320841754386731,0.131290901391038,0.0931562829126539,0.238213262235178,0.320841754386731,0.41104771294322,0.619515210721804
750,367,"alpha0",0.0899369071486008,0.0938480676821728,0.0367307583436699,0.0294808213121073,0.0643019987001102,0.0938480676821728,0.112572906037716,0.147206939503424
750,367,"alpha1",0.198061010769826,0.194452003740541,0.0618114185213301,0.0875665914715368,0.153866666638161,0.194452003740541,0.236812357663643,0.335758913505768
750,367,"beta1",0.454601526097074,0.428989836809424,0.162906636882797,0.192347890149822,0.332271076147347,0.428989836809424,0.576883263163684,0.767097951000984
750,368,"alpha0",0.118423947651277,0.119137656444021,0.0262753943135069,0.0718839497993775,0.104245356393161,0.119137656444021,0.13310003747272,0.157308486334832
750,368,"alpha1",0.37446364609689,0.370481189395169,0.0634400000090529,0.261887776541285,0.329861111093509,0.370481189395169,0.41579272543876,0.508619971224365
750,368,"beta1",0.219725019156322,0.205239188348724,0.0943849068725281,0.0722397817259947,0.149868148749559,0.205239188348724,0.273231791923685,0.438163755849131
750,369,"alpha0",0.130818638131858,0.12852707280906,0.0244897403298522,0.0971534872346909,0.116363466134097,0.12852707280906,0.142124284268284,0.169523402038062
750,369,"alpha1",0.335094685542024,0.332838466139085,0.0555247159214503,0.233578720384348,0.296926686566639,0.332838466139085,0.370765059083128,0.450996042462332
750,369,"beta1",0.202375646467264,0.20383288530761,0.0724561352788052,0.0717674170881748,0.148777056899446,0.20383288530761,0.25198004593012,0.346776634592899
750,370,"alpha0",0.101551478154111,0.101037038638015,0.0323042133473961,0.0450993966715962,0.0828337286788889,0.101037038638015,0.118342007091734,0.147496632776697
750,370,"alpha1",0.28978015214115,0.287322959981866,0.0550196055974543,0.188716813046268,0.251287450824881,0.287322959981866,0.326531596530069,0.406076610699362
750,370,"beta1",0.269715847054704,0.254802619581464,0.131436281942128,0.0409096819784215,0.173262776465064,0.254802619581464,0.357076883521345,0.572706459857653
750,371,"alpha0",0.125956378837716,0.124793559877404,0.0274138548607351,0.0858520047799059,0.110648291316062,0.124793559877404,0.139087515653327,0.167505790771801
750,371,"alpha1",0.34803466420114,0.340395089962417,0.0672547203877299,0.240494952337264,0.301231498042014,0.340395089962417,0.385706493203226,0.506590293556988
750,371,"beta1",0.19742553818243,0.18816212722265,0.0824011579647085,0.0554936510475494,0.136254840208822,0.18816212722265,0.249641419002897,0.373447206571824
750,372,"alpha0",0.108663850285597,0.107183288088835,0.0260793276490726,0.0735833806276375,0.0955692576398309,0.107183288088835,0.120073191165811,0.145217677117155
750,372,"alpha1",0.311695882878958,0.309676976071012,0.060369581316037,0.202352789917116,0.26818835178241,0.309676976071012,0.352361186614588,0.437542559436503
750,372,"beta1",0.27938719253526,0.278428397081729,0.0833799179197133,0.126571422115955,0.221258507076593,0.278428397081729,0.331356011742516,0.455981991509062
750,373,"alpha0",0.089917086894057,0.0885610787742273,0.0270201254360699,0.0584336619208078,0.0767922529778563,0.0885610787742273,0.0998986605523446,0.121405695886107
750,373,"alpha1",0.387891533682346,0.384765623381956,0.0709686065193983,0.253752263951191,0.342325920498964,0.384765623381956,0.427722356840261,0.543040847006728
750,373,"beta1",0.286670162003702,0.2808777508898,0.0889150522586448,0.129783498860103,0.22265941613402,0.2808777508898,0.34509108806957,0.466035837555351
750,374,"alpha0",0.119871001325855,0.118725892329544,0.038195651839372,0.0586429668546081,0.0957900301311677,0.118725892329544,0.140687981381236,0.17897733762345
750,374,"alpha1",0.342421935596806,0.340048815958643,0.0646037665775155,0.224620485387921,0.297038299114285,0.340048815958643,0.38681890899878,0.474253342589892
750,374,"beta1",0.260380091237969,0.243060786719907,0.134294565437981,0.034215632955895,0.154371156521496,0.243060786719907,0.364429931252624,0.532338864615409
750,375,"alpha0",0.0737331623806885,0.0707041073922143,0.0283783209800725,0.0390392804522573,0.0569807182463772,0.0707041073922143,0.0856985306008886,0.12613792139207
750,375,"alpha1",0.246852906218606,0.241783220513725,0.0553569017036877,0.155367762868001,0.209192280563982,0.241783220513725,0.280439223275386,0.358942755142254
750,375,"beta1",0.454586216490426,0.463056321523162,0.115980018199557,0.174652955846884,0.380889412904591,0.463056321523162,0.536417481102045,0.650556553693279
750,376,"alpha0",0.0784599515033344,0.0758750560094835,0.026073978577994,0.0497459896783326,0.0659368288796947,0.0758750560094835,0.0872219645246204,0.11134389706603
750,376,"alpha1",0.388089534054102,0.385197127095625,0.0631951781642976,0.271011689431157,0.34372960037265,0.385197127095625,0.42907115826767,0.521000161703865
750,376,"beta1",0.346210311051542,0.350410277888853,0.081158303792935,0.184339119917963,0.290367627647776,0.350410277888853,0.405022374779181,0.492292864784396
750,377,"alpha0",0.0743746678437674,0.0708562759648461,0.0342657071462681,0.02824059546455,0.0529415408247169,0.0708562759648461,0.0903796836664214,0.142770364013631
750,377,"alpha1",0.233840409607783,0.229697412755154,0.0562401633221592,0.138493934986666,0.194297388190414,0.229697412755154,0.269878968756446,0.3561132134012
750,377,"beta1",0.450766833509333,0.456989447814741,0.148176195136574,0.128535446584385,0.351581307821074,0.456989447814741,0.55811456168105,0.715344384313796
750,378,"alpha0",0.116396872417742,0.113723350720795,0.0245601056885065,0.0811353971206702,0.100474506874738,0.113723350720795,0.128091371580413,0.162591549893406
750,378,"alpha1",0.265960272784936,0.260416698745899,0.0568456727533743,0.16604827388858,0.226381602529569,0.260416698745899,0.301839755715138,0.389609333335231
750,378,"beta1",0.305748780463926,0.307501759612513,0.0888582513173162,0.127965030893771,0.243380614544322,0.307501759612513,0.368317160659272,0.473706775101787
750,379,"alpha0",0.13501820390546,0.13598266208668,0.0286122296282502,0.0899756711789647,0.121110914937854,0.13598266208668,0.148407670223594,0.168458394560517
750,379,"alpha1",0.323561211312997,0.321254882880172,0.0583758201157892,0.218740873781739,0.280397924025104,0.321254882880172,0.36413336701406,0.442582190595401
750,379,"beta1",0.130289853043555,0.11019225509695,0.0918490461507913,0.0118160731111104,0.056751978185072,0.11019225509695,0.182047557142628,0.365026321252464
750,380,"alpha0",0.101427789739739,0.100858979102514,0.0260400908837357,0.0628330046571262,0.0877531339097443,0.100858979102514,0.112279606234319,0.13848012743671
750,380,"alpha1",0.383262711491702,0.382422776618075,0.0721173680866476,0.248759702874505,0.33256232800769,0.382422776618075,0.431321463515588,0.532823657810934
750,380,"beta1",0.226406960393813,0.213724306494376,0.0937960435104142,0.0798114644819469,0.155776828039329,0.213724306494376,0.28436019558437,0.440632524649042
750,381,"alpha0",0.12825747200811,0.127606669923726,0.0303678773744281,0.0813908569307055,0.108551638390827,0.127606669923726,0.146889861449508,0.17158428599693
750,381,"alpha1",0.301002206783921,0.299160718585352,0.057355272056352,0.194132931842245,0.260797933789981,0.299160718585352,0.339812984079545,0.416892835868955
750,381,"beta1",0.196080001439822,0.18856425198183,0.106980484698611,0.0211775013968567,0.107581312821828,0.18856425198183,0.2783099000215,0.400390200934702
750,382,"alpha0",0.103836111477461,0.102104564602243,0.0257692747881909,0.0701768023035826,0.0906636647706303,0.102104564602243,0.114712075219028,0.138333975698614
750,382,"alpha1",0.363354720011547,0.358159397146971,0.0706684115741881,0.240691308547775,0.312733825572327,0.358159397146971,0.409622016465819,0.518729795102092
750,382,"beta1",0.263251203148649,0.260296783666042,0.0821999799900183,0.111985879189597,0.206907372342284,0.260296783666042,0.316544775229994,0.432240855099924
750,383,"alpha0",0.120265009166372,0.118520731692984,0.0232601060161761,0.0857721361292179,0.107986886808439,0.118520731692984,0.130573487080478,0.155937391370995
750,383,"alpha1",0.388856981657773,0.384610614507853,0.0715575317002431,0.261637683921195,0.339505552544105,0.384610614507853,0.435356271242096,0.537927786007775
750,383,"beta1",0.176105676816165,0.169273863607141,0.0756148089585669,0.0445627676490581,0.124533772167047,0.169273863607141,0.219172535849589,0.362223276831596
750,384,"alpha0",0.109630167768315,0.107043598513778,0.030307701224278,0.0652266041421242,0.089626174559618,0.107043598513778,0.126099845384892,0.16415850519131
750,384,"alpha1",0.256229178734243,0.251209291582087,0.0534546657684287,0.167924067799895,0.217628368367237,0.251209291582087,0.28794078989998,0.375151170910939
750,384,"beta1",0.28559046997477,0.290887787292569,0.120414026847462,0.0456865548749964,0.195253788826256,0.290887787292569,0.374669255530971,0.503271282958036
750,385,"alpha0",0.136404531041087,0.134946295500964,0.0305774327150603,0.0879614105270742,0.115986683269904,0.134946295500964,0.154583903781882,0.189739678751486
750,385,"alpha1",0.214294286602289,0.20951193023056,0.0544658280372766,0.120302881701642,0.175202339956343,0.20951193023056,0.249039558864252,0.331278931097948
750,385,"beta1",0.228167664590321,0.225009332663084,0.109493472100766,0.0194858279746515,0.151224481408941,0.225009332663084,0.303032278767311,0.443776470451792
750,386,"alpha0",0.0960303365375804,0.0974797730674274,0.0333750179974335,0.0389108495211846,0.0760229777802302,0.0974797730674274,0.115704578759907,0.148590827301611
750,386,"alpha1",0.182934488058801,0.178120795819137,0.0600279953651136,0.0820361828495817,0.140213283095611,0.178120795819137,0.220591481047558,0.316336467303928
750,386,"beta1",0.371099002985161,0.34697642465257,0.153275171106351,0.121294341808541,0.263139454826628,0.34697642465257,0.46629733892927,0.702417263229228
750,387,"alpha0",0.105238994450264,0.104423313872233,0.0204727157258689,0.0748711995870051,0.0935668491967285,0.104423313872233,0.115595389413296,0.137926813263023
750,387,"alpha1",0.367412322508753,0.364402742194332,0.0677295906289399,0.246530658577859,0.32094541215796,0.364402742194332,0.408700973877155,0.516740784063398
750,387,"beta1",0.210270151684475,0.206766705978069,0.0800008187950932,0.0586196054325153,0.155662084292519,0.206766705978069,0.263056393848177,0.377136240150052
750,388,"alpha0",0.0983949217004259,0.0938029981274947,0.0330733926900467,0.0574970062768679,0.0779229519436908,0.0938029981274947,0.111835464308512,0.1562770179822
750,388,"alpha1",0.337291899515134,0.335292195897291,0.066647601194507,0.218320217289977,0.287993427885857,0.335292195897291,0.382743613465221,0.472159202184886
750,388,"beta1",0.280358703466933,0.295376706971512,0.124588074530526,0.0338025078157391,0.189562881332389,0.295376706971512,0.374176052163278,0.489861174421379
750,389,"alpha0",0.0799383140697434,0.0768834075308116,0.0288709584691146,0.0453319922753727,0.0643292702568152,0.0768834075308116,0.0903048559144276,0.123955064374173
750,389,"alpha1",0.361752730479313,0.361111279778138,0.0661924830285016,0.238602637794048,0.312688585053363,0.361111279778138,0.408253399359058,0.492912407767606
750,389,"beta1",0.346913313252351,0.349249614009733,0.104310490064941,0.135079776900721,0.276889050662239,0.349249614009733,0.419569728404243,0.546099955419459
750,390,"alpha0",0.113743368267924,0.111830652483983,0.0262320528338886,0.0759203109454204,0.0994480989194715,0.111830652483983,0.125413823715503,0.157025006353286
750,390,"alpha1",0.372619111537331,0.36924262517439,0.0669459749994513,0.24725704536844,0.327145437029415,0.36924262517439,0.414904955031312,0.514262534372082
750,390,"beta1",0.208314464013628,0.205962552924214,0.0813547630385415,0.0595115701925088,0.153231208723629,0.205962552924214,0.257162007980658,0.388030531119825
750,391,"alpha0",0.116837689891788,0.116856435942914,0.0276291507814348,0.0732538080030037,0.100866453378783,0.116856435942914,0.129957872064977,0.166462773934496
750,391,"alpha1",0.301914363098396,0.296952762776142,0.0615115691840841,0.19467988860519,0.260088976982768,0.296952762776142,0.339393656736523,0.439160305027451
750,391,"beta1",0.245577484106869,0.240012907963952,0.104922825556221,0.036511586878017,0.179152342638491,0.240012907963952,0.306853718992078,0.461160473938832
750,392,"alpha0",0.0985627722027811,0.096956831767162,0.027984828091497,0.051967160203472,0.081953613808138,0.096956831767162,0.112913275451453,0.150675745035137
750,392,"alpha1",0.257949729182068,0.253995358597499,0.0534029465862891,0.160332707800032,0.22060132365883,0.253995358597499,0.293528722855348,0.370040598427157
750,392,"beta1",0.353360091487436,0.352027829214608,0.121650332059972,0.119536173115724,0.274713313144975,0.352027829214608,0.430989407634057,0.602594172944169
750,393,"alpha0",0.106239539004816,0.103802496662827,0.024865066175067,0.0756629306652171,0.09369670917498,0.103802496662827,0.115559049314387,0.141224832716257
750,393,"alpha1",0.360528266629006,0.360092552111512,0.0588578334780772,0.24825141595241,0.321305461678773,0.360092552111512,0.400059374229767,0.47862824860477
750,393,"beta1",0.262168042983924,0.261239121274236,0.0708208729806963,0.132954062518821,0.212397614886747,0.261239121274236,0.310714805661803,0.400350933865211
750,394,"alpha0",0.110284538495003,0.109686162276439,0.0264667823477134,0.0692358110053899,0.0954080948052181,0.109686162276439,0.122320070748223,0.154331696672523
750,394,"alpha1",0.363084004706137,0.358236663399107,0.0689247999259106,0.241681775897918,0.311813156696763,0.358236663399107,0.411400899688057,0.505474430570708
750,394,"beta1",0.227846735576872,0.216673296986395,0.0989180711205447,0.049527386451883,0.161187567480623,0.216673296986395,0.289528700372116,0.434388518120436
750,395,"alpha0",0.0806597726256168,0.0797065803977936,0.0235569857008102,0.0519028185606232,0.0703746673073545,0.0797065803977936,0.0885021901257932,0.105628641393145
750,395,"alpha1",0.369991799609721,0.366005285366604,0.0618014928434937,0.255954117243048,0.326828777937826,0.366005285366604,0.410393801922825,0.498375464233239
750,395,"beta1",0.322157545055855,0.317394282750211,0.0762036371707516,0.18504238013379,0.269243149130162,0.317394282750211,0.367517473842043,0.489209513847677
750,396,"alpha0",0.0961757776155278,0.0937864667556837,0.0273869096819821,0.0630791747704769,0.0838168203558995,0.0937864667556837,0.10511725038838,0.130849862711018
750,396,"alpha1",0.479456719486535,0.475745408160258,0.0889911644362411,0.319750822490578,0.419473756785933,0.475745408160258,0.534420802909814,0.679471696267391
750,396,"beta1",0.240826148436259,0.235137067213046,0.0786628551524836,0.104165385679615,0.184581267429889,0.235137067213046,0.288985489730801,0.413187527752
750,397,"alpha0",0.0706972369948687,0.0672155102648246,0.0312854365746581,0.0340833508516822,0.0536360012739128,0.0672155102648246,0.0827604441431616,0.123083919299131
750,397,"alpha1",0.291655211734575,0.289666940165841,0.0622439832090484,0.182105661838763,0.247975742595724,0.289666940165841,0.329729965968294,0.430703483043114
750,397,"beta1",0.469258065626512,0.477888208761643,0.114220887466616,0.209199884412824,0.396366564293611,0.477888208761643,0.548170467739992,0.677418768223188
750,398,"alpha0",0.097607560228247,0.0956971726640554,0.0349508037035052,0.0418513498817869,0.0760327445299475,0.0956971726640554,0.115235377808737,0.157749778317864
750,398,"alpha1",0.224465984583603,0.224628013351478,0.0544822226048835,0.119348487303858,0.185812044793311,0.224628013351478,0.261353410343489,0.334918831015968
750,398,"beta1",0.354263608505535,0.350644099763735,0.15310884278869,0.062008355607669,0.246547206167398,0.350644099763735,0.459247390092532,0.663235403667984
750,399,"alpha0",0.102292406565972,0.101922620835696,0.0265992469436142,0.0627676122219583,0.0880055714352801,0.101922620835696,0.114573555844919,0.138046294555753
750,399,"alpha1",0.40778301057091,0.406572361164047,0.0697139468185365,0.271942246043056,0.361343961167833,0.406572361164047,0.453792864756545,0.544524624160463
750,399,"beta1",0.235773638342332,0.224753203073907,0.0976572474232369,0.073305787317804,0.163538307491474,0.224753203073907,0.300179726373915,0.44603848621792
750,400,"alpha0",0.0583078735645155,0.0544756249499909,0.0305354167866211,0.0259074794318531,0.0406052867693312,0.0544756249499909,0.0684157719414308,0.111097398103881
750,400,"alpha1",0.222378262266554,0.217818401120022,0.0520826218857381,0.13264822691167,0.185915220084751,0.217818401120022,0.256072386644023,0.335689849832081
750,400,"beta1",0.525159496911153,0.536266638070136,0.132856494829407,0.235186435069426,0.450774908173887,0.536266638070136,0.620518892411223,0.738988836604237
750,401,"alpha0",0.102031658524426,0.101723247318766,0.0265681925213988,0.0598460930078022,0.0881288776409525,0.101723247318766,0.114600384088294,0.139808326368465
750,401,"alpha1",0.380068874801543,0.378380054960742,0.064168435735151,0.258469083406957,0.336653121691734,0.378380054960742,0.425303996162161,0.502718698325502
750,401,"beta1",0.300941696771056,0.29422137620298,0.0813810721490877,0.163388025536241,0.244601189917787,0.29422137620298,0.3498315720632,0.486535600475869
750,402,"alpha0",0.0776426881947107,0.0738220016347575,0.0291344687377264,0.0376494920063583,0.0601622604001505,0.0738220016347575,0.0892062437957021,0.142689582330964
750,402,"alpha1",0.226145982661774,0.220861902530753,0.0556639959592903,0.131314737940725,0.186282478923754,0.220861902530753,0.260301915309449,0.349949947772695
750,402,"beta1",0.455541004458129,0.465497140202366,0.122685570616325,0.168433606153843,0.388475438858899,0.465497140202366,0.54271107849963,0.660158353267981
750,403,"alpha0",0.127975449584538,0.128322070767628,0.0231662336605567,0.0847642529856562,0.116089434570054,0.128322070767628,0.140408111412266,0.162632289793921
750,403,"alpha1",0.291460038010733,0.288137789167625,0.0561084180111146,0.192634096560841,0.251105459627141,0.288137789167625,0.327790722584495,0.410969015375577
750,403,"beta1",0.147399407368995,0.134203545912956,0.0890306069637923,0.0225892549432338,0.0802747198547442,0.134203545912956,0.193098777231733,0.356231303974135
750,404,"alpha0",0.0978238524187328,0.0965306474935945,0.0289721360508834,0.0473371038205974,0.0799570162140125,0.0965306474935945,0.11398956282133,0.152609488806422
750,404,"alpha1",0.286334143367073,0.280790974428419,0.0685929773695639,0.170897623925295,0.239574671454144,0.280790974428419,0.32449788058671,0.440866100343019
750,404,"beta1",0.295172783329554,0.284244132917861,0.125942323848838,0.0699725219573812,0.201835535759791,0.284244132917861,0.382206829762198,0.564771657987556
750,405,"alpha0",0.110111102164571,0.105603884786805,0.0375673459929134,0.0618706980468994,0.081416594176104,0.105603884786805,0.130919731866387,0.189177177275844
750,405,"alpha1",0.219313829148443,0.217258731129914,0.0516644394853861,0.12390170011015,0.181955358687423,0.217258731129914,0.254487857899229,0.320329793461481
750,405,"beta1",0.380734971051756,0.390762898874387,0.136114687148368,0.0917208701539959,0.281550634762724,0.390762898874387,0.491262132391749,0.608288595164039
750,406,"alpha0",0.0895559800174696,0.0870173916474467,0.0264385499957159,0.0565547819964017,0.0743816250097159,0.0870173916474467,0.101718146737286,0.130038104935202
750,406,"alpha1",0.275551948764053,0.271030904375639,0.0548873016772267,0.179924203249057,0.235317767633871,0.271030904375639,0.311809476793333,0.390803424251281
750,406,"beta1",0.371448143832878,0.375923010076692,0.0938528761400032,0.186855668690144,0.303001034475869,0.375923010076692,0.440084173721102,0.545819735845598
750,407,"alpha0",0.132719579177689,0.131393703483982,0.0253722998980542,0.0952643951940963,0.117697343477229,0.131393703483982,0.146029724997581,0.171486600639739
750,407,"alpha1",0.238343771849383,0.233029952969167,0.0524672572255833,0.15284526072306,0.202143069632163,0.233029952969167,0.268742823094879,0.354525273771879
750,407,"beta1",0.163204545168357,0.158701578407863,0.0881987587660197,0.0128513001567095,0.0973007114468794,0.158701578407863,0.225566313226345,0.350699448314261
750,408,"alpha0",0.0784323128340109,0.0754231343677956,0.0266563694905861,0.043647596738973,0.0618938093045858,0.0754231343677956,0.0906559972815954,0.129264327295135
750,408,"alpha1",0.235762884164778,0.230363246020142,0.0507387152494105,0.146439365382205,0.200573302477587,0.230363246020142,0.267528568150041,0.344001634339914
750,408,"beta1",0.438057139549388,0.449679221152585,0.10224468328188,0.218478176015573,0.370018796591147,0.449679221152585,0.510298978805871,0.622960208811652
750,409,"alpha0",0.0942622661288882,0.0938453661711863,0.0220078611249968,0.0617942824737414,0.0824928499518255,0.0938453661711863,0.105462692960794,0.123634456700699
750,409,"alpha1",0.354418753604613,0.349395960269361,0.0584119109134395,0.249159907153464,0.312770480174739,0.349395960269361,0.393379127077044,0.476736184817452
750,409,"beta1",0.259278910439746,0.250221829559883,0.0814455584847067,0.11935634310741,0.198330909989352,0.250221829559883,0.317367636975716,0.428838167819261
750,410,"alpha0",0.122757982685364,0.121462778713221,0.0271859504239943,0.0836328013333976,0.108292932083391,0.121462778713221,0.135053519659256,0.158242016762102
750,410,"alpha1",0.319667701070943,0.315047293097594,0.0629347944557274,0.206930138277432,0.275596875654201,0.315047293097594,0.360292048672923,0.45166598924215
750,410,"beta1",0.190559002831768,0.182897629296219,0.0931624435636346,0.0465836117616964,0.11719241081901,0.182897629296219,0.252552393754015,0.403614613521186
750,411,"alpha0",0.100561375826088,0.0996109895417565,0.0291038250281803,0.0599824441826813,0.0847102960306525,0.0996109895417565,0.113690933601567,0.140095243205384
750,411,"alpha1",0.307430337286292,0.30233515176818,0.0624155668763651,0.202013627098541,0.263592949101847,0.30233515176818,0.348019907755766,0.437235482339609
750,411,"beta1",0.303029781674161,0.296332871989736,0.0998829149408867,0.122343264025964,0.228519429148828,0.296332871989736,0.36948848648946,0.514911161689822
750,412,"alpha0",0.125987938885346,0.126235013592826,0.0279423869981712,0.0765993417874712,0.109223165815513,0.126235013592826,0.142184341756851,0.169323221933452
750,412,"alpha1",0.276001832004171,0.275409818945139,0.0591819677224476,0.163195714939544,0.236027317404409,0.275409818945139,0.314130739089257,0.390356536588896
750,412,"beta1",0.196441051320368,0.185395441821313,0.112536456700628,0.0164070587499881,0.11404839106791,0.185395441821313,0.271493747846762,0.430354013788391
750,413,"alpha0",0.0798093570406191,0.0772978027660163,0.0250255924845433,0.0498941551440365,0.067804685172454,0.0772978027660163,0.0882964667892184,0.115358032170121
750,413,"alpha1",0.270325637002075,0.266620297397341,0.0526322144926221,0.179056448299964,0.231913553911235,0.266620297397341,0.304531586217531,0.38103399575132
750,413,"beta1",0.373346687143045,0.378276426603386,0.0867736945215137,0.187927592275814,0.318754453865999,0.378276426603386,0.429714625166729,0.539798406191295
750,414,"alpha0",0.0898493103419189,0.087537791691937,0.0294254135099986,0.0522232739262102,0.0750204900145724,0.087537791691937,0.100940315244798,0.132112333986948
750,414,"alpha1",0.285175224098502,0.28244728795425,0.0685670950610063,0.151033662697994,0.238538362593175,0.28244728795425,0.331344629606213,0.422682031695901
750,414,"beta1",0.312918225707174,0.301410280985855,0.109593314225511,0.119276648553622,0.234432371534836,0.301410280985855,0.385761464330979,0.54364530160338
750,415,"alpha0",0.0868950745280739,0.085705679196161,0.0257215330579923,0.0572472691161941,0.0753140031666779,0.085705679196161,0.0954425952174857,0.118168874584458
750,415,"alpha1",0.29801365373556,0.294456540093271,0.061738120533282,0.185955113944125,0.25566794717381,0.294456540093271,0.337146448480849,0.431104625994732
750,415,"beta1",0.319363887472659,0.312923227861765,0.0802340002487747,0.174484217359312,0.265204060975941,0.312923227861765,0.37141332537039,0.491415294025638
750,416,"alpha0",0.102185697382076,0.101287377875445,0.0243589622398739,0.0720150885623196,0.0896023976131382,0.101287377875445,0.111438996216791,0.135697707036523
750,416,"alpha1",0.346209341526096,0.34205912294732,0.0599333002523133,0.233959754436199,0.306391016828879,0.34205912294732,0.383932978187058,0.473626948346709
750,416,"beta1",0.262083344832883,0.259408175459328,0.0779809236126988,0.116251323888767,0.206340372698536,0.259408175459328,0.314213524936912,0.41610876881692
750,417,"alpha0",0.0919641944980614,0.0904596372200255,0.0275118170951486,0.0569928183308726,0.0789229648087736,0.0904596372200255,0.102077297746834,0.126684781355304
750,417,"alpha1",0.281852326441471,0.279228897885829,0.0565220100861231,0.180992965647299,0.241481393958004,0.279228897885829,0.317874475330582,0.403458598308018
750,417,"beta1",0.315372193184767,0.309471219911297,0.089666445147453,0.160900821187035,0.249451682791116,0.309471219911297,0.378319973602656,0.50025980277473
750,418,"alpha0",0.111091212647609,0.108751577068208,0.0301709804836736,0.0689756172431252,0.0949439768472328,0.108751577068208,0.123809306813328,0.157533253864875
750,418,"alpha1",0.236643861297504,0.232471755720869,0.0535154404208572,0.145285446852527,0.19809416939171,0.232471755720869,0.26953463070533,0.349600285998425
750,418,"beta1",0.290801205954728,0.292302388500155,0.109408194288713,0.0739255852935514,0.217459340263808,0.292302388500155,0.359830566637191,0.517023475420998
750,419,"alpha0",0.107155182085883,0.106136589455968,0.0269319727715016,0.0693792394792691,0.0924338372324005,0.106136589455968,0.118752391623827,0.14847640021024
750,419,"alpha1",0.356741916582053,0.353615955976623,0.0585188357566725,0.250339284045719,0.314892636463529,0.353615955976623,0.396834342168807,0.479087671657199
750,419,"beta1",0.253825023086216,0.246188169092754,0.0870677571506988,0.100389428053808,0.192078297715706,0.246188169092754,0.31289761009938,0.443788181173506
750,420,"alpha0",0.112010764111957,0.110146880502011,0.0251877975126633,0.0719241891847233,0.0966946595754683,0.110146880502011,0.125596958607015,0.157430632011757
750,420,"alpha1",0.293633157628456,0.291019477627249,0.0634283274334105,0.182553120398746,0.248689120565183,0.291019477627249,0.332369115670621,0.434486419386527
750,420,"beta1",0.250099570795296,0.2483331708302,0.0976093988250808,0.0706855541714974,0.182325377093018,0.2483331708302,0.311544353966193,0.46148945595242
750,421,"alpha0",0.107243506558592,0.107745511757516,0.0276423199359762,0.061297986851917,0.0893089024778927,0.107745511757516,0.121647914850551,0.158186539576041
750,421,"alpha1",0.273131426976767,0.266843780910925,0.0613870917080282,0.170692773401149,0.230349815716646,0.266843780910925,0.309221062988975,0.407549745396892
750,421,"beta1",0.254361570805521,0.245150841761118,0.115598295422051,0.0331913084417188,0.177516602669591,0.245150841761118,0.329159331135693,0.493434106767206
750,422,"alpha0",0.109197568170924,0.10741260771071,0.0267183401005877,0.077236828301151,0.0974844183108122,0.10741260771071,0.117582652453391,0.140701110908102
750,422,"alpha1",0.368144532291653,0.363352888654939,0.0680093179826353,0.24905558263422,0.319504938971122,0.363352888654939,0.412001001625912,0.51737017432104
750,422,"beta1",0.209259908246627,0.205757298358299,0.0710007259043716,0.0774164749169263,0.160361609929773,0.205757298358299,0.254111354002478,0.360182866838562
750,423,"alpha0",0.127430392599967,0.12788409106823,0.0254511103599182,0.0820524515416058,0.112141444421055,0.12788409106823,0.142545495755046,0.167361855413442
750,423,"alpha1",0.380153445943648,0.379472369742306,0.0680750553903133,0.252026794835068,0.333329761984265,0.379472369742306,0.424410948535874,0.525093656703172
750,423,"beta1",0.159007453552664,0.139758198903706,0.10049202291791,0.0123634591013572,0.0812070137907797,0.139758198903706,0.22329575957568,0.380719331756868
750,424,"alpha0",0.10590565620326,0.102833797134623,0.0315545690676006,0.054490943589288,0.0850331915564047,0.102833797134623,0.123415197149798,0.163143385909043
750,424,"alpha1",0.307340783845734,0.305448368599379,0.0605442022843624,0.198106273639176,0.264552831091239,0.305448368599379,0.34692297741694,0.43067669877017
750,424,"beta1",0.331944609827633,0.334659907363735,0.119363618766502,0.107701639062549,0.247493099936941,0.334659907363735,0.419670208903875,0.56229391027377
750,425,"alpha0",0.123339590953874,0.123541619716659,0.0303596189849571,0.0724580528053465,0.103688034072979,0.123541619716659,0.141812583218585,0.173264951443935
750,425,"alpha1",0.282587080025918,0.27885674435636,0.0566591907438815,0.178724272928526,0.244230044370309,0.27885674435636,0.319683400688791,0.402986599266441
750,425,"beta1",0.269141195420338,0.255730544407731,0.105277296870522,0.0960456990001825,0.191559902609817,0.255730544407731,0.338938295579606,0.492142803569328
750,426,"alpha0",0.118552783533288,0.11636338778528,0.0318920510881981,0.0816599246880123,0.103755220175071,0.11636338778528,0.129336256960379,0.155516524193314
750,426,"alpha1",0.379989335774004,0.37575481536816,0.0699631158076467,0.249991874046053,0.333295759386819,0.37575481536816,0.421408165375592,0.534144993724327
750,426,"beta1",0.25316043176574,0.2472877560493,0.0748862858281808,0.121476730460572,0.202241582090268,0.2472877560493,0.300695182043396,0.41192327838697
750,427,"alpha0",0.132461430892095,0.130157301488981,0.0269528167917095,0.0969988795927932,0.118947747874933,0.130157301488981,0.142615045237684,0.170339167619298
750,427,"alpha1",0.351120299789837,0.345389755426399,0.0656951286020325,0.231148353058811,0.306560480670455,0.345389755426399,0.393514227782298,0.488816721791557
750,427,"beta1",0.166664316973796,0.161960635757793,0.0691006518508739,0.0310206240862197,0.119505049583999,0.161960635757793,0.211916059554539,0.311292805026462
750,428,"alpha0",0.120417000558832,0.120821576084187,0.0243190921767971,0.0705335635191371,0.106694351572977,0.120821576084187,0.136056390062491,0.157684237555138
750,428,"alpha1",0.26866990791642,0.264098096420982,0.0717512113984685,0.143450772575321,0.217680638081895,0.264098096420982,0.310700791229496,0.4252831841331
750,428,"beta1",0.173776942175465,0.151704823226774,0.118300216022971,0.0113825444600222,0.0829339741354313,0.151704823226774,0.243074563665619,0.457310676349748
750,429,"alpha0",0.111107234155046,0.110733739216367,0.0318056724334294,0.0628239934880981,0.0895099780236683,0.110733739216367,0.129848840894159,0.166326853774668
750,429,"alpha1",0.221497644014754,0.215070542466266,0.0621213869112249,0.115170317748643,0.179675508912757,0.215070542466266,0.257916305746953,0.360678563522541
750,429,"beta1",0.297750881652714,0.283452354032406,0.134709122549864,0.0540693117495949,0.198816197787306,0.283452354032406,0.397912233519342,0.562425226019374
750,430,"alpha0",0.126744268115406,0.126117159183118,0.0273964867080111,0.0798186286732313,0.108790136629721,0.126117159183118,0.142501132173134,0.171739719697134
750,430,"alpha1",0.270634895834277,0.2653115282678,0.0645899532847689,0.159630993283376,0.225334061990922,0.2653115282678,0.311473895321353,0.407658742229156
750,430,"beta1",0.198906859453344,0.188658195368638,0.111904238355217,0.0191616545705023,0.118079099059914,0.188658195368638,0.265614645970228,0.453196991311505
750,431,"alpha0",0.102880527463407,0.101381248816278,0.0214321147894055,0.0730307256643984,0.0915345251868583,0.101381248816278,0.111912541853589,0.136351059019745
750,431,"alpha1",0.412229065826151,0.409158802172064,0.0691102581940528,0.286765278306804,0.363330231291609,0.409158802172064,0.45752072789925,0.556664707729568
750,431,"beta1",0.225873186881713,0.227205536825408,0.0683340039824345,0.0925461377139013,0.179197483513552,0.227205536825408,0.270776024424198,0.361454511235141
750,432,"alpha0",0.116153152802247,0.114138561405796,0.0284873037551075,0.0778769835521244,0.100437314834739,0.114138561405796,0.127670522981292,0.160752919643445
750,432,"alpha1",0.297834922115103,0.294710519918108,0.0690376828272133,0.167295750373571,0.251378336088552,0.294710519918108,0.341043947567501,0.447974281177958
750,432,"beta1",0.246402651700174,0.23445271204399,0.0945870302229934,0.0871554211959479,0.176983617307124,0.23445271204399,0.30479107063151,0.453665393876925
750,433,"alpha0",0.136148346936886,0.138657808861343,0.0358206997627541,0.0687926324554525,0.111093640533184,0.138657808861343,0.15990346388127,0.193612971030894
750,433,"alpha1",0.247868920175977,0.241141548476568,0.0596647326088092,0.148158788606261,0.206340155010615,0.241141548476568,0.283356204258276,0.384883206942433
750,433,"beta1",0.261688823201037,0.241533282922069,0.138673544374833,0.0391103936680344,0.156249519613625,0.241533282922069,0.357169916014288,0.566385921768325
750,434,"alpha0",0.105194826736303,0.103977969647011,0.0238015659187609,0.0690139710211287,0.0916240982391768,0.103977969647011,0.11649119358437,0.142162698162677
750,434,"alpha1",0.407716200803627,0.405767725045438,0.0684421524702986,0.275535171653183,0.361126157068012,0.405767725045438,0.453307010519839,0.546187493429454
750,434,"beta1",0.217591778942771,0.21623136661873,0.085111575079444,0.0586606024393656,0.158241382310201,0.21623136661873,0.272709427906588,0.402047897119138
750,435,"alpha0",0.143670865911815,0.144803762071266,0.0226645751316471,0.103797050183308,0.131273965701714,0.144803762071266,0.155909003344573,0.174001699497444
750,435,"alpha1",0.343416369631759,0.336973289910994,0.0737749828853202,0.211817745734864,0.291310786471319,0.336973289910994,0.391705090125463,0.494751806655151
750,435,"beta1",0.101057010427592,0.0824914117300942,0.0750346890503052,0.00519499546038182,0.0447745050542637,0.0824914117300942,0.144276457416706,0.283514723861711
750,436,"alpha0",0.107322753986859,0.105441027882062,0.02701747150601,0.0700714622739248,0.0894151595282715,0.105441027882062,0.120805807179635,0.159023800637536
750,436,"alpha1",0.253284648945909,0.248723571567627,0.0576164376615238,0.149889927830875,0.213455317672958,0.248723571567627,0.28930282109077,0.375675124386002
750,436,"beta1",0.279988129215761,0.281021353164298,0.109169675422501,0.0535591477147104,0.204098898454084,0.281021353164298,0.364930067343526,0.471605787897587
750,437,"alpha0",0.0960302133520408,0.0950626354370014,0.0268618118429092,0.054542494092086,0.0813379220641364,0.0950626354370014,0.108090459137342,0.141538897831834
750,437,"alpha1",0.274672539846548,0.271422614187652,0.0602462151726561,0.167588950763668,0.232167336556982,0.271422614187652,0.314216428447598,0.400361628808102
750,437,"beta1",0.298621028526983,0.292727688480777,0.114614011853593,0.0823459800890909,0.224226756147607,0.292727688480777,0.366588216266006,0.527637139512353
750,438,"alpha0",0.112412279523255,0.110450751253765,0.0289918222040986,0.0705827807070668,0.0919412844553823,0.110450751253765,0.129178736755693,0.163685116613204
750,438,"alpha1",0.292364042112428,0.285304838614181,0.0643784226922782,0.183204626678731,0.245362446075918,0.285304838614181,0.334859701146027,0.431351412885982
750,438,"beta1",0.256007275593327,0.25175867095993,0.113640995689403,0.0276320202293675,0.174871514143952,0.25175867095993,0.338816274249664,0.463699795776214
750,439,"alpha0",0.123525959226127,0.123084397237226,0.0224007017874137,0.0860632483917872,0.11134224487484,0.123084397237226,0.13469788956542,0.15665573123338
750,439,"alpha1",0.391310232439316,0.388004524563881,0.0690046694751655,0.261781189755407,0.345657718038685,0.388004524563881,0.433985630677808,0.536104522297386
750,439,"beta1",0.142324074238191,0.13275522750784,0.0744493816696472,0.0306307243580159,0.0902721111654214,0.13275522750784,0.178976780634449,0.334471167839737
750,440,"alpha0",0.10196090748147,0.099987259344721,0.0256911062613597,0.0657510737584008,0.0876333068444648,0.099987259344721,0.113850079530967,0.14231323136907
750,440,"alpha1",0.367049882425359,0.363536074025352,0.0729894753176692,0.23956969759211,0.314587451457629,0.363536074025352,0.413901546058377,0.52411385827415
750,440,"beta1",0.242173380235288,0.239152739214853,0.0980579188147476,0.0520808641950853,0.175506107703851,0.239152739214853,0.310244156958533,0.426031378291649
750,441,"alpha0",0.116884090742176,0.115067521020679,0.0274969208908705,0.0716195806709072,0.101839881193513,0.115067521020679,0.13060878533277,0.160385915559922
750,441,"alpha1",0.334298081893038,0.33179738312776,0.0629678720526107,0.221976924760037,0.291288532741429,0.33179738312776,0.373850779915956,0.473972214287231
750,441,"beta1",0.19205211748379,0.190072798690171,0.0998188595887942,0.0236003962925537,0.11489188292479,0.190072798690171,0.256349531763794,0.417046249165566
750,442,"alpha0",0.124636037269184,0.124526773401121,0.0280011612926506,0.0805529371763618,0.108422723124951,0.124526773401121,0.137846267895873,0.172000533933693
750,442,"alpha1",0.314433893341474,0.311610141762394,0.0572487138450872,0.212531700907183,0.274472900860343,0.311610141762394,0.3513424275401,0.438307418801328
750,442,"beta1",0.204013534027956,0.195555975621605,0.0934362502018156,0.0410693390577348,0.136168562954729,0.195555975621605,0.263162038468705,0.411046339512588
750,443,"alpha0",0.0837952094848523,0.0824522452829542,0.0256140229031829,0.0488196433392295,0.0723038108886345,0.0824522452829542,0.093094695880892,0.117630353773311
750,443,"alpha1",0.273904794671646,0.271996635554745,0.0566296437771959,0.171869826898986,0.234522091884794,0.271996635554745,0.309883737135345,0.395401093294203
750,443,"beta1",0.314350062940097,0.308400290677853,0.0972155337794021,0.135823573372677,0.246624340342615,0.308400290677853,0.376301511021875,0.532179274757219
750,444,"alpha0",0.104393371646378,0.102469557328727,0.0314792077506571,0.061235330079152,0.0830138185541382,0.102469557328727,0.120946489498361,0.164272620654027
750,444,"alpha1",0.19940340206481,0.194996512831159,0.0552970331987003,0.10525959084207,0.159954992282733,0.194996512831159,0.233602072126528,0.325771284445032
750,444,"beta1",0.336532242615151,0.326986502880173,0.131674888643318,0.0696404645649253,0.242344995549542,0.326986502880173,0.440206181509121,0.571015744643119
750,445,"alpha0",0.135732804091472,0.135681921653688,0.0280971140248803,0.0904133789309019,0.118656356173428,0.135681921653688,0.15092578250457,0.180335496546793
750,445,"alpha1",0.291236754833308,0.288560785323181,0.0554587767807805,0.191545440400094,0.250902179420177,0.288560785323181,0.329054624319794,0.404784351406143
750,445,"beta1",0.218364393363768,0.210848244671152,0.0961802429310346,0.0470993985386389,0.149381096303569,0.210848244671152,0.284856378251942,0.413971473288975
750,446,"alpha0",0.0947868613367298,0.0903559426103155,0.0291160369034386,0.0531583920662965,0.0763961538259629,0.0903559426103155,0.108770647991385,0.149986852202617
750,446,"alpha1",0.219013017927616,0.215493494767304,0.0587906458857557,0.117640776619448,0.17617649129449,0.215493494767304,0.258809021756641,0.341525281319336
750,446,"beta1",0.36669127074326,0.376040477438063,0.122406585451009,0.10135029451495,0.288862677711521,0.376040477438063,0.455121002903518,0.585165202721284
750,447,"alpha0",0.095250792612659,0.092893460512518,0.029500080926217,0.0576574125172654,0.0786662418331804,0.092893460512518,0.106794534693557,0.145053447735053
750,447,"alpha1",0.27236631031063,0.268925309135209,0.0617267509659846,0.163196143252228,0.231057567709844,0.268925309135209,0.308975398446648,0.402396393057047
750,447,"beta1",0.31213457571269,0.307353303291154,0.106953058284617,0.0953465497325069,0.241517412097887,0.307353303291154,0.379099108951782,0.528378074938957
750,448,"alpha0",0.125622665879442,0.121256116291281,0.0329910709707679,0.0701363056683459,0.104664090616794,0.121256116291281,0.143950552766987,0.191204683590322
750,448,"alpha1",0.223291515016467,0.21907604413938,0.0584692237669013,0.121841113035478,0.18082878102083,0.21907604413938,0.261465376978464,0.347909377904573
750,448,"beta1",0.292356358730164,0.296124465886646,0.133520757391884,0.0496946269111944,0.204562689887897,0.296124465886646,0.380226211014518,0.564160939109432
750,449,"alpha0",0.0932511625659662,0.0930614946284074,0.0227731500883335,0.0591408849639119,0.0802074549090662,0.0930614946284074,0.103965507787853,0.127548278233084
750,449,"alpha1",0.299391662009057,0.29660644725465,0.0574882159423527,0.192948633320154,0.260398612828041,0.29660644725465,0.336404755465033,0.422416350519533
750,449,"beta1",0.36586507558556,0.361038692131818,0.088297608604564,0.196542238253307,0.307433112301421,0.361038692131818,0.425595881250046,0.537521129464226
750,450,"alpha0",0.104069665914282,0.101623229423626,0.031959993799218,0.0598843095997441,0.0881918689704572,0.101623229423626,0.116696876925065,0.151387994614401
750,450,"alpha1",0.351882035572084,0.349873791664795,0.0663709929349944,0.234996263965932,0.30351608918821,0.349873791664795,0.395035716242904,0.490219981688362
750,450,"beta1",0.282489152544574,0.28175203865489,0.105221018355721,0.0800740251954445,0.207349439338861,0.28175203865489,0.346505389240612,0.524165143465881
750,451,"alpha0",0.119181386300996,0.118740780735331,0.0225101184425219,0.0850676796612304,0.106654443508211,0.118740780735331,0.130022079935103,0.152325649986168
750,451,"alpha1",0.445080630113803,0.442319275948972,0.073056839474519,0.309402669958841,0.395823919793522,0.442319275948972,0.490479942871499,0.598363393075071
750,451,"beta1",0.131270511024254,0.125781338091165,0.074368519629803,0.00930810246587712,0.073696723446173,0.125781338091165,0.180831558164874,0.28637814562597
750,452,"alpha0",0.134792262535859,0.131972559446064,0.0329356723304521,0.0876406864228089,0.114329794351545,0.131972559446064,0.150669108058988,0.193803402933951
750,452,"alpha1",0.262739014003901,0.257327797436242,0.0630992211744049,0.156022203262227,0.21927497774902,0.257327797436242,0.298887841931052,0.411059074698985
750,452,"beta1",0.229467543429143,0.231254927629772,0.109063812720054,0.0177623129145453,0.150752144702335,0.231254927629772,0.31124598462236,0.425629988675928
750,453,"alpha0",0.131110328859705,0.130843543741621,0.0296677260866608,0.0842922867421385,0.111689127108498,0.130843543741621,0.147853294602996,0.176478745726827
750,453,"alpha1",0.311407779162794,0.30714356768873,0.0646582009540762,0.196640500726521,0.265064499642497,0.30714356768873,0.352167460536288,0.449148324369286
750,453,"beta1",0.187148035188258,0.173246045125036,0.104820414840286,0.0243292241846739,0.101156103003702,0.173246045125036,0.262427218997088,0.402146247975195
750,454,"alpha0",0.108845376124841,0.107004674176552,0.0253615007292916,0.0715611981746417,0.0923389493231918,0.107004674176552,0.122555496517187,0.150959089079904
750,454,"alpha1",0.249791739070378,0.245667909058666,0.0500962314542653,0.163117875689728,0.214635689183505,0.245667909058666,0.279721701628521,0.364046415345075
750,454,"beta1",0.305306032078827,0.308282521319532,0.0958773610394735,0.119561170519226,0.242396346650637,0.308282521319532,0.372384096704182,0.48906498283596
750,455,"alpha0",0.117571684788124,0.117155143198577,0.0286477630143157,0.0733687401736803,0.100975482824263,0.117155143198577,0.131025904859338,0.161246530499273
750,455,"alpha1",0.274196083498578,0.26880537828573,0.0589077071875104,0.174866186238022,0.232719385825812,0.26880537828573,0.309014966262468,0.404235127265309
750,455,"beta1",0.290702955950097,0.286878064407313,0.0986058053295159,0.114039909997051,0.222775677525472,0.286878064407313,0.357371368841639,0.494671465628697
750,456,"alpha0",0.138979572018326,0.14000329845346,0.0221128082911066,0.100206936217398,0.126704408034896,0.14000329845346,0.15094652163125,0.168296732286351
750,456,"alpha1",0.287078227435416,0.283824073982862,0.0542455137837088,0.192925228117035,0.248558351989267,0.283824073982862,0.318569929037579,0.40783320209509
750,456,"beta1",0.101669116429661,0.082466308442593,0.0767471758993713,0.00372500131886257,0.0423624723088556,0.082466308442593,0.144553005301233,0.287403534767207
750,457,"alpha0",0.073640393149452,0.0711167844916206,0.0255659602793488,0.0381789585641773,0.0570841559729739,0.0711167844916206,0.0867945805253926,0.122948377252184
750,457,"alpha1",0.295477526421044,0.291393130655001,0.0623761219332217,0.187997839206766,0.249791108734793,0.291393130655001,0.337946696509077,0.424587595493673
750,457,"beta1",0.408516684791975,0.410644086540106,0.114985708104077,0.171364478993184,0.328035466881516,0.410644086540106,0.492029504361698,0.618298907115074
750,458,"alpha0",0.0684598650240615,0.0639747689786498,0.0265642813904928,0.0407856409051962,0.055557101077145,0.0639747689786498,0.0754827636142609,0.120462258730733
750,458,"alpha1",0.288813024302807,0.284742046320712,0.0572722775804664,0.189548154127451,0.249262399569021,0.284742046320712,0.32407183547746,0.407907321993755
750,458,"beta1",0.444031703073943,0.459735645066294,0.0909434746457903,0.201229800533463,0.396439569429839,0.459735645066294,0.506019295243609,0.587098001750559
750,459,"alpha0",0.113354712695388,0.112411454289275,0.0307405401316323,0.0628942986618393,0.0927309621479463,0.112411454289275,0.133171329360401,0.159241838193672
750,459,"alpha1",0.313029499314803,0.307945536649361,0.0682936387773151,0.192923938689481,0.263755630538203,0.307945536649361,0.355606640717005,0.457865081163252
750,459,"beta1",0.201222077875925,0.192326817865785,0.130253286578235,0.00958236840320069,0.0865540772152105,0.192326817865785,0.303465244264701,0.469196634597933
750,460,"alpha0",0.117429491178731,0.11739700600633,0.0241571052807684,0.077624750904667,0.103191734714757,0.11739700600633,0.130855577395504,0.156621939155532
750,460,"alpha1",0.268013975801678,0.263566366743833,0.0573516338466301,0.167728643699964,0.227606429733842,0.263566366743833,0.305062705779152,0.387221295995563
750,460,"beta1",0.231735544120386,0.2226337170439,0.0973326640912958,0.0643757868991684,0.157571766948481,0.2226337170439,0.298478827505023,0.437992354791913
750,461,"alpha0",0.0811759972871877,0.0784726918367896,0.0221030867919769,0.0527590662111227,0.0684326756142759,0.0784726918367896,0.0902949282490636,0.121605023517886
750,461,"alpha1",0.269115376151199,0.265036716562631,0.056208689020424,0.174071994033573,0.229464487462684,0.265036716562631,0.302051013511106,0.384878354898436
750,461,"beta1",0.393182086407154,0.399586691472586,0.0920743514037054,0.194763222304013,0.337026091288714,0.399586691472586,0.457769563858195,0.555957764259998
750,462,"alpha0",0.101193681747442,0.0994956025325145,0.0291365222201887,0.0607727821737934,0.0844422474446243,0.0994956025325145,0.115025509450129,0.144388155164974
750,462,"alpha1",0.302831167640076,0.30003151406954,0.0560962040066328,0.202504417502427,0.262183330533328,0.30003151406954,0.340072931942994,0.416913023670799
750,462,"beta1",0.278680481151789,0.276720980201132,0.100171064576238,0.103551367280913,0.202911673414308,0.276720980201132,0.345141240056776,0.487359966433424
750,463,"alpha0",0.143508012159602,0.144486496089963,0.0308939079618734,0.0846203696261816,0.122973644711687,0.144486496089963,0.164868914730401,0.191927009457361
750,463,"alpha1",0.22897185414248,0.225063277676293,0.0535700629622388,0.128747035491324,0.193055192333454,0.225063277676293,0.263756501228338,0.340704564548788
750,463,"beta1",0.198118244101318,0.182494853390299,0.117910817700282,0.0266042509140947,0.101056988199187,0.182494853390299,0.27909094882894,0.459010075323711
750,464,"alpha0",0.126407828541389,0.126316882776778,0.0266986196768056,0.0841034309971554,0.111358250044841,0.126316882776778,0.139890701218086,0.166845225869999
750,464,"alpha1",0.341918807421419,0.340596130407774,0.0611080459050764,0.227437348305058,0.299743408629994,0.340596130407774,0.382333046585824,0.469496773323472
750,464,"beta1",0.172351330390855,0.16226633209886,0.0877041154379079,0.0266109066694881,0.108420481220426,0.16226633209886,0.225718418826527,0.3689663513445
750,465,"alpha0",0.0920039112760706,0.0875139663067845,0.0299436012453826,0.0533873239847395,0.0723077286560426,0.0875139663067845,0.104383902232628,0.155240412689611
750,465,"alpha1",0.301496117413693,0.300308269834848,0.0577776650405649,0.195135432990925,0.259428500087069,0.300308269834848,0.34122983314175,0.417110666109093
750,465,"beta1",0.341776283717264,0.353972164161238,0.118928619787618,0.0807099771945981,0.271261520144832,0.353972164161238,0.428679699104412,0.537695011950762
750,466,"alpha0",0.110719605914574,0.108876412068313,0.0249229500706211,0.07017865890871,0.0961706144093333,0.108876412068313,0.122947067344662,0.154584695344018
750,466,"alpha1",0.322565565168603,0.316369703496639,0.0632793573781091,0.209636698101927,0.277231497817183,0.316369703496639,0.364272178838239,0.456143433250738
750,466,"beta1",0.229211874125665,0.226499037854915,0.100805994223103,0.0412448980305585,0.159990274201258,0.226499037854915,0.298744972709396,0.432082153653356
750,467,"alpha0",0.132386397902245,0.1326812738664,0.0247253690760714,0.0917303710565226,0.120063115519858,0.1326812738664,0.144308293217455,0.163508356672694
750,467,"alpha1",0.34229158320558,0.338873454214897,0.0649274172715075,0.227511449981414,0.296992585507591,0.338873454214897,0.384861708659771,0.476926458846911
750,467,"beta1",0.10900083010212,0.0895301604067635,0.0852910189963787,0.0065925656750998,0.0402115525966279,0.0895301604067635,0.157493375623599,0.314746306303412
750,468,"alpha0",0.0976099479781417,0.0947324030435803,0.0277393675474237,0.061399632002635,0.0820047705371067,0.0947324030435803,0.109637279886648,0.143808293247782
750,468,"alpha1",0.284923662388791,0.281360334089794,0.0580993432466197,0.183068214326502,0.244609408475334,0.281360334089794,0.321420360119604,0.415115254748235
750,468,"beta1",0.306750371267697,0.311086812367899,0.0985533978717577,0.111821135710826,0.237081355139746,0.311086812367899,0.372498344513904,0.501751624736719
750,469,"alpha0",0.126302279317767,0.125889230647945,0.023876068445423,0.0873154059848395,0.114614881803461,0.125889230647945,0.1371218841856,0.157343246264402
750,469,"alpha1",0.448976456277407,0.445030426316307,0.0773986493148029,0.305037304516,0.398676597733738,0.445030426316307,0.494517096653363,0.623353787585046
750,469,"beta1",0.127913584358981,0.117682887737158,0.0708248266082063,0.0221484198088878,0.0779286665765108,0.117682887737158,0.163120467570564,0.298807230509164
750,470,"alpha0",0.0832181308110101,0.0801288664038716,0.0255307789054827,0.0482136875147152,0.0685365602152111,0.0801288664038716,0.0950511012838265,0.127342576924131
750,470,"alpha1",0.276321235948833,0.27299939273323,0.0573406979095477,0.167859376723566,0.238149463653551,0.27299939273323,0.312310619321707,0.398345269012439
750,470,"beta1",0.40880395385058,0.41149369877524,0.0955793261720814,0.213463926138384,0.347028300395394,0.41149369877524,0.471004833007672,0.598962228998403
750,471,"alpha0",0.110201919936575,0.109219513471388,0.0274030001104842,0.0607304251584074,0.0933608803206314,0.109219513471388,0.127060781323916,0.154309189966222
750,471,"alpha1",0.218699856733386,0.215393657965184,0.0550070162247862,0.121191791951929,0.181554488611379,0.215393657965184,0.25105226794034,0.337957284909679
750,471,"beta1",0.360937668921205,0.358001390151756,0.107983373242069,0.164724884121769,0.28413133970789,0.358001390151756,0.428400583113854,0.587159301277151
750,472,"alpha0",0.106130861560202,0.103997343005534,0.0273599499589572,0.0687339238149724,0.0900922380178425,0.103997343005534,0.118551896377702,0.154191737252047
750,472,"alpha1",0.341969074542713,0.338331777000804,0.0633870890138771,0.2319993496409,0.297175669409862,0.338331777000804,0.380305012462791,0.482171256641494
750,472,"beta1",0.301263117795698,0.300782074767755,0.0904558284573492,0.115543153285895,0.24225530804351,0.300782074767755,0.364124937481077,0.47862942745214
750,473,"alpha0",0.0801527254928527,0.0752180884985282,0.0314593100529297,0.0438086521527069,0.0585767832811244,0.0752180884985282,0.0952478634829341,0.138351722135589
750,473,"alpha1",0.280401464323762,0.274025490511105,0.0631262297906915,0.173225203936252,0.235620295452402,0.274025490511105,0.319844704074926,0.426302886102602
750,473,"beta1",0.416941538510614,0.429906992844606,0.123563549406724,0.147988486584262,0.33661951847999,0.429906992844606,0.5113450197599,0.617290231196286
750,474,"alpha0",0.123298247468985,0.123180640546481,0.0300744838686152,0.0750783747105696,0.105315882442391,0.123180640546481,0.139913014705225,0.16733142975877
750,474,"alpha1",0.2441081447458,0.237079659913116,0.0621452181856079,0.140475437238967,0.201313781065339,0.237079659913116,0.279959316481267,0.382752121726983
750,474,"beta1",0.214437807999821,0.206314382387338,0.118617650698835,0.0216877960494662,0.12105141934046,0.206314382387338,0.295288185128823,0.45703538005489
750,475,"alpha0",0.127480422673727,0.126004526967779,0.0280515344127001,0.0852735871265064,0.113120889960138,0.126004526967779,0.139679106676299,0.163403429195081
750,475,"alpha1",0.330044424767289,0.326597682183235,0.0648232846836203,0.212440272427592,0.285785756402658,0.326597682183235,0.36972071833785,0.468012213621451
750,475,"beta1",0.158963772213623,0.15342745845803,0.0910652482686935,0.0173673098560716,0.0888931183843768,0.15342745845803,0.217595970692938,0.352796000009458
750,476,"alpha0",0.0824591138677363,0.0766445805938959,0.0372934283727245,0.0303811704178372,0.0594467494317278,0.0766445805938959,0.0982069325151961,0.156354276094051
750,476,"alpha1",0.187466829749178,0.183842209270873,0.0514160979455179,0.0938678732001437,0.15012816486264,0.183842209270873,0.222609157132828,0.292290514518973
750,476,"beta1",0.45085029620979,0.468853119097507,0.167424590981432,0.0988017676138568,0.3566773713916,0.468853119097507,0.561618792354696,0.743737851510675
750,477,"alpha0",0.111823676318793,0.111050166352169,0.0290066096432924,0.0676995500120491,0.0946007241654822,0.111050166352169,0.1262652972364,0.15399902939515
750,477,"alpha1",0.380660662325149,0.377815814546843,0.062267353293867,0.269646721704134,0.336135842488387,0.377815814546843,0.421485561047115,0.513930813121737
750,477,"beta1",0.28885761196488,0.283489786347126,0.0883373983498574,0.129995047256706,0.226674891783526,0.283489786347126,0.346269047531998,0.474787633169474
750,478,"alpha0",0.106409635718334,0.10450040160575,0.0302825359309146,0.066190125062481,0.0867312843362541,0.10450040160575,0.121703422416642,0.154378496075461
750,478,"alpha1",0.281640230602554,0.278835971104058,0.0588646951964807,0.178602814761874,0.240195319689114,0.278835971104058,0.318361192560284,0.408267050083407
750,478,"beta1",0.258539130450756,0.256640817134768,0.112746324326146,0.04281703403587,0.175539940164822,0.256640817134768,0.346081666683336,0.458929671333357
750,479,"alpha0",0.103241729600959,0.100976790448683,0.0280916797123392,0.0749979094774101,0.0915452449757981,0.100976790448683,0.110944818455263,0.131238186895247
750,479,"alpha1",0.463969437083666,0.456410080939142,0.0837840789232275,0.322566485465689,0.405980734238019,0.456410080939142,0.515496524466291,0.672983775264045
750,479,"beta1",0.187868619687177,0.183854336778845,0.0647411899615885,0.0781644216090795,0.140624204035817,0.183854336778845,0.228906922226179,0.327673549444421
750,480,"alpha0",0.13073660244719,0.132708441472759,0.0249140276175904,0.0726185002740721,0.120553858377443,0.132708441472759,0.14477848238668,0.162725253208713
750,480,"alpha1",0.371795361300574,0.369087107503351,0.0723050927935971,0.239051122731047,0.319656883406324,0.369087107503351,0.421166172273689,0.518920578380677
750,480,"beta1",0.112168135565097,0.0825981680792035,0.101417582849464,0.00504533369936172,0.0440861472363269,0.0825981680792035,0.143747258390411,0.410646175378972
750,481,"alpha0",0.109784882655135,0.10825415019139,0.0239403556437023,0.0765076543511298,0.0961178857191283,0.10825415019139,0.121509122435276,0.144513639548193
750,481,"alpha1",0.314995724788118,0.312673787993686,0.0583489270395539,0.206803612457775,0.274194599762384,0.312673787993686,0.354683116010705,0.435910027571745
750,481,"beta1",0.283881059954819,0.278786617046365,0.0798154886496997,0.138745913229256,0.227703538074303,0.278786617046365,0.335959676498647,0.451575254145335
750,482,"alpha0",0.142324069594347,0.141261788077422,0.0264630949454703,0.0972980845388481,0.126233003286427,0.141261788077422,0.158272786639625,0.184748754270273
750,482,"alpha1",0.335251456256923,0.331275214901774,0.0587270935875289,0.231132820615789,0.295545531475209,0.331275214901774,0.36804421884792,0.469001851591547
750,482,"beta1",0.160201274605637,0.156875289487515,0.0911346224731435,0.0123844969082305,0.0888614673293188,0.156875289487515,0.222196983733912,0.350434338824288
750,483,"alpha0",0.102600697617818,0.100864008108359,0.0272936744170737,0.0618766543631943,0.0847167377728016,0.100864008108359,0.117419099435686,0.147871520219108
750,483,"alpha1",0.232690518176017,0.22944088490501,0.0539123007079676,0.136429641145722,0.193961731097626,0.22944088490501,0.266163411797577,0.346935303127762
750,483,"beta1",0.302837830888987,0.298056932788564,0.117458289516829,0.0830004318298299,0.223842018881498,0.298056932788564,0.383935722573322,0.533965416095947
750,484,"alpha0",0.101453030589756,0.0968111743408139,0.0373762532794998,0.0495070905301161,0.0795477451226294,0.0968111743408139,0.118826630304859,0.171330247195626
750,484,"alpha1",0.195456458906376,0.190736140967081,0.0515465454848286,0.111950542364444,0.158272004982757,0.190736140967081,0.22640688795243,0.305826713719774
750,484,"beta1",0.396247589203788,0.408219197241846,0.139679028742931,0.104771250973926,0.301192734081027,0.408219197241846,0.495103167914218,0.64750176356864
750,485,"alpha0",0.132733736399694,0.133579968037118,0.0256073890297648,0.0834727154636502,0.119112657929766,0.133579968037118,0.146403801830573,0.169240113624138
750,485,"alpha1",0.357668427369402,0.3529651245833,0.0657950612880115,0.244190652345761,0.309429206454797,0.3529651245833,0.402058795354895,0.497356206491772
750,485,"beta1",0.168356448451214,0.155900687937192,0.0900607730915889,0.031208160146348,0.103987833629286,0.155900687937192,0.219572202351446,0.401192585829593
750,486,"alpha0",0.105244105566735,0.104887237071838,0.0288542091677128,0.0570807021936134,0.0869930821448986,0.104887237071838,0.122434894264934,0.150273354283505
750,486,"alpha1",0.345027043949874,0.342682460269934,0.0613865273225666,0.232695782717279,0.302863685570008,0.342682460269934,0.383753784002709,0.475976070787976
750,486,"beta1",0.231937333172905,0.21624849378576,0.117418561962545,0.0280486522209709,0.148178595883014,0.21624849378576,0.31192895768014,0.482743326704524
750,487,"alpha0",0.100164697534674,0.0995058731232102,0.0222481633772233,0.0674291811981334,0.0877957644482715,0.0995058731232102,0.110676240751907,0.132897929151294
750,487,"alpha1",0.333031812545591,0.329302159495058,0.0615100445726582,0.220403659879658,0.290906423912578,0.329302159495058,0.371286604732806,0.463130566305705
750,487,"beta1",0.232096715124544,0.227491514319226,0.0803022413941167,0.083048703839938,0.176864218052643,0.227491514319226,0.283957382842234,0.396846265660684
750,488,"alpha0",0.0932212260913587,0.0919856687629397,0.026595133763844,0.0478980217942612,0.0780373117942876,0.0919856687629397,0.107514322572562,0.139811849824623
750,488,"alpha1",0.251473690097345,0.246249940956347,0.058234661698808,0.152506094066836,0.210105868391525,0.246249940956347,0.288645426998634,0.378529416511329
750,488,"beta1",0.358303558841884,0.353129400327071,0.11928126344493,0.133649844724703,0.276674114028552,0.353129400327071,0.436300472742149,0.60817358130613
750,489,"alpha0",0.109013794401426,0.108350211930263,0.0338158646227425,0.0576850089548991,0.0862313106340327,0.108350211930263,0.12806761417266,0.169091966820785
750,489,"alpha1",0.243368146121874,0.239964434385185,0.0574267476555623,0.139082868719432,0.204028183495496,0.239964434385185,0.281156571052049,0.362960301584564
750,489,"beta1",0.319838203531765,0.304862746197513,0.138754966938019,0.0562039045220999,0.2176213962887,0.304862746197513,0.420072587778616,0.604367036726869
750,490,"alpha0",0.0870090813261,0.0859064087743087,0.032150108123116,0.0345909666268569,0.0622741151082512,0.0859064087743087,0.107789966242578,0.144214412002461
750,490,"alpha1",0.2541676600601,0.247972297612234,0.0711171894620178,0.133187670619213,0.2065191356113,0.247972297612234,0.29438312045826,0.410297505543177
750,490,"beta1",0.370065562263093,0.361042620307711,0.158368937516929,0.100099337583522,0.247471083781744,0.361042620307711,0.489807689560277,0.670650603940197
750,491,"alpha0",0.104958960704549,0.101948820180752,0.0309705540822944,0.0609609055613862,0.090253630402111,0.101948820180752,0.114612969970605,0.15771544735503
750,491,"alpha1",0.299618193053052,0.296005350874013,0.0566742354598401,0.200074995806543,0.25977559574836,0.296005350874013,0.333703438597022,0.421183187682038
750,491,"beta1",0.29993358579061,0.302871274514209,0.105331707934143,0.0674879176996738,0.24174356610394,0.302871274514209,0.365143242616156,0.523009021143041
750,492,"alpha0",0.0914343902792447,0.0891490372522683,0.0312857939251838,0.0514162750175803,0.0713619710770718,0.0891490372522683,0.106048553475974,0.146415898557959
750,492,"alpha1",0.291098302382018,0.28975434627786,0.0579204174370004,0.183917230935645,0.252279448519257,0.28975434627786,0.327037499535539,0.415976550792881
750,492,"beta1",0.317148437959797,0.314551207925047,0.122346285928897,0.0636304250473658,0.234049453533056,0.314551207925047,0.40604474305205,0.545844551994449
750,493,"alpha0",0.145726251713723,0.144538809708829,0.0363528353153437,0.0756529512280469,0.123545139721635,0.144538809708829,0.166371977309202,0.206353748857269
750,493,"alpha1",0.276390204251812,0.272412969415055,0.0578615697390754,0.177256950314447,0.234962651434024,0.272412969415055,0.31224256626816,0.40669938771846
750,493,"beta1",0.222656816657891,0.216037964621708,0.122669400347149,0.0174215598266043,0.133828722350722,0.216037964621708,0.299746654706285,0.492434145283408
750,494,"alpha0",0.0903982774044505,0.0810267024586349,0.0391975942128861,0.0374624108764864,0.0632523724143779,0.0810267024586349,0.11499784972607,0.166695629926449
750,494,"alpha1",0.229110970023086,0.225156120292086,0.0636015393580002,0.120098985994216,0.183677933053422,0.225156120292086,0.269738780412656,0.358620627319555
750,494,"beta1",0.406528178439395,0.434188435734635,0.171048584190674,0.0826401454387849,0.276754779092309,0.434188435734635,0.53157915205716,0.687495675745583
750,495,"alpha0",0.0952481200680348,0.0942173795004162,0.0252928609828249,0.0601438206094656,0.0806966102199242,0.0942173795004162,0.106877618790918,0.130319833644134
750,495,"alpha1",0.348994816012669,0.346694943618784,0.0618452068835992,0.235328550275745,0.307239327477818,0.346694943618784,0.388762768611027,0.474564805005915
750,495,"beta1",0.306582803898584,0.303398904544748,0.0821438584425215,0.15299688751944,0.246383295860303,0.303398904544748,0.366847596608944,0.466231350136418
750,496,"alpha0",0.0869239841563682,0.0861476903837241,0.0233122796385434,0.0561418090479942,0.0749967672668449,0.0861476903837241,0.096226307035981,0.117958274573263
750,496,"alpha1",0.391633883992872,0.387634266113638,0.0641240190494927,0.277810974882654,0.344432634558991,0.387634266113638,0.434170628594172,0.524352977766068
750,496,"beta1",0.261968229234846,0.256564083222535,0.0703511287482163,0.130070651089876,0.212760475589822,0.256564083222535,0.309006279331138,0.405974788242966
750,497,"alpha0",0.107363755326304,0.107072067780734,0.0283868373898923,0.0627442060294699,0.0918668673187528,0.107072067780734,0.121426595761038,0.148461544605331
750,497,"alpha1",0.276658005345228,0.275839976112132,0.0513029473578527,0.178349226863704,0.240873934545149,0.275839976112132,0.309730382414681,0.384504750921909
750,497,"beta1",0.290858493067269,0.281837830002345,0.099104541122135,0.125779710078274,0.218000234685797,0.281837830002345,0.354649327725813,0.50446030014346
750,498,"alpha0",0.0874259507460675,0.084818737724872,0.0261488562696855,0.0481653593042375,0.0712116982436374,0.084818737724872,0.0994127089903505,0.13739613877552
750,498,"alpha1",0.326959660076567,0.323949904279664,0.0669613399174253,0.210000980383257,0.278940118511258,0.323949904279664,0.370052863063105,0.464811972718407
750,498,"beta1",0.393115893412137,0.393250454871751,0.099130341298024,0.195243431219699,0.324075865635576,0.393250454871751,0.463451308033438,0.586257427646001
750,499,"alpha0",0.10376713746268,0.103269145387841,0.0250924308061006,0.062368516661169,0.0889286808342465,0.103269145387841,0.116389817432477,0.1421982864561
750,499,"alpha1",0.333966311546475,0.329221797412327,0.0818030356002044,0.186393829885332,0.278041604176437,0.329221797412327,0.383273581207116,0.522336006853436
750,499,"beta1",0.272252724562507,0.267408534912582,0.0987225960167476,0.107265713787312,0.19932940463315,0.267408534912582,0.33739842187207,0.49512667107582
750,500,"alpha0",0.0938060639387193,0.0938474892671567,0.0234373366965024,0.0503960276606835,0.0815639064703935,0.0938474892671567,0.106107172040691,0.132626497423757
750,500,"alpha1",0.2694861108764,0.265293657093741,0.0515129021694183,0.181057820620985,0.232391843831481,0.265293657093741,0.302492224867204,0.380764126445369
750,500,"beta1",0.345662291815715,0.337565031130122,0.0987675395253394,0.168430853834744,0.279281262302428,0.337565031130122,0.402594806808267,0.568538085462787
1000,1,"alpha0",0.0815797314792474,0.07840581105431,0.0266635394884637,0.0478678311499443,0.0662335926001571,0.07840581105431,0.0926830781136358,0.120683309173077
1000,1,"alpha1",0.333539046566004,0.32954384018362,0.0556859428053446,0.238716813324296,0.292892140546892,0.32954384018362,0.369081738155192,0.44867969891637
1000,1,"beta1",0.351094394556421,0.360399881130003,0.100036315088704,0.156890482456502,0.280291614661255,0.360399881130003,0.423853679593904,0.534801742651988
1000,2,"alpha0",0.0978556840798594,0.0954178659360012,0.0259950196561159,0.0630014380905995,0.0824134265051006,0.0954178659360012,0.107883047333115,0.147115157773623
1000,2,"alpha1",0.337607058650118,0.335979941031534,0.0556788252424384,0.232736642428519,0.298518897308174,0.335979941031534,0.374708799098824,0.454946452769053
1000,2,"beta1",0.280325257292688,0.283263586235822,0.0930021341807477,0.07834115057531,0.224627627397759,0.283263586235822,0.340044977351409,0.466378333308297
1000,3,"alpha0",0.0762185211480127,0.0707886210402747,0.0262458450396627,0.0451657441678541,0.0597197798854931,0.0707886210402747,0.0867291383210943,0.129296042279859
1000,3,"alpha1",0.220566760281405,0.219932409444973,0.0458070249416843,0.134252710867304,0.189982017310128,0.219932409444973,0.249557178664003,0.31563011985625
1000,3,"beta1",0.420852057576949,0.438672147408093,0.109669199163674,0.171651949133958,0.351189758923637,0.438672147408093,0.500494968803731,0.597498995741157
1000,4,"alpha0",0.0949525219306157,0.0920286493096473,0.0258296329229557,0.0578966466331362,0.0794015776336282,0.0920286493096473,0.107610176425034,0.141725216357873
1000,4,"alpha1",0.317809514109888,0.315682711817569,0.052367412071392,0.222492670339166,0.279588223824359,0.315682711817569,0.353949441580983,0.423189493613559
1000,4,"beta1",0.343655471246018,0.347360989828116,0.0941699459329683,0.158310486574847,0.281152739913236,0.347360989828116,0.408433881687609,0.521731317565569
1000,5,"alpha0",0.121936587570578,0.120933478048499,0.0271960865783474,0.08152234091419,0.106754149191649,0.120933478048499,0.134819376792802,0.159353954831344
1000,5,"alpha1",0.303519925907271,0.302097087428389,0.0492878810405591,0.213935333438836,0.26935618609656,0.302097087428389,0.335205742388254,0.404512981227083
1000,5,"beta1",0.272151314548338,0.265582271873114,0.0791581741000091,0.137536099775769,0.214677676386928,0.265582271873114,0.3237602688731,0.43642982977266
1000,6,"alpha0",0.100411606853204,0.099401486285247,0.0230676240086606,0.0667183532609609,0.0881979806907804,0.099401486285247,0.110510808180395,0.139786776503104
1000,6,"alpha1",0.381127567621151,0.377553085021314,0.0626999557409642,0.273155025519965,0.336482145609723,0.377553085021314,0.419103866137349,0.517776201015087
1000,6,"beta1",0.25445083128614,0.253492785041905,0.0791936609464943,0.0988949625647669,0.20178822537245,0.253492785041905,0.304898318991355,0.416937302302368
1000,7,"alpha0",0.127311984779407,0.126223389229731,0.025586186832061,0.0912787526571563,0.112991524730452,0.126223389229731,0.140175916134039,0.161851576285102
1000,7,"alpha1",0.257543610959374,0.25371425490711,0.0575988434927308,0.155018909307216,0.219268188897886,0.25371425490711,0.292111854424987,0.381353138343904
1000,7,"beta1",0.178149960683649,0.174712977748312,0.0903519340315539,0.0224861973117953,0.108886229289899,0.174712977748312,0.242577299339169,0.358232159714105
1000,8,"alpha0",0.10035111250639,0.0982729084909238,0.0248146830854674,0.0738589598147879,0.0893728112353784,0.0982729084909238,0.107975949439959,0.127360745624297
1000,8,"alpha1",0.386425650110152,0.383547048602064,0.054415442373058,0.282987378976596,0.34943018888039,0.383547048602064,0.421458510582241,0.497041785241779
1000,8,"beta1",0.303302549237552,0.303584742346425,0.0597326419865691,0.191577834410776,0.264812621334085,0.303584742346425,0.342817165937622,0.41852380032317
1000,9,"alpha0",0.11776615417682,0.116156212496382,0.0263095986569314,0.0839051233082394,0.104186197430993,0.116156212496382,0.128202827900452,0.154652046861495
1000,9,"alpha1",0.313021969079055,0.311304820386454,0.0497589635795933,0.214937555013175,0.279401449227489,0.311304820386454,0.346882343263098,0.413187971365745
1000,9,"beta1",0.228480646473079,0.22432607976735,0.0780227260714925,0.0891026606923213,0.173070636702115,0.22432607976735,0.277970253156395,0.3982152776951
1000,10,"alpha0",0.0765919104450634,0.0719155417921405,0.0324023492995901,0.0443404711826713,0.0608354903231176,0.0719155417921405,0.085088577116214,0.123438357589703
1000,10,"alpha1",0.314884511512198,0.31005532077348,0.0559385376661854,0.2184211407423,0.275194088331758,0.31005532077348,0.3487943693557,0.442066301585887
1000,10,"beta1",0.417924148830729,0.424628123431519,0.0960533406620328,0.20860441623699,0.357954141417154,0.424628123431519,0.486933395774479,0.579716851561205
1000,11,"alpha0",0.100462273854233,0.100449753261404,0.0245577245752095,0.0577520469536029,0.086854247826484,0.100449753261404,0.112898151520035,0.140139254139326
1000,11,"alpha1",0.258040619673714,0.25329980998553,0.0541278924394413,0.163163127589196,0.219222058359328,0.25329980998553,0.292960429472742,0.375784078068182
1000,11,"beta1",0.278501182455498,0.266778870186164,0.107232991002046,0.0909892644276109,0.201064495947104,0.266778870186164,0.34748480411323,0.501206215595996
1000,12,"alpha0",0.106219205593408,0.105640799714657,0.0242449939432398,0.0688451989569283,0.0926492848616548,0.105640799714657,0.118469032108675,0.141099769645146
1000,12,"alpha1",0.33423330491502,0.332445602110165,0.0541020286444686,0.234102736889366,0.296446108810205,0.332445602110165,0.368769337184311,0.448342320162887
1000,12,"beta1",0.209028168504554,0.203531673288032,0.0975178918441401,0.0393079762546183,0.136795420370123,0.203531673288032,0.276601188694332,0.407379205535413
1000,13,"alpha0",0.125592898319156,0.125974088137596,0.0208187069575102,0.0929031956752827,0.116360647894663,0.125974088137596,0.134614112902298,0.14924612211228
1000,13,"alpha1",0.352282486334757,0.348172700004787,0.0535197449444047,0.25283018889709,0.31581772034067,0.348172700004787,0.387887446355526,0.46582149844341
1000,13,"beta1",0.0831108396432391,0.0688441024439679,0.0627252583492496,0.00609728848412065,0.035044968580219,0.0688441024439679,0.115278640221885,0.245708194682839
1000,14,"alpha0",0.0756723165694243,0.0737579450649956,0.0228810524016374,0.0504613240800336,0.0646716319893479,0.0737579450649956,0.0826341367241656,0.104733390838218
1000,14,"alpha1",0.382707853635414,0.381810548717912,0.0558970555112443,0.276668170234962,0.344533541434552,0.381810548717912,0.418444093329163,0.49789302183032
1000,14,"beta1",0.342948769738108,0.341928912176686,0.0765984846535815,0.189263706486359,0.291141717033735,0.341928912176686,0.397296950045514,0.48895039547147
1000,15,"alpha0",0.118645214812586,0.118746089664473,0.0345247514618423,0.0642494731312816,0.0928287581120338,0.118746089664473,0.142762469697397,0.165026139233319
1000,15,"alpha1",0.27673395269588,0.27322163569503,0.0525506855498801,0.184395496577835,0.239586704241487,0.27322163569503,0.308169233047998,0.388254461970919
1000,15,"beta1",0.215582443507815,0.201609638898859,0.138825332382722,0.0136877406232259,0.0924760815712072,0.201609638898859,0.330828605458066,0.473499532088617
1000,16,"alpha0",0.0909854808886362,0.0901642301871494,0.0224597079697993,0.0625828328350631,0.0803291077975635,0.0901642301871494,0.0989015798641337,0.119033332117152
1000,16,"alpha1",0.324889203933743,0.322625568385364,0.0492512616041177,0.237369683205935,0.2899653733756,0.322625568385364,0.357575989393469,0.429043210571193
1000,16,"beta1",0.292999129080111,0.288739686480168,0.0759152834780329,0.149215700464351,0.243372539992542,0.288739686480168,0.343128680610916,0.443728155092925
1000,17,"alpha0",0.151249063654985,0.151921980155295,0.0274453515917544,0.102300548266331,0.136001377477214,0.151921980155295,0.166673925168663,0.189862391250783
1000,17,"alpha1",0.253363564582735,0.251199517647007,0.0471289097736847,0.166314063500115,0.220127673887096,0.251199517647007,0.282882204535386,0.353402601980712
1000,17,"beta1",0.142483350627435,0.131167922129639,0.0930251940755348,0.00710711346535877,0.0684734447640331,0.131167922129639,0.201193487014794,0.355758850277936
1000,18,"alpha0",0.0917757572245311,0.0900066088406864,0.0271770521900273,0.0567854723858651,0.0799105642320062,0.0900066088406864,0.101344394139188,0.12326147513017
1000,18,"alpha1",0.311766956896506,0.31052728679139,0.0529932955038263,0.216165016591485,0.274215911978038,0.31052728679139,0.347599651754724,0.418626593613664
1000,18,"beta1",0.319343850278607,0.31604574190164,0.0905874587783802,0.154594867251066,0.253720959541093,0.31604574190164,0.376842037987802,0.517432580025276
1000,19,"alpha0",0.136453303166307,0.139911940031114,0.0247726688298562,0.0876003660358862,0.120564965389033,0.139911940031114,0.153017839770551,0.171257765492966
1000,19,"alpha1",0.332476308403665,0.328726267543428,0.0567517849610273,0.227440853810005,0.293325760789075,0.328726267543428,0.369445868482973,0.448100974779324
1000,19,"beta1",0.135457066682861,0.106171593238628,0.101052592292013,0.00784253968906703,0.0552023041064035,0.106171593238628,0.201237738031224,0.372835761370146
1000,20,"alpha0",0.114092492851035,0.111991547315575,0.0276215418827772,0.0727801510812193,0.0962470609725365,0.111991547315575,0.127862344202504,0.163416126242705
1000,20,"alpha1",0.328230775065553,0.323894224374805,0.0573488650992002,0.226525072746652,0.289485141751519,0.323894224374805,0.363909763365287,0.451109535343855
1000,20,"beta1",0.250805465740696,0.254301033569325,0.104710087931247,0.0350220885051308,0.178819672289062,0.254301033569325,0.32429735639297,0.442841314452473
1000,21,"alpha0",0.101023983175004,0.101336945065612,0.0250735819558944,0.0610345308431497,0.0878878046416317,0.101336945065612,0.113338593828504,0.136705319692909
1000,21,"alpha1",0.268041200659463,0.265856652318255,0.0503415877580543,0.176700456814847,0.234192218642016,0.265856652318255,0.299153026052787,0.373383975913474
1000,21,"beta1",0.299136462156124,0.289046086520701,0.0977275579019529,0.125644132622413,0.232937941320526,0.289046086520701,0.356536240691233,0.512520432947585
1000,22,"alpha0",0.0727059776746779,0.070129843332724,0.0254961419152326,0.0370585597614949,0.0571175394783926,0.070129843332724,0.0845834283902625,0.118148899526653
1000,22,"alpha1",0.293949615364758,0.292116268298337,0.0527503706515925,0.197969798211819,0.256770518684537,0.292116268298337,0.328317427954386,0.404522569925739
1000,22,"beta1",0.419899666876233,0.419208265975013,0.110309876665726,0.206557520011118,0.347907065070959,0.419208265975013,0.498576536904481,0.631501455379393
1000,23,"alpha0",0.11383508217015,0.112607888464787,0.0276965056859275,0.074585591665161,0.0991268391994373,0.112607888464787,0.127037038630575,0.149663053934845
1000,23,"alpha1",0.357747580459939,0.35492761817812,0.0580815422396105,0.251787771950706,0.317552698634903,0.35492761817812,0.393655006406136,0.482660965505647
1000,23,"beta1",0.194462963479126,0.18590677528729,0.0867933633601067,0.0464546284203168,0.133178750083504,0.18590677528729,0.250981269541501,0.379664484317557
1000,24,"alpha0",0.104424650441334,0.102589818049757,0.0263462814554287,0.0595396339421603,0.0899375981469639,0.102589818049757,0.119176946310068,0.143089029140129
1000,24,"alpha1",0.256627585630952,0.253585657736364,0.0575023255999604,0.15117683459754,0.215725913389273,0.253585657736364,0.294519687349416,0.377246580044409
1000,24,"beta1",0.263871843112817,0.260843358432809,0.117931679773258,0.0730852835075208,0.17159895869105,0.260843358432809,0.338039768760444,0.530687973137901
1000,25,"alpha0",0.0956444761925586,0.0942285541185739,0.0302269748908773,0.05480852390979,0.0774603847218153,0.0942285541185739,0.109695928714539,0.141275790054746
1000,25,"alpha1",0.268188325630935,0.263178722906631,0.0542282438617527,0.171768141554357,0.230245636904311,0.263178722906631,0.30320109425871,0.385637652127851
1000,25,"beta1",0.348905962801073,0.343244700025413,0.101880992089078,0.16389722753313,0.277274993922357,0.343244700025413,0.418102895433478,0.557083355061554
1000,26,"alpha0",0.110327930112029,0.109487049245095,0.0252136458661804,0.07168234000528,0.0980976748537977,0.109487049245095,0.120395019137869,0.150433246923064
1000,26,"alpha1",0.30061188376285,0.299567261881343,0.0549798869180978,0.197626271656495,0.262765211861665,0.299567261881343,0.336379077521288,0.411872713737586
1000,26,"beta1",0.299559891833228,0.294497373140632,0.083182896624354,0.144768286276605,0.245189904610006,0.294497373140632,0.347986818945416,0.479847971363779
1000,27,"alpha0",0.101715580400267,0.0996949619212898,0.025236028649466,0.0715616137627387,0.088292206947884,0.0996949619212898,0.111845967210553,0.133918638346209
1000,27,"alpha1",0.304644987266862,0.303263318446362,0.0499722344310062,0.210863490371111,0.269736821375404,0.303263318446362,0.338963067228036,0.40248402334964
1000,27,"beta1",0.279084005387831,0.275978101824325,0.0816831490453104,0.128287535698384,0.221269820127421,0.275978101824325,0.335795969680317,0.443459316791854
1000,28,"alpha0",0.0812606314552069,0.0781810956129714,0.0238221090619288,0.0518440412943403,0.0674328254092033,0.0781810956129714,0.0920858392600161,0.117116681214048
1000,28,"alpha1",0.259579325270679,0.255286871193843,0.0461816280996244,0.183795779511722,0.22626841926394,0.255286871193843,0.286534231710367,0.364859479067534
1000,28,"beta1",0.406299047745923,0.416790374324472,0.0928214042771747,0.220465811423158,0.340720883794787,0.416790374324472,0.475359510643238,0.566389671063234
1000,29,"alpha0",0.117249511215721,0.1166741405138,0.0240827196275311,0.0818331985925604,0.104839026786079,0.1166741405138,0.128034995678946,0.151802310380461
1000,29,"alpha1",0.323512207220176,0.321807335753259,0.0587513046613507,0.209846351516313,0.284128903634697,0.321807335753259,0.362075678758137,0.440177498765575
1000,29,"beta1",0.204901495713621,0.191430793070809,0.0856481446228003,0.0651946644040719,0.143810635558169,0.191430793070809,0.257217717644081,0.395802365280307
1000,30,"alpha0",0.132965816009344,0.132067135263467,0.0222943406439473,0.0970301665534398,0.12005236535251,0.132067135263467,0.145380018743158,0.165974492848644
1000,30,"alpha1",0.353372234440714,0.349846712389461,0.0584722862039433,0.247794431630342,0.311146964744401,0.349846712389461,0.392497935985391,0.47346376208858
1000,30,"beta1",0.17198106649831,0.169012496006983,0.0772297192352568,0.0435940299760723,0.111868280685477,0.169012496006983,0.223838740808287,0.335945080358299
1000,31,"alpha0",0.107393875291808,0.105798863681122,0.0264314096347304,0.0771910889083193,0.0955881628403506,0.105798863681122,0.116076147663371,0.137771439022682
1000,31,"alpha1",0.381667982486763,0.376916721790079,0.0608280466762182,0.272191630188998,0.340613705135101,0.376916721790079,0.420334138000084,0.507429577135241
1000,31,"beta1",0.229316491775661,0.224312281427349,0.0643266626124328,0.107393876221411,0.185415239832613,0.224312281427349,0.269234394148333,0.366827772810347
1000,32,"alpha0",0.101408533012215,0.100528688796336,0.0258195342374242,0.0681425154170394,0.0894235126959366,0.100528688796336,0.110325002020706,0.130373801916829
1000,32,"alpha1",0.356332953639105,0.354943795015743,0.0555546337550243,0.252848038802453,0.318037311119973,0.354943795015743,0.39139555265646,0.474244677172267
1000,32,"beta1",0.231425752652181,0.227835096795665,0.0847011838453887,0.0879729002049161,0.170998118483676,0.227835096795665,0.282633525428888,0.416687879742987
1000,33,"alpha0",0.141465189283548,0.13992442583051,0.025341993988131,0.102873823968086,0.124813718584227,0.13992442583051,0.156427271906031,0.182670051999534
1000,33,"alpha1",0.292661805979539,0.291272244116946,0.0477227167255248,0.204541207762248,0.259326312142116,0.291272244116946,0.324986962098488,0.390525647466645
1000,33,"beta1",0.163644586222178,0.160428846924176,0.0884654810351677,0.0149713423688578,0.0950126504226534,0.160428846924176,0.223539405479689,0.345263116329852
1000,34,"alpha0",0.106201255716489,0.105825738382118,0.0287964693900943,0.0634640526831375,0.0911494371284563,0.105825738382118,0.119582067074871,0.145970129698687
1000,34,"alpha1",0.301605570287312,0.298208981144529,0.0563743673198161,0.196107761569264,0.265097108059027,0.298208981144529,0.334404736577365,0.426606201662349
1000,34,"beta1",0.247923616259349,0.237523707637562,0.109015795043143,0.0692810505208448,0.167590806066648,0.237523707637562,0.312564966631742,0.484331055354568
1000,35,"alpha0",0.0845990268049248,0.0803044727541351,0.032820702147562,0.0474420431061002,0.0668743416028281,0.0803044727541351,0.0975883178054369,0.132307518864938
1000,35,"alpha1",0.278994196317607,0.275754111552078,0.0495333606700726,0.186601487741587,0.244894464860166,0.275754111552078,0.310763333723872,0.380141147499248
1000,35,"beta1",0.401392945878183,0.407305284782093,0.10136791370579,0.196774548114971,0.329457946163728,0.407305284782093,0.475727262263313,0.583126284616406
1000,36,"alpha0",0.109946419477393,0.10883986864825,0.0317574778069627,0.0669154678828235,0.0923101479823888,0.10883986864825,0.12254770258147,0.163704769616803
1000,36,"alpha1",0.208694610910393,0.203992453864411,0.0457509879459773,0.131308156178619,0.176193525656006,0.203992453864411,0.236776880586586,0.307744681913157
1000,36,"beta1",0.353105019194879,0.350066417646099,0.104672227146497,0.10834904067577,0.288236897615992,0.350066417646099,0.42286725343049,0.557617296362493
1000,37,"alpha0",0.101560816296343,0.100925147485429,0.0268302060533595,0.0584319616145086,0.0865261412060669,0.100925147485429,0.113806858713577,0.146845969134671
1000,37,"alpha1",0.209033619079701,0.206136184933323,0.0442879553449163,0.131816643594292,0.179245065164664,0.206136184933323,0.23547797440167,0.301577577611682
1000,37,"beta1",0.394024896132167,0.389265021233372,0.0951221253745071,0.210788905345033,0.331064924722115,0.389265021233372,0.459336733736945,0.584248019376047
1000,38,"alpha0",0.0888551794277974,0.0832526956076261,0.0304085221409546,0.0451047153068959,0.0675558914226425,0.0832526956076261,0.105389422386349,0.159593218326753
1000,38,"alpha1",0.233826526212345,0.228750825264898,0.04994487543565,0.150568288378352,0.196830984750707,0.228750825264898,0.265456117369802,0.345737334395681
1000,38,"beta1",0.422406736292734,0.444016783231837,0.138791894480382,0.0882748590706098,0.327745228347459,0.444016783231837,0.526295040758561,0.645911147467697
1000,39,"alpha0",0.0997072608504947,0.0985811452856992,0.0218504294234539,0.0745192771769595,0.0901668083872312,0.0985811452856992,0.106620043455801,0.12443292404017
1000,39,"alpha1",0.464204262430397,0.460095832605104,0.0654014018455054,0.344503904464212,0.419969223491251,0.460095832605104,0.504566006725769,0.609563008198263
1000,39,"beta1",0.194736645650243,0.192867017355773,0.0575021741117379,0.0852469792496055,0.154408645556501,0.192867017355773,0.234078011090299,0.310584521899601
1000,40,"alpha0",0.116699790251083,0.116418065332136,0.0197830409267512,0.0866473151130689,0.10543845906752,0.116418065332136,0.126497056248572,0.146547866374463
1000,40,"alpha1",0.350116070340804,0.346234072298238,0.0626602902241832,0.239682958102006,0.307796087524428,0.346234072298238,0.390638276866938,0.482704993791959
1000,40,"beta1",0.168256429781859,0.162678188944883,0.0705555696418313,0.0523692267552443,0.117495683864221,0.162678188944883,0.21165152644659,0.327625979138823
1000,41,"alpha0",0.0810041903664839,0.0799104092578626,0.0269194195984223,0.0417086342721828,0.0693577242349859,0.0799104092578626,0.0902722627525262,0.117739793613576
1000,41,"alpha1",0.286164207702838,0.283346067501292,0.0582598925124168,0.179866000210613,0.247517498494902,0.283346067501292,0.320212838560311,0.405518244756235
1000,41,"beta1",0.3985643842097,0.393061529791015,0.0983957114631615,0.196632379974191,0.339793752320654,0.393061529791015,0.455496378088899,0.619322725668708
1000,42,"alpha0",0.0616183800032995,0.0590532671072567,0.0250741178056546,0.0360522927434762,0.0500761606247953,0.0590532671072567,0.0681592406963595,0.0948675895446026
1000,42,"alpha1",0.249130968165229,0.245733081199792,0.0471210880057584,0.165964342201963,0.21725949740257,0.245733081199792,0.278874145273848,0.349539305795318
1000,42,"beta1",0.468454285771499,0.475641218794066,0.0928611850819782,0.264813660209186,0.415097122149568,0.475641218794066,0.532295979197729,0.631324762560463
1000,43,"alpha0",0.0989380301051762,0.0975100755011829,0.0236420691916488,0.0697269078445284,0.0884962073821098,0.0975100755011829,0.106752571278519,0.127126888759135
1000,43,"alpha1",0.399142330046102,0.396548955164343,0.0601618261418703,0.287573344794975,0.361012654811258,0.396548955164343,0.433825798737391,0.532171365538724
1000,43,"beta1",0.207504147958199,0.203932526265049,0.0724526599502407,0.0779167753360343,0.15981853649118,0.203932526265049,0.251967050273746,0.362089065724956
1000,44,"alpha0",0.0989535466259069,0.0949452625519459,0.0305163454109798,0.0637846328630733,0.0824839945658436,0.0949452625519459,0.111677288709234,0.140957338906879
1000,44,"alpha1",0.310718460304275,0.306449729528496,0.0546874113544982,0.211304145073033,0.27346501778967,0.306449729528496,0.345028316949801,0.42534093953858
1000,44,"beta1",0.271951184670163,0.276182263700863,0.0997367598570253,0.0798178383013022,0.200241453600733,0.276182263700863,0.341972416284952,0.455796232748343
1000,45,"alpha0",0.117698204255331,0.117420356091501,0.0316110702246755,0.0672987210098376,0.0971615444300936,0.117420356091501,0.136735131785497,0.165369646221526
1000,45,"alpha1",0.26255471945343,0.26138884967919,0.0488133500989513,0.168910256718885,0.229545284221117,0.26138884967919,0.295308115625318,0.361451811192414
1000,45,"beta1",0.242596472951455,0.227802322256357,0.124430011951415,0.0440207376757796,0.144165485405753,0.227802322256357,0.3305949312401,0.50287962043984
1000,46,"alpha0",0.0967422899374887,0.0960996671304151,0.0332589956531631,0.046373238679175,0.0746699013571388,0.0960996671304151,0.115417677877526,0.147742040848048
1000,46,"alpha1",0.235755667762288,0.233846357542456,0.0480041856333433,0.150066215989188,0.2025549004391,0.233846357542456,0.266449775931968,0.331904501340221
1000,46,"beta1",0.336193421931854,0.326884390387237,0.137679542777821,0.105385825156611,0.23064683417758,0.326884390387237,0.444081412829039,0.60092635548128
1000,47,"alpha0",0.101625332555999,0.0999812019689365,0.0264701760217484,0.058949128707739,0.084604696884746,0.0999812019689365,0.115610675172112,0.147835789172492
1000,47,"alpha1",0.246543652299121,0.243010788833437,0.050826072591841,0.155814465221585,0.211254151446336,0.243010788833437,0.277787482932128,0.355828316852335
1000,47,"beta1",0.345727833623072,0.345886126819761,0.106657882293317,0.133179176122113,0.271828435601481,0.345886126819761,0.421622038034124,0.54773759078536
1000,48,"alpha0",0.0933999711392623,0.0902916526940138,0.0325897085174411,0.0493808963708464,0.0741959140539871,0.0902916526940138,0.107524819446621,0.151211025016528
1000,48,"alpha1",0.252141339085804,0.249181891312828,0.0529396480030696,0.154999433423985,0.214890815500094,0.249181891312828,0.286875888460026,0.363800695950751
1000,48,"beta1",0.39095032572272,0.389840390677714,0.116761394830539,0.148919755612424,0.312288949378785,0.389840390677714,0.472119377843034,0.617416404975873
1000,49,"alpha0",0.0842363079473924,0.0816173491130964,0.0273123595011874,0.046658947226256,0.0705882937275717,0.0816173491130964,0.0942859165299373,0.129669070991734
1000,49,"alpha1",0.285384983493966,0.282106561663798,0.0546991616168122,0.187584856605328,0.247560976967197,0.282106561663798,0.320527684744002,0.404291747363094
1000,49,"beta1",0.380588961004584,0.38356014128635,0.10120460770511,0.180779774957503,0.311725091619071,0.38356014128635,0.448071198421694,0.578652019941504
1000,50,"alpha0",0.095818861347125,0.0960297214995677,0.0246046833395333,0.0579620947873463,0.0814957466265086,0.0960297214995677,0.108396713967636,0.129264465027769
1000,50,"alpha1",0.312886915374118,0.311506720625097,0.0546469012848565,0.211328987756058,0.274511190831331,0.311506720625097,0.348300418047117,0.427016191428875
1000,50,"beta1",0.2754117238813,0.263834252716906,0.0954329096201652,0.1177113072771,0.203083901764422,0.263834252716906,0.340395249326612,0.478169413572161
1000,51,"alpha0",0.104291658503761,0.102158966889968,0.0261052415623054,0.0664041291164643,0.0899369006625121,0.102158966889968,0.116812419410888,0.142016284866559
1000,51,"alpha1",0.423127109114296,0.421026872333985,0.0601028067645061,0.309168856969078,0.381663869299527,0.421026872333985,0.462264294022389,0.548826949604493
1000,51,"beta1",0.200388082342859,0.197925668675023,0.083683678383032,0.0480808611266206,0.14162014834621,0.197925668675023,0.256948477313856,0.366194599368748
1000,52,"alpha0",0.0807312722435486,0.0795717372136727,0.0248184614003712,0.0502898025913088,0.0676571253240187,0.0795717372136727,0.0905720234726087,0.11296994329765
1000,52,"alpha1",0.244974592774048,0.243084278087412,0.047359981281618,0.151660346477297,0.214070847001487,0.243084278087412,0.275115754554347,0.342562554824348
1000,52,"beta1",0.40736161006136,0.404940626782755,0.0901631262930658,0.243359832847001,0.344425333299363,0.404940626782755,0.46996010144026,0.583858646151174
1000,53,"alpha0",0.112296325647065,0.11163066962671,0.0231898452599271,0.078355678639309,0.0983755746008185,0.11163066962671,0.123919969294401,0.146999035419885
1000,53,"alpha1",0.380600431378156,0.378818325780088,0.0586272394207773,0.274817121245545,0.33973677546087,0.378818325780088,0.417682844930654,0.500603559184394
1000,53,"beta1",0.248077058808996,0.24047364555099,0.0791986280148724,0.101930197362448,0.190084306930423,0.24047364555099,0.306711952425604,0.40495577106077
1000,54,"alpha0",0.0981708360096706,0.0933920803957371,0.0327611355108066,0.0594723481725825,0.0791142099736871,0.0933920803957371,0.108985560913051,0.162233460211667
1000,54,"alpha1",0.203949312935483,0.201723589118926,0.0461115361899967,0.117990563398536,0.172615176060147,0.201723589118926,0.232270373959822,0.302423090764811
1000,54,"beta1",0.381293300287523,0.396238771599157,0.117690709565376,0.112171465293279,0.309049860432044,0.396238771599157,0.466459524499919,0.570140471492073
1000,55,"alpha0",0.100912029085289,0.0996959777209077,0.0337445561476167,0.0531782860060741,0.0849163522874973,0.0996959777209077,0.113589759023397,0.146071161535533
1000,55,"alpha1",0.238092773284228,0.23652239898099,0.045911422183645,0.151930618899169,0.207500917250497,0.23652239898099,0.267869705411885,0.33017645886343
1000,55,"beta1",0.344524796993892,0.336807971013625,0.114978647808152,0.134530854248378,0.267675852205379,0.336807971013625,0.416605195083452,0.590672628716343
1000,56,"alpha0",0.105820182014029,0.104231964334674,0.0266489688992443,0.0753038341728548,0.093235484967583,0.104231964334674,0.114682744738599,0.135656372082958
1000,56,"alpha1",0.431434027023486,0.429503999842395,0.0582913234263296,0.316946060967611,0.391854558510025,0.429503999842395,0.4703735656218,0.547091243417695
1000,56,"beta1",0.244416746841053,0.243085052562367,0.0636670380505165,0.125108940127502,0.198782017826835,0.243085052562367,0.285286496113658,0.374269799519484
1000,57,"alpha0",0.114071024706905,0.112155138985927,0.031821380188297,0.0682066864199183,0.0984453068345387,0.112155138985927,0.125792781797977,0.160212254026691
1000,57,"alpha1",0.33087122673306,0.326986055180087,0.0602222253596382,0.22469518381157,0.289501501003521,0.326986055180087,0.366352550457147,0.46677245358049
1000,57,"beta1",0.244952839632704,0.240588716558208,0.0963149135779196,0.0644432701286027,0.185261264466628,0.240588716558208,0.302153297305053,0.455636614649577
1000,58,"alpha0",0.0644709158068649,0.0592740268315738,0.0323526031969958,0.0294740065161065,0.0433835863441841,0.0592740268315738,0.0738799555622696,0.144481724493244
1000,58,"alpha1",0.215072105919046,0.207454970617042,0.0573327107649704,0.122718985870739,0.173883706670467,0.207454970617042,0.249200421105976,0.346194744300394
1000,58,"beta1",0.520731861426056,0.54345234216692,0.152007764394489,0.130602930686884,0.452727793929614,0.54345234216692,0.632935026142214,0.736535647040741
1000,59,"alpha0",0.117679090940459,0.118186930242752,0.0250651650534016,0.0719485058448022,0.105061715689964,0.118186930242752,0.130068429445078,0.154515395569967
1000,59,"alpha1",0.303434708586329,0.300969015835903,0.0560964933929824,0.204118417852894,0.263170992305561,0.300969015835903,0.339292795550368,0.421163336058397
1000,59,"beta1",0.222231525052479,0.209273697952109,0.0981891508381851,0.0682553455912976,0.155147298029544,0.209273697952109,0.272420242077214,0.455636639913854
1000,60,"alpha0",0.115944174914506,0.114965303163863,0.0253402942252461,0.0747401659588214,0.102839382212111,0.114965303163863,0.128716117108091,0.154982289257944
1000,60,"alpha1",0.284443613764804,0.281343762275202,0.0502147327655454,0.195646180613823,0.248576824055509,0.281343762275202,0.317649977415515,0.387754449805425
1000,60,"beta1",0.31443882299237,0.309696348228552,0.0841516155882378,0.171370755130084,0.255560531693147,0.309696348228552,0.364058194953658,0.495158914533979
1000,61,"alpha0",0.0788347007703477,0.0757682373098446,0.030717113068463,0.0415630530548439,0.0626887365788393,0.0757682373098446,0.0889684039925108,0.134862488913737
1000,61,"alpha1",0.21472699711203,0.209403378670622,0.048987936372911,0.134016894527331,0.179942560397086,0.209403378670622,0.245654361025782,0.323476637686159
1000,61,"beta1",0.413895382632933,0.419668605278548,0.123731073411723,0.104719777044454,0.347839737646017,0.419668605278548,0.493458118210327,0.639817584880566
1000,62,"alpha0",0.122602823986401,0.123086405514159,0.0239073978385571,0.0787031367066503,0.109687900598816,0.123086405514159,0.135193044688271,0.157625979662006
1000,62,"alpha1",0.300572558436162,0.298214848424096,0.0547883420644006,0.201037763870405,0.262404267555878,0.298214848424096,0.334660410577093,0.415011330334014
1000,62,"beta1",0.168188156561453,0.157106663702013,0.0952863615108178,0.0141655066293434,0.100463934073321,0.157106663702013,0.221898707997739,0.396178136504486
1000,63,"alpha0",0.123864101849827,0.124337759742887,0.0228149213479344,0.0848100576676994,0.110312965973364,0.124337759742887,0.136515406664961,0.15924382531497
1000,63,"alpha1",0.307851098680307,0.304298157852706,0.055628475222476,0.207277032920145,0.269130813684171,0.304298157852706,0.345890263657303,0.426287479648137
1000,63,"beta1",0.221688286452241,0.212823968207244,0.0839688656055172,0.0766506543163437,0.161375233532743,0.212823968207244,0.278552389315953,0.403731102394655
1000,64,"alpha0",0.104315790471747,0.102431639371452,0.0267635228626372,0.0602251668817762,0.0889856774327167,0.102431639371452,0.11770662804826,0.145092662348573
1000,64,"alpha1",0.29249247036365,0.290458254452035,0.0568050865774137,0.188446510053469,0.253895034476344,0.290458254452035,0.326289969777796,0.416226854380894
1000,64,"beta1",0.307713309909109,0.303930443531738,0.104075613717079,0.123242238668407,0.228503186116942,0.303930443531738,0.377011877862875,0.529328950459816
1000,65,"alpha0",0.103497432841373,0.101495207380253,0.0281566224185159,0.0617080652598144,0.0858872375030042,0.101495207380253,0.117770706927445,0.15147811843985
1000,65,"alpha1",0.21613841552498,0.213274159789215,0.0483221039746445,0.13033932240784,0.182706460934099,0.213274159789215,0.246717491959892,0.320277056187056
1000,65,"beta1",0.326947158019836,0.3218698103752,0.113152828632539,0.12258383760799,0.246311492923865,0.3218698103752,0.403048916262514,0.550584752087421
1000,66,"alpha0",0.105574326208851,0.101216311745422,0.031009076805422,0.0657856364204453,0.086075977221182,0.101216311745422,0.119057698427411,0.16241890794106
1000,66,"alpha1",0.251538679822141,0.24888109233139,0.0494609275028927,0.162613454007809,0.216704186758163,0.24888109233139,0.282929173330402,0.358716265054918
1000,66,"beta1",0.325884937270731,0.332518011998214,0.109320031041703,0.102691854600964,0.250430730295658,0.332518011998214,0.407003374978059,0.524625336665268
1000,67,"alpha0",0.112812643015638,0.112540230519709,0.0266648878753581,0.0664064814749971,0.0969248571564251,0.112540230519709,0.128701841326322,0.155530900399232
1000,67,"alpha1",0.261687806389562,0.260069381381997,0.0475973746549494,0.172016691121923,0.227258806608799,0.260069381381997,0.294670986546263,0.355890762246407
1000,67,"beta1",0.289843579498354,0.281604125725283,0.104369425224238,0.113691622451556,0.21485686764319,0.281604125725283,0.357302179553897,0.509262257758253
1000,68,"alpha0",0.102106302798668,0.100253647850353,0.0258181400071786,0.0628626820167302,0.0873726977479858,0.100253647850353,0.115356998930154,0.141858120116463
1000,68,"alpha1",0.317093417457067,0.313510799186887,0.0484951390695816,0.228204947727514,0.283628416247974,0.313510799186887,0.348924136909451,0.418176226102663
1000,68,"beta1",0.251965450549044,0.2487828337146,0.098226453655041,0.0790111407512469,0.181850578834008,0.2487828337146,0.315294625048789,0.455078240818759
1000,69,"alpha0",0.118703101029321,0.117438425891677,0.0278303650172033,0.074629310513858,0.104575227011594,0.117438425891677,0.130888068077061,0.159158994575593
1000,69,"alpha1",0.256713787851336,0.253317154235979,0.0502561397353027,0.165281120258207,0.221664512362361,0.253317154235979,0.291772580283446,0.360597403871364
1000,69,"beta1",0.248511536170289,0.245110247921238,0.0948406526551967,0.0770536170765963,0.180338335526397,0.245110247921238,0.307495253208469,0.460941415167639
1000,70,"alpha0",0.110251539082022,0.104247765270029,0.030746031451298,0.0667859673802958,0.0879312025861849,0.104247765270029,0.129619188799097,0.168688279850289
1000,70,"alpha1",0.282427716707314,0.277717234241812,0.051494688470597,0.192411593658854,0.245767718176202,0.277717234241812,0.315214457996426,0.392107713333973
1000,70,"beta1",0.308345241862629,0.320461695562962,0.122443093766415,0.0630314108952896,0.210467793023568,0.320461695562962,0.401956013162808,0.517876783712843
1000,71,"alpha0",0.118934786790678,0.118574039891893,0.0224377106270342,0.0870653745420802,0.108435824191144,0.118574039891893,0.127719665900676,0.147110953567127
1000,71,"alpha1",0.441685269105872,0.440680027096583,0.0661134611596373,0.324004950793559,0.398187937107173,0.440680027096583,0.484190413181072,0.576257724210016
1000,71,"beta1",0.154607832342611,0.147473918374545,0.062394630967137,0.0466278916046448,0.110284163483325,0.147473918374545,0.195679277809281,0.288749486984377
1000,72,"alpha0",0.0882385462840161,0.0859930700401494,0.0242496652354351,0.0599109429532906,0.0765645621265952,0.0859930700401494,0.0964365225200264,0.126121225555962
1000,72,"alpha1",0.323917300152083,0.319377102249637,0.0508421647302192,0.233687310257979,0.287331201710922,0.319377102249637,0.358389820269746,0.429326001284576
1000,72,"beta1",0.335589201130479,0.338863191731453,0.0801520145219697,0.146007091055888,0.28400044486606,0.338863191731453,0.391077585255357,0.482113518425944
1000,73,"alpha0",0.113585482899416,0.113058166755216,0.0207771021977982,0.0800378831702702,0.101878920385069,0.113058166755216,0.124641496372625,0.144265773219864
1000,73,"alpha1",0.389348413753688,0.386328409909156,0.0569798894424735,0.2875411668143,0.349545952302504,0.386328409909156,0.426365882594351,0.510558126102707
1000,73,"beta1",0.203105441096434,0.200515636870138,0.074264637641159,0.0710710534106102,0.148971812825262,0.200515636870138,0.249885310846901,0.361564773805306
1000,74,"alpha0",0.0939608892654209,0.0916610252544648,0.0251257636637228,0.0602770761443796,0.0801859445654224,0.0916610252544648,0.104017498478036,0.136742823951837
1000,74,"alpha1",0.252655134017576,0.249288485663309,0.0511121804053251,0.16600354519716,0.217283013664344,0.249288485663309,0.282749075022256,0.362953257277825
1000,74,"beta1",0.319207484939026,0.322640704165736,0.0989165720606182,0.103777342924004,0.258818051876106,0.322640704165736,0.385806849854999,0.501342817333755
1000,75,"alpha0",0.0869499364128894,0.0849519275851331,0.0223431115289747,0.0601844015423873,0.0745408025513564,0.0849519275851331,0.0961831247944083,0.120930685353747
1000,75,"alpha1",0.303035005601732,0.29987404085213,0.0578429144408448,0.200884146174787,0.260864729310945,0.29987404085213,0.341837797899968,0.418820870965589
1000,75,"beta1",0.337620019962374,0.335726011860674,0.0883020307447643,0.166058585871344,0.281963527719148,0.335726011860674,0.398626353220622,0.50457003826457
1000,76,"alpha0",0.0677164396308317,0.0662256796835751,0.0330137961255073,0.0234805547262819,0.0440945356592404,0.0662256796835751,0.084228429716068,0.143930404406464
1000,76,"alpha1",0.149131276204849,0.145479051458066,0.0466395654916622,0.0691580161884752,0.115328101802142,0.145479051458066,0.177920342678258,0.249329076567888
1000,76,"beta1",0.569579823596918,0.573129395392578,0.153617382871178,0.201494778543238,0.474329871432476,0.573129395392578,0.685670585166773,0.814792643936226
1000,77,"alpha0",0.144874296920406,0.14484914581545,0.0288465679531524,0.0973194841136228,0.126532982134626,0.14484914581545,0.161380866681302,0.190580036466341
1000,77,"alpha1",0.217549279092115,0.215653756671234,0.0446141055315305,0.134527840101661,0.186789554806566,0.215653756671234,0.245230750905902,0.313230817151779
1000,77,"beta1",0.197492094594959,0.188244850694646,0.105744661925752,0.0230318358728487,0.118448158690307,0.188244850694646,0.267667639271366,0.428225665127248
1000,78,"alpha0",0.0831573393946422,0.0823396572148789,0.026814759249466,0.0408214592988101,0.0683505845419639,0.0823396572148789,0.0965889233148432,0.12048374605943
1000,78,"alpha1",0.303608964168363,0.302893053959756,0.0510972834472304,0.208486952789592,0.267896568404076,0.302893053959756,0.337934845032534,0.407612127093959
1000,78,"beta1",0.359009893366419,0.348235059900759,0.11059565619263,0.173801399392505,0.279615788309483,0.348235059900759,0.428240175309587,0.60850269780688
1000,79,"alpha0",0.126231150076086,0.125530029114486,0.0260433392334187,0.0884004205951846,0.111768653424719,0.125530029114486,0.138570437665995,0.162225208837877
1000,79,"alpha1",0.261671355361742,0.257347679776976,0.0522839706968184,0.172805374228474,0.223495127732977,0.257347679776976,0.296654285033375,0.370257795818546
1000,79,"beta1",0.171327725923821,0.162216091352052,0.0955709752995314,0.0150623520042703,0.100393985126999,0.162216091352052,0.236872308258086,0.366801281418241
1000,80,"alpha0",0.108152075468316,0.106064710271621,0.0331550020374046,0.057146109563158,0.0849850085159249,0.106064710271621,0.128032040029705,0.163032780698054
1000,80,"alpha1",0.258007554169957,0.255063267298181,0.0580071682960864,0.152839401427745,0.217348403420406,0.255063267298181,0.294387753571537,0.383120653534224
1000,80,"beta1",0.298947638151322,0.29357139379609,0.142762916415646,0.0470393876055455,0.189183997968405,0.29357139379609,0.410075906147741,0.568490691904546
1000,81,"alpha0",0.0912183437769533,0.0889280110166969,0.0285300043160062,0.0553551018753962,0.0748562768002361,0.0889280110166969,0.103063346445734,0.133052477461449
1000,81,"alpha1",0.376211186386766,0.3722155088334,0.0593703705568436,0.268461328163459,0.33585964785914,0.3722155088334,0.413251181043569,0.503060103947975
1000,81,"beta1",0.360754970568577,0.362797013966648,0.0871542920525513,0.186500194909067,0.2985286462572,0.362797013966648,0.422699818338434,0.523758466407248
1000,82,"alpha0",0.0875120899787893,0.0857053088351643,0.0284488347859091,0.0480522664738707,0.0722248149360655,0.0857053088351643,0.0994569125816245,0.130176255310027
1000,82,"alpha1",0.270432839560808,0.268405223844905,0.050856449845344,0.178659360154091,0.234096352929555,0.268405223844905,0.303053539432684,0.3785345638369
1000,82,"beta1",0.38629524186552,0.386217879968217,0.105482606891267,0.18987715935228,0.312955123132657,0.386217879968217,0.456040751720649,0.597909460575876
1000,83,"alpha0",0.131510002500897,0.130811769936808,0.0321018664873289,0.0805033729611872,0.109719919112316,0.130811769936808,0.149709642959801,0.185671187064016
1000,83,"alpha1",0.282419877764645,0.279944962759327,0.0550916524625105,0.180530881937564,0.244318437737509,0.279944962759327,0.318599692139383,0.393920634968422
1000,83,"beta1",0.226338658228042,0.219059607647686,0.119953613797187,0.014544267634934,0.13615379575798,0.219059607647686,0.312086149407609,0.461247243652682
1000,84,"alpha0",0.0855662654656538,0.0818748568930267,0.0265399957592558,0.0541674392522112,0.0721323593395386,0.0818748568930267,0.0955852469838382,0.12309280912268
1000,84,"alpha1",0.260043140767373,0.25565421874679,0.0480789729069444,0.175522525994622,0.226857853895271,0.25565421874679,0.289068759968327,0.368312579004054
1000,84,"beta1",0.390860910391845,0.400017776596507,0.0953213438123758,0.188179549393874,0.327493858138958,0.400017776596507,0.455501293446773,0.557067334045731
1000,85,"alpha0",0.12865853358308,0.128025354311685,0.0328060779543506,0.0764159204372911,0.109137965595571,0.128025354311685,0.145638828629011,0.180838699341481
1000,85,"alpha1",0.28413855608709,0.28186325584353,0.0532607294338339,0.185299984352459,0.246327893686327,0.28186325584353,0.317967274086511,0.397105565374952
1000,85,"beta1",0.268365551777275,0.263629422536525,0.108957213777611,0.0851849879766026,0.185858452859451,0.263629422536525,0.340026975410987,0.494159953539849
1000,86,"alpha0",0.149637515742635,0.150114025710138,0.0237383041540968,0.11194809937932,0.138316087592405,0.150114025710138,0.159902316757172,0.176839036238805
1000,86,"alpha1",0.344955746585741,0.340324915057591,0.0575525249470257,0.242983349513163,0.305264738870682,0.340324915057591,0.381423623823406,0.472999107491546
1000,86,"beta1",0.0872932370551765,0.0736618742042869,0.0625541122005111,0.00347236837771028,0.0400301296011691,0.0736618742042869,0.122523265410724,0.236416132325034
1000,87,"alpha0",0.123243838545876,0.120847825417614,0.0305906526008713,0.0750457178051197,0.104008267566812,0.120847825417614,0.138383474352709,0.178121823474689
1000,87,"alpha1",0.258389768258658,0.254596566728617,0.0544309427923138,0.165756754562786,0.220024972633099,0.254596566728617,0.2906749099965,0.380255180274929
1000,87,"beta1",0.245278122058227,0.247408497969885,0.116034524786794,0.0179765260803771,0.167152664873066,0.247408497969885,0.321343560809644,0.471257453355767
1000,88,"alpha0",0.140192953364309,0.140456225902035,0.027600133427837,0.0938634116593835,0.125951005305072,0.140456225902035,0.15333072771666,0.178514321254765
1000,88,"alpha1",0.295405629786098,0.29152484571776,0.0571009220514545,0.194770932666243,0.255543946499331,0.29152484571776,0.331912209974825,0.419582284979959
1000,88,"beta1",0.177827524577702,0.164782433281651,0.0904990501279268,0.0319854569658783,0.115337723109147,0.164782433281651,0.233065483197552,0.387936696179799
1000,89,"alpha0",0.101278614838161,0.100366808097898,0.0257812463012776,0.0704187083796842,0.0896386802366417,0.100366808097898,0.110352829873795,0.127756725847108
1000,89,"alpha1",0.411052663381527,0.409946840319774,0.0611905272744104,0.292526330847844,0.37202369323938,0.409946840319774,0.45054969937291,0.53358243916341
1000,89,"beta1",0.187501994609581,0.18285617745021,0.0689279111920403,0.0712897089842915,0.136243828637227,0.18285617745021,0.231418892974492,0.339657316844057
1000,90,"alpha0",0.0936907551646942,0.0942797071783363,0.026651374384068,0.0518156159371583,0.0774025579968585,0.0942797071783363,0.107676636474628,0.131785554484843
1000,90,"alpha1",0.325134937804966,0.324230350291761,0.0625484178564653,0.206764301566645,0.282512029525247,0.324230350291761,0.365029499072779,0.453501218875388
1000,90,"beta1",0.318932664381618,0.305539308626482,0.115508649224233,0.129652002003168,0.233300616133949,0.305539308626482,0.396171868388281,0.564031960850161
1000,91,"alpha0",0.105412557561688,0.103164522101389,0.0258540495557997,0.0729232180596634,0.0921970707963589,0.103164522101389,0.115017808456302,0.145703376713081
1000,91,"alpha1",0.330972444363897,0.329616431009303,0.0586969286567253,0.225459481911799,0.289117460880701,0.329616431009303,0.368830360957591,0.455029988591228
1000,91,"beta1",0.232856324621928,0.227811201040133,0.0865947643130969,0.0684223377948144,0.176069274193112,0.227811201040133,0.288048938453092,0.408170938395451
1000,92,"alpha0",0.105395752425706,0.102459708167696,0.0304211148833946,0.0672326595885158,0.0880026747717369,0.102459708167696,0.118159549134475,0.151390689222286
1000,92,"alpha1",0.381277750265343,0.378033293297496,0.0712659089443767,0.242312897933997,0.333439510687104,0.378033293297496,0.428133392892661,0.525494873591242
1000,92,"beta1",0.253133309829067,0.251351077234417,0.101064802454862,0.0691208517371089,0.17649146382678,0.251351077234417,0.320697535551662,0.461891751929571
1000,93,"alpha0",0.0843951121221067,0.0809399011917353,0.0294486066591649,0.0463839969778154,0.0688879983842688,0.0809399011917353,0.0967428351284599,0.126530103356233
1000,93,"alpha1",0.264987311851023,0.260252001016256,0.0497084330861926,0.180536197470197,0.229554211439728,0.260252001016256,0.295689523633775,0.375373778081823
1000,93,"beta1",0.406698442130207,0.412598831246476,0.103725119935379,0.204419552819701,0.332729190555335,0.412598831246476,0.479681925331517,0.605862995533975
1000,94,"alpha0",0.0833223946018942,0.0810887782578679,0.0250669329669972,0.0469297942803337,0.0712928196093455,0.0810887782578679,0.0932575533070176,0.121392408718923
1000,94,"alpha1",0.294281654286427,0.290277517612836,0.0551585251601687,0.196008971850233,0.255415494043657,0.290277517612836,0.328635445519091,0.416523080474134
1000,94,"beta1",0.378681828268896,0.377372144769341,0.0934244965635836,0.196609518982498,0.321206816413965,0.377372144769341,0.438915362237875,0.559272739543856
1000,95,"alpha0",0.0970978949139986,0.0956708124211486,0.0225226764820971,0.0628655327223678,0.0838941587062631,0.0956708124211486,0.108162570903133,0.135529131005127
1000,95,"alpha1",0.30077291177415,0.29753247757989,0.0562724082180763,0.197649677024374,0.260981103723205,0.29753247757989,0.336289566415686,0.422792876285895
1000,95,"beta1",0.328522152751585,0.325472582497213,0.0862874233745856,0.16305155569928,0.268439872436101,0.325472582497213,0.386855159698951,0.502044016512846
1000,96,"alpha0",0.103620204740083,0.103305273475651,0.0257941661932466,0.0702302919608712,0.0912714646164919,0.103305273475651,0.113117424736967,0.134245706476779
1000,96,"alpha1",0.3220573597044,0.320602102195818,0.0490524998905726,0.2305698209256,0.286642009783352,0.320602102195818,0.35572692308006,0.420332054221378
1000,96,"beta1",0.321131743727526,0.314169479189728,0.073207471119322,0.192465424103402,0.26903289986969,0.314169479189728,0.367617084843215,0.478838831446929
1000,97,"alpha0",0.0768049977568631,0.0754427638634265,0.0264150829608253,0.0443524093199743,0.0647016652597964,0.0754427638634265,0.0862365586998477,0.104141516067288
1000,97,"alpha1",0.37002607469068,0.367948517268188,0.0600992874172415,0.256607336767173,0.329555739009502,0.367948517268188,0.411117032978035,0.491459951116483
1000,97,"beta1",0.362505950823745,0.352735952502049,0.0860661069663216,0.220088300936011,0.298985370623756,0.352735952502049,0.417241638007963,0.557672406851094
1000,98,"alpha0",0.126452816173007,0.125787020041939,0.0236856141660746,0.0907096165603414,0.113465213350812,0.125787020041939,0.138197496689242,0.157790035098499
1000,98,"alpha1",0.32259353739261,0.317580072468076,0.0555302504611369,0.226408215759371,0.284180467858919,0.317580072468076,0.356843635887255,0.445135841428737
1000,98,"beta1",0.158452988684922,0.150735746950581,0.0813523348819036,0.0282178095092074,0.0955413753622984,0.150735746950581,0.214265314541049,0.326531123700147
1000,99,"alpha0",0.104024757983381,0.103727732209947,0.0217219656963796,0.0723758783873538,0.0915794618054916,0.103727732209947,0.114786653495107,0.134964021166891
1000,99,"alpha1",0.348627802803153,0.345078711382964,0.0555175493338821,0.248546950844426,0.309190869397994,0.345078711382964,0.386163651238667,0.46611884431332
1000,99,"beta1",0.252628794301994,0.246588671731321,0.078505233728692,0.112685624612159,0.194594237586263,0.246588671731321,0.309826033345187,0.411910089062977
1000,100,"alpha0",0.119633503646878,0.118703405400517,0.026420204870822,0.0744170879271007,0.103670039046196,0.118703405400517,0.135716870770402,0.159234797560973
1000,100,"alpha1",0.307960462330015,0.304699798297927,0.0539466751672774,0.212142725352186,0.269938936586513,0.304699798297927,0.343115788194072,0.420878322526555
1000,100,"beta1",0.243805815617708,0.234394323850599,0.100030420074615,0.0805612856686023,0.167795951292573,0.234394323850599,0.310418174350098,0.467022032832516
1000,101,"alpha0",0.111708370921053,0.110516423774207,0.0218418856354054,0.084437742522936,0.102479876090606,0.110516423774207,0.119010139502321,0.138145375990573
1000,101,"alpha1",0.443819177759925,0.442499486135852,0.0569281843248571,0.335545832715601,0.406563702171945,0.442499486135852,0.478879921435383,0.565915959536888
1000,101,"beta1",0.149538165222689,0.146856151860969,0.0579503021257322,0.0437736023064327,0.109976609834805,0.146856151860969,0.187301545974325,0.267574364860258
1000,102,"alpha0",0.0934224385741094,0.0903511154060047,0.0244869701732092,0.0636551237083771,0.0794246791590237,0.0903511154060047,0.103755655398675,0.135426165856926
1000,102,"alpha1",0.252337433198643,0.250588430927697,0.0439411667995635,0.16934913878204,0.221947946432358,0.250588430927697,0.281901922097128,0.341040720846512
1000,102,"beta1",0.364370885385009,0.372973636993692,0.0922804468411304,0.163101703778893,0.304703543003881,0.372973636993692,0.428982130372496,0.527139274096058
1000,103,"alpha0",0.114994250612703,0.113293412529835,0.0286962073598921,0.0768479938726345,0.101237316232588,0.113293412529835,0.125432618238972,0.155224074142058
1000,103,"alpha1",0.355812868065322,0.352176866685441,0.0542994925904691,0.259355853621614,0.315903406323621,0.352176866685441,0.393504283026492,0.46692330547084
1000,103,"beta1",0.214016772807635,0.21269937468906,0.0847920961638565,0.0513403162322367,0.156966733381888,0.21269937468906,0.266098853675998,0.396104425565314
1000,104,"alpha0",0.129765240294966,0.127930442984424,0.0284193893920608,0.0882260988778613,0.114434020644169,0.127930442984424,0.142312983222579,0.171219031015862
1000,104,"alpha1",0.384175334838893,0.384529123592002,0.0584964523577382,0.277640049264612,0.345144167352803,0.384529123592002,0.425890783647095,0.491911533554695
1000,104,"beta1",0.175000182669388,0.168697876577171,0.0812677787122596,0.035482111909142,0.117750189754737,0.168697876577171,0.227124903443768,0.347055967800496
1000,105,"alpha0",0.115209696895989,0.113664003897747,0.0278324036264126,0.0756727599329623,0.0981562803146408,0.113664003897747,0.129333399174407,0.159947390697899
1000,105,"alpha1",0.236457827815439,0.23460440474757,0.0492310226186977,0.143377072601781,0.203939470326918,0.23460440474757,0.266999701072306,0.340018676258726
1000,105,"beta1",0.266821456334135,0.257762462608634,0.102752025746176,0.0724132704587628,0.195169035936757,0.257762462608634,0.338023842616657,0.477744926897728
1000,106,"alpha0",0.0847436893256313,0.0817941783849744,0.0273278905535196,0.0540669356347939,0.0708638066674662,0.0817941783849744,0.0942870186653371,0.121673218223669
1000,106,"alpha1",0.341835565026818,0.338066687655078,0.0532358993736258,0.245632084762399,0.304705272264424,0.338066687655078,0.375591002295355,0.451079275218628
1000,106,"beta1",0.367683749012976,0.369181950948231,0.0853207006145925,0.207918189195677,0.310501705117311,0.369181950948231,0.427459257102034,0.525915617690684
1000,107,"alpha0",0.120618956874091,0.118987722706572,0.0275828809077533,0.0799293316026165,0.10607473575833,0.118987722706572,0.132800566695928,0.163749846724525
1000,107,"alpha1",0.28440484508625,0.281138583446184,0.0557385640597612,0.18264791340505,0.245699551696077,0.281138583446184,0.3211733603415,0.400998324586157
1000,107,"beta1",0.24821961888777,0.247964816074102,0.0946860119541612,0.0634354640997538,0.181681978845785,0.247964816074102,0.310168510832268,0.438396741476093
1000,108,"alpha0",0.110790656010162,0.10940517226362,0.0210113800184892,0.0819359928089603,0.100267836085834,0.10940517226362,0.119252414900746,0.140129916190036
1000,108,"alpha1",0.371812271756698,0.366264373136067,0.0565636418719578,0.272222188397973,0.33217713978861,0.366264373136067,0.408705706951693,0.490526385925816
1000,108,"beta1",0.203934927636011,0.204824869315844,0.0611604978240163,0.0884693967030558,0.161133734852513,0.204824869315844,0.244980900835789,0.324076019779587
1000,109,"alpha0",0.0916172335486413,0.0908342826421744,0.0280324765458656,0.0539569352488592,0.0752327445361541,0.0908342826421744,0.104161972468168,0.132708278216283
1000,109,"alpha1",0.285654607750019,0.283928280430346,0.0511481261368028,0.190937664808767,0.24879186920856,0.283928280430346,0.321512906647413,0.387785914900394
1000,109,"beta1",0.358001754987649,0.355499334249177,0.0973539814547134,0.170551175819695,0.287883440326137,0.355499334249177,0.422738235589944,0.551545316980055
1000,110,"alpha0",0.123364954017123,0.125870910526952,0.0313754466878466,0.0620340961936011,0.10360967562699,0.125870910526952,0.143671298555447,0.166390972507361
1000,110,"alpha1",0.202854373141821,0.202173110822459,0.0498969507703859,0.108701433418761,0.168306829841605,0.202173110822459,0.235117758586182,0.304641456909219
1000,110,"beta1",0.207210749617475,0.180676234110614,0.141219263996141,0.0169007830507751,0.0922581790448365,0.180676234110614,0.294224794713935,0.53227872409912
1000,111,"alpha0",0.121070787862003,0.119732246050199,0.0232820193795822,0.0879788009219304,0.108513050167079,0.119732246050199,0.131075088738749,0.156941938659404
1000,111,"alpha1",0.411845939221814,0.409152301132511,0.0579145794255224,0.306736535955073,0.372120220168284,0.409152301132511,0.449576261313259,0.531602209540257
1000,111,"beta1",0.266136137022685,0.262764015774532,0.0609058366822873,0.149450181007454,0.223199729080927,0.262764015774532,0.3056341193291,0.392937729106617
1000,112,"alpha0",0.0923275773464571,0.0842080485803841,0.0323191312988476,0.0526689992419993,0.0725940529447358,0.0842080485803841,0.106100980316188,0.176075369634196
1000,112,"alpha1",0.194523427694601,0.191543220266803,0.0488329036065001,0.108738302995148,0.159446581314504,0.191543220266803,0.225046517644346,0.299830756094078
1000,112,"beta1",0.426096085160335,0.452208358238938,0.137028206652242,0.061833035763948,0.346315683699652,0.452208358238938,0.522410129980579,0.634859383183863
1000,113,"alpha0",0.0840844835551895,0.0823921535619234,0.0247798423539368,0.0550055926746313,0.0719677406632842,0.0823921535619234,0.0929157407227565,0.114104569270607
1000,113,"alpha1",0.308332318232174,0.306449571066024,0.056420906311464,0.203426138835767,0.269756923505178,0.306449571066024,0.3454187674059,0.425327557109736
1000,113,"beta1",0.340723481202832,0.337397430270703,0.0831144465983976,0.187984923288072,0.283279343140307,0.337397430270703,0.39647078509979,0.505985722051803
1000,114,"alpha0",0.104438077645522,0.102985127462117,0.0268423837073093,0.0697764929356964,0.0918990171475764,0.102985127462117,0.114536778343579,0.137191246543097
1000,114,"alpha1",0.300276399615531,0.296372447260209,0.0579320562535846,0.196015689065123,0.261319591465584,0.296372447260209,0.333104813723919,0.427464228063154
1000,114,"beta1",0.277416297489771,0.273720677198274,0.0814773662217364,0.122465324587707,0.225378550576712,0.273720677198274,0.326802579453858,0.441523513566846
1000,115,"alpha0",0.0855882131602653,0.0843905440818125,0.0250701676086234,0.0517296822727008,0.0720445059629945,0.0843905440818125,0.0960082491976389,0.1209393484306
1000,115,"alpha1",0.222374188729664,0.218973978032415,0.0441973861471096,0.147118480441962,0.191112363083444,0.218973978032415,0.248480321531414,0.317770475397872
1000,115,"beta1",0.405030505284228,0.40513057977719,0.0918215793294651,0.225444234961031,0.34339519642606,0.40513057977719,0.469626729690928,0.582589168812274
1000,116,"alpha0",0.0727708662462148,0.0698819443564586,0.0257725558649316,0.0423779134180418,0.0611369068559989,0.0698819443564586,0.0809023084960631,0.111560661714807
1000,116,"alpha1",0.298868583665148,0.295724387780338,0.0507289652504634,0.208457453583496,0.263731542576729,0.295724387780338,0.331256287690263,0.404693093400883
1000,116,"beta1",0.407425176845458,0.411940834747136,0.08962335299949,0.205304539423662,0.354671011782473,0.411940834747136,0.465180902047034,0.584653205666122
1000,117,"alpha0",0.107724192194237,0.105797298076224,0.030092666438354,0.0698495350774932,0.0915282891852757,0.105797298076224,0.119787783478124,0.151233113030601
1000,117,"alpha1",0.317437410774531,0.314676508492878,0.0617341972882943,0.210160168145881,0.272008217051901,0.314676508492878,0.357239418237913,0.442647245840511
1000,117,"beta1",0.265433219410791,0.260855578714288,0.0935916955443616,0.105047078429662,0.194631116246189,0.260855578714288,0.330767546319384,0.456226381548666
1000,118,"alpha0",0.0833312938634853,0.0810330978176394,0.0261291762642908,0.0541853713880614,0.0690728502052033,0.0810330978176394,0.0921815209494026,0.118524958073678
1000,118,"alpha1",0.309533011477845,0.306690370071847,0.0561352648999843,0.211940979898247,0.270534218659213,0.306690370071847,0.343446997798046,0.43449828080538
1000,118,"beta1",0.376468711963299,0.378596105750525,0.0886374645026131,0.200725261218829,0.316961302293498,0.378596105750525,0.43998243888613,0.537986695963355
1000,119,"alpha0",0.0965217984475791,0.0938359484611202,0.02670148533068,0.0623027718519492,0.0827329039057116,0.0938359484611202,0.107242798892759,0.134456718365936
1000,119,"alpha1",0.225999990166383,0.222302240522076,0.0475558217827489,0.143017015875193,0.192174801768467,0.222302240522076,0.256383012169881,0.326524156456313
1000,119,"beta1",0.374803148916749,0.372385213612829,0.0911562268929573,0.206249835691746,0.311388331634457,0.372385213612829,0.435211498935148,0.563323063230467
1000,120,"alpha0",0.121223630925414,0.11655973398496,0.0371191844102619,0.0646891709284106,0.0921306104379203,0.11655973398496,0.148303340485846,0.190211866242408
1000,120,"alpha1",0.197657842374031,0.194981432459637,0.043744478642778,0.123257010148972,0.165355902313722,0.194981432459637,0.226206557344032,0.291604668600894
1000,120,"beta1",0.316691532905431,0.329317579629599,0.155898337753724,0.0222903698833488,0.18905706170867,0.329317579629599,0.439091736149559,0.577964335990456
1000,121,"alpha0",0.0866917166308856,0.0845434955986967,0.0282128909505268,0.0533931112441521,0.0724901844527568,0.0845434955986967,0.0964270489184368,0.128430524820339
1000,121,"alpha1",0.332035426805746,0.32788569285939,0.0589580946818107,0.232385843874996,0.290462283682596,0.32788569285939,0.36860765604422,0.452663153224615
1000,121,"beta1",0.36884122177193,0.371990215229651,0.0922552045038083,0.187972430049952,0.310158165857815,0.371990215229651,0.432407820738505,0.533839935165254
1000,122,"alpha0",0.111613719902768,0.109945070545022,0.0294811594605294,0.0700772100743017,0.0931417310851482,0.109945070545022,0.126178754568914,0.155623569362677
1000,122,"alpha1",0.280594723116458,0.277691395868414,0.0485639598597515,0.192592023460178,0.246434980721624,0.277691395868414,0.310310256238653,0.384052582068057
1000,122,"beta1",0.278791811401121,0.270815849664286,0.10022053684036,0.0941274138181561,0.208024789317799,0.270815849664286,0.350383030394242,0.482124918537349
1000,123,"alpha0",0.119487525071648,0.117476602182061,0.0258143015289305,0.0855442395683602,0.106831930987695,0.117476602182061,0.130070154362997,0.153289575122864
1000,123,"alpha1",0.298729637760141,0.295456688429029,0.0483960455175977,0.210361601336047,0.264698631601,0.295456688429029,0.329706712488665,0.402882298815348
1000,123,"beta1",0.215086608030226,0.212158204788741,0.0775922478533526,0.0756705142568998,0.15670990014557,0.212158204788741,0.269107256557109,0.376153310179245
1000,124,"alpha0",0.0889312271377297,0.086717313865022,0.0233565069282199,0.0560122527075115,0.0765751824275629,0.086717313865022,0.0990533841338908,0.121975698440486
1000,124,"alpha1",0.288087084222907,0.286088183416337,0.0511877579060794,0.193212520067142,0.253306750721779,0.286088183416337,0.322159021104183,0.395528300845168
1000,124,"beta1",0.310856930984756,0.308800843824745,0.0934826985215655,0.140480017120036,0.247303047297976,0.308800843824745,0.37049310965252,0.505288155522603
1000,125,"alpha0",0.152623539406952,0.153986700207516,0.0202999738248498,0.110505984132995,0.143315805533396,0.153986700207516,0.163912694685627,0.179167705228688
1000,125,"alpha1",0.234109609819474,0.23149696655974,0.049107554410307,0.14326588964619,0.200449492786942,0.23149696655974,0.26556482219545,0.338142810926781
1000,125,"beta1",0.0845672349038909,0.0616392502229693,0.0786113711767109,0.00276983671649786,0.0285580281197215,0.0616392502229693,0.115716097276016,0.320793450326198
1000,126,"alpha0",0.104683271610531,0.103808701537239,0.0281389842391686,0.0646027180858632,0.0874734246549479,0.103808701537239,0.118100542496903,0.157146678985496
1000,126,"alpha1",0.270747348227538,0.270469224010385,0.0553160383852218,0.166362437581712,0.230841122387862,0.270469224010385,0.309071919074927,0.38074440466546
1000,126,"beta1",0.346903568455101,0.342405873860674,0.105787320970746,0.14994103750706,0.272822349472275,0.342405873860674,0.419319734020738,0.561895693788153
1000,127,"alpha0",0.132582869988478,0.131908294885222,0.0280246071243954,0.0904118413925681,0.118027871315622,0.131908294885222,0.144505267305312,0.172788853551195
1000,127,"alpha1",0.351920528474993,0.349324089680893,0.0572222849821954,0.244830046107279,0.313463437864675,0.349324089680893,0.387758404726573,0.473795037603156
1000,127,"beta1",0.182628619873854,0.176827801028519,0.0826026933780277,0.0359618461980565,0.125185729351642,0.176827801028519,0.233190960945805,0.363585476111412
1000,128,"alpha0",0.0943874370543866,0.0914340498911949,0.0272859892689772,0.0610650276287927,0.0790637914232241,0.0914340498911949,0.104091766354898,0.139276878801111
1000,128,"alpha1",0.29223085286787,0.289737733384081,0.0493519387425466,0.19993825746152,0.258206395168994,0.289737733384081,0.323137362379092,0.396630219109385
1000,128,"beta1",0.354092442868446,0.358937543883189,0.0912384913970557,0.15024461468873,0.300130500069472,0.358937543883189,0.416119213204481,0.516249517538715
1000,129,"alpha0",0.100868157145957,0.100167109843188,0.0233192718646227,0.0700812821161387,0.0895585130926978,0.100167109843188,0.110356495146947,0.130239423161059
1000,129,"alpha1",0.334785032282725,0.334371499935125,0.0527158960902654,0.236522598614598,0.29860637030514,0.334371499935125,0.367843516043038,0.44159487700623
1000,129,"beta1",0.243064834328314,0.239908908968416,0.0733728823843748,0.116214278243653,0.188511360939541,0.239908908968416,0.290951900271707,0.396663776453643
1000,130,"alpha0",0.0902150451312297,0.0889650267487314,0.0294345963564781,0.0560162746076712,0.0751171620333053,0.0889650267487314,0.101199398462864,0.127062922550337
1000,130,"alpha1",0.321263304428629,0.318664330236186,0.0514477865466019,0.225923377890876,0.28552828339742,0.318664330236186,0.35473405265214,0.428671851714732
1000,130,"beta1",0.307627026437295,0.306500269108069,0.0971734347979617,0.123856435540951,0.236160692553962,0.306500269108069,0.379572312823162,0.487798023789033
1000,131,"alpha0",0.0828104518609921,0.0808720969208919,0.0250884707184417,0.0569885934171858,0.073074009394773,0.0808720969208919,0.0894873689150051,0.10583462558158
1000,131,"alpha1",0.398608763799612,0.39874729741275,0.063135444280079,0.274216623960254,0.357268622255263,0.39874729741275,0.44013182060409,0.518065234127194
1000,131,"beta1",0.275558097544142,0.27227152196597,0.0670342251391869,0.154893386019042,0.227805215564473,0.27227152196597,0.318375673473242,0.415322000918815
1000,132,"alpha0",0.100182049544393,0.0983738076971845,0.0245760655953327,0.069140322975992,0.0875251795237919,0.0983738076971845,0.109783642043147,0.136125641139788
1000,132,"alpha1",0.323995437974495,0.321075711457508,0.0559403701073565,0.224162507057862,0.283221546275257,0.321075711457508,0.361799283792868,0.439322240696093
1000,132,"beta1",0.286108600230892,0.285370640210956,0.0816784924137359,0.125591060429794,0.230230310665402,0.285370640210956,0.34008840200966,0.449896056481734
1000,133,"alpha0",0.120283266043205,0.119129404140508,0.0252634958175843,0.0822791038077238,0.104544970508177,0.119129404140508,0.133738807070679,0.1600184733482
1000,133,"alpha1",0.371748849204181,0.367764999589642,0.0595740370800549,0.264016754620153,0.331428618037851,0.367764999589642,0.408528993086906,0.500737456679571
1000,133,"beta1",0.197516370925409,0.196744445866209,0.088898452662472,0.0406306626428463,0.131223519934998,0.196744445866209,0.258476053656493,0.370657659176874
1000,134,"alpha0",0.11582015295792,0.11373035665517,0.0251622622158365,0.0814525515446115,0.100780253168679,0.11373035665517,0.127600832797755,0.155347307293566
1000,134,"alpha1",0.324008818001992,0.319793247278512,0.0559651176913489,0.225716021016306,0.285222121641343,0.319793247278512,0.357824584431733,0.451587676946064
1000,134,"beta1",0.232354195697793,0.232626651327175,0.0844731414907546,0.0722699700843668,0.175778395689782,0.232626651327175,0.29131264895785,0.394189152319785
1000,135,"alpha0",0.117080669295799,0.11368884824122,0.0285190014984441,0.0769523967532575,0.0994851059867276,0.11368884824122,0.130880105832963,0.164488350585749
1000,135,"alpha1",0.217514706156509,0.212457187294573,0.055538597965831,0.127037957037015,0.17989513375455,0.212457187294573,0.248701707304615,0.33609950109468
1000,135,"beta1",0.260775826915169,0.259043178593666,0.101233502143739,0.0721240482058048,0.183716537048449,0.259043178593666,0.338404181579064,0.456497663030994
1000,136,"alpha0",0.0703537151752711,0.0664500339123511,0.0268508144575352,0.0415830471644269,0.0570907758857177,0.0664500339123511,0.0784265291106667,0.123642396677617
1000,136,"alpha1",0.311072229222337,0.308051832468571,0.0534450076388483,0.215632465768819,0.274012040032301,0.308051832468571,0.345467087770559,0.425991123334275
1000,136,"beta1",0.443481618473313,0.451471790664243,0.0998880219900664,0.173767401431136,0.390686739185223,0.451471790664243,0.507847893009888,0.608452902147336
1000,137,"alpha0",0.13352488250372,0.132295907672708,0.0251546950921556,0.0953170589141056,0.1205069332878,0.132295907672708,0.145282219466165,0.16768055600169
1000,137,"alpha1",0.315785792875273,0.30942944177572,0.0628158784315784,0.212182600477762,0.271952192555452,0.30942944177572,0.352623616524588,0.457261187287881
1000,137,"beta1",0.131606233154291,0.120401317608348,0.0819668695251162,0.0102029381484576,0.0677835374224209,0.120401317608348,0.183515674986443,0.316941538337347
1000,138,"alpha0",0.109102493427922,0.107481048353482,0.0221997601289024,0.0786916967315572,0.0975333401898847,0.107481048353482,0.118008840762404,0.143322302741057
1000,138,"alpha1",0.273499500397767,0.269993950327075,0.0534299280740246,0.177516337470759,0.235494680931443,0.269993950327075,0.309216681228615,0.386451818704363
1000,138,"beta1",0.26438882641459,0.260187782441641,0.074682920608188,0.125574701755885,0.21434265731609,0.260187782441641,0.313947041053825,0.417052398478593
1000,139,"alpha0",0.0699049638940136,0.0666856348436129,0.0305599002723818,0.0342616289787951,0.0538301293294123,0.0666856348436129,0.0805232217842188,0.11244337618621
1000,139,"alpha1",0.187591472211188,0.185056030627112,0.0466605316132863,0.104338180043434,0.155005500707134,0.185056030627112,0.216689542996504,0.284762670286384
1000,139,"beta1",0.513180475526963,0.521445992697701,0.111913259163479,0.281998693755903,0.449321548621722,0.521445992697701,0.588692250279475,0.703689654616508
1000,140,"alpha0",0.124919479422365,0.125123372300609,0.0209762518450731,0.0912872940823893,0.113771888772612,0.125123372300609,0.135555521601244,0.151335839499921
1000,140,"alpha1",0.441713380137459,0.440977935223804,0.057000475809647,0.331746981629444,0.402535200870954,0.440977935223804,0.480899119305466,0.555596710409155
1000,140,"beta1",0.112165254788903,0.102436481851156,0.0658554985432844,0.0161460303667643,0.0607327555243109,0.102436481851156,0.150303206930849,0.269172032938082
1000,141,"alpha0",0.0973361438594713,0.0965892441182602,0.0267619433835709,0.0577721441496539,0.0821050655707231,0.0965892441182602,0.109922543859878,0.138890502183687
1000,141,"alpha1",0.259041671971217,0.255912756971732,0.0528021673549957,0.163998684265329,0.221648402603039,0.255912756971732,0.293643020313262,0.370440853929174
1000,141,"beta1",0.343735085510295,0.339186462442577,0.102523657232522,0.141452972285741,0.275513222941968,0.339186462442577,0.409969077466392,0.549935818764179
1000,142,"alpha0",0.101869525401437,0.101103507176594,0.0220028536419731,0.070739379239821,0.090242989315075,0.101103507176594,0.111487762202889,0.132503842633817
1000,142,"alpha1",0.400106708032894,0.396433908141801,0.056469649332202,0.298955567976809,0.359573826311041,0.396433908141801,0.438231131392763,0.516535796163638
1000,142,"beta1",0.246203543844629,0.242560074384279,0.0704900393643759,0.116618328057887,0.196124861112515,0.242560074384279,0.292159039932873,0.388604233099419
1000,143,"alpha0",0.104870456250024,0.100887008540182,0.0338622743064935,0.0601107422412574,0.0827864278231944,0.100887008540182,0.122643654297636,0.164437410101962
1000,143,"alpha1",0.246697559589703,0.243277907549172,0.0452967237682216,0.164749504543313,0.215569399817779,0.243277907549172,0.274605039735572,0.343326987901597
1000,143,"beta1",0.367888087958971,0.375534004613482,0.121989984619625,0.112444258276275,0.282181494953032,0.375534004613482,0.461723622074538,0.576032849542113
1000,144,"alpha0",0.099091959295249,0.0966450021601379,0.0225768289314893,0.0703204107752207,0.0863697352356376,0.0966450021601379,0.108822092852296,0.134630705208363
1000,144,"alpha1",0.370292095618638,0.366747630857049,0.0575249719793755,0.267948789293368,0.330119343230339,0.366747630857049,0.405527218173887,0.488847915925009
1000,144,"beta1",0.292838022834489,0.297307721400541,0.0777447555265183,0.137985932937375,0.241981412404815,0.297307721400541,0.34609027326052,0.439853239998721
1000,145,"alpha0",0.102776476691736,0.100349710023132,0.0271197209439447,0.0604395583666462,0.0867703433996452,0.100349710023132,0.114919913769199,0.160207072074022
1000,145,"alpha1",0.290155341375271,0.289354051061545,0.052004698550052,0.190457344262682,0.254923200460088,0.289354051061545,0.325360471209328,0.391702984441426
1000,145,"beta1",0.291287577210067,0.294325311567603,0.101622430644629,0.0366664344646269,0.227397159838923,0.294325311567603,0.35693691200671,0.491270554731885
1000,146,"alpha0",0.113909289198026,0.111205539645402,0.0260283646985742,0.0746464885345321,0.0974840988311069,0.111205539645402,0.127418212754303,0.162949852996298
1000,146,"alpha1",0.233978842112257,0.23008923902193,0.0501475021258252,0.146697042107618,0.197680256891195,0.23008923902193,0.266291491712931,0.340170900523159
1000,146,"beta1",0.333249493033408,0.334664678251062,0.0974863260710836,0.137539091050358,0.264923170930708,0.334664678251062,0.401589986377169,0.522393474519324
1000,147,"alpha0",0.0894646448901213,0.0869919910331724,0.0280036459753248,0.0485365434462987,0.0729492286024307,0.0869919910331724,0.102805738148957,0.140963063242023
1000,147,"alpha1",0.245461488121687,0.242965739360924,0.0468105798413144,0.159086867946833,0.213645386272108,0.242965739360924,0.274596847599124,0.341694455506726
1000,147,"beta1",0.404425386475628,0.407951145802487,0.102661205495293,0.183056345833298,0.335214405777148,0.407951145802487,0.475233177736003,0.600879543788471
1000,148,"alpha0",0.123973754901848,0.122704864747852,0.0256958460144149,0.08635371494486,0.110477205088509,0.122704864747852,0.134855111388814,0.162387623338645
1000,148,"alpha1",0.340013865482478,0.336544567662095,0.0539613774350002,0.243914704433693,0.301657473897235,0.336544567662095,0.375030757036203,0.453375443675289
1000,148,"beta1",0.192872369819147,0.189672340172177,0.0825274980046372,0.0354484095717516,0.137040967952484,0.189672340172177,0.241681317777031,0.365224438777461
1000,149,"alpha0",0.0852382493151318,0.0795732057991495,0.0337566222973221,0.044616854605547,0.0625615180553544,0.0795732057991495,0.102167728470534,0.151950951562563
1000,149,"alpha1",0.213540868474433,0.210577847383855,0.0436639381891842,0.137080417033325,0.181963184191312,0.210577847383855,0.241513364391596,0.307145334306189
1000,149,"beta1",0.396616570344723,0.410952620112075,0.139519643618224,0.0781603233990039,0.304005872381161,0.410952620112075,0.503127222480156,0.619268906859454
1000,150,"alpha0",0.112167206643303,0.111210992599632,0.0213046507022104,0.0798903532750851,0.100330128561085,0.111210992599632,0.122646074008057,0.143662947139163
1000,150,"alpha1",0.365475329806148,0.36415280898197,0.0545262747429775,0.266911078550612,0.326393005764898,0.36415280898197,0.401552146164264,0.478027915998031
1000,150,"beta1",0.21545271682689,0.209757498510035,0.0707529824824251,0.0889525598782163,0.1632710488408,0.209757498510035,0.266151710309775,0.359713881792663
1000,151,"alpha0",0.173781873811081,0.174657605882042,0.0247581976151201,0.13106471814529,0.158227800331345,0.174657605882042,0.188794131930278,0.208840599519942
1000,151,"alpha1",0.348817661632956,0.346820793970344,0.0520598146603994,0.254410202424893,0.312394198560283,0.346820793970344,0.380479452908857,0.460046487806413
1000,151,"beta1",0.10021562423901,0.0895204124730365,0.0686889108685094,0.00514291339552145,0.0436279740524402,0.0895204124730365,0.144537427658253,0.255856247823655
1000,152,"alpha0",0.0888195453925246,0.0876444439655364,0.0221460252762696,0.0556669439210985,0.0770900009197695,0.0876444439655364,0.098643226296146,0.121491889520176
1000,152,"alpha1",0.289187061164087,0.287724986306535,0.0520042820198781,0.190473750819183,0.254900781521371,0.287724986306535,0.323003519593606,0.394314958452451
1000,152,"beta1",0.31440134662205,0.310952479526184,0.0927513022456567,0.149414605291525,0.248988712425142,0.310952479526184,0.374310406009322,0.513223950838238
1000,153,"alpha0",0.144104996248075,0.142677598945748,0.0356306718879993,0.089766623548361,0.121266405891762,0.142677598945748,0.162977467261681,0.201604471414391
1000,153,"alpha1",0.334649958324742,0.330974516142785,0.0572049865090713,0.233396131710874,0.29411674598911,0.330974516142785,0.371672791937394,0.456369531843693
1000,153,"beta1",0.188044641800808,0.182388579363427,0.11064642277313,0.00683242128418701,0.104291551542372,0.182388579363427,0.265833968115879,0.410919638010041
1000,154,"alpha0",0.0948821071846663,0.0915768482682596,0.0248021662940013,0.0576789436585647,0.0793450489394525,0.0915768482682596,0.108984609146961,0.13546686227485
1000,154,"alpha1",0.308046897721801,0.305525522094204,0.05296882553171,0.210779450742853,0.271373313235808,0.305525522094204,0.342306355869197,0.417446174097884
1000,154,"beta1",0.33921950598625,0.348339673074797,0.100992656842621,0.146448891333309,0.26098903693743,0.348339673074797,0.408528339848306,0.536477984455576
1000,155,"alpha0",0.0938962563429832,0.0909411282662256,0.0258126648519289,0.0578409022449289,0.0780342954008544,0.0909411282662256,0.105079230821023,0.145908763045535
1000,155,"alpha1",0.251689964581176,0.246251598836605,0.0517345964855658,0.164470571947424,0.214429520132369,0.246251598836605,0.283982182722242,0.366086374432776
1000,155,"beta1",0.365489744318537,0.373531558127685,0.106202121386822,0.127900935087648,0.296380390461242,0.373531558127685,0.442630672498934,0.551461437821513
1000,156,"alpha0",0.135170317412829,0.132058734184874,0.0328439953802733,0.0794439763261257,0.115063130988961,0.132058734184874,0.151984348789867,0.200060461224579
1000,156,"alpha1",0.2315421003572,0.227911687658112,0.0517776459310557,0.137470982514235,0.196565134436537,0.227911687658112,0.262532787000352,0.347571713230045
1000,156,"beta1",0.295835005475436,0.294823899836583,0.111242799305232,0.0795416393651081,0.223138292189272,0.294823899836583,0.364436402672512,0.537160704178758
1000,157,"alpha0",0.0719583314650854,0.068188170007991,0.0263710315424235,0.0389871253537454,0.0575228683415645,0.068188170007991,0.082565079231959,0.114109252394092
1000,157,"alpha1",0.188581239678871,0.186114601209949,0.0424865479896537,0.11489521838604,0.159048893305607,0.186114601209949,0.214924482826308,0.279290424275621
1000,157,"beta1",0.540636768868233,0.548882409002783,0.0964927005013983,0.345681687683461,0.479172390552995,0.548882409002783,0.608093681774818,0.713782336946141
1000,158,"alpha0",0.116151483004884,0.115253997939064,0.0229157312122524,0.0797986645000574,0.10227157163934,0.115253997939064,0.127781567481265,0.153493979306123
1000,158,"alpha1",0.302750122487725,0.301295140988436,0.0478132449065716,0.212375624805453,0.270266379987085,0.301295140988436,0.334187633010306,0.401798467152926
1000,158,"beta1",0.269019707372418,0.267296446636023,0.0796699978660241,0.125111562791562,0.212419056006464,0.267296446636023,0.3249842359576,0.423352196996188
1000,159,"alpha0",0.0539373776598664,0.0518411146375795,0.0261962054813671,0.025362012983944,0.0400578621609118,0.0518411146375795,0.0626611929131204,0.109806253878585
1000,159,"alpha1",0.202399339938742,0.200797462007204,0.0399910159751601,0.129494947087731,0.174530335968888,0.200797462007204,0.227718463977498,0.284104362714529
1000,159,"beta1",0.578063878448643,0.581600383250657,0.0973917024995936,0.335409762555646,0.52576561828292,0.581600383250657,0.642015177896355,0.731495236882522
1000,160,"alpha0",0.106472957740819,0.102865058050973,0.0288923126740769,0.0608365799240579,0.0886603929195211,0.102865058050973,0.121682686946017,0.161724285536187
1000,160,"alpha1",0.235917135258424,0.232626648466492,0.0531290647919592,0.14328357439578,0.196943465576939,0.232626648466492,0.271278234231131,0.346669214771283
1000,160,"beta1",0.335069418527832,0.342687406775698,0.118160306675683,0.097062934395886,0.255053405139273,0.342687406775698,0.415247653202174,0.562108003851786
1000,161,"alpha0",0.107690905202485,0.104747536300153,0.0306688635443451,0.0690435761330099,0.0909314099048009,0.104747536300153,0.118790190119241,0.155887649063164
1000,161,"alpha1",0.260777477183829,0.258307591961626,0.0536264108581303,0.165851050989185,0.222174707936645,0.258307591961626,0.296163247556886,0.376101977092638
1000,161,"beta1",0.2629750011504,0.265550047747041,0.106019616597492,0.0411090736146926,0.194936139274872,0.265550047747041,0.337326926096527,0.470407019334401
1000,162,"alpha0",0.101110448451033,0.0994706636222517,0.0271456690367989,0.0596055532793118,0.0836192114559317,0.0994706636222517,0.116542339656536,0.148106941136842
1000,162,"alpha1",0.274223731727475,0.272237575662092,0.0540655375267603,0.175862914550189,0.237865197552674,0.272237575662092,0.306369429239021,0.393279800527564
1000,162,"beta1",0.291045924806277,0.293827501804085,0.122690976627578,0.0574514753310519,0.197833644369578,0.293827501804085,0.378572044474287,0.524519476984957
1000,163,"alpha0",0.0916594215516652,0.0898618743677935,0.0265295684997379,0.055146084404407,0.0775773240422977,0.0898618743677935,0.102535281462978,0.133729343106118
1000,163,"alpha1",0.287690813143297,0.286207782036099,0.0480430568978545,0.199687911449408,0.25521361375687,0.286207782036099,0.31775619268951,0.387913792103387
1000,163,"beta1",0.400644321744225,0.398602210186774,0.0853757787642598,0.235852643213827,0.34234451552565,0.398602210186774,0.459801917316437,0.570494336395471
1000,164,"alpha0",0.0988082249673997,0.0979156216701243,0.0249671411007497,0.0606569177326193,0.085332030261135,0.0979156216701243,0.110108417516829,0.139141740999374
1000,164,"alpha1",0.35657422851442,0.358360455558261,0.0611349749391333,0.237242984487433,0.315132331940854,0.358360455558261,0.396913185104109,0.476753430888923
1000,164,"beta1",0.281921458168498,0.27437153399609,0.0987870013784659,0.0984208671192087,0.214677080090009,0.27437153399609,0.335524659480754,0.504564910439007
1000,165,"alpha0",0.105549473203472,0.102796818793456,0.0273984282953161,0.0666423831877283,0.0899944126818567,0.102796818793456,0.117399820291991,0.152975720175059
1000,165,"alpha1",0.221935980919757,0.218435570122098,0.0454863813466504,0.138393163712739,0.192661071662443,0.218435570122098,0.247796772024606,0.325526458025992
1000,165,"beta1",0.328655740314902,0.334755202343006,0.101907488447365,0.124196303220564,0.257785600777909,0.334755202343006,0.39832908538056,0.52133644265873
1000,166,"alpha0",0.0819200183916003,0.0802442141713439,0.0234840990322215,0.0554776399105704,0.0717466903581572,0.0802442141713439,0.0895279832001591,0.109672331883796
1000,166,"alpha1",0.319004331067387,0.317037728446968,0.0508783685424028,0.226679107568273,0.281421316792846,0.317037728446968,0.354543172940814,0.419430999488007
1000,166,"beta1",0.383347659928653,0.38181265912945,0.0740777097752301,0.240845080474288,0.334917722730879,0.38181265912945,0.430508164522515,0.529845978172086
1000,167,"alpha0",0.127492790046672,0.126990910045556,0.0269168918683286,0.085171865496801,0.111303239305012,0.126990910045556,0.142071964233265,0.16858428798296
1000,167,"alpha1",0.26468810871222,0.260827943872563,0.0503657342213081,0.17324735766361,0.230843368121058,0.260827943872563,0.296573065439829,0.37396592734832
1000,167,"beta1",0.217712791830847,0.210080119131248,0.0992192636022838,0.0513919758571481,0.144212249826292,0.210080119131248,0.284162201762961,0.425249077873856
1000,168,"alpha0",0.0726022185447025,0.0707289154093189,0.027653723776682,0.0442018512822538,0.0609903650043688,0.0707289154093189,0.0796921733352223,0.102523083636084
1000,168,"alpha1",0.266334268367355,0.263922418203311,0.0438371306484734,0.187876187987882,0.236065402098012,0.263922418203311,0.293586563720162,0.361565941007149
1000,168,"beta1",0.441288661281725,0.43855172673182,0.0819576066198678,0.278714317002445,0.394583621277956,0.43855172673182,0.494999319099063,0.591146686815293
1000,169,"alpha0",0.136104028432856,0.13511533874251,0.0220687056663728,0.102400003603114,0.123605076984269,0.13511533874251,0.146666044448772,0.171184096009266
1000,169,"alpha1",0.311043663303903,0.306121043938422,0.0609687237444862,0.209155610727783,0.267163876102361,0.306121043938422,0.349116402858834,0.44677044972861
1000,169,"beta1",0.150610828341235,0.14560285298557,0.069413159537294,0.0292607917171718,0.100960200982373,0.14560285298557,0.195224104085559,0.300397466929312
1000,170,"alpha0",0.106813727361182,0.104898683200156,0.0270676047732247,0.0715507294160524,0.0924307044841081,0.104898683200156,0.117820490377249,0.144067466965082
1000,170,"alpha1",0.368311139559741,0.363912956149049,0.0533312735521569,0.276085059590382,0.332325275599242,0.363912956149049,0.399706768811083,0.48849647829502
1000,170,"beta1",0.297773551017499,0.298504017390074,0.0776476618538239,0.147636613080649,0.245722472159389,0.298504017390074,0.346869092603193,0.452775490669505
1000,171,"alpha0",0.129927099837688,0.129217831763515,0.027243125320249,0.0875058943023257,0.114377015545574,0.129217831763515,0.14352944258546,0.170046285853752
1000,171,"alpha1",0.37358756765555,0.373649753633717,0.0559281198955064,0.262529205452224,0.334970595394484,0.373649753633717,0.412664470703562,0.481815950617016
1000,171,"beta1",0.170046777606363,0.162366079977593,0.0895471606032212,0.0197537183376688,0.102878382152967,0.162366079977593,0.230501885173693,0.361633605617408
1000,172,"alpha0",0.105760347789376,0.105244321295154,0.0290716359251408,0.0573474869167736,0.0898143706057935,0.105244321295154,0.119175995606284,0.151900046475881
1000,172,"alpha1",0.24503386145482,0.241580971610249,0.0512389303064278,0.150742725902712,0.209633942040962,0.241580971610249,0.278894674626398,0.35035089231041
1000,172,"beta1",0.336403305759137,0.324470756510508,0.110081232164946,0.135187088895632,0.263907792783476,0.324470756510508,0.402664363299073,0.583177983275706
1000,173,"alpha0",0.13006491404321,0.130758325958035,0.0337233737476197,0.0728657573556903,0.107443869990354,0.130758325958035,0.148989897434724,0.187251414118434
1000,173,"alpha1",0.267624065994621,0.263538068319747,0.0525192935105725,0.174632371083783,0.228918289962172,0.263538068319747,0.302959737554485,0.377800890435041
1000,173,"beta1",0.262088689041396,0.247500264156731,0.120881247208252,0.0631617210492338,0.16947279928892,0.247500264156731,0.349301465400874,0.51738601028005
1000,174,"alpha0",0.11678071653321,0.113791623375827,0.0333070919438848,0.0670952176125688,0.0983262797595704,0.113791623375827,0.130980610492286,0.165951654100067
1000,174,"alpha1",0.174832005227327,0.171881550958797,0.0465730907307852,0.0946138221555193,0.141440608322749,0.171881550958797,0.204422560800381,0.276434732680354
1000,174,"beta1",0.270830179336805,0.274751273731185,0.126211620054012,0.0453358992585561,0.182395789841962,0.274751273731185,0.35434380142523,0.525731489583012
1000,175,"alpha0",0.118999210100663,0.117751863788121,0.0223237766410901,0.0860732710533095,0.105712459475669,0.117751863788121,0.130679818628615,0.153070849176506
1000,175,"alpha1",0.323977727026395,0.320120927094771,0.0542023312983234,0.228265719247735,0.286578837693812,0.320120927094771,0.359062644599986,0.436814158216023
1000,175,"beta1",0.183373410428806,0.178542664170295,0.0802288868222736,0.0412729514860057,0.128267117306577,0.178542664170295,0.235358129160664,0.354049372004465
1000,176,"alpha0",0.103221805630411,0.103602266309362,0.0271628826477609,0.0594581550581906,0.0886452813926579,0.103602266309362,0.116203632958099,0.142233090635529
1000,176,"alpha1",0.261216075332343,0.258359382066761,0.0538372714511267,0.163204434579946,0.224596838863258,0.258359382066761,0.295866472389617,0.375827172478047
1000,176,"beta1",0.284126104070612,0.27157629631581,0.11261722862503,0.102023995257498,0.204042395342751,0.27157629631581,0.351682241594579,0.535222010264033
1000,177,"alpha0",0.106863191040616,0.103786162791281,0.0311176430804824,0.0609718938616229,0.0894342949314051,0.103786162791281,0.119729406386503,0.16243450747519
1000,177,"alpha1",0.283925248587219,0.280850852827447,0.0522350269086634,0.185458770093541,0.248590341660633,0.280850852827447,0.316998439487632,0.392166613653255
1000,177,"beta1",0.287827317923006,0.289114154112092,0.110080813553665,0.0698765108488398,0.217961838291274,0.289114154112092,0.351594885752244,0.519155146527887
1000,178,"alpha0",0.0663480378260403,0.0601671672936061,0.0343096212290271,0.030884110708033,0.0457970477149081,0.0601671672936061,0.076988232775159,0.152242275578712
1000,178,"alpha1",0.118897471251527,0.114961340352749,0.0394451435028425,0.0542299612168426,0.0919059511998366,0.114961340352749,0.141394625569199,0.203640586776262
1000,178,"beta1",0.574008202804676,0.59255139435092,0.140277445362002,0.161924791840315,0.502231132451207,0.59255139435092,0.67312479933563,0.779087513481362
1000,179,"alpha0",0.0896057085629567,0.0886315703202165,0.0244632518252113,0.057737080365042,0.0782780181174393,0.0886315703202165,0.098128000820665,0.121856755437029
1000,179,"alpha1",0.348149754833576,0.346611806360426,0.0575102434282531,0.243680393878375,0.306906776647617,0.346611806360426,0.386932304713163,0.463645446590405
1000,179,"beta1",0.292210250645709,0.285080680127064,0.0812814472559494,0.144088390315878,0.236491957541728,0.285080680127064,0.345023334571262,0.467697564557301
1000,180,"alpha0",0.139959363296879,0.138230298685821,0.0289335428106097,0.0901487705757692,0.122202000520974,0.138230298685821,0.156083224438979,0.191411274176664
1000,180,"alpha1",0.288442485353761,0.284695998677117,0.0513816928069658,0.197326689700463,0.251849376956743,0.284695998677117,0.321383038648761,0.395976133730787
1000,180,"beta1",0.238464189862873,0.238239248291289,0.100492120104894,0.0494131647213786,0.166909231395029,0.238239248291289,0.303054018010065,0.462812058485456
1000,181,"alpha0",0.0997913175199813,0.0970152542309234,0.024361577742888,0.0624590286995425,0.0853945348716234,0.0970152542309234,0.110345320649978,0.151850493840348
1000,181,"alpha1",0.276298802265576,0.276306956525244,0.046600280526387,0.188356479560172,0.243637151096378,0.276306956525244,0.307396554645018,0.368457613948454
1000,181,"beta1",0.314799478188812,0.321616791241277,0.0999545761815713,0.0844087820595839,0.256704994475149,0.321616791241277,0.380913944520918,0.497356019390112
1000,182,"alpha0",0.0605698830149836,0.0582782413197407,0.0237487648115578,0.0343934947614557,0.0488295971792982,0.0582782413197407,0.0682369744694329,0.0943937774340128
1000,182,"alpha1",0.216633891214307,0.212771699783797,0.0438970501109352,0.141431190213993,0.186335476480199,0.212771699783797,0.242658677229285,0.314862471274053
1000,182,"beta1",0.54968891100796,0.556598746978565,0.0856407771664798,0.376448925217718,0.502994216525282,0.556598746978565,0.605234877908085,0.692984123029675
1000,183,"alpha0",0.0708604635445915,0.0644140021704035,0.030154787513185,0.0360728608835187,0.0510307953160999,0.0644140021704035,0.084817374834976,0.131002477006692
1000,183,"alpha1",0.216430530550569,0.212987411615673,0.0447992594710596,0.142011820849737,0.185419372620583,0.212987411615673,0.243387542772809,0.314966480568149
1000,183,"beta1",0.485733393887861,0.511355362574401,0.130717672626117,0.18473025562729,0.401751112060177,0.511355362574401,0.58742916994076,0.674204892634642
1000,184,"alpha0",0.0931808608033846,0.0909792241746208,0.0263370184163391,0.057075500233236,0.0762758335281412,0.0909792241746208,0.10571592368968,0.13783967671568
1000,184,"alpha1",0.269230690329953,0.266173971877216,0.0501330234772425,0.181529239749684,0.233945257347169,0.266173971877216,0.301221885610004,0.378815573862684
1000,184,"beta1",0.346744166072755,0.348057076472537,0.104843248599984,0.138362168681439,0.270198774779723,0.348057076472537,0.423904588155203,0.538441709250257
1000,185,"alpha0",0.109493723911568,0.10868742562645,0.0264176423552292,0.0743037947642192,0.0964474768642968,0.10868742562645,0.119274539104665,0.144299304611816
1000,185,"alpha1",0.401496621798442,0.400822837253022,0.06081066455926,0.286621166777427,0.35846271603319,0.400822837253022,0.440156125841067,0.529664979755494
1000,185,"beta1",0.232685188210691,0.226785793250939,0.0719797384354864,0.109277759968999,0.183006186624208,0.226785793250939,0.27669499277848,0.390512422247233
1000,186,"alpha0",0.0988837773089274,0.0972787680810985,0.0274990688124701,0.0618784221270777,0.0851412348429155,0.0972787680810985,0.109845735434277,0.134456523558457
1000,186,"alpha1",0.284768335081833,0.281393524800039,0.0583500025665375,0.180660467498172,0.243719507408998,0.281393524800039,0.32272828537707,0.406851009701934
1000,186,"beta1",0.262212253959963,0.256219358744275,0.0992450469713246,0.0821815213268993,0.193661043704727,0.256219358744275,0.32273216358631,0.478593070907393
1000,187,"alpha0",0.129187260551724,0.128768571466426,0.0264845461794904,0.0843719328412419,0.114212716636551,0.128768571466426,0.144282501829628,0.168579046668095
1000,187,"alpha1",0.316286576421519,0.312964341972772,0.0582592772244933,0.210356419133484,0.274782299785628,0.312964341972772,0.353838837236842,0.438032749599271
1000,187,"beta1",0.1955866914634,0.18336922276747,0.0914099300226514,0.0544179516216192,0.124268693888321,0.18336922276747,0.259963569729533,0.388778015947101
1000,188,"alpha0",0.106927636675392,0.105388185822915,0.0289274077011979,0.0630487380575011,0.0881328998688219,0.105388185822915,0.122172268230017,0.159488130871223
1000,188,"alpha1",0.275362114265565,0.271258468166088,0.05275215300988,0.178566661954401,0.238168587147042,0.271258468166088,0.310183739008375,0.387340103806975
1000,188,"beta1",0.298469180603013,0.300683893475308,0.120082446600331,0.0653397944699758,0.214360159065285,0.300683893475308,0.380815344361848,0.525070710464915
1000,189,"alpha0",0.0850022126211248,0.0826620674614058,0.0293885292916392,0.0476156351117984,0.0698595249955727,0.0826620674614058,0.0960757298261892,0.126462473885542
1000,189,"alpha1",0.244866598376349,0.241687589794643,0.0457710195618645,0.167912371848919,0.212858459115835,0.241687589794643,0.272995408055846,0.342528772426213
1000,189,"beta1",0.400342842016767,0.404155511073768,0.0997561827849044,0.186109258744885,0.333948986235182,0.404155511073768,0.467888133968337,0.592122451125213
1000,190,"alpha0",0.106774782572877,0.105709718631276,0.0256120653124512,0.0743286832433051,0.0947961043902688,0.105709718631276,0.115983282628248,0.136905907526824
1000,190,"alpha1",0.347882210111878,0.344191374548458,0.0579263180492054,0.245532880677144,0.30717253608083,0.344191374548458,0.384133275401979,0.475209398294321
1000,190,"beta1",0.239690510400242,0.233780208319081,0.0748426109510987,0.10356910064287,0.186410904069449,0.233780208319081,0.284284371174294,0.404093841972533
1000,191,"alpha0",0.104360245824251,0.104299954983658,0.0270773209993325,0.0676134673028515,0.0876775174407103,0.104299954983658,0.117770700398991,0.140659159018779
1000,191,"alpha1",0.276229639135601,0.274833398611832,0.0530123261196276,0.178896583000082,0.240326990597568,0.274833398611832,0.310551846763217,0.384014400731611
1000,191,"beta1",0.257481703026954,0.250872846355352,0.104504837347694,0.0762792105278805,0.175487384856822,0.250872846355352,0.333602424467224,0.465804209106177
1000,192,"alpha0",0.0822565560187495,0.0805367346736742,0.0254113966312456,0.0470606247328839,0.0700948091174474,0.0805367346736742,0.0920720927746725,0.116359879927098
1000,192,"alpha1",0.318734247707153,0.318207036874493,0.0523057186537521,0.21887618622468,0.282808020114557,0.318207036874493,0.353476673181897,0.422394456085733
1000,192,"beta1",0.37192566798721,0.374172840125182,0.0822949922121929,0.213765143837988,0.317110880282609,0.374172840125182,0.423575195614656,0.539972453877291
1000,193,"alpha0",0.122127891044092,0.12138061607622,0.0261412684801031,0.0856713535152811,0.108802791316672,0.12138061607622,0.132714149833156,0.158047625187063
1000,193,"alpha1",0.259644417176581,0.255321923029601,0.0528930965230329,0.168248939151793,0.222608025589441,0.255321923029601,0.292897411995583,0.372755512596245
1000,193,"beta1",0.222137103840808,0.212969713448764,0.0842668244347845,0.0671463124915392,0.165759052440965,0.212969713448764,0.275398149981491,0.397651275102831
1000,194,"alpha0",0.0910756764374985,0.0895584592099588,0.0263430673222897,0.0533148874632399,0.0753309695651059,0.0895584592099588,0.103379077107123,0.140234650683939
1000,194,"alpha1",0.281974831349331,0.279011950357002,0.0510841006156423,0.189614912157269,0.246777532919439,0.279011950357002,0.314353236561431,0.391558888516006
1000,194,"beta1",0.377121599941754,0.374594397300489,0.103337514552006,0.160366553470268,0.309952766457952,0.374594397300489,0.446065342868199,0.578474119857406
1000,195,"alpha0",0.112568801640344,0.111011313198021,0.0289058664483276,0.0666736071997539,0.0950979366456089,0.111011313198021,0.127403930429856,0.160611413665142
1000,195,"alpha1",0.285636519439564,0.280996165521385,0.0571918462357722,0.184675079064699,0.247322362420369,0.280996165521385,0.320465163250977,0.415584965686503
1000,195,"beta1",0.293902485725767,0.288519034941822,0.113195101666999,0.094206952816196,0.212895775878295,0.288519034941822,0.372812535911329,0.519042419676475
1000,196,"alpha0",0.122183984282668,0.122751017663454,0.0255059699392586,0.0788885373069725,0.10899403662882,0.122751017663454,0.134046023414779,0.155639972516604
1000,196,"alpha1",0.316342689096307,0.313024958891208,0.0550415167338001,0.214768711994402,0.278196491539481,0.313024958891208,0.350530254786711,0.433471152060395
1000,196,"beta1",0.174142057325044,0.159776458511497,0.0927857714489752,0.0265199509902869,0.106946867869244,0.159776458511497,0.230527368190646,0.391988535866806
1000,197,"alpha0",0.0835450890605256,0.0815503681029589,0.0275600602005055,0.0495869057557725,0.0707500565962493,0.0815503681029589,0.0929559687561752,0.120578267665884
1000,197,"alpha1",0.342784024371462,0.341304637304889,0.0512746820986976,0.247292532351315,0.306355826111042,0.341304637304889,0.376371891229151,0.447139480992567
1000,197,"beta1",0.362537733668368,0.360947673777735,0.0869006850468135,0.189372575826904,0.306236137112597,0.360947673777735,0.419857461450939,0.527744056304228
1000,198,"alpha0",0.0796298337647515,0.0760454838590077,0.0310733707050033,0.042246216395211,0.0627871978769408,0.0760454838590077,0.0911430937876287,0.125149699974937
1000,198,"alpha1",0.248824545697635,0.247683407700701,0.0508790958726206,0.153867300883239,0.213258592619321,0.247683407700701,0.281429062405561,0.357848377425794
1000,198,"beta1",0.447036951874745,0.447604977658325,0.101426638576744,0.249372797545333,0.378120681280846,0.447604977658325,0.519169780152606,0.636370258215029
1000,199,"alpha0",0.0985711147905818,0.0989334237160618,0.0270389857079763,0.0538708099802759,0.0835927787345846,0.0989334237160618,0.111850195011042,0.139296271470938
1000,199,"alpha1",0.270740702918595,0.266550973706608,0.0570068494847642,0.165391154179286,0.234370791299922,0.266550973706608,0.303814771043746,0.391171984413672
1000,199,"beta1",0.27646172785082,0.2622766915314,0.116572899352572,0.0901955884476959,0.193277341054164,0.2622766915314,0.345780158163921,0.533067626292035
1000,200,"alpha0",0.130677011129462,0.129823817269232,0.0259041592445951,0.0890899976220592,0.116652563104914,0.129823817269232,0.143416951865365,0.167594386303333
1000,200,"alpha1",0.290571827995357,0.28575090384743,0.0552119931626152,0.198114361554888,0.251195938790167,0.28575090384743,0.324753381962305,0.411585234197724
1000,200,"beta1",0.165138829883753,0.15735716446602,0.084647142365271,0.0196389145669328,0.105218049279107,0.15735716446602,0.216920643384389,0.364882858163888
1000,201,"alpha0",0.0849818304902832,0.0824428652048841,0.0281446332508302,0.0502070272453078,0.0711146612689912,0.0824428652048841,0.0939349043379759,0.124231347606709
1000,201,"alpha1",0.271764445805931,0.269603472673777,0.0515606379430749,0.176800704082286,0.23611951866468,0.269603472673777,0.30501789942875,0.380487373416557
1000,201,"beta1",0.40761672712231,0.405258629561332,0.0923727034528362,0.227397718252117,0.35092881014273,0.405258629561332,0.465676842894369,0.594074334572493
1000,202,"alpha0",0.118411010109926,0.115743462947749,0.0270118960029316,0.0831620588304757,0.102437214722242,0.115743462947749,0.131543120800147,0.157087705940328
1000,202,"alpha1",0.327384094455795,0.325592282806308,0.0553146756421404,0.224463863876025,0.289580811392004,0.325592282806308,0.362501776066765,0.444743815041674
1000,202,"beta1",0.160308444357654,0.164504884153955,0.0911837860563284,0.00636977129645282,0.0897141891004955,0.164504884153955,0.225010071002234,0.33616545261365
1000,203,"alpha0",0.0979326884000778,0.0957570180627181,0.024425408048749,0.0665865835158644,0.0844565303527409,0.0957570180627181,0.108070587196811,0.134878741482507
1000,203,"alpha1",0.302637097245556,0.300753250748241,0.0491932129299831,0.214453333655873,0.267642386655166,0.300753250748241,0.334877869662776,0.403579613030568
1000,203,"beta1",0.284519849889297,0.284442453696729,0.087660482384097,0.110483726469263,0.224078102549153,0.284442453696729,0.345677481647009,0.451074873779745
1000,204,"alpha0",0.104741543392888,0.104510990167497,0.0248368016871486,0.0647499522136275,0.0901431982260501,0.104510990167497,0.117830721883303,0.14082653827815
1000,204,"alpha1",0.309744652222752,0.306350421492222,0.0551576234239078,0.210289190613978,0.271135813524344,0.306350421492222,0.346400525704331,0.423766332636026
1000,204,"beta1",0.315090748758948,0.309585775371638,0.0892187331634887,0.163103493357587,0.247297668352864,0.309585775371638,0.374901823250492,0.499496316187497
1000,205,"alpha0",0.0898099850835685,0.086061334469709,0.0261198188040726,0.0543310449420396,0.0734897680980204,0.086061334469709,0.101738678887354,0.144268948701461
1000,205,"alpha1",0.294089573615347,0.29370008557744,0.0567019333363293,0.184965166823729,0.255723995613458,0.29370008557744,0.331911347724595,0.410730026340647
1000,205,"beta1",0.376635212133765,0.384753891915899,0.10253275195689,0.158869255180502,0.312847813002126,0.384753891915899,0.44332237052117,0.566924045852008
1000,206,"alpha0",0.0771254516356513,0.0733193670040977,0.0304312980192222,0.0425954737062635,0.0631147261452964,0.0733193670040977,0.084960254537098,0.15952362160222
1000,206,"alpha1",0.280516991078905,0.278009152168646,0.0528747411587099,0.185830463496535,0.244097640621721,0.278009152168646,0.3123094149188,0.398063902572724
1000,206,"beta1",0.442473199294447,0.4478999045045,0.105066885138983,0.103014965323722,0.393770386730662,0.4478999045045,0.506227820855867,0.629572451998342
1000,207,"alpha0",0.112967025342183,0.111932700372192,0.0230473275707032,0.075076311991453,0.0992283970740496,0.111932700372192,0.125281579689921,0.148813338416669
1000,207,"alpha1",0.233148076921555,0.229596994208328,0.0518120821293589,0.142485241781965,0.197870174396972,0.229596994208328,0.265647592834262,0.348162925930854
1000,207,"beta1",0.270826950560419,0.268791869269776,0.0925068881543137,0.104134871027204,0.203976608771279,0.268791869269776,0.332773189455805,0.466027857785168
1000,208,"alpha0",0.10173402844476,0.0999791663417757,0.0261094033910562,0.0744778711031698,0.0901245049962836,0.0999791663417757,0.109488740646278,0.130363000302595
1000,208,"alpha1",0.367985630583575,0.36723903482111,0.0559700004349659,0.260389797118702,0.329198203756423,0.36723903482111,0.40738997815168,0.475029554619559
1000,208,"beta1",0.258416878236494,0.254277634750482,0.0681492161126908,0.131788391410131,0.212079843649861,0.254277634750482,0.30410545944427,0.392693616001348
1000,209,"alpha0",0.0799513828785598,0.0786330153796289,0.0217426572682457,0.0521912320278598,0.0686633755499152,0.0786330153796289,0.0892891221021457,0.109955826254914
1000,209,"alpha1",0.346332401686905,0.342777516230713,0.0577413725227296,0.244162700713741,0.305381731856193,0.342777516230713,0.384289893320229,0.466561449065386
1000,209,"beta1",0.359013006870896,0.36132386647994,0.0795943123977884,0.204087790211854,0.300365371053555,0.36132386647994,0.416392052143179,0.511901761777005
1000,210,"alpha0",0.124937901458688,0.122549731347849,0.026862293490957,0.0842060268780165,0.109146208205345,0.122549731347849,0.138554739440009,0.16878579245713
1000,210,"alpha1",0.318591515432048,0.317244091148425,0.0540972316709346,0.217153280085338,0.281970571484836,0.317244091148425,0.354814034250029,0.426552287281344
1000,210,"beta1",0.233805323341072,0.234889415689782,0.0874452111072594,0.0691544385407247,0.170540759279328,0.234889415689782,0.293106484586172,0.400360300822231
1000,211,"alpha0",0.0964852367751603,0.0947211673453182,0.0237070626472032,0.06826424291945,0.08448076216965,0.0947211673453182,0.106033064615743,0.128539590817081
1000,211,"alpha1",0.338088920532185,0.333159700501427,0.0564547533683709,0.239682930711114,0.298330506277927,0.333159700501427,0.372657831230898,0.463737226748497
1000,211,"beta1",0.336188631613833,0.33941009678214,0.0734459163734031,0.194249894367391,0.284187056039746,0.33941009678214,0.387519270689082,0.472388211439198
1000,212,"alpha0",0.105594502221851,0.105288405334354,0.0228223261721266,0.0728366632823752,0.0918279196474444,0.105288405334354,0.116753150987978,0.14311317792214
1000,212,"alpha1",0.356720760636318,0.357145153201905,0.0538922156095548,0.25670268674416,0.318516567418811,0.357145153201905,0.392521710846059,0.4634868031384
1000,212,"beta1",0.26895765939382,0.266316165089176,0.0831807082509821,0.111564377007969,0.213445785417615,0.266316165089176,0.324340682257035,0.43424148942274
1000,213,"alpha0",0.133374827955871,0.1333686472714,0.0222190643595005,0.105140085820627,0.124461983052277,0.1333686472714,0.140884627169895,0.154306067883395
1000,213,"alpha1",0.372506923152556,0.367829193689639,0.0565683025999667,0.274403732088543,0.333068606111023,0.367829193689639,0.40806173424821,0.496757719435273
1000,213,"beta1",0.0597489092885321,0.0412896771812583,0.0560642321555196,0.00252821735669421,0.0195730783639339,0.0412896771812583,0.086130940760986,0.201221802976606
1000,214,"alpha0",0.111756706498185,0.109343273234386,0.0301169118871417,0.0687009582444922,0.094043171655772,0.109343273234386,0.125549906821732,0.159792903223807
1000,214,"alpha1",0.292594503200244,0.288460397248846,0.0537716754324906,0.197349286547737,0.254060659559664,0.288460397248846,0.327895104726224,0.402983298044319
1000,214,"beta1",0.339174488503796,0.339242370699195,0.103240354972176,0.134106229822544,0.268386684810872,0.339242370699195,0.408628592862346,0.540421267603582
1000,215,"alpha0",0.11356323670564,0.113837465352089,0.0273901404946411,0.0691095978524172,0.098514734580599,0.113837465352089,0.12671592190169,0.152375108035362
1000,215,"alpha1",0.270938426102805,0.269403222092034,0.0475120573485106,0.181690099468746,0.2394115697189,0.269403222092034,0.30091536735016,0.370035936716791
1000,215,"beta1",0.234741933490211,0.219760789203998,0.105155166902273,0.0688073169032273,0.15748503458064,0.219760789203998,0.301577402025129,0.481085759571053
1000,216,"alpha0",0.128209674017053,0.129129520333249,0.0250854115923682,0.0833782237804063,0.115588673872528,0.129129520333249,0.140161256124138,0.159358205071836
1000,216,"alpha1",0.390720611830855,0.388345570254381,0.0571993568697378,0.282142125643545,0.352263251872304,0.388345570254381,0.427734988593627,0.50650084290454
1000,216,"beta1",0.130624442653582,0.117979071254961,0.0845324438522797,0.0114580530186021,0.0659462895746536,0.117979071254961,0.179445295801661,0.345491317553414
1000,217,"alpha0",0.0972760844070891,0.0966070218871501,0.0263482769015758,0.0568807971841778,0.0842056999452364,0.0966070218871501,0.1085084494062,0.134229944355687
1000,217,"alpha1",0.34235383903754,0.340937757160205,0.0605348155967758,0.227559445069975,0.300706409201296,0.340937757160205,0.383425803925133,0.463209175311134
1000,217,"beta1",0.285647965795545,0.279020859807508,0.0943814037922114,0.116647037043487,0.221040404018263,0.279020859807508,0.340956745187651,0.490641930639333
1000,218,"alpha0",0.0779970850053459,0.0761039222859076,0.0264896283692239,0.0413451240583953,0.0608999134802798,0.0761039222859076,0.0915456750660401,0.121090676231746
1000,218,"alpha1",0.286641717479511,0.283586220138896,0.0523532780967709,0.19124988996303,0.251218776214053,0.283586220138896,0.319832630907562,0.396730111359668
1000,218,"beta1",0.41086399379266,0.409745593749248,0.105045123126057,0.210932306297713,0.329738806391834,0.409745593749248,0.491232261445525,0.604311989956383
1000,219,"alpha0",0.0976673833655286,0.0965392519433437,0.0207295289914127,0.0716697104558399,0.0873931839036956,0.0965392519433437,0.105725477678716,0.124008429578738
1000,219,"alpha1",0.379049131051277,0.376141186907698,0.054793878047788,0.278779219648895,0.340205714515541,0.376141186907698,0.415974332943149,0.495472527665157
1000,219,"beta1",0.273483233648919,0.269737694516132,0.0656048495085646,0.148108735650669,0.228032428008454,0.269737694516132,0.319326624743593,0.402866804385385
1000,220,"alpha0",0.126567346869863,0.125011178731835,0.0230557793385639,0.0966278690531043,0.114120391706001,0.125011178731835,0.136337811046724,0.159769343586127
1000,220,"alpha1",0.34341854719963,0.340168028123439,0.056093124883109,0.246604398147171,0.30372305776432,0.340168028123439,0.376948100170691,0.4638155411901
1000,220,"beta1",0.158342113065597,0.154567236047344,0.0698492306866868,0.0368871034753253,0.108725621473978,0.154567236047344,0.205039540093591,0.302838400098231
1000,221,"alpha0",0.117992887320543,0.117372436956103,0.0223277098086398,0.0829134448965997,0.106199905085451,0.117372436956103,0.128309861918983,0.151498392531691
1000,221,"alpha1",0.364292637446261,0.364278018383274,0.0560896083060289,0.255512619508576,0.327365883873763,0.364278018383274,0.401504263155387,0.475613953902569
1000,221,"beta1",0.206098744100052,0.200621830450769,0.0777711987594474,0.0731709876340233,0.153312989447519,0.200621830450769,0.251661117160462,0.376979400750659
1000,222,"alpha0",0.118765263334194,0.117678455404534,0.0257930957334049,0.0781567159487553,0.104156173845266,0.117678455404534,0.130294740941953,0.159674885820677
1000,222,"alpha1",0.27775170524478,0.273741448278298,0.0504123073610676,0.18794906552247,0.24245440025119,0.273741448278298,0.308895812348394,0.390726678834638
1000,222,"beta1",0.231313418175603,0.229243313664031,0.0893799504383635,0.0514410486420241,0.172422863076331,0.229243313664031,0.292298272176229,0.402264510496901
1000,223,"alpha0",0.105543375022079,0.103768398564753,0.0257488207232218,0.0628596468115866,0.0910840422482425,0.103768398564753,0.117817426876023,0.150422674782772
1000,223,"alpha1",0.233319362535987,0.229190381823525,0.0510751566028916,0.141233484123461,0.196949040122944,0.229190381823525,0.266555792225906,0.34096985648522
1000,223,"beta1",0.302974915627694,0.304212612123258,0.102975547105828,0.0997980530444798,0.234318185391585,0.304212612123258,0.365740816590627,0.522442375646625
1000,224,"alpha0",0.0857290277575502,0.0844443975629043,0.0201877258655835,0.0574684773182436,0.0751029478972271,0.0844443975629043,0.0942240268000079,0.117352945733226
1000,224,"alpha1",0.348697052411684,0.342897040210366,0.0578941619572078,0.248144022632348,0.309127871691387,0.342897040210366,0.382515528502744,0.475273050415158
1000,224,"beta1",0.291717688456353,0.290293529600306,0.0792154813387424,0.13529924268963,0.237625723790441,0.290293529600306,0.345654648459467,0.450185448719482
1000,225,"alpha0",0.0668060657528567,0.0629912439526651,0.0312386525731153,0.0408594330151603,0.0552447407242597,0.0629912439526651,0.0716196101077402,0.103325789358757
1000,225,"alpha1",0.284374458307597,0.28200795861766,0.0438629545972217,0.208252076702679,0.254130187429224,0.28200795861766,0.311054823037976,0.376584479390623
1000,225,"beta1",0.461150398522681,0.470300266775653,0.083021874862304,0.264279695627472,0.424426053485348,0.470300266775653,0.513811505120201,0.595638798793248
1000,226,"alpha0",0.106108544370189,0.10417800862279,0.0255086096837626,0.0716922615031958,0.093071002054527,0.10417800862279,0.116674646692346,0.144375498565675
1000,226,"alpha1",0.297714048304929,0.296162342377578,0.0496139055781117,0.205873421594113,0.26440092046389,0.296162342377578,0.330141439997271,0.400807940704096
1000,226,"beta1",0.295396386250999,0.293264790798454,0.0848237018877973,0.134714243397435,0.238355140071332,0.293264790798454,0.349196669171253,0.477476939356998
1000,227,"alpha0",0.100745415996476,0.0999375137452844,0.0260762720684466,0.0618506894886994,0.0861831891295547,0.0999375137452844,0.113720242349629,0.138231141922914
1000,227,"alpha1",0.232416172955944,0.229207576151702,0.0488237291716388,0.144645005818104,0.197559578477556,0.229207576151702,0.26385325657965,0.33213635794325
1000,227,"beta1",0.343263084142369,0.335630002884607,0.102701274264777,0.159402946988861,0.267884265559325,0.335630002884607,0.410034254013891,0.558822952176858
1000,228,"alpha0",0.123191406673816,0.120640201626669,0.0277310269441252,0.0853822505860089,0.107571244469334,0.120640201626669,0.135436309802476,0.164870123383698
1000,228,"alpha1",0.263241172249691,0.261268607099132,0.0575411817951024,0.158228426422165,0.222747464152154,0.261268607099132,0.301122073355675,0.381945717549282
1000,228,"beta1",0.20341460584279,0.201373453842188,0.0964667553026735,0.0254166391703754,0.139162672506551,0.201373453842188,0.265873177194048,0.404456688702288
1000,229,"alpha0",0.126822243036669,0.125586943171005,0.0261468387007648,0.0864637483587804,0.111544402314801,0.125586943171005,0.140138542226596,0.168656861728968
1000,229,"alpha1",0.32908249960278,0.325689702161889,0.0522825083760639,0.230906306721538,0.293741177461798,0.325689702161889,0.36296194614219,0.440883698072133
1000,229,"beta1",0.206312273180006,0.204060850295297,0.084729446383067,0.063743259405051,0.139751718825109,0.204060850295297,0.26516689323764,0.381989363984899
1000,230,"alpha0",0.0894742970049465,0.084398653758275,0.0340324466770323,0.0483826818304092,0.0719038960327671,0.084398653758275,0.0985717922278618,0.166996693503463
1000,230,"alpha1",0.215975384468619,0.211700052810877,0.0488127555886135,0.134928276436404,0.182537429455844,0.211700052810877,0.242561291639688,0.332528695895507
1000,230,"beta1",0.431367787887272,0.444420089340644,0.121114818357754,0.112820088397755,0.376967748264166,0.444420089340644,0.508149959543834,0.637372006508437
1000,231,"alpha0",0.11075818247505,0.109838463077623,0.0231005933292873,0.0779887957600892,0.0987467948780517,0.109838463077623,0.12111018768322,0.144011982239337
1000,231,"alpha1",0.306512083049814,0.303294378904767,0.0556672346341198,0.204577273364182,0.265574609421262,0.303294378904767,0.343866265114901,0.420505921576692
1000,231,"beta1",0.26638852832519,0.263340611990511,0.0776775649430694,0.130055668927041,0.211472652043868,0.263340611990511,0.318110950308661,0.42311121938535
1000,232,"alpha0",0.0911093882316693,0.0891510826565934,0.0304522136579664,0.0613142147355684,0.0789124419418909,0.0891510826565934,0.0994414969762338,0.118127764070745
1000,232,"alpha1",0.277686452121912,0.272273601859342,0.0523441953887659,0.189468812029837,0.240739004553943,0.272273601859342,0.307980741995835,0.3961936348153
1000,232,"beta1",0.268632473097743,0.264112062366604,0.0845790656956567,0.103585393087985,0.211248509296622,0.264112062366604,0.32628384022385,0.444755723487691
1000,233,"alpha0",0.0965307901800895,0.0945358796065136,0.027669186692187,0.0613478705855525,0.0829988074461884,0.0945358796065136,0.107096595529557,0.129431066617555
1000,233,"alpha1",0.369684970445982,0.365458803716316,0.060774100640503,0.261959041065548,0.326913387575025,0.365458803716316,0.410141013130491,0.496824954708336
1000,233,"beta1",0.290069082882265,0.289145466103938,0.082589330624133,0.147715640421851,0.228481310570855,0.289145466103938,0.343561258571436,0.459588413436361
1000,234,"alpha0",0.0851508651488118,0.0846360060841884,0.0209451410856401,0.057107766714425,0.0745038216091144,0.0846360060841884,0.0941723183213963,0.112355382441031
1000,234,"alpha1",0.355915306478968,0.353173132870549,0.0518993879260319,0.25899628329026,0.320605580631966,0.353173132870549,0.388930055319736,0.467996245563475
1000,234,"beta1",0.317548982894197,0.314655051361574,0.0742350210757926,0.17795366741887,0.265208631562811,0.314655051361574,0.366952165036209,0.471258230809084
1000,235,"alpha0",0.0702546874371366,0.0668071287608676,0.0284557767342228,0.0324173916947066,0.0528182209722793,0.0668071287608676,0.0828566451965107,0.124503667646321
1000,235,"alpha1",0.238394290717231,0.232877654425344,0.0567907928784684,0.139542364909134,0.196876029316609,0.232877654425344,0.275673799258535,0.361420619425618
1000,235,"beta1",0.470777518860408,0.484140308423595,0.13604974438452,0.167777178168119,0.386272215281449,0.484140308423595,0.569361644393376,0.696938664004643
1000,236,"alpha0",0.094861570328985,0.0909753875604651,0.0314481980801607,0.0551277847804338,0.0784206296885991,0.0909753875604651,0.106427858345786,0.148697188446759
1000,236,"alpha1",0.302058410304311,0.299597326637041,0.0569392166395664,0.19905768117396,0.261691313827129,0.299597326637041,0.3407633797339,0.415584917278884
1000,236,"beta1",0.34844074399318,0.353795904812298,0.117885771970072,0.0975704530507041,0.274234631812566,0.353795904812298,0.427295348340215,0.563225285422899
1000,237,"alpha0",0.0909283552807671,0.0897046328314863,0.0209983900864274,0.0626288871409785,0.0797689029321259,0.0897046328314863,0.100051681268597,0.121112259451673
1000,237,"alpha1",0.28344512757472,0.280574800030668,0.0520525118584992,0.186180452061498,0.247943109944281,0.280574800030668,0.316164944185711,0.396007045021904
1000,237,"beta1",0.356486294738844,0.355339787419911,0.0751316009902418,0.217544669993936,0.302287321256578,0.355339787419911,0.407111869188955,0.510324816174145
1000,238,"alpha0",0.0996994764421813,0.0997278287237355,0.0291784203127836,0.0579487376666941,0.0835873428697299,0.0997278287237355,0.112877127680816,0.135067184110768
1000,238,"alpha1",0.290066120529602,0.287032193225861,0.0510835290051198,0.197555617350108,0.254107606087605,0.287032193225861,0.325203800524634,0.398295214453858
1000,238,"beta1",0.320809201062808,0.308741713199493,0.105205665816564,0.15135750523267,0.242079498268787,0.308741713199493,0.394241786946928,0.537912373654608
1000,239,"alpha0",0.10481826583038,0.103113658712918,0.0265635136732684,0.0674029288435576,0.0906904395613594,0.103113658712918,0.116302249866821,0.143729562871746
1000,239,"alpha1",0.403450005523072,0.401666915882931,0.0586504904359285,0.294024750558352,0.362128193326374,0.401666915882931,0.4442317403731,0.517577108883002
1000,239,"beta1",0.2227486681181,0.219407802512003,0.0899910544291197,0.0562241308337383,0.158141637064545,0.219407802512003,0.284543782565606,0.408346312905748
1000,240,"alpha0",0.104484240448337,0.103728241726532,0.0283270724534934,0.0656372843596598,0.0886872138907154,0.103728241726532,0.117498596166893,0.144494900964836
1000,240,"alpha1",0.277343788771736,0.273628068151743,0.0594483513529681,0.175442114214034,0.237100588252929,0.273628068151743,0.312537407387616,0.405556749170832
1000,240,"beta1",0.279086858129718,0.266627299403645,0.105776809294449,0.0827568448295473,0.206605107838752,0.266627299403645,0.348832984872598,0.501865738359882
1000,241,"alpha0",0.0899507027294826,0.0884512873991276,0.0241944578623224,0.060578003621897,0.0782205557078255,0.0884512873991276,0.0982468613531646,0.120023445875743
1000,241,"alpha1",0.328780348984614,0.327747262981864,0.0537891191174211,0.227923252866575,0.292250824274635,0.327747262981864,0.364488009529653,0.434881834486433
1000,241,"beta1",0.305776794614219,0.303399269789044,0.0778491331163227,0.162118528550905,0.253365700992373,0.303399269789044,0.355057904311854,0.467430523408905
1000,242,"alpha0",0.0706789596057597,0.0671318291798124,0.0259533792987939,0.0402348356646835,0.056885338630275,0.0671318291798124,0.0813618788257107,0.108310119195909
1000,242,"alpha1",0.285380729767369,0.282709895895051,0.051434303631302,0.195233407432852,0.248910059638247,0.282709895895051,0.319007763874323,0.395681663788808
1000,242,"beta1",0.428853201453033,0.437566251963726,0.101829303082116,0.213159908082609,0.362092324569253,0.437566251963726,0.501979566992845,0.606064196802962
1000,243,"alpha0",0.0954677916033519,0.093995761066803,0.0255005936772249,0.0587935288870758,0.0813958385597223,0.093995761066803,0.107285948386312,0.130841168226054
1000,243,"alpha1",0.310771986526596,0.307100534995154,0.0541312814210715,0.212376325105957,0.274077971154397,0.307100534995154,0.343767643611037,0.432646376330649
1000,243,"beta1",0.336251173867211,0.335118154242487,0.086683637496537,0.172752173426863,0.274087429829935,0.335118154242487,0.397688908375614,0.50839930281974
1000,244,"alpha0",0.0957497316694217,0.0941925663759395,0.0256353923945266,0.0672296650689055,0.084866275864905,0.0941925663759395,0.103198152118783,0.126868874980147
1000,244,"alpha1",0.371894133288296,0.371480225605666,0.0569604652702841,0.266640653236893,0.332720299459911,0.371480225605666,0.410093928182109,0.484438519934701
1000,244,"beta1",0.276287917050509,0.275670837213475,0.0672255541974897,0.144424590278615,0.233438347804028,0.275670837213475,0.316426252994411,0.415055368706495
1000,245,"alpha0",0.117890652915663,0.118292111388749,0.0255549208192798,0.075109378104654,0.103343556824368,0.118292111388749,0.131774474784778,0.151219329623068
1000,245,"alpha1",0.26487651034023,0.26161305463697,0.0503891500971319,0.176051279111009,0.228728882253722,0.26161305463697,0.296012982676739,0.374672301913761
1000,245,"beta1",0.14820998404224,0.136681411096437,0.104081182580801,0.0047068061339918,0.0579803167466937,0.136681411096437,0.219715659455092,0.375792925560003
1000,246,"alpha0",0.0822094297647868,0.0805352022066721,0.0238105342827702,0.0584467294413976,0.0713471138540707,0.0805352022066721,0.0889860863885243,0.110551027889297
1000,246,"alpha1",0.292067766441564,0.289672657008462,0.0539089976299025,0.193522010835929,0.254293263076756,0.289672657008462,0.329331832644049,0.399474138925336
1000,246,"beta1",0.332767097520035,0.329115357065872,0.0785843336899681,0.175014835928155,0.280016999861789,0.329115357065872,0.386748255826686,0.483639927391019
1000,247,"alpha0",0.0733327393911584,0.0711097780270016,0.0244282222961597,0.0474765923933971,0.063049192902199,0.0711097780270016,0.0794764727656093,0.104190770236219
1000,247,"alpha1",0.327779626165865,0.324872572518974,0.0500180861313603,0.237666781700104,0.292499413102968,0.324872572518974,0.359932704577102,0.433129698418377
1000,247,"beta1",0.414575508789845,0.419997163097292,0.0777211300310571,0.252810069583765,0.37360065464481,0.419997163097292,0.463672781903778,0.551751878008004
1000,248,"alpha0",0.103365217327782,0.102003337571688,0.0251428037912264,0.069755532217779,0.0887857352520676,0.102003337571688,0.114590891649475,0.14054625096547
1000,248,"alpha1",0.325168738994663,0.322114059920381,0.0525896000477168,0.232560517152738,0.288600992808566,0.322114059920381,0.357062481129173,0.441998550384001
1000,248,"beta1",0.300817183731638,0.302608391925169,0.0821567140486557,0.141454386648043,0.242236620829247,0.302608391925169,0.359475827999867,0.458352213556167
1000,249,"alpha0",0.0988355249792778,0.0982699086783066,0.0221000904378654,0.0654215785572573,0.0869686885707429,0.0982699086783066,0.108952522650707,0.134100546350655
1000,249,"alpha1",0.29520083103976,0.293202319369748,0.0475016349701727,0.209616388112858,0.261326930261085,0.293202319369748,0.32553803731834,0.396922951189389
1000,249,"beta1",0.296328301166159,0.291128844878144,0.0860061533401015,0.124267309997814,0.240913189298281,0.291128844878144,0.355321845290775,0.464259743594046
1000,250,"alpha0",0.0928315584579762,0.090570660658347,0.0252942412580252,0.0637611281070439,0.0812520826722155,0.090570660658347,0.101348330631951,0.120999725399679
1000,250,"alpha1",0.317095568971556,0.312934230031022,0.055037037243443,0.218951956252585,0.278053720151865,0.312934230031022,0.354550859885809,0.430761053428946
1000,250,"beta1",0.315402716230335,0.313274094833248,0.07487341990118,0.180721801362318,0.262139114324206,0.313274094833248,0.363280217836237,0.476960001496495
1000,251,"alpha0",0.0821899331899438,0.0803202235925754,0.0243563267822718,0.0552112296201681,0.0707959656851273,0.0803202235925754,0.090177161085864,0.110919703266401
1000,251,"alpha1",0.354757135637843,0.354548050876677,0.0560974251247477,0.247871469399018,0.316069523019737,0.354548050876677,0.393676553077893,0.463037586133801
1000,251,"beta1",0.350935746875527,0.345970881920475,0.0740587918302178,0.216721213826917,0.298063655305705,0.345970881920475,0.400538154157738,0.503418763165534
1000,252,"alpha0",0.0876658876886981,0.0864203926646906,0.0229236247244579,0.0519614079544913,0.0753484796420535,0.0864203926646906,0.0982946573708254,0.122475078294786
1000,252,"alpha1",0.347017011976331,0.343999458454219,0.0609878300154849,0.240152872910433,0.304504290716692,0.343999458454219,0.384638710859972,0.476251708695496
1000,252,"beta1",0.360638005482817,0.355652334648598,0.0788520357345792,0.210316765627178,0.308620724509512,0.355652334648598,0.410955740422518,0.533731676340963
1000,253,"alpha0",0.0909183671083628,0.0896118484453908,0.0249314991507519,0.0563794712955086,0.0768585904824241,0.0896118484453908,0.102153881180313,0.126450389822016
1000,253,"alpha1",0.317463008814366,0.315175001543002,0.0566630167170251,0.209254519176633,0.278645489958587,0.315175001543002,0.353746100138484,0.433453673455512
1000,253,"beta1",0.335928687848021,0.329094155867931,0.0902602977903611,0.166296026637415,0.273535854109762,0.329094155867931,0.398427824786136,0.516914532991745
1000,254,"alpha0",0.0937229858747475,0.0918734687361939,0.0264654397136801,0.0582388649039055,0.0798299382042792,0.0918734687361939,0.104397419195367,0.131866686657978
1000,254,"alpha1",0.240201305703692,0.23922030391388,0.0494283764527205,0.14983331243565,0.208676412173731,0.23922030391388,0.271491702883574,0.338282500590101
1000,254,"beta1",0.374265890912406,0.374935566760266,0.0991198081577903,0.185880591381521,0.308273237418005,0.374935566760266,0.438275780239797,0.57840416492384
1000,255,"alpha0",0.119753311838456,0.12130741703954,0.0269451857511605,0.0776124061090947,0.105803517286121,0.12130741703954,0.132848868635717,0.152084921115542
1000,255,"alpha1",0.355374189222734,0.352534296678157,0.0591047622750816,0.252237854616406,0.311423546133033,0.352534296678157,0.393775760531629,0.479569616081251
1000,255,"beta1",0.153834704216486,0.136801591986333,0.0953121899650406,0.0195558487017944,0.0787765529156169,0.136801591986333,0.210838490722719,0.377033710818005
1000,256,"alpha0",0.111142399922835,0.10854631810212,0.0264832553777844,0.0731336007682046,0.0940155917620656,0.10854631810212,0.125853900112511,0.154218683665097
1000,256,"alpha1",0.285634180544877,0.281623270215401,0.0543100787211782,0.190667510330946,0.246007813273358,0.281623270215401,0.319725126925909,0.402527736076555
1000,256,"beta1",0.269865810301677,0.27124124327543,0.102313737557663,0.0713633240722012,0.193939747993938,0.27124124327543,0.347808267432725,0.459126885285759
1000,257,"alpha0",0.122753340214415,0.122981575878275,0.028615193244778,0.0707118486466036,0.1056191628331,0.122981575878275,0.141070528031143,0.166940860718589
1000,257,"alpha1",0.286156429578547,0.283860896213014,0.0513507173295616,0.190153830908358,0.250529571687898,0.283860896213014,0.319872043154311,0.394580818526759
1000,257,"beta1",0.228194866972869,0.219865906592246,0.114105490204408,0.042894740496007,0.141223323499999,0.219865906592246,0.299746515992586,0.474920186623565
1000,258,"alpha0",0.115324313168258,0.113822924478441,0.0255032198454888,0.0747140260850449,0.0990937604007147,0.113822924478441,0.129050808437854,0.157089757971331
1000,258,"alpha1",0.345396867640802,0.340528150548032,0.0539550867294552,0.25236435373933,0.306911919972264,0.340528150548032,0.380069186537349,0.459714503130843
1000,258,"beta1",0.205632643719787,0.205078672883918,0.0982226765946914,0.025557486170591,0.136317984556572,0.205078672883918,0.274533266120919,0.404181304230528
1000,259,"alpha0",0.0902843968227567,0.0884024061054101,0.025047036311176,0.0577986216736114,0.0770911466296266,0.0884024061054101,0.100577459048877,0.125368603666355
1000,259,"alpha1",0.30528822433774,0.303812836360822,0.0504946454235075,0.212858628771164,0.270110175767691,0.303812836360822,0.336952237959697,0.413589048653317
1000,259,"beta1",0.373488086764687,0.374393723781126,0.0824141869441364,0.208382396894099,0.317011216825294,0.374393723781126,0.432459883793302,0.527676439156588
1000,260,"alpha0",0.0861395329094311,0.0847859791492062,0.024875648542997,0.0550927118091568,0.0735312372472343,0.0847859791492062,0.0960053706570343,0.118966848042112
1000,260,"alpha1",0.288104113775562,0.284209441273336,0.0544547621675071,0.193329804133416,0.249380005559586,0.284209441273336,0.321337156257849,0.4075913671177
1000,260,"beta1",0.381542278119639,0.377220700091887,0.0872479184379138,0.210141602756391,0.322257121102053,0.377220700091887,0.443322136996685,0.548566102765529
1000,261,"alpha0",0.0876557969983382,0.0840164819718393,0.03512717332651,0.0444054597536382,0.0697197993134308,0.0840164819718393,0.100211896588671,0.141713355146064
1000,261,"alpha1",0.301164547455881,0.298983506634946,0.0538754452614682,0.204816798618489,0.263393220613288,0.298983506634946,0.336613832195844,0.412557026539788
1000,261,"beta1",0.401777876983161,0.408398334862581,0.111861410501915,0.181616624186544,0.329719815221312,0.408398334862581,0.47642177422353,0.614509562195648
1000,262,"alpha0",0.119745671138057,0.121481641045055,0.0269577887736025,0.072158215246262,0.103243557321098,0.121481641045055,0.135791029404544,0.156309036233914
1000,262,"alpha1",0.35908749814824,0.353006654918291,0.0642631150698986,0.248198504818862,0.315464083216983,0.353006654918291,0.394262758886612,0.50574041777197
1000,262,"beta1",0.170761188182023,0.149797277391062,0.104027824319427,0.0234027579768115,0.0870459390712446,0.149797277391062,0.240210096277089,0.402430846723668
1000,263,"alpha0",0.0971795052865639,0.0956918840763629,0.0233118882435965,0.0657754340552498,0.0853207131385396,0.0956918840763629,0.106520222661547,0.131810035760017
1000,263,"alpha1",0.376377816563666,0.37582990721304,0.0529369601785951,0.27238026026952,0.340040180947057,0.37582990721304,0.412718917896527,0.481746688686692
1000,263,"beta1",0.28625248842177,0.28406470752148,0.0776984171621229,0.144551630190698,0.23195639830475,0.28406470752148,0.336848705860806,0.450839193002323
1000,264,"alpha0",0.114046532593443,0.113149775947838,0.0205111073372176,0.083507496599686,0.10395498701867,0.113149775947838,0.122810321138722,0.143268019198506
1000,264,"alpha1",0.321008876627975,0.31805536005732,0.0615080100272193,0.20580883813794,0.279710601047316,0.31805536005732,0.359440483765386,0.451719355761276
1000,264,"beta1",0.134552882580023,0.127340360337902,0.0796550953620253,0.00900106249200732,0.0775316207121215,0.127340360337902,0.17910383168531,0.327919692127641
1000,265,"alpha0",0.121257057338794,0.120325203846722,0.0228960718761259,0.0827006949074933,0.106216240202787,0.120325203846722,0.135292348652346,0.160083821397581
1000,265,"alpha1",0.268785749802551,0.266301432911826,0.0467874699082095,0.186722308070914,0.235318803974419,0.266301432911826,0.29761208830545,0.373050710105981
1000,265,"beta1",0.259882476405556,0.259403462061122,0.0907569118726691,0.0964263196671709,0.191267576509567,0.259403462061122,0.325234951089461,0.438002812166604
1000,266,"alpha0",0.132306234377886,0.131808011735085,0.0275878160644437,0.088728603441164,0.115784458226042,0.131808011735085,0.146838230973946,0.172124992688141
1000,266,"alpha1",0.338819545816012,0.338214520034392,0.0503774442062864,0.240362550069666,0.304059236495208,0.338214520034392,0.373621435113132,0.437036750198232
1000,266,"beta1",0.171829125195468,0.165069492039292,0.0858618996990416,0.0324471358391232,0.105287130281838,0.165069492039292,0.231211705594329,0.351770159536037
1000,267,"alpha0",0.13808212816967,0.138809362288672,0.0215568780562565,0.105938067382798,0.129167657429297,0.138809362288672,0.14608823741568,0.15990297941023
1000,267,"alpha1",0.328270620979291,0.324547138286064,0.052737522634847,0.231832832867059,0.292258558574918,0.324547138286064,0.360926769159111,0.443895953484495
1000,267,"beta1",0.06747454962791,0.0517900194058437,0.0582388323828799,0.00329331249947905,0.0235295052061992,0.0517900194058437,0.0925830332063843,0.220751446350816
1000,268,"alpha0",0.126431019173944,0.126516871574495,0.0211336917690667,0.093802154313101,0.11519892460037,0.126516871574495,0.136423520357295,0.154634270001165
1000,268,"alpha1",0.346882748327724,0.345681246849029,0.0501894546675183,0.253942456275786,0.312462246816522,0.345681246849029,0.379849392742409,0.449239745709262
1000,268,"beta1",0.130858962749293,0.124502313402841,0.0704974249492291,0.017446429785126,0.0786894697309237,0.124502313402841,0.17566582016048,0.287060241179507
1000,269,"alpha0",0.0927082997726998,0.0916679280794424,0.0222857760251951,0.0607195276553849,0.0804059343964914,0.0916679280794424,0.102520135840831,0.127767262425951
1000,269,"alpha1",0.365979277870734,0.362433597066133,0.0575314794124027,0.262926891492815,0.325085460781494,0.362433597066133,0.402236433599018,0.487998434394856
1000,269,"beta1",0.252537741197045,0.249862490321386,0.0865587530666339,0.101280325221772,0.189660861716856,0.249862490321386,0.309341217882751,0.433080068243433
1000,270,"alpha0",0.0963249172379143,0.0930110265718244,0.027526226717289,0.0620065625125249,0.080696939888003,0.0930110265718244,0.108576807040159,0.141220004403635
1000,270,"alpha1",0.363959510130711,0.361550196317715,0.0597662259808349,0.250007145098845,0.323405857140886,0.361550196317715,0.403077744753329,0.48875548280834
1000,270,"beta1",0.302700141361274,0.305410975624569,0.0896432471367169,0.127580952968387,0.239720924345893,0.305410975624569,0.36768255022622,0.463506340183304
1000,271,"alpha0",0.0992676882353247,0.0979454271545227,0.0279512053816494,0.0619153673629873,0.0847090296772774,0.0979454271545227,0.110651863776892,0.139953970889196
1000,271,"alpha1",0.301376458466101,0.298098671826389,0.0546874920658338,0.202837459251316,0.263832228673691,0.298098671826389,0.334650862269827,0.422183009273624
1000,271,"beta1",0.270410666355349,0.270875638102019,0.100325630897428,0.067367520677744,0.201465714894849,0.270875638102019,0.338454866263207,0.466571387426826
1000,272,"alpha0",0.115126644158667,0.116028578096161,0.026076772236193,0.0714787068145122,0.0999694700376057,0.116028578096161,0.130031621126358,0.152617821657719
1000,272,"alpha1",0.286991782400417,0.283819249175076,0.0544696685444451,0.191010265645927,0.249047543895538,0.283819249175076,0.322062891862751,0.403611566803175
1000,272,"beta1",0.275441083662999,0.262264629776527,0.0995463363426152,0.116947029719291,0.200845841050647,0.262264629776527,0.339105487374773,0.498742843132005
1000,273,"alpha0",0.0959986381809568,0.0936728307686943,0.0269860000282008,0.0550646605261982,0.0798752977431508,0.0936728307686943,0.109240724023286,0.139628449016525
1000,273,"alpha1",0.314479630773107,0.314082667131213,0.0544869435185173,0.209851678819438,0.277624438735666,0.314082667131213,0.351162541149324,0.42250619457255
1000,273,"beta1",0.325326769233166,0.32460914107682,0.102550928181066,0.131986119088216,0.253046784029583,0.32460914107682,0.397944349846806,0.521516491832644
1000,274,"alpha0",0.124007067650628,0.122726667653718,0.0264984827831281,0.0819960533773694,0.106861026062516,0.122726667653718,0.138831627758787,0.172721635474558
1000,274,"alpha1",0.321755191415604,0.318418172025926,0.0587618008757158,0.216646438866101,0.279272387497949,0.318418172025926,0.357504944622992,0.448444622645905
1000,274,"beta1",0.260043175540127,0.261580407566235,0.091165139231628,0.0850469410041956,0.194535737579232,0.261580407566235,0.322330407758918,0.435293562648807
1000,275,"alpha0",0.104986490827885,0.10287285206413,0.025313121177994,0.0708691037059097,0.0927340693266312,0.10287285206413,0.114097952948726,0.139181954750279
1000,275,"alpha1",0.323308289602081,0.319136964154441,0.0552635339542975,0.230831411171912,0.283661936087345,0.319136964154441,0.357201271536623,0.437462313571227
1000,275,"beta1",0.218011038552536,0.216948781335194,0.0853110185554437,0.0543028064034823,0.160202789272595,0.216948781335194,0.268755828641265,0.406182733560282
1000,276,"alpha0",0.117327508847856,0.115740727557933,0.033131682835747,0.0637950361491093,0.0974502456930978,0.115740727557933,0.135797695048014,0.1678605786482
1000,276,"alpha1",0.271151045686137,0.271699764621521,0.0498697508233823,0.176090678258778,0.23597957791322,0.271699764621521,0.304939953061625,0.370386451338089
1000,276,"beta1",0.265207856610936,0.257939837017952,0.126900288052546,0.0494983919425449,0.174287336766351,0.257939837017952,0.344804287834045,0.541530488905148
1000,277,"alpha0",0.0965213910299638,0.096451377875343,0.0230651691419621,0.0635791436015583,0.0846178384912556,0.096451377875343,0.106907790251238,0.125838811971866
1000,277,"alpha1",0.342884221568553,0.338069501364034,0.0603020035480125,0.239661681215896,0.299273031067752,0.338069501364034,0.381111471150864,0.475134214592011
1000,277,"beta1",0.30230145975182,0.294206378242819,0.0820667603115316,0.161421805689026,0.243022324559476,0.294206378242819,0.354151208014457,0.477669488310785
1000,278,"alpha0",0.126197062538258,0.124665074619339,0.0281253449183934,0.087369151039623,0.112156566537067,0.124665074619339,0.137024050215776,0.164661498214678
1000,278,"alpha1",0.395088935691762,0.392289820967797,0.0589221054874443,0.285936229834927,0.354794792792517,0.392289820967797,0.43173755407485,0.523381629601476
1000,278,"beta1",0.20051455677544,0.195806299508417,0.0751173348255059,0.0594092567539788,0.150235558503873,0.195806299508417,0.250036177635297,0.365338697036261
1000,279,"alpha0",0.133653245175895,0.133423485942023,0.0293914432662993,0.091839157593404,0.116376685108034,0.133423485942023,0.148062837850379,0.170280962512731
1000,279,"alpha1",0.285387849722072,0.282000730682878,0.0556972024901976,0.185622221422741,0.245530698701721,0.282000730682878,0.322050927119679,0.402353211111098
1000,279,"beta1",0.161381217249421,0.146962495828962,0.0988373372013813,0.015774693748713,0.0784286609690136,0.146962495828962,0.232969298420386,0.370180352354901
1000,280,"alpha0",0.135291028948881,0.136976283410832,0.0299893485902801,0.0808727720669474,0.113641051776127,0.136976283410832,0.156962352329656,0.182324088443321
1000,280,"alpha1",0.228047786804956,0.22430826489078,0.0470914480887508,0.143610974185189,0.196847365396329,0.22430826489078,0.256472508203748,0.329674311190106
1000,280,"beta1",0.215230367545145,0.204675610773096,0.122815701138677,0.0219150656956166,0.113705470090321,0.204675610773096,0.309769535155583,0.460889147895539
1000,281,"alpha0",0.128933997635964,0.127805388716562,0.0302771182834374,0.0824431152812298,0.111746460096106,0.127805388716562,0.144755997263131,0.172618196847173
1000,281,"alpha1",0.287273510347482,0.287604767780381,0.0479268896946254,0.19785944078819,0.253364187645695,0.287604767780381,0.318313289609545,0.384116071937099
1000,281,"beta1",0.231184682994658,0.220361130821773,0.102325137992829,0.0654296382787989,0.151409490739569,0.220361130821773,0.299740976633117,0.445306275528714
1000,282,"alpha0",0.131373076013273,0.130152716732292,0.0273359144817064,0.0935711448424262,0.117881996618115,0.130152716732292,0.142447328061089,0.166982806492085
1000,282,"alpha1",0.378024062450942,0.378487217617516,0.0589526308645818,0.265046707658425,0.339859610788131,0.378487217617516,0.416041259417956,0.497355454591051
1000,282,"beta1",0.158127960859732,0.151762752633829,0.0770411707008699,0.0268769721530159,0.102911116957949,0.151762752633829,0.205625055789466,0.331254067292471
1000,283,"alpha0",0.104941939602981,0.103967610699877,0.0256304470427772,0.0695248965345022,0.0919435536110062,0.103967610699877,0.116737957006943,0.137620431781656
1000,283,"alpha1",0.338734009652523,0.33441817948573,0.0543006443483447,0.242294267310887,0.300742962572242,0.33441817948573,0.371798308740519,0.459515222643732
1000,283,"beta1",0.231661064183004,0.228960315643599,0.087998858253134,0.07458624127492,0.168382476259667,0.228960315643599,0.289484449538899,0.421647048010793
1000,284,"alpha0",0.0923449942259759,0.0902399552633799,0.0236872026128271,0.0630826798914563,0.0807430589289086,0.0902399552633799,0.100165999591299,0.12940011473154
1000,284,"alpha1",0.341003902633271,0.338325395922702,0.0529640064548345,0.244294887629157,0.304031865190333,0.338325395922702,0.374683433105584,0.456957352118144
1000,284,"beta1",0.278588805096965,0.27709096270976,0.082253190742191,0.108086386277868,0.223030499989382,0.27709096270976,0.334225515664112,0.443592865842212
1000,285,"alpha0",0.132336604636255,0.131465676868387,0.0275870627773229,0.0841866202309883,0.115366039795791,0.131465676868387,0.147822305000054,0.180580880475634
1000,285,"alpha1",0.27369721027132,0.271536508993979,0.0507541759685985,0.180492341110381,0.237966120846083,0.271536508993979,0.309043423080394,0.3750377505777
1000,285,"beta1",0.247520570513369,0.245536446806079,0.095375590009189,0.071424721064528,0.180020209771468,0.245536446806079,0.307769978114666,0.446950619072279
1000,286,"alpha0",0.12784599205629,0.125793514494661,0.0311416390635111,0.0832043561883647,0.107523271739951,0.125793514494661,0.143671862837581,0.181238264215508
1000,286,"alpha1",0.323158363763614,0.319014531342729,0.0531042146340943,0.232321695351951,0.285063940172535,0.319014531342729,0.357582079217146,0.441121717313072
1000,286,"beta1",0.253284641204294,0.247605037445116,0.10521434622371,0.0587041909009376,0.177334557330964,0.247605037445116,0.332848068226328,0.447495290983169
1000,287,"alpha0",0.0949463071633273,0.0927018825621548,0.0255661732760004,0.0643638782591432,0.083331041975151,0.0927018825621548,0.103202440730237,0.12838816033001
1000,287,"alpha1",0.337664144988955,0.334766625822312,0.0559096076434743,0.234894855336598,0.297051770997946,0.334766625822312,0.376428759694882,0.451828538122138
1000,287,"beta1",0.304014458795118,0.30196511284731,0.077896801848079,0.143574973053909,0.255574531580888,0.30196511284731,0.351265249525482,0.468995820740293
1000,288,"alpha0",0.100339740798689,0.0982674261532523,0.0213608224286437,0.0746448417985769,0.0892568386901671,0.0982674261532523,0.108514792718288,0.132825892061681
1000,288,"alpha1",0.368411579970199,0.365883185983835,0.0521157345400474,0.274892801830014,0.330886376493128,0.365883185983835,0.403183377524694,0.478119937697037
1000,288,"beta1",0.28839142029559,0.287471547819728,0.0664082261537612,0.159164586323099,0.244296293650112,0.287471547819728,0.333637820881423,0.417531059133948
1000,289,"alpha0",0.115821777306022,0.114572328804789,0.0298456846306968,0.0728396464603887,0.0984522047741307,0.114572328804789,0.129603466987078,0.162941609882286
1000,289,"alpha1",0.296041233777739,0.292215103106393,0.053899327721621,0.200467185619358,0.258484046789059,0.292215103106393,0.329968928991042,0.412737383015628
1000,289,"beta1",0.313955899045422,0.309369492553736,0.0917295414113869,0.145795802868847,0.248697507945101,0.309369492553736,0.377666818896204,0.496911844988198
1000,290,"alpha0",0.0895283648937647,0.0886234478476629,0.0236583644733847,0.0584512822227956,0.0775166380813553,0.0886234478476629,0.0982102493376662,0.121615263267502
1000,290,"alpha1",0.341860575251328,0.339255001153954,0.0513692848341102,0.247489816906592,0.306580918904578,0.339255001153954,0.374479239684642,0.45290066376559
1000,290,"beta1",0.290623343730278,0.287149305144692,0.0819203866408562,0.141065364656044,0.234666090684042,0.287149305144692,0.344584246972998,0.457700124534626
1000,291,"alpha0",0.133757956790933,0.133989969451068,0.0283558786711599,0.0890570337626616,0.117720486972615,0.133989969451068,0.149340320583975,0.172624892839254
1000,291,"alpha1",0.200108535043003,0.199176759894681,0.0510839677034252,0.105490585542395,0.163214144680557,0.199176759894681,0.233463487575976,0.304663272304438
1000,291,"beta1",0.201641731267008,0.19162455755569,0.101560528590521,0.0282761688909173,0.127475130313563,0.19162455755569,0.273720672637379,0.416886486033172
1000,292,"alpha0",0.0995737894290483,0.0982964456450932,0.0301367823430296,0.0574759306027484,0.0840345414407412,0.0982964456450932,0.111672395764518,0.14559651522583
1000,292,"alpha1",0.250317265284659,0.248879051283969,0.0526285226028107,0.150986143874109,0.214172843213736,0.248879051283969,0.284644533807106,0.364222286102848
1000,292,"beta1",0.336039346707061,0.331562773526922,0.108066425591618,0.13602076230914,0.260986985011134,0.331562773526922,0.405978201897278,0.556348123638243
1000,293,"alpha0",0.109923583968174,0.108048670843104,0.0245064498594058,0.080258911750455,0.0972786177759332,0.108048670843104,0.118695457219755,0.143405800025679
1000,293,"alpha1",0.339160538989608,0.337782793853535,0.0542958569508402,0.232948194722259,0.302421885667437,0.337782793853535,0.373340392525054,0.451437568654945
1000,293,"beta1",0.234801975863862,0.23530828618854,0.0758405054798282,0.0875622049982276,0.181732914641175,0.23530828618854,0.286411059027888,0.383873748096584
1000,294,"alpha0",0.115985694149725,0.115112879721887,0.0266419626977621,0.0741394871461202,0.102936140801675,0.115112879721887,0.126859379172238,0.154076331917161
1000,294,"alpha1",0.406763170784411,0.405019379364269,0.0651309836882469,0.288364601207892,0.362229576883311,0.405019379364269,0.447609468200788,0.546935208215317
1000,294,"beta1",0.198126322805334,0.190412830480191,0.0895540554725721,0.0291565131815695,0.136768325073585,0.190412830480191,0.25042657921011,0.402812014483589
1000,295,"alpha0",0.0893270662494546,0.0874893299724304,0.0250458517894645,0.0644350176544866,0.0782875431684526,0.0874893299724304,0.0961448283561696,0.118347306011773
1000,295,"alpha1",0.341040380180337,0.340471136590877,0.0531204172268095,0.239532481343746,0.306154859036605,0.340471136590877,0.375095469232229,0.449716165260346
1000,295,"beta1",0.319906335720974,0.317489596544278,0.0682715090945985,0.186635078328558,0.274954543494107,0.317489596544278,0.366082449627905,0.452036378861573
1000,296,"alpha0",0.10114380170487,0.0992990764115396,0.0308329102421534,0.0555770912322401,0.0830827329536516,0.0992990764115396,0.116211693491285,0.150613644942283
1000,296,"alpha1",0.236127467057336,0.233301263182619,0.0492282122952468,0.146949940688108,0.201645692522519,0.233301263182619,0.268607914675188,0.336212886421728
1000,296,"beta1",0.367689770908494,0.362801383640307,0.111403994472848,0.151794777799422,0.291228639601971,0.362801383640307,0.441621928319104,0.606271924938867
1000,297,"alpha0",0.0861340113852176,0.0848874886555652,0.025471640080583,0.0552206142765693,0.0753433410966466,0.0848874886555652,0.0945146743507368,0.113003016561893
1000,297,"alpha1",0.351194925342797,0.349302206785036,0.0514722258602013,0.258837086932735,0.3151900006873,0.349302206785036,0.383103033726851,0.460296123556281
1000,297,"beta1",0.316261894128414,0.314482018853645,0.0779230559864589,0.176233748334028,0.259305753072508,0.314482018853645,0.371558261904679,0.463691116797954
1000,298,"alpha0",0.126041326050701,0.125231139305129,0.0252006791992706,0.0881291932323525,0.11104437406502,0.125231139305129,0.138989183771271,0.165225292522504
1000,298,"alpha1",0.286030142382938,0.281307080387376,0.0534806419736867,0.192703219258613,0.247745995298143,0.281307080387376,0.320545038624487,0.402089617127227
1000,298,"beta1",0.208615241227037,0.201304772436343,0.091747366209582,0.0541721384938531,0.141812411417958,0.201304772436343,0.270193168125879,0.395649729781913
1000,299,"alpha0",0.0879511786398508,0.0851847205937559,0.02560047870596,0.0539841465248374,0.074623258717915,0.0851847205937559,0.0981544920910158,0.125578904727755
1000,299,"alpha1",0.305730937658027,0.299678553814118,0.0588617537647852,0.210637649984411,0.26561817496635,0.299678553814118,0.338923311433745,0.440703261673465
1000,299,"beta1",0.337006816947673,0.344067869831956,0.0907462773650871,0.142189348335869,0.276727510706151,0.344067869831956,0.399417038200228,0.497060171318754
1000,300,"alpha0",0.0895449829382368,0.0874709114931586,0.025632659661043,0.0532067799838079,0.0744052832441195,0.0874709114931586,0.102525762876183,0.129516161448065
1000,300,"alpha1",0.272281302588568,0.271497155554194,0.0526450224267187,0.171873521589832,0.23765232177308,0.271497155554194,0.307352683802484,0.378481590211789
1000,300,"beta1",0.375363343556307,0.378595590799322,0.0968053820389642,0.184858887850159,0.305812996667614,0.378595590799322,0.442884507209466,0.557036354484274
1000,301,"alpha0",0.0951866899679117,0.0932380130632635,0.0267916464299454,0.0609615064181036,0.0813851675508983,0.0932380130632635,0.104649469986052,0.138687371335806
1000,301,"alpha1",0.308068331318582,0.305704463802226,0.061476665269435,0.193049382321623,0.26603599199639,0.305704463802226,0.34875774879434,0.438508189500625
1000,301,"beta1",0.351387275424276,0.347260974687373,0.086172850338129,0.17732746942902,0.294879195884469,0.347260974687373,0.413417335650151,0.519110590061304
1000,302,"alpha0",0.137452336906309,0.136015607464043,0.0300235841631972,0.0856237387366918,0.120092401113122,0.136015607464043,0.153361118078098,0.186122851360869
1000,302,"alpha1",0.292275346641369,0.286683913139002,0.0566672803655839,0.19613782215728,0.252605497651371,0.286683913139002,0.325660481268337,0.421575941114483
1000,302,"beta1",0.196195256316763,0.195737768505723,0.108371101079993,0.0127896487167322,0.114262232382453,0.195737768505723,0.266799867261566,0.423082089806744
1000,303,"alpha0",0.119747444377477,0.118913453366298,0.0218441594075884,0.0869004280443073,0.108079310401829,0.118913453366298,0.129985304017381,0.151720470050445
1000,303,"alpha1",0.368129305384279,0.365764442812299,0.0576169033115987,0.260560495398737,0.32865389238078,0.365764442812299,0.40517302116721,0.486059094951835
1000,303,"beta1",0.17801806031249,0.173961321213516,0.0713110167645813,0.0568612981762844,0.124227164974986,0.173961321213516,0.22609407095154,0.32095946738058
1000,304,"alpha0",0.0845043028801198,0.0814739189081968,0.0274370234932582,0.0553502543689645,0.0714442687648395,0.0814739189081968,0.0932464203380088,0.124225743217772
1000,304,"alpha1",0.276345995707168,0.273892536904363,0.0505344797520798,0.185719119387794,0.240212747322719,0.273892536904363,0.310214276611634,0.380397496474403
1000,304,"beta1",0.347502096272726,0.35231383638406,0.0971306294474704,0.131295619508961,0.285590845677322,0.35231383638406,0.414702762291844,0.519970490455544
1000,305,"alpha0",0.0856828445045362,0.0826180937148937,0.0300049618688291,0.0456627790089099,0.0678686675542161,0.0826180937148937,0.099407424066331,0.145195411777077
1000,305,"alpha1",0.291850787112803,0.288341892685952,0.0582710363720382,0.188088551383959,0.252029977870569,0.288341892685952,0.326826602119255,0.41612685962747
1000,305,"beta1",0.404933697980563,0.407968679198828,0.116480611755971,0.157871759559781,0.326536817965186,0.407968679198828,0.483017404461992,0.617569177184433
1000,306,"alpha0",0.0706391077765494,0.0677904273801734,0.0242364695613391,0.0449604568137802,0.0584477355949677,0.0677904273801734,0.0781972967701899,0.114567794682326
1000,306,"alpha1",0.292179616272993,0.288682425371937,0.0513901875394306,0.200047302310442,0.257857088699418,0.288682425371937,0.321650553064448,0.409565291916822
1000,306,"beta1",0.473212384191711,0.480554141960242,0.0839976618087938,0.288380412742447,0.425650791262982,0.480554141960242,0.52904840505728,0.610830186535396
1000,307,"alpha0",0.0841147553252906,0.0814011153213959,0.0274003419297138,0.0552632627700971,0.0712359342802987,0.0814011153213959,0.0920737721077016,0.120012255377816
1000,307,"alpha1",0.298961296642377,0.296998227947929,0.052477857220028,0.202191472075415,0.262456423793141,0.296998227947929,0.332795726584128,0.409397410996596
1000,307,"beta1",0.367046009725114,0.368629645287383,0.0836870256632448,0.19159690234379,0.313316640966172,0.368629645287383,0.426984445892173,0.521570281552642
1000,308,"alpha0",0.114238513032619,0.113958302507078,0.0243776942891651,0.0754583347322414,0.101216923047246,0.113958302507078,0.125730924436939,0.15129875025758
1000,308,"alpha1",0.418163886973767,0.41405137799623,0.0675435709599271,0.296051230363829,0.372385250889394,0.41405137799623,0.461024465755002,0.564949576658763
1000,308,"beta1",0.213783697337246,0.210259721474473,0.0709047366048021,0.0900133208235352,0.162332972851871,0.210259721474473,0.260013203074334,0.362597921921823
1000,309,"alpha0",0.121448078534029,0.119696440489867,0.0271879852892382,0.0840097136135495,0.106035433207958,0.119696440489867,0.133081166605584,0.164044255704127
1000,309,"alpha1",0.319660806605539,0.313621240225339,0.0603154561937193,0.216264989081007,0.278095396479206,0.313621240225339,0.355322007369929,0.456589533904017
1000,309,"beta1",0.222032484167059,0.21931412109779,0.0904497412770869,0.0480246973583112,0.158325979429303,0.21931412109779,0.281891093962662,0.412022351741115
1000,310,"alpha0",0.0831585220956714,0.0808094609563316,0.0236479127777016,0.0537881681718281,0.0685123928883249,0.0808094609563316,0.0936099568026279,0.120532267573598
1000,310,"alpha1",0.359752835023724,0.356277797320603,0.0586955687358803,0.252900975851687,0.319548865782854,0.356277797320603,0.396669373085867,0.482164723313593
1000,310,"beta1",0.340801121657304,0.343060778481211,0.0896338186132551,0.168286332113257,0.27474497803855,0.343060778481211,0.408739072431716,0.502259094180834
1000,311,"alpha0",0.142518510148641,0.143575484312403,0.0218097360314964,0.102992325003794,0.131206608677684,0.143575484312403,0.154748874812611,0.170522955316424
1000,311,"alpha1",0.374135356971953,0.371256711838745,0.0577660897854144,0.269860862797352,0.332614859616277,0.371256711838745,0.41019481349603,0.492511164145492
1000,311,"beta1",0.094626971703122,0.0808793015639917,0.0741555858478567,0.00246101357621952,0.0340750381448034,0.0808793015639917,0.139676267454843,0.281068041717487
1000,312,"alpha0",0.130285420701606,0.130071460506403,0.0216559501443481,0.0962461986833861,0.120134499007643,0.130071460506403,0.139852442320383,0.156821032093667
1000,312,"alpha1",0.28347475812891,0.280960489144888,0.0523829889186631,0.189716084129467,0.245664384808488,0.280960489144888,0.317412133045017,0.395722103077583
1000,312,"beta1",0.0918156212482443,0.0802621490402826,0.0724119410916559,0.00266100998116167,0.0320839677790155,0.0802621490402826,0.133337792969189,0.264031624218179
1000,313,"alpha0",0.140710285100002,0.142691746345863,0.0255189724387915,0.0930389730534362,0.127153327138493,0.142691746345863,0.154962198434891,0.174235271122803
1000,313,"alpha1",0.290927990223123,0.288049303357188,0.0632149898520575,0.182048493030177,0.249134229663307,0.288049303357188,0.327573450833262,0.427535276236776
1000,313,"beta1",0.126241565693343,0.105539471119854,0.0982463890269007,0.00391174039304403,0.0506415420451347,0.105539471119854,0.178290122177057,0.37750794228958
1000,314,"alpha0",0.114636375590766,0.113376416778415,0.0259593841563752,0.0785050418842621,0.100490089095372,0.113376416778415,0.125831877582772,0.153368385765466
1000,314,"alpha1",0.422718554504487,0.421150049452425,0.0597168198583356,0.311204674783721,0.381323494230367,0.421150049452425,0.461568633349765,0.546191069932076
1000,314,"beta1",0.223309268437288,0.222119813410652,0.0709766591197758,0.0817558129963687,0.175719642739062,0.222119813410652,0.271260839500424,0.363159780355956
1000,315,"alpha0",0.0819485273757615,0.0810591781770579,0.0238063101565643,0.0517890192149413,0.0705834565394396,0.0810591781770579,0.0916840763181662,0.110025294018305
1000,315,"alpha1",0.316193283266912,0.313055604380909,0.0585404125882379,0.208007779434876,0.274725305816656,0.313055604380909,0.355366441437766,0.436344238334493
1000,315,"beta1",0.336634976699098,0.32811435808084,0.0850602806839013,0.195937374557114,0.275698251587539,0.32811435808084,0.390363119238197,0.5188572690553
1000,316,"alpha0",0.0998943283784739,0.0986023466186803,0.0272372906639533,0.0637271404536908,0.0855599201524488,0.0986023466186803,0.110055443422279,0.144167511959246
1000,316,"alpha1",0.365106616576155,0.361534028556262,0.0589575720126654,0.259855958369278,0.323944518484622,0.361534028556262,0.402904423047236,0.487100450840052
1000,316,"beta1",0.289972895914812,0.285425640245573,0.0853000446421395,0.113263073958317,0.236040906576197,0.285425640245573,0.34246094479209,0.478760338954312
1000,317,"alpha0",0.101740385127224,0.101030824702031,0.0262629378998176,0.0616021117940635,0.0863214164505161,0.101030824702031,0.115441898573405,0.140461318739764
1000,317,"alpha1",0.271902906051651,0.270164057675817,0.0481622578332386,0.183279118605477,0.238540989553229,0.270164057675817,0.303115317509842,0.372191211004601
1000,317,"beta1",0.343653575310792,0.338651875005956,0.0946778533683253,0.174192336122972,0.275518450247891,0.338651875005956,0.405231651426163,0.537926119095809
1000,318,"alpha0",0.0786356089889365,0.0767938577263392,0.0228950514339896,0.0525311211669004,0.0677381073369476,0.0767938577263392,0.0856119110821353,0.107871221168075
1000,318,"alpha1",0.332414978332863,0.330543304314292,0.0510583968164682,0.242286055026233,0.296545413885871,0.330543304314292,0.365093528604683,0.439370966350105
1000,318,"beta1",0.348049929822673,0.34813935100147,0.0717669093679951,0.200355743549828,0.300044985294893,0.34813935100147,0.395768422752389,0.493978935684193
1000,319,"alpha0",0.0579103759581551,0.0551792115526932,0.0263483899098767,0.0304383459663692,0.0479691005950804,0.0551792115526932,0.0629230883546385,0.09222281637729
1000,319,"alpha1",0.268718679384834,0.266096522559885,0.052315271354168,0.172274675579354,0.231957841229003,0.266096522559885,0.302096375634279,0.376911652684903
1000,319,"beta1",0.50795233651088,0.512768137201446,0.0868972203620396,0.311399652526407,0.46408823753299,0.512768137201446,0.557537359139617,0.67413879540857
1000,320,"alpha0",0.0941341931976595,0.0918776586677632,0.0307424554080445,0.0513270439086799,0.0781785327168945,0.0918776586677632,0.106361225215524,0.145136873299243
1000,320,"alpha1",0.362094816653862,0.357430417955997,0.0563436531894735,0.263124906494367,0.323603148120853,0.357430417955997,0.397356781768406,0.485021478061318
1000,320,"beta1",0.315113839815555,0.314301910896878,0.102339243939132,0.108184322226231,0.246828693718105,0.314301910896878,0.376633796397609,0.529029685056703
1000,321,"alpha0",0.0897964891367687,0.088680279713762,0.0204432384265948,0.0653385879291767,0.0800918456189791,0.088680279713762,0.0976175972089287,0.112951069227225
1000,321,"alpha1",0.346365873793223,0.343768242437211,0.052448618428127,0.253178524641019,0.309277059238861,0.343768242437211,0.379401596886813,0.456901776341568
1000,321,"beta1",0.280249103584088,0.278439473125577,0.0678565329877986,0.15335574685985,0.231056145784333,0.278439473125577,0.328975181666348,0.41322126151988
1000,322,"alpha0",0.0784081140694939,0.076269632201027,0.0240334964595334,0.047741534535511,0.0662153820792095,0.076269632201027,0.0876365379026978,0.114715490856544
1000,322,"alpha1",0.239860828521778,0.238036315599349,0.0483540280823061,0.147728343329688,0.207219353954098,0.238036315599349,0.270317267490018,0.344451575995418
1000,322,"beta1",0.413006027897302,0.416162458346652,0.0929441138924556,0.219573170881617,0.351573319797844,0.416162458346652,0.473795988490713,0.594248267749781
1000,323,"alpha0",0.0781704448473533,0.0744807323699102,0.0276501469727699,0.0446228272883303,0.0627644464307176,0.0744807323699102,0.0887560858955081,0.125934711742419
1000,323,"alpha1",0.253083043209974,0.249746525013897,0.0483375741008801,0.167312172133988,0.219523894893641,0.249746525013897,0.283704298166972,0.355785842676795
1000,323,"beta1",0.444771820434251,0.455540919168463,0.0997751407582935,0.226782161320247,0.380492367963313,0.455540919168463,0.51686611898219,0.609457803183724
1000,324,"alpha0",0.0911363333475157,0.0904406549582439,0.0263588742443809,0.0495872804535938,0.075941061056831,0.0904406549582439,0.104914214144307,0.127971319070931
1000,324,"alpha1",0.311210614641011,0.306472146246132,0.0560257771783708,0.214972279023462,0.27240864836453,0.306472146246132,0.345823646292517,0.433866163426889
1000,324,"beta1",0.308789025437661,0.301375556403823,0.111154415014307,0.120920049960821,0.226289490263628,0.301375556403823,0.381800808842811,0.546664365454392
1000,325,"alpha0",0.115052425105809,0.113671514443556,0.025776501666097,0.0751700815925188,0.099647596318321,0.113671514443556,0.128344643334381,0.15565288620381
1000,325,"alpha1",0.280288516155323,0.278751922825243,0.0491619132900335,0.189863191377718,0.246149564370805,0.278751922825243,0.310978825412545,0.378383674903694
1000,325,"beta1",0.253100989430791,0.250714420711323,0.0949072972477887,0.0840251293219171,0.181055851456225,0.250714420711323,0.322871500788361,0.436288515519054
1000,326,"alpha0",0.101248433944007,0.098590600754941,0.0264464567927057,0.0682645994931929,0.0868442100123896,0.098590600754941,0.111270856262474,0.150120797236718
1000,326,"alpha1",0.247934875665771,0.242923919214763,0.049369767554938,0.164524744444431,0.213278093647932,0.242923919214763,0.277400920537382,0.357066517625184
1000,326,"beta1",0.304105853515134,0.306779561434446,0.0981041241029445,0.0816974882348619,0.243299950089621,0.306779561434446,0.369507294835348,0.48267903332265
1000,327,"alpha0",0.0982752388584753,0.0971703121792987,0.0390285173452261,0.0364057666659459,0.0749709501060462,0.0971703121792987,0.118635747046498,0.159351120161279
1000,327,"alpha1",0.208023317523239,0.204283081799691,0.0601608514153809,0.104247972890118,0.164848980869195,0.204283081799691,0.24479709655231,0.342601615383398
1000,327,"beta1",0.381352158656668,0.373135416986789,0.160308308642642,0.107552777322476,0.260684072797619,0.373135416986789,0.486529562990371,0.72126451903808
1000,328,"alpha0",0.129223740677517,0.12877493327912,0.0270160012578232,0.0830812800622154,0.114261780149807,0.12877493327912,0.142206475565119,0.16924820953841
1000,328,"alpha1",0.318220656033374,0.314802256947463,0.0605437025335021,0.208483677156939,0.275514652897742,0.314802256947463,0.357425831293255,0.442782140321535
1000,328,"beta1",0.202980309003742,0.192158318407566,0.0918586806682126,0.0539124569341657,0.135009498138694,0.192158318407566,0.256428984308631,0.416120431066536
1000,329,"alpha0",0.085627658402467,0.0843679328746424,0.0231662992025101,0.0542585571874967,0.0717103464550704,0.0843679328746424,0.0959605842005348,0.124005274683185
1000,329,"alpha1",0.334119425892996,0.331912283549597,0.0473752859286604,0.248727421330075,0.300107411825262,0.331912283549597,0.364371213650578,0.43215513005402
1000,329,"beta1",0.362911879695569,0.366924623548889,0.084344720901397,0.194358563339385,0.306870252335706,0.366924623548889,0.42191938953384,0.513702276429521
1000,330,"alpha0",0.0958104442477833,0.0921509768011661,0.030010095344557,0.0553050585180726,0.0798426118391527,0.0921509768011661,0.105798009455642,0.157141600558838
1000,330,"alpha1",0.319819047228018,0.317457269672994,0.0599372585552128,0.20909848704524,0.278761284100204,0.317457269672994,0.357029364456426,0.44454912965218
1000,330,"beta1",0.355016493209615,0.355477464100334,0.104221999119932,0.0910741354694726,0.296030858802258,0.355477464100334,0.420375844244669,0.555980001012598
1000,331,"alpha0",0.131601352601174,0.130324223009488,0.028384629535145,0.0866044025886787,0.113121477071011,0.130324223009488,0.147731781445794,0.178691513745238
1000,331,"alpha1",0.300377979498328,0.298514864298363,0.0521429226288586,0.203363275482889,0.264629521690415,0.298514864298363,0.332708155855497,0.411603983176251
1000,331,"beta1",0.220982788304597,0.21354535657389,0.101903623930204,0.0406930197593227,0.145688231063579,0.21354535657389,0.291565105907461,0.424267031530017
1000,332,"alpha0",0.101361996634408,0.099818870548079,0.0240418844373118,0.0689201569367993,0.0894374942909819,0.099818870548079,0.111092055812362,0.13350522655577
1000,332,"alpha1",0.33157169673339,0.326388253345605,0.0595427793658808,0.230411996770295,0.288210138834869,0.326388253345605,0.368359319248297,0.460077392964053
1000,332,"beta1",0.266461132784529,0.26417239739468,0.0813585117533592,0.115481186464616,0.212970132322541,0.26417239739468,0.316931782630586,0.434602396489048
1000,333,"alpha0",0.0963180230133859,0.0951526559776798,0.0211592295738102,0.0680968746995077,0.0863825221437457,0.0951526559776798,0.104642853197003,0.124879073008682
1000,333,"alpha1",0.321098092954312,0.315932271467284,0.0586912304169194,0.220394890622622,0.280081237526549,0.315932271467284,0.354649022278994,0.454679445832562
1000,333,"beta1",0.254416776538879,0.24908067778679,0.0775117304809009,0.112982383032515,0.202824838979351,0.24908067778679,0.302097446757321,0.426708648836367
1000,334,"alpha0",0.104632232918286,0.104606836196027,0.0350575451067098,0.0449021863770563,0.0804238252529943,0.104606836196027,0.130387090154427,0.163478181386074
1000,334,"alpha1",0.173628634081375,0.168689739497624,0.0499419639833737,0.0865992000681334,0.140909874434201,0.168689739497624,0.201650952756499,0.284435313125916
1000,334,"beta1",0.367474905841665,0.352918767810687,0.163338190795773,0.107935730500036,0.236684412828943,0.352918767810687,0.483632407925455,0.693877296699233
1000,335,"alpha0",0.0703166748734001,0.0672871403093725,0.0284772002782148,0.0371216696972734,0.0582223587247459,0.0672871403093725,0.0778679092821468,0.125021230079677
1000,335,"alpha1",0.270660174961558,0.266569765889675,0.0519599769405073,0.178035486077344,0.234192654176511,0.266569765889675,0.303246654182046,0.381341534413452
1000,335,"beta1",0.425672885425593,0.427286188960019,0.10406617784422,0.201421033509468,0.365846494165746,0.427286188960019,0.487107836044533,0.62862825722279
1000,336,"alpha0",0.134849338276118,0.133907689093039,0.0301101326922656,0.0825308655191395,0.117250162116685,0.133907689093039,0.151279377760891,0.184046082436981
1000,336,"alpha1",0.268259349549299,0.266472520428102,0.0512253824752992,0.172623356061515,0.232758206404147,0.266472520428102,0.29980070605602,0.378222109664502
1000,336,"beta1",0.219959503001041,0.216565691491725,0.107722092154293,0.036821501111794,0.140044495736083,0.216565691491725,0.288129829929299,0.455142765138636
1000,337,"alpha0",0.104687367717127,0.102764253810298,0.0269905583925731,0.0679237217704797,0.0909362939140377,0.102764253810298,0.114676116053461,0.143603234244704
1000,337,"alpha1",0.332484411108218,0.328771312236003,0.0526622355546028,0.237934128276974,0.295594403358365,0.328771312236003,0.36786139989773,0.441010739551106
1000,337,"beta1",0.285495521457003,0.28329098626867,0.0849481908623138,0.115947578766736,0.230632960268245,0.28329098626867,0.339957207459856,0.458097899593737
1000,338,"alpha0",0.0818736623494615,0.0799566613826008,0.0238076659047267,0.0557229208013891,0.0718460930782018,0.0799566613826008,0.0893035783573307,0.107723751623175
1000,338,"alpha1",0.329040015183211,0.325828986954776,0.0502345568094426,0.237734471482517,0.294429182073257,0.325828986954776,0.359816755141413,0.438993719339584
1000,338,"beta1",0.339967474635817,0.340503047624377,0.0742370094949942,0.207033320138385,0.287128400945918,0.340503047624377,0.390238503305882,0.484906166777865
1000,339,"alpha0",0.143224168214782,0.143036437589796,0.0236103560484955,0.104629327453956,0.130770999588908,0.143036437589796,0.154621020163234,0.176506542057892
1000,339,"alpha1",0.351466489413335,0.349578378756139,0.0555196355128652,0.247403480549475,0.313849534743985,0.349578378756139,0.38718049897794,0.466718703272053
1000,339,"beta1",0.120222403281441,0.113456132215494,0.0683050389939933,0.0136472915364873,0.0705814940590775,0.113456132215494,0.161483234062705,0.280217778430422
1000,340,"alpha0",0.0962280670757447,0.093099671738802,0.0296642532473472,0.0513870861666066,0.0785610152366403,0.093099671738802,0.111404021557198,0.149667378260209
1000,340,"alpha1",0.338873913260775,0.337012066304855,0.0567805987284835,0.23402117443382,0.301100485102951,0.337012066304855,0.375718720173072,0.456941211393571
1000,340,"beta1",0.294659163373598,0.29793731248051,0.120251891091311,0.0464898777513573,0.212384974081005,0.29793731248051,0.37552118929703,0.529546036992825
1000,341,"alpha0",0.104369048910515,0.10216142437202,0.0306459717424276,0.0583377795007939,0.0889604977782456,0.10216142437202,0.117544940120091,0.146609168136041
1000,341,"alpha1",0.282826483062557,0.277863838903669,0.0549243491393103,0.18781563493543,0.244390484830959,0.277863838903669,0.317676077040845,0.405375652523967
1000,341,"beta1",0.307338854681051,0.30702833907648,0.104257007181879,0.120288604834194,0.230245976870739,0.30702833907648,0.374431338207733,0.528071708273065
1000,342,"alpha0",0.106538610109084,0.104669245402246,0.0267693385153278,0.0757288048308349,0.0931873742340028,0.104669245402246,0.115415571868512,0.140969453898589
1000,342,"alpha1",0.394637040907261,0.394257592563153,0.0607798391658986,0.277351163980487,0.354177114610696,0.394257592563153,0.435189321760951,0.512063458532646
1000,342,"beta1",0.218072211535117,0.215607445703248,0.0749343138419306,0.073386379860998,0.165624467314779,0.215607445703248,0.270912048660974,0.361945998242618
1000,343,"alpha0",0.095636898464317,0.0947049675684777,0.0286902660037032,0.0548827450744583,0.0817145640812855,0.0947049675684777,0.106789415645849,0.135704363335964
1000,343,"alpha1",0.256296658333085,0.252876565033133,0.046449596172177,0.174711673592575,0.223696041854481,0.252876565033133,0.283013084447364,0.362229101663846
1000,343,"beta1",0.332597890564301,0.324418553601158,0.102882442706056,0.13850167268277,0.26051868663743,0.324418553601158,0.399808580323557,0.540669270102045
1000,344,"alpha0",0.133660186814115,0.132829967513117,0.0255215715232124,0.0973801533380247,0.118766488990347,0.132829967513117,0.145827569175847,0.170422148729183
1000,344,"alpha1",0.329295932451031,0.324798206536648,0.055781029010418,0.232026184108725,0.291041768881491,0.324798206536648,0.363429377783484,0.452488745290884
1000,344,"beta1",0.173018021163526,0.16791267813728,0.074458512689887,0.0440360208019078,0.116846386134716,0.16791267813728,0.225802165165376,0.321170408528801
1000,345,"alpha0",0.128244408351274,0.128099798338227,0.0267609674560834,0.088357934089662,0.11621929997607,0.128099798338227,0.139682302112643,0.160157892975219
1000,345,"alpha1",0.339192253626569,0.335346873541748,0.0518102760696982,0.248454273825705,0.302923628786433,0.335346873541748,0.372202474541101,0.4513185177749
1000,345,"beta1",0.17737604808688,0.167124616063632,0.0797083126260373,0.0517977967898307,0.120523076170584,0.167124616063632,0.223907862277937,0.348119976529594
1000,346,"alpha0",0.133052906573319,0.132906272695945,0.0209168952020758,0.102105910835817,0.121091762022456,0.132906272695945,0.14321718572803,0.161450793631556
1000,346,"alpha1",0.294187567368793,0.290491944627984,0.0508044014453926,0.20143576985995,0.25901150164232,0.290491944627984,0.325038656578032,0.407977020999787
1000,346,"beta1",0.110248273588019,0.0989544332645567,0.0716895713703794,0.00479855450699328,0.0535694121886056,0.0989544332645567,0.160016729992288,0.2660947432545
1000,347,"alpha0",0.123811083730845,0.121468474758342,0.0278238715037614,0.0843984751074942,0.107863909238567,0.121468474758342,0.137678319920514,0.163585377327692
1000,347,"alpha1",0.244775887967129,0.241049868547285,0.0508746242166493,0.155271937290526,0.209479339562382,0.241049868547285,0.277034369445476,0.353979776256072
1000,347,"beta1",0.209539040279784,0.209074541099429,0.0951080710510169,0.0331366654718881,0.140445170944239,0.209074541099429,0.277077366628855,0.393382800883908
1000,348,"alpha0",0.0907963920044517,0.0864237853830905,0.0314309930837687,0.0537005904730923,0.0736971828879028,0.0864237853830905,0.100310931892997,0.149122119081127
1000,348,"alpha1",0.241307941651365,0.238255793954766,0.0536049309817539,0.148298399766986,0.203218477848544,0.238255793954766,0.274608419841858,0.3624172382924
1000,348,"beta1",0.376137937579629,0.383742612117338,0.116555951666334,0.0822196435470942,0.308477340851141,0.383742612117338,0.454064580612387,0.581774914634807
1000,349,"alpha0",0.126029313108688,0.125460837610924,0.0260012555411584,0.0838892629638918,0.110860323835589,0.125460837610924,0.140314698111598,0.166146994282019
1000,349,"alpha1",0.324673044455916,0.322818914913829,0.0551754911008241,0.226450528315847,0.285933390373578,0.322818914913829,0.360418310337205,0.441933124916195
1000,349,"beta1",0.197173063078035,0.197217448974766,0.0910596164654623,0.0435450156011745,0.126457660965111,0.197217448974766,0.255091029667254,0.381809015070757
1000,350,"alpha0",0.116450094864995,0.116198401456664,0.0244254214565324,0.0776131092109835,0.102226350945168,0.116198401456664,0.129340982821965,0.153770631674389
1000,350,"alpha1",0.261577212776849,0.25844950140168,0.0500302742923759,0.169263002064742,0.228877485973185,0.25844950140168,0.291496343394951,0.370356089817817
1000,350,"beta1",0.211756527257592,0.20506305149978,0.0991638457944487,0.0432949324045567,0.141187820515054,0.20506305149978,0.273881127983277,0.426040355812678
1000,351,"alpha0",0.0882402491630749,0.0848990325066252,0.0279488594535975,0.0549524869167955,0.0744289415104583,0.0848990325066252,0.0970345743141483,0.134213782930898
1000,351,"alpha1",0.242165392783124,0.239724613168519,0.0505638830755445,0.152316076797147,0.208251159846668,0.239724613168519,0.272633208326271,0.350561809671221
1000,351,"beta1",0.398019439750577,0.399074135668057,0.0911991000239871,0.210201152445059,0.343543723260239,0.399074135668057,0.456160706338044,0.585954685816439
1000,352,"alpha0",0.0921183416750412,0.0908153379746865,0.0254176990301546,0.0613443488242797,0.079676736295735,0.0908153379746865,0.10203741736319,0.121522178846398
1000,352,"alpha1",0.322558640480601,0.319786253632122,0.0489227478001401,0.227508002875294,0.288279211782387,0.319786253632122,0.355781420988569,0.422982193528841
1000,352,"beta1",0.330798864603672,0.328768351327689,0.0776337436222663,0.193076382439382,0.274510731000855,0.328768351327689,0.3813090577117,0.495084299980636
1000,353,"alpha0",0.103795437191785,0.101305864913624,0.0267874992119858,0.0695461529317631,0.0897782379891763,0.101305864913624,0.114367290410572,0.143106240548414
1000,353,"alpha1",0.318885979325904,0.31641696219084,0.0574629450187293,0.214952233992253,0.278052034185163,0.31641696219084,0.356703452567489,0.439544910120228
1000,353,"beta1",0.299289130503568,0.301078054910904,0.08269967862287,0.139290696448761,0.242133621147792,0.301078054910904,0.354710352915529,0.461416132519416
1000,354,"alpha0",0.0870484435483485,0.0829993530003935,0.0327194316030482,0.0431561501822011,0.0670189688894568,0.0829993530003935,0.101514121275924,0.147522105027045
1000,354,"alpha1",0.246239158211539,0.242914996940677,0.0473422185679869,0.16277863191491,0.213048716235586,0.242914996940677,0.275602488681961,0.347728959861094
1000,354,"beta1",0.431114647497639,0.438721242265463,0.120568017177737,0.169731422736681,0.354877814004904,0.438721242265463,0.519111826408229,0.641079469269411
1000,355,"alpha0",0.108696490929216,0.108843486093447,0.0256271983363193,0.0673475048689544,0.0932592220755966,0.108843486093447,0.122982715087867,0.146584256918382
1000,355,"alpha1",0.259648434349566,0.256486743690176,0.0499792147011027,0.173393062574387,0.223793761396478,0.256486743690176,0.291702843457966,0.367599958800276
1000,355,"beta1",0.265971772944825,0.255109032141811,0.104608044154854,0.0905261119353771,0.19009281813198,0.255109032141811,0.332396483833545,0.48339685310147
1000,356,"alpha0",0.0837472376741608,0.0827047014476795,0.0265542332384134,0.051903415221974,0.0699604022802364,0.0827047014476795,0.0938357472301137,0.116260569654415
1000,356,"alpha1",0.268559775495173,0.265987284436656,0.0481851593668786,0.181635740549378,0.234269848751151,0.265987284436656,0.301298277006999,0.368315868636726
1000,356,"beta1",0.399719575758078,0.397335354790575,0.0892553707111741,0.23859460188839,0.336577442527791,0.397335354790575,0.461000081801857,0.5772202001779
1000,357,"alpha0",0.100486160067539,0.0981145068557763,0.0270393646935237,0.068575149856812,0.0875544818701613,0.0981145068557763,0.110038359424385,0.1334238738035
1000,357,"alpha1",0.335972914505144,0.334708064050027,0.0546630623019898,0.229658350122523,0.299753198630963,0.334708064050027,0.373152746040753,0.446003422381424
1000,357,"beta1",0.299210758103042,0.299091603457119,0.0789624783535708,0.153233214007074,0.245591531969491,0.299091603457119,0.348065515852329,0.468748446366511
1000,358,"alpha0",0.084840421417042,0.0800696712267513,0.0313923265794617,0.0472407880981146,0.0667021407418776,0.0800696712267513,0.0981503278875479,0.134794733462915
1000,358,"alpha1",0.277727455802556,0.275937609227422,0.0514708347767779,0.182760435560049,0.242008230795629,0.275937609227422,0.311670399450796,0.383664182346781
1000,358,"beta1",0.392050673962624,0.401867675034651,0.117023354879985,0.147092550923396,0.311849032423413,0.401867675034651,0.477559284342881,0.594461791152842
1000,359,"alpha0",0.0956855133232018,0.0938381280214859,0.0247831526476746,0.0661106649133549,0.0824726238687266,0.0938381280214859,0.105393403292406,0.12829755418834
1000,359,"alpha1",0.29695270331296,0.294637428767975,0.0539667679699996,0.201517056774899,0.258524949902179,0.294637428767975,0.33259093691269,0.407668620580742
1000,359,"beta1",0.299130143183256,0.298430590826488,0.0805335703494471,0.149334940288036,0.239921150486526,0.298430590826488,0.358302681120216,0.45297665161534
1000,360,"alpha0",0.0997334671084031,0.0978255349845573,0.0255050767677966,0.0646108845605049,0.0843268151762883,0.0978255349845573,0.112557126007602,0.139405541860242
1000,360,"alpha1",0.243166467281516,0.239803044036613,0.0549515148827844,0.145848799422434,0.203737863044024,0.239803044036613,0.279295692250032,0.359290106172046
1000,360,"beta1",0.31436368918998,0.314410424228205,0.104402094527632,0.11854563573043,0.237581274778244,0.314410424228205,0.389559128189339,0.526333695703491
1000,361,"alpha0",0.113598073044101,0.111536774744744,0.0273798638830728,0.0800656527097182,0.0984219242363184,0.111536774744744,0.124785989743524,0.15141067674407
1000,361,"alpha1",0.326580998888665,0.325681542578185,0.0491148393838227,0.230119098199875,0.293147236597504,0.325681542578185,0.360233462731511,0.42301319124094
1000,361,"beta1",0.243927498059229,0.245491608991607,0.0825612173639842,0.0919600388123152,0.183430442909572,0.245491608991607,0.301645577741424,0.405702607396326
1000,362,"alpha0",0.0999582698763072,0.0991577586829992,0.025981868072355,0.0552092658814928,0.0875149427636674,0.0991577586829992,0.111024522730174,0.137709677530684
1000,362,"alpha1",0.375480114967251,0.376794227737136,0.0658301831004206,0.247860133885336,0.333102337603945,0.376794227737136,0.417912593564822,0.507467264703611
1000,362,"beta1",0.257843524386811,0.248330314776707,0.0897752671047957,0.108061332379344,0.200691202024716,0.248330314776707,0.305889142483206,0.471443726327314
1000,363,"alpha0",0.11894704907214,0.118947024068522,0.0228581820742102,0.0845612267674756,0.106777728991459,0.118947024068522,0.129810989355454,0.148268534248845
1000,363,"alpha1",0.368326485026832,0.366630145634462,0.0533588075329965,0.271336090311419,0.330831511501282,0.366630145634462,0.40311157497754,0.478201186718182
1000,363,"beta1",0.17426077609373,0.166056076227437,0.0690836306074676,0.0589842295145126,0.12380426894331,0.166056076227437,0.219493890913935,0.323149267823084
1000,364,"alpha0",0.093178667241558,0.0901482403315662,0.0296497410036429,0.0571774894569564,0.0772309792964883,0.0901482403315662,0.104647246768244,0.136132872834604
1000,364,"alpha1",0.281292188920693,0.279110055816089,0.0480034295927329,0.192198255756759,0.248505187509666,0.279110055816089,0.311726846224789,0.381978694792251
1000,364,"beta1",0.34575369353868,0.348936269816976,0.098420388119614,0.149999121532176,0.277913523780359,0.348936269816976,0.417186305630728,0.52091299145418
1000,365,"alpha0",0.0905968628233864,0.0884500406916992,0.0291153180536485,0.0508565789554116,0.072479400068453,0.0884500406916992,0.104309448308277,0.135976550617754
1000,365,"alpha1",0.257726238896781,0.253822599794561,0.0518066138813719,0.166836667624348,0.221476212264734,0.253822599794561,0.290176854747876,0.371545183989057
1000,365,"beta1",0.391697258526252,0.394239367079407,0.111561021303526,0.178104494409461,0.313752952687869,0.394239367079407,0.471818314953461,0.5990012161774
1000,366,"alpha0",0.083356523592703,0.0827504148448773,0.023357059654682,0.0434483401055033,0.0720610268616767,0.0827504148448773,0.0938110662380427,0.116015536728116
1000,366,"alpha1",0.316275413266533,0.313237391462978,0.0517929625074223,0.221866266975643,0.280052496592709,0.313237391462978,0.350092286792858,0.424835402535117
1000,366,"beta1",0.361020904708468,0.355797116243103,0.0929116152085729,0.194069432154014,0.296773621235055,0.355797116243103,0.416055421632102,0.570964158516854
1000,367,"alpha0",0.0851972459436188,0.0829453792756961,0.023776924484814,0.0555744161382633,0.0728613108938642,0.0829453792756961,0.0938529289999513,0.119876971519645
1000,367,"alpha1",0.343450514609407,0.341169189083821,0.0556624730817808,0.239917462367367,0.304441972014205,0.341169189083821,0.379014114272666,0.459137816549255
1000,367,"beta1",0.36319544759822,0.361175373256993,0.0801188326888809,0.200282550463474,0.312242656328097,0.361175373256993,0.415501771029654,0.525608053359893
1000,368,"alpha0",0.0895070024007342,0.0877401645785321,0.0267616004470405,0.0538742766675945,0.0743401752869172,0.0877401645785321,0.10039250716088,0.133483585444882
1000,368,"alpha1",0.347862517751356,0.345370842321924,0.0598545975930658,0.242757086813595,0.306065324961891,0.345370842321924,0.387438785792793,0.467572232035668
1000,368,"beta1",0.343188432373458,0.342178791134057,0.0930085584944976,0.170448836002743,0.276791623968538,0.342178791134057,0.408565875670491,0.520545434420877
1000,369,"alpha0",0.113794001462567,0.113328706946279,0.0275045640373957,0.0734834081509339,0.0967524518255057,0.113328706946279,0.128144593048653,0.155918643889461
1000,369,"alpha1",0.336011812385959,0.333486310960961,0.0591112204367191,0.225788749755987,0.295826498890695,0.333486310960961,0.373889011869673,0.460547789499552
1000,369,"beta1",0.197197490522809,0.190184345952897,0.105800328107198,0.0213949099913035,0.114886237496801,0.190184345952897,0.271747258563462,0.413386607436611
1000,370,"alpha0",0.108329252122961,0.105959228627818,0.0304141257443079,0.0592494197107068,0.0920290437069947,0.105959228627818,0.121228111395198,0.156477786209944
1000,370,"alpha1",0.253253647376839,0.252013367077357,0.0478590954043972,0.163784592941544,0.220709688834839,0.252013367077357,0.284846138037682,0.350318242196391
1000,370,"beta1",0.345686950073942,0.346581215172647,0.0996923744843718,0.146045039376717,0.283492294446976,0.346581215172647,0.408128278767867,0.57695483420781
1000,371,"alpha0",0.117191765318944,0.115506924040944,0.0239472983345086,0.0835726425129075,0.10226440467157,0.115506924040944,0.130205830345365,0.153026978488466
1000,371,"alpha1",0.331123750907115,0.328429076078919,0.0537782159811077,0.228736382096998,0.294361095914253,0.328429076078919,0.364725758299204,0.443761596796099
1000,371,"beta1",0.187668490595506,0.18738952299191,0.0840174735147614,0.0429469929818543,0.120715639189078,0.18738952299191,0.24939394621451,0.348861857925829
1000,372,"alpha0",0.137203074601434,0.136801097445295,0.0245422814733939,0.0962011027184978,0.121371666859712,0.136801097445295,0.151499134862383,0.176778654232567
1000,372,"alpha1",0.380383922298038,0.377528735189337,0.0626734459980992,0.269117353074043,0.335534924341118,0.377528735189337,0.420172094056678,0.513154654611749
1000,372,"beta1",0.147382616995107,0.135656823415365,0.0838878398354115,0.0147649303844295,0.0815887219549488,0.135656823415365,0.204434432455586,0.329548961118723
1000,373,"alpha0",0.116582778341185,0.116999928200023,0.0244764733337047,0.0728225741886252,0.103873358689251,0.116999928200023,0.128298002290716,0.150179180552509
1000,373,"alpha1",0.390651576068119,0.389777747612469,0.0602076717207918,0.277073612799983,0.348033153151995,0.389777747612469,0.430161486584731,0.512322458823152
1000,373,"beta1",0.218532138590776,0.208912527556638,0.0838668580076771,0.0883372512853314,0.157921859062347,0.208912527556638,0.265601018579813,0.415409639748869
1000,374,"alpha0",0.0950238699775001,0.0932954766639021,0.0240946404362073,0.0608432515472837,0.0818841983164834,0.0932954766639021,0.104394242389479,0.133587423395354
1000,374,"alpha1",0.28350525045747,0.281096994541569,0.0479340729517997,0.192923347938517,0.250608303277912,0.281096994541569,0.314236310563973,0.384082394741819
1000,374,"beta1",0.286872131866226,0.287391336610834,0.0934266226474732,0.100131502744552,0.22776174452692,0.287391336610834,0.348004982178512,0.481243795157723
1000,375,"alpha0",0.105493651235733,0.102466695751229,0.0314130705073547,0.0639171425359707,0.0889260241298438,0.102466695751229,0.116652956429801,0.156876924923264
1000,375,"alpha1",0.281457061336805,0.277259939581462,0.0510126809584981,0.189254633362883,0.246275572850642,0.277259939581462,0.312500119546831,0.393248914362101
1000,375,"beta1",0.293868649956631,0.294850452518603,0.101120169957543,0.0806093334610125,0.228832086324558,0.294850452518603,0.358346374334768,0.503940305715103
1000,376,"alpha0",0.0862526647575151,0.083937220376147,0.0241776722191982,0.0587364683949432,0.0743475860225375,0.083937220376147,0.0939618583811872,0.121708045247415
1000,376,"alpha1",0.370626186363771,0.369213585358768,0.0567543044574283,0.26550794973249,0.330793860164888,0.369213585358768,0.407338314849509,0.489480964406273
1000,376,"beta1",0.315570566526238,0.314554710759403,0.0736037846649024,0.168333014213666,0.26920027646112,0.314554710759403,0.363213269954893,0.466209057237926
1000,377,"alpha0",0.0914163788583945,0.0909499910434581,0.0229697540823378,0.0569101452407481,0.0794865633133504,0.0909499910434581,0.102070873239088,0.121399877306123
1000,377,"alpha1",0.275377724803088,0.271799404172894,0.0498414656860982,0.188655218126998,0.239597878658328,0.271799404172894,0.306486130175985,0.384352376486555
1000,377,"beta1",0.340431931299296,0.340767651934761,0.0875819276031489,0.172939913485974,0.276762708023703,0.340767651934761,0.396445609786301,0.523426310262233
1000,378,"alpha0",0.140301107729035,0.139977655288131,0.0254752614499722,0.104839877454128,0.127285044789037,0.139977655288131,0.151275152150076,0.171137706840331
1000,378,"alpha1",0.319035854552924,0.317749028632187,0.0507375391022071,0.227664897706573,0.28351570861506,0.317749028632187,0.351547221745665,0.424474817491135
1000,378,"beta1",0.135523645617745,0.130881699885124,0.0703499840870394,0.0202240306648616,0.0826444806667566,0.130881699885124,0.181388321933382,0.290722199408742
1000,379,"alpha0",0.126832917238944,0.126974803336704,0.0272727291362844,0.07960724268213,0.109731127728208,0.126974803336704,0.143051938756646,0.169592037252513
1000,379,"alpha1",0.313558984022989,0.310474507829452,0.0502609636313573,0.225007924282139,0.277147773266506,0.310474507829452,0.344899212357596,0.421363855409903
1000,379,"beta1",0.233734394941924,0.22294430869787,0.0927285592598298,0.07119580284878,0.167687397474624,0.22294430869787,0.297226124637192,0.422905545455016
1000,380,"alpha0",0.0864976795079048,0.084541877608202,0.0236094373577224,0.0573926441669459,0.0748488926036134,0.084541877608202,0.0952649538548073,0.11949455567077
1000,380,"alpha1",0.345562710557685,0.343306279988749,0.0499728961151419,0.25208266657722,0.311063774182464,0.343306279988749,0.379414891372748,0.447228235213822
1000,380,"beta1",0.324097346271899,0.323633586701523,0.0805858512727133,0.16172052998895,0.271434042646495,0.323633586701523,0.378599338033729,0.479580443670356
1000,381,"alpha0",0.102517528433375,0.102055652253805,0.0261087299821987,0.0690201968941874,0.0891871569400643,0.102055652253805,0.113030299971114,0.134366827786828
1000,381,"alpha1",0.334531063829126,0.334560023117153,0.0567463162995281,0.227991210877393,0.295731398179252,0.334560023117153,0.369690428613075,0.453293319503657
1000,381,"beta1",0.252266114203213,0.241559993547954,0.0859705263604288,0.109853450191557,0.190246420782462,0.241559993547954,0.311795851659549,0.432216324071678
1000,382,"alpha0",0.0932059598487417,0.0906314150606304,0.0241733609337319,0.0599329104483858,0.0786972705624128,0.0906314150606304,0.104907085443354,0.13481788765658
1000,382,"alpha1",0.316720536879821,0.313213316116193,0.0514222717559177,0.223014137773507,0.281116808697599,0.313213316116193,0.349129189948227,0.426982381944852
1000,382,"beta1",0.301434094605122,0.305782941737467,0.0959851443679662,0.107802819832093,0.232162751593229,0.305782941737467,0.369309885485917,0.477200877734303
1000,383,"alpha0",0.0871995230314118,0.0835546926579467,0.0281277596382146,0.0495889101331754,0.0709030993025648,0.0835546926579467,0.0981920045631268,0.141630677370703
1000,383,"alpha1",0.264426532505479,0.261456692015993,0.0523396025917744,0.17225275153087,0.228687334986592,0.261456692015993,0.296205727400731,0.376395529835419
1000,383,"beta1",0.400506671194318,0.407650570547721,0.109387531878124,0.179705939332606,0.332033397177505,0.407650570547721,0.474472983894343,0.593569524246558
1000,384,"alpha0",0.0958779433426229,0.0935573247446183,0.0271365140208473,0.057613600400832,0.0809062568931665,0.0935573247446183,0.107466481729919,0.144160186489996
1000,384,"alpha1",0.287178488516039,0.284646398560776,0.049300144963868,0.200486676835752,0.252941452962165,0.284646398560776,0.318275175395257,0.394687038262635
1000,384,"beta1",0.365910314635914,0.369709981474739,0.0902540793961455,0.172455171581416,0.306716087338247,0.369709981474739,0.429443179425894,0.532836052440161
1000,385,"alpha0",0.117990706182464,0.115944428983787,0.0305359482165305,0.0743964765041166,0.102467005983902,0.115944428983787,0.130793876823617,0.160828529727555
1000,385,"alpha1",0.370825073310968,0.370834491618654,0.0576454824948301,0.260642749011702,0.332775218017384,0.370834491618654,0.408011083957894,0.492471437879725
1000,385,"beta1",0.212125872883868,0.212020875746205,0.0975257624087777,0.0466386643987569,0.135241235451931,0.212020875746205,0.276881032765302,0.422088377804755
1000,386,"alpha0",0.0980929655493304,0.0950931468443163,0.0274974519545557,0.0660635942699551,0.0849002786236046,0.0950931468443163,0.1076220563464,0.137633797706252
1000,386,"alpha1",0.296969667112083,0.29495077266533,0.052282618992006,0.204229223080472,0.260313830756552,0.29495077266533,0.329660997114016,0.408158078408229
1000,386,"beta1",0.292252787477662,0.29061377440547,0.0843824860733236,0.126477807060402,0.234094916382212,0.29061377440547,0.347754023214793,0.461027182143215
1000,387,"alpha0",0.112279458580617,0.110931284481481,0.0258083907567568,0.0789055799673289,0.0994709915993882,0.110931284481481,0.122715906979909,0.143830355065151
1000,387,"alpha1",0.372338870699291,0.370331491680716,0.0529606847371578,0.276180312463135,0.335403489260978,0.370331491680716,0.407523940951677,0.479122455674238
1000,387,"beta1",0.204880779080418,0.198228693082002,0.0746540716299069,0.076837302242855,0.15169168373617,0.198228693082002,0.252618880416293,0.363771849056899
1000,388,"alpha0",0.0810514487089227,0.079643273823803,0.0264005617635254,0.0451011116189737,0.0648926031662355,0.079643273823803,0.0936315951323286,0.124913914730069
1000,388,"alpha1",0.313625074215086,0.314440617365718,0.0636135699901447,0.193370065698722,0.270380692894331,0.314440617365718,0.354328962786674,0.441545208704318
1000,388,"beta1",0.357165923942679,0.350647857662063,0.119049405728546,0.134863354373541,0.270594066445742,0.350647857662063,0.446997961252446,0.584235397260421
1000,389,"alpha0",0.105985983661433,0.104766812130031,0.0243678490985139,0.072115847167382,0.0943720367090475,0.104766812130031,0.116081366758008,0.136626590097258
1000,389,"alpha1",0.360146382117799,0.357772678152022,0.0566008318576244,0.258423940882063,0.320754242410424,0.357772678152022,0.397461835492407,0.475615450246074
1000,389,"beta1",0.232214745767902,0.227844650892669,0.0790203436594598,0.0956816292387254,0.172528872925041,0.227844650892669,0.281224036788199,0.406358950634106
1000,390,"alpha0",0.104415068723968,0.103523408067859,0.0239861462244036,0.072214042582724,0.0909073067941263,0.103523408067859,0.115819512714194,0.134939460836272
1000,390,"alpha1",0.354275641232168,0.35044495097407,0.0546857621368347,0.256393116149007,0.317075873371561,0.35044495097407,0.389299841950886,0.468778736101409
1000,390,"beta1",0.223227352859944,0.216166220019791,0.0796717252672102,0.085098076816669,0.165342071849339,0.216166220019791,0.276633121262365,0.383499865234554
1000,391,"alpha0",0.126625899353521,0.125096034889987,0.0286131000133759,0.0825116356194266,0.110775428645137,0.125096034889987,0.140481141660586,0.167850938829118
1000,391,"alpha1",0.339782132984536,0.337330034190763,0.0584124035620914,0.238041535872131,0.29935007244691,0.337330034190763,0.375138330827137,0.469934947727115
1000,391,"beta1",0.199340884258725,0.193098241640203,0.0927621293495999,0.0392914652868576,0.132372326765473,0.193098241640203,0.261070498816102,0.391457429760454
1000,392,"alpha0",0.122267979820578,0.120292272632228,0.0250971834259531,0.0867595020180369,0.109895825762647,0.120292272632228,0.132634361662706,0.157298300093656
1000,392,"alpha1",0.323944008794023,0.320747147930322,0.064175707268024,0.210669028307166,0.276987677190507,0.320747147930322,0.366575771357959,0.456091896866666
1000,392,"beta1",0.168078033772595,0.160919181643029,0.0837992698163082,0.0237297492433954,0.107010308585322,0.160919181643029,0.22502730824583,0.34388286516597
1000,393,"alpha0",0.109960844992871,0.108050170082482,0.0295361582246499,0.0664150472138871,0.0927234425068067,0.108050170082482,0.123773590551161,0.159329298164876
1000,393,"alpha1",0.315477857873301,0.314109034623802,0.0560542034026557,0.211647358953566,0.275591250996842,0.314109034623802,0.35444921497892,0.42381952226843
1000,393,"beta1",0.26389959352364,0.258671002436457,0.100917434276867,0.0607532719743199,0.197061922061707,0.258671002436457,0.33390432788429,0.467694258748389
1000,394,"alpha0",0.100924631676458,0.0979567898514292,0.0324822048028343,0.0500598407814859,0.0785728385160702,0.0979567898514292,0.120858161252921,0.1610711418543
1000,394,"alpha1",0.207090318555329,0.205031091230121,0.0470833761999806,0.125194735415301,0.173948492550215,0.205031091230121,0.236998164932316,0.298864358757456
1000,394,"beta1",0.392093032160609,0.397694818819501,0.137594917528249,0.13146045382115,0.295201052612161,0.397694818819501,0.489575629440008,0.642190485324325
1000,395,"alpha0",0.13008417671614,0.131207515637453,0.0286290271167034,0.076551592848439,0.112323876266008,0.131207515637453,0.14708623737253,0.174481965251374
1000,395,"alpha1",0.240513922578419,0.236134719787669,0.0506661701783544,0.153831810380946,0.205831412330956,0.236134719787669,0.270330642941154,0.348410408962233
1000,395,"beta1",0.192016887145767,0.175985710582698,0.115070015814775,0.0164660906685393,0.103151563153961,0.175985710582698,0.272422320961171,0.454392582853198
1000,396,"alpha0",0.113013583698687,0.112244142760444,0.0255300462864353,0.0751814745746379,0.0992671430075638,0.112244142760444,0.124692088799152,0.148972425857237
1000,396,"alpha1",0.300471294020184,0.296754173400255,0.0565109591929752,0.20034287276472,0.261584051984593,0.296754173400255,0.334977095333556,0.421981291610001
1000,396,"beta1",0.221966251861084,0.215404838302298,0.0851773431752631,0.0707751204413357,0.164278306699525,0.215404838302298,0.273168087373827,0.40839072379321
1000,397,"alpha0",0.10422881819334,0.103298951849764,0.0278323878464757,0.0561139878131083,0.087990473607128,0.103298951849764,0.119224866403063,0.14890452700435
1000,397,"alpha1",0.293956359778926,0.292320848128683,0.0520891020038452,0.194669383151108,0.258117703256346,0.292320848128683,0.327071294899025,0.404788550291123
1000,397,"beta1",0.281474387085044,0.273023016884378,0.10924537605671,0.0847040377933019,0.203756172282554,0.273023016884378,0.35061311514632,0.520787064478878
1000,398,"alpha0",0.0945356433690155,0.0912390109888359,0.0296009873891436,0.0602300297870704,0.0803293042422242,0.0912390109888359,0.103707498576447,0.138587993132638
1000,398,"alpha1",0.391563295510842,0.387877543106576,0.0621013432014044,0.282430853008768,0.345878369649018,0.387877543106576,0.434242194762668,0.519508245110537
1000,398,"beta1",0.295891244646193,0.29962593655755,0.083293038336545,0.12697217170269,0.243436197107577,0.29962593655755,0.352258246386012,0.452331415924438
1000,399,"alpha0",0.151003905325743,0.151884471893684,0.0242611732176958,0.107456128094061,0.136218946540903,0.151884471893684,0.16551333404049,0.186834565062698
1000,399,"alpha1",0.311033744050913,0.306584739778958,0.0559440511441203,0.213807694096989,0.271157098053065,0.306584739778958,0.346362800739397,0.431056275753758
1000,399,"beta1",0.124112832262639,0.11279095352231,0.0814893597566948,0.00896841065154531,0.0618815657553879,0.11279095352231,0.171239275686118,0.321940021184034
1000,400,"alpha0",0.10324552272191,0.102606289674871,0.0194714537723071,0.0793784669027702,0.0948575765226331,0.102606289674871,0.110382351973463,0.124847307745858
1000,400,"alpha1",0.41974357280243,0.417300974158886,0.0593816881688875,0.306685640094273,0.379483604994692,0.417300974158886,0.460711770674101,0.537941577814458
1000,400,"beta1",0.174455338899175,0.169950997950702,0.0538045038153866,0.0814793568038951,0.136796375423175,0.169950997950702,0.208348151931572,0.290765429171125
1000,401,"alpha0",0.0920252782235692,0.0904748689909062,0.0219031638911386,0.0627515645235126,0.0796240491885714,0.0904748689909062,0.10220636979136,0.124545193334354
1000,401,"alpha1",0.322402631335158,0.318557571148239,0.0532667174840957,0.221631721327401,0.28593705475242,0.318557571148239,0.357570653318823,0.433499868993098
1000,401,"beta1",0.317640849455039,0.312222814234804,0.0826231437433935,0.166781864757297,0.259277687917791,0.312222814234804,0.37329785835876,0.48916526023577
1000,402,"alpha0",0.106270585491404,0.104261738797917,0.0224982543204879,0.0762798608278727,0.0930403193791105,0.104261738797917,0.116475895851165,0.144142168350665
1000,402,"alpha1",0.350242222354332,0.347460035989321,0.0534850826342021,0.254135014231043,0.313196274736706,0.347460035989321,0.383047858911497,0.467145714630512
1000,402,"beta1",0.249984142130535,0.253527573861391,0.0763447862366773,0.0961878603099355,0.19649155049923,0.253527573861391,0.303608027160475,0.392965764536286
1000,403,"alpha0",0.110322698256966,0.108245692925948,0.0289354382457351,0.0681242089217547,0.0939691725637362,0.108245692925948,0.123349303789,0.154043201521898
1000,403,"alpha1",0.297522265668343,0.29552655660962,0.0524515528336865,0.199345022079365,0.261525471142337,0.29552655660962,0.330791519795451,0.406932138501001
1000,403,"beta1",0.255744905708593,0.252928014057422,0.104438424951284,0.0658650621565842,0.180359131079105,0.252928014057422,0.328840638411327,0.464349587669919
1000,404,"alpha0",0.0864177157738478,0.0846054028087485,0.0271006326671355,0.0553731469209739,0.0733292653151557,0.0846054028087485,0.0954133548034888,0.1197327858135
1000,404,"alpha1",0.339177372845854,0.335871099607279,0.0537223973099992,0.239896461437258,0.301582910034461,0.335871099607279,0.373656477963283,0.452639914215753
1000,404,"beta1",0.35711701278456,0.354998008677525,0.0787642597498171,0.195428835569151,0.31019648066865,0.354998008677525,0.409318613964532,0.517193611636024
1000,405,"alpha0",0.142505530430779,0.14308650076573,0.0236914464609103,0.101486726350137,0.128379672139131,0.14308650076573,0.155370617319479,0.180094934613718
1000,405,"alpha1",0.299760063463952,0.295797979218065,0.058401298884129,0.195629332326121,0.257995779999925,0.295797979218065,0.33569344329034,0.428424799071469
1000,405,"beta1",0.16314054571218,0.152920337991916,0.0801178971325652,0.0331884386626176,0.104344856949886,0.152920337991916,0.211050230151915,0.348527839034705
1000,406,"alpha0",0.121103621347918,0.12024742159834,0.0240054356865319,0.0931903210700401,0.110553042565609,0.12024742159834,0.129141738899561,0.145340323805982
1000,406,"alpha1",0.332912573738503,0.331290232820878,0.0538609280837718,0.234486799475928,0.294930736465698,0.331290232820878,0.368322108625241,0.444292803678683
1000,406,"beta1",0.109305174932517,0.106390946637653,0.0611326531208581,0.00906784609512398,0.0641936667957468,0.106390946637653,0.148694843714251,0.247147036346354
1000,407,"alpha0",0.101692297265251,0.0999426814775115,0.0264535466133544,0.0670356341990894,0.0880857249768968,0.0999426814775115,0.112553201684186,0.139881632035374
1000,407,"alpha1",0.322756782028889,0.320268137175004,0.0535994090455415,0.225433905871975,0.285865392726711,0.320268137175004,0.357850161594725,0.432853966271731
1000,407,"beta1",0.281069685468753,0.277611393769956,0.0870194281528129,0.126523977116282,0.221746613048397,0.277611393769956,0.333424256611991,0.470248341345421
1000,408,"alpha0",0.130894238983522,0.130815989685061,0.0237503529567234,0.096653936537662,0.118201252063129,0.130815989685061,0.142164809957051,0.160409559392954
1000,408,"alpha1",0.329556263905403,0.326499097935236,0.0491444707665598,0.241466173764768,0.295648084489696,0.326499097935236,0.359181524346562,0.437688999028943
1000,408,"beta1",0.144294933366846,0.135350365619931,0.0772380802842846,0.0193341466235541,0.0846624328945991,0.135350365619931,0.19893663589003,0.306656964970564
1000,409,"alpha0",0.0732563059191626,0.0727922008581399,0.0186474596236909,0.0498476482977561,0.0647719110512125,0.0727922008581399,0.0797221909116599,0.0952393979489256
1000,409,"alpha1",0.363446165288129,0.360199974890961,0.054456399444223,0.263389204856937,0.32597870729134,0.360199974890961,0.398115201194115,0.476639924184578
1000,409,"beta1",0.359924043813229,0.358889143737196,0.0682084661826212,0.233948894189102,0.313960418627038,0.358889143737196,0.404821601961942,0.496573034762448
1000,410,"alpha0",0.108374597648923,0.108448915942511,0.0326350811272008,0.0621820107290193,0.0898401434176754,0.108448915942511,0.124859227468528,0.151380097687162
1000,410,"alpha1",0.337407855868146,0.334015723810357,0.0533696574181868,0.245995709827024,0.298899710032999,0.334015723810357,0.370421501900084,0.454565320924977
1000,410,"beta1",0.228842574045311,0.213120138310243,0.112934222382586,0.0529452013463836,0.143138057249554,0.213120138310243,0.299361321562501,0.470735336056625
1000,411,"alpha0",0.0956352194181373,0.094378787491941,0.0227201103365151,0.0666087076908649,0.084679116114938,0.094378787491941,0.104502795637511,0.126324402891278
1000,411,"alpha1",0.379906329548186,0.380060759927244,0.0543920552339963,0.279834574044355,0.34070132384292,0.380060759927244,0.415381722838429,0.48585862146648
1000,411,"beta1",0.282022165149698,0.280210198286924,0.0723081726307153,0.145134325105963,0.23306006284746,0.280210198286924,0.329348398075907,0.430648462409585
1000,412,"alpha0",0.115612918238996,0.115529461379232,0.0272514512562681,0.0745836467157793,0.0984753323772692,0.115529461379232,0.130500654704846,0.156660231203187
1000,412,"alpha1",0.314951222860536,0.311700644540356,0.0552875171879702,0.220501787003201,0.277227001582457,0.311700644540356,0.34776298030252,0.441365033906148
1000,412,"beta1",0.217978799624349,0.208461002210184,0.102334202930257,0.0485259290322058,0.138672502972898,0.208461002210184,0.289753776457142,0.418865013692479
1000,413,"alpha0",0.12785406030543,0.126972336795011,0.0244499256868885,0.0888196098742149,0.113630054329916,0.126972336795011,0.141821300747781,0.164205880195004
1000,413,"alpha1",0.356854098039927,0.351312957721661,0.0595416267939342,0.254060674430715,0.315428123530227,0.351312957721661,0.393263951714421,0.488402655237193
1000,413,"beta1",0.151964164680581,0.142927630117119,0.088131448149851,0.0127670178013198,0.0871379802228675,0.142927630117119,0.210616239530314,0.342521966324668
1000,414,"alpha0",0.120464631920786,0.119385618789811,0.0229950525816531,0.0886789371716858,0.108833150341097,0.119385618789811,0.12968786150219,0.153271386364546
1000,414,"alpha1",0.326829572151123,0.324712574658541,0.0569743641284685,0.2187050034684,0.28811283986244,0.324712574658541,0.363542659550107,0.446192447080082
1000,414,"beta1",0.167537545470942,0.162861306886324,0.0697564469421771,0.0370252287460603,0.119988512722762,0.162861306886324,0.211878450747115,0.319933384137641
1000,415,"alpha0",0.112525908900123,0.110393730791032,0.0267874289656451,0.0673211376985547,0.0987208920221151,0.110393730791032,0.123121923445372,0.162446190622444
1000,415,"alpha1",0.29577672165827,0.292282109282497,0.0471709970401022,0.211517473341075,0.262425403867157,0.292282109282497,0.327608949242852,0.390520490367429
1000,415,"beta1",0.247992809643442,0.251442464524726,0.0988815184701912,0.0410836263483855,0.185048508012874,0.251442464524726,0.309300997066903,0.469020343300974
1000,416,"alpha0",0.088092969339939,0.0868687236119181,0.0227558697988141,0.0573659751709394,0.0754366496101061,0.0868687236119181,0.098243619665329,0.120859393808376
1000,416,"alpha1",0.366269342860212,0.361317360622287,0.0606874549522058,0.256948652951101,0.324508161321252,0.361317360622287,0.403839723936071,0.500260214063045
1000,416,"beta1",0.277373896416004,0.272939326091717,0.0881936987524282,0.111445846926201,0.216288277562486,0.272939326091717,0.341287057516403,0.45008948304875
1000,417,"alpha0",0.105425651410912,0.104227427513721,0.0302200020249331,0.0704078418350774,0.0897021901183365,0.104227427513721,0.116116924063422,0.141808626924169
1000,417,"alpha1",0.299252923066217,0.296935142386873,0.0532505537603447,0.203430004090056,0.260904795165221,0.296935142386873,0.333312952618538,0.410877522538763
1000,417,"beta1",0.303116803179391,0.296270982983289,0.0874201456467541,0.14789719319393,0.24187599239758,0.296270982983289,0.357864571609254,0.490490909299739
1000,418,"alpha0",0.130397011890385,0.130501083899864,0.0202650772211328,0.0951054832333902,0.119265309870034,0.130501083899864,0.14220165168418,0.160329714498369
1000,418,"alpha1",0.342854397228862,0.338431856214012,0.0564788737705092,0.244553290221276,0.302881885907435,0.338431856214012,0.378371866635369,0.464807966812131
1000,418,"beta1",0.11610528391289,0.104354804033994,0.0775158800585841,0.00979932388263908,0.0565352175316695,0.104354804033994,0.161908784977193,0.291497856406013
1000,419,"alpha0",0.107568526007533,0.105513848128216,0.0283101193860572,0.0722889302159003,0.0932971268180026,0.105513848128216,0.117449813404115,0.148636269975429
1000,419,"alpha1",0.298082605854641,0.294739122973582,0.0518223805118037,0.205772212383837,0.260147470204159,0.294739122973582,0.332188223663314,0.40639394083461
1000,419,"beta1",0.272981867127963,0.273625635615001,0.0864172752646048,0.100475326248919,0.214342510364053,0.273625635615001,0.329880163559451,0.447712006693073
1000,420,"alpha0",0.12658635449797,0.127212189724466,0.0306017252693009,0.0663355484683479,0.108222890630278,0.127212189724466,0.144400901178613,0.176919324543448
1000,420,"alpha1",0.301416628819798,0.296224853842461,0.0655390621684295,0.180771663764953,0.257618547724453,0.296224853842461,0.339221833050969,0.450349209317118
1000,420,"beta1",0.302010257479545,0.289128771576458,0.117282989391099,0.103714470237965,0.219116040149254,0.289128771576458,0.372530857323051,0.58329307750408
1000,421,"alpha0",0.0754001331744888,0.0741078597614003,0.0235780676888749,0.0465754369544281,0.0614584220850179,0.0741078597614003,0.0856471642718978,0.109499305124913
1000,421,"alpha1",0.273906921686075,0.268606209895361,0.0499132176085732,0.189956098333478,0.238385567897432,0.268606209895361,0.305729537827028,0.384413256472198
1000,421,"beta1",0.420176451182876,0.418250667055916,0.087679289521674,0.245787656063702,0.360403959280868,0.418250667055916,0.483833719658867,0.585771256951457
1000,422,"alpha0",0.113707822546251,0.113485828441526,0.0250665912266476,0.0757220622948052,0.0990122341566555,0.113485828441526,0.126455042145595,0.14963920164726
1000,422,"alpha1",0.350177474849454,0.346823097668107,0.0539015922949358,0.254140121899257,0.312571694173148,0.346823097668107,0.385299309071894,0.464409574807697
1000,422,"beta1",0.263100116723715,0.259105102513112,0.084432105144032,0.112051494124142,0.201411836202285,0.259105102513112,0.321439754179235,0.431096810754522
1000,423,"alpha0",0.107050763079334,0.104682583071102,0.0259304634493013,0.0687131751074611,0.0913285331505171,0.104682583071102,0.119483794661045,0.156420589323104
1000,423,"alpha1",0.31364766923797,0.310019932908513,0.0542858348264493,0.219013404429772,0.276080425969018,0.310019932908513,0.345863900100833,0.433748948170441
1000,423,"beta1",0.255295267771504,0.255493672769157,0.0952234503605593,0.0575116947666413,0.194576883958403,0.255493672769157,0.317462803478845,0.433600181432672
1000,424,"alpha0",0.13108905446754,0.131898619814676,0.0267284858895914,0.079220618528661,0.115191216502415,0.131898619814676,0.147268497456926,0.176127437869717
1000,424,"alpha1",0.280373315109823,0.275077957005152,0.0605617035584435,0.173846767084215,0.240319049354966,0.275077957005152,0.31443065161062,0.415570330866974
1000,424,"beta1",0.194767121700523,0.185500895498921,0.11236894111902,0.0232919953894016,0.108174201936117,0.185500895498921,0.260602093090565,0.445131953729725
1000,425,"alpha0",0.112007939717247,0.111387885481657,0.0223895491292216,0.0772198977399259,0.0992257554373299,0.111387885481657,0.123248560338866,0.14840478109218
1000,425,"alpha1",0.414164905912389,0.412820486603896,0.0561257787977322,0.312213824595107,0.375488703416129,0.412820486603896,0.449266422074037,0.533552823636323
1000,425,"beta1",0.211692436849277,0.208790450964866,0.0785246908820845,0.0668257417552407,0.155040799130913,0.208790450964866,0.266111027129382,0.370057476125612
1000,426,"alpha0",0.0987703187263824,0.0957736853048752,0.0320114233765488,0.0514491918094269,0.0819487471939133,0.0957736853048752,0.111090172980206,0.152894198737332
1000,426,"alpha1",0.208118140601295,0.206489641327052,0.0515044168683969,0.112085964257196,0.172227381480882,0.206489641327052,0.241537190943711,0.31412354870236
1000,426,"beta1",0.382005984354213,0.380504280685759,0.118445649047775,0.158259651769852,0.303955218967824,0.380504280685759,0.453133591102341,0.647687182087351
1000,427,"alpha0",0.115437790105216,0.113048947781064,0.0261231641935416,0.0783610226550514,0.100881953733861,0.113048947781064,0.12725337346636,0.154446815492194
1000,427,"alpha1",0.333697642390563,0.333638934790831,0.0524725980154598,0.23644145181525,0.296660292851203,0.333638934790831,0.367645447155355,0.440032590582858
1000,427,"beta1",0.231291758824539,0.232798324164016,0.0892981428803897,0.0643576190807394,0.167278594210977,0.232798324164016,0.29072464767777,0.414526670024219
1000,428,"alpha0",0.108780410781598,0.105830368148801,0.0274780276637524,0.0695795927238702,0.0914694633275437,0.105830368148801,0.122684076615287,0.156630310659528
1000,428,"alpha1",0.271828369227987,0.26868524161961,0.0512959018439016,0.181407904659383,0.234796679913722,0.26868524161961,0.303268946304005,0.381020922866399
1000,428,"beta1",0.273407407723521,0.281341759438913,0.104226010107302,0.0648548647455341,0.201251309137375,0.281341759438913,0.348063250214653,0.458582462123824
1000,429,"alpha0",0.0966338670294209,0.0953132931185528,0.0213719429868568,0.0694362610972727,0.0848831779921918,0.0953132931185528,0.105680498710539,0.126949892700014
1000,429,"alpha1",0.408347066850703,0.406749643916698,0.0614383835961023,0.295353647798596,0.365617180365359,0.406749643916698,0.447260599160643,0.533208866011775
1000,429,"beta1",0.258294298269508,0.256293487909851,0.0667703113184781,0.131712134573187,0.212219214005027,0.256293487909851,0.302672184436057,0.390804593583132
1000,430,"alpha0",0.0850879180188538,0.0824987151754102,0.028290950278961,0.0527883100114697,0.0686297544520343,0.0824987151754102,0.0969521175612951,0.126168158357289
1000,430,"alpha1",0.241447930885883,0.240237490528634,0.0465723026788524,0.156787016829323,0.209421274276405,0.240237490528634,0.270958323949472,0.337651409070405
1000,430,"beta1",0.380123537328243,0.386849238742253,0.100249621403315,0.183664518768132,0.30865847142522,0.386849238742253,0.456017692966964,0.553837463595665
1000,431,"alpha0",0.0966217659489006,0.0959923914436605,0.0246287468931984,0.0612575846647644,0.0843986966322162,0.0959923914436605,0.107733791425007,0.127191368621957
1000,431,"alpha1",0.326281846836133,0.323954848975205,0.0579249207400688,0.222370400958736,0.286319441792202,0.323954848975205,0.361775634685348,0.445251065979549
1000,431,"beta1",0.313654030020936,0.308438961715015,0.0869543396144916,0.161063522552519,0.2516646957223,0.308438961715015,0.370010526198621,0.495867440704688
1000,432,"alpha0",0.119968994788137,0.120007802431863,0.0263375864098743,0.0813016736158018,0.104840116664651,0.120007802431863,0.133033887448418,0.158255080714127
1000,432,"alpha1",0.340823144190031,0.335672469274217,0.0606078862734191,0.234668797733379,0.299260568986954,0.335672469274217,0.378282820994187,0.472390800234629
1000,432,"beta1",0.202114530506909,0.192414445994156,0.0928761369306627,0.0475662205031798,0.135644953488045,0.192414445994156,0.264171361562219,0.395274913663412
1000,433,"alpha0",0.0994460601893282,0.0972039941834594,0.0262032813418876,0.0627095527221112,0.0838175647459431,0.0972039941834594,0.112088028227292,0.142274701694107
1000,433,"alpha1",0.236821451265356,0.23310386066165,0.0492213676775058,0.149868210229637,0.202549641317076,0.23310386066165,0.267929605247749,0.339947677692096
1000,433,"beta1",0.272945911842835,0.273362050017551,0.101387424487126,0.0872691194706383,0.199746598943655,0.273362050017551,0.343467324445908,0.471103714170066
1000,434,"alpha0",0.0879089927740106,0.0867840208590606,0.0255861765818631,0.0502237069608978,0.0748309677996368,0.0867840208590606,0.0995243524498464,0.122839084262997
1000,434,"alpha1",0.263196461730426,0.260141385947013,0.0484906263684761,0.173707660501274,0.228990269680644,0.260141385947013,0.295216050010977,0.363875640980789
1000,434,"beta1",0.407841730744257,0.402110817567425,0.0917347338496003,0.243524884360596,0.344686515495483,0.402110817567425,0.466013907073413,0.597540084822399
1000,435,"alpha0",0.110908777536162,0.109051846361108,0.0254279935009026,0.07538263182601,0.0963535076398914,0.109051846361108,0.123299874498933,0.147961080800315
1000,435,"alpha1",0.285545364340266,0.283692854751361,0.0488693765812981,0.192171793749801,0.25315880634708,0.283692854751361,0.317116954313711,0.385372696101455
1000,435,"beta1",0.239789085410506,0.239954838596635,0.091150808916468,0.0765676704744352,0.171014809630222,0.239954838596635,0.302217648771994,0.422315493348248
1000,436,"alpha0",0.106875924920277,0.107247103933757,0.0300858816879989,0.0537851525701439,0.0862436484209905,0.107247103933757,0.126538795880285,0.158211161567258
1000,436,"alpha1",0.18930636025648,0.185619416353096,0.0508818242182496,0.0985662782429506,0.154257663392924,0.185619416353096,0.219955367697282,0.300314736951404
1000,436,"beta1",0.303001524144849,0.292189724621705,0.147483525910035,0.054911949290626,0.192130936471932,0.292189724621705,0.413084865102121,0.612237565886291
1000,437,"alpha0",0.102213315250599,0.100497513166707,0.0278176877335587,0.0656041817780975,0.0868580274001265,0.100497513166707,0.11406335083984,0.138154696988019
1000,437,"alpha1",0.319317750322336,0.317023693949341,0.0568790821181733,0.217006947822482,0.277812689844832,0.317023693949341,0.358602790217621,0.434842766224772
1000,437,"beta1",0.275719132469389,0.272402243759419,0.0898623926717412,0.116836508310538,0.206308250850492,0.272402243759419,0.340542609692794,0.449490163675519
1000,438,"alpha0",0.0972127461229264,0.0946080198903746,0.0234703035216586,0.0713637964655412,0.085916712563534,0.0946080198903746,0.105309720321059,0.13001688344385
1000,438,"alpha1",0.333667754335057,0.32864473824602,0.054709187828964,0.237150248141471,0.295170060778834,0.32864473824602,0.368443125671651,0.449813714397961
1000,438,"beta1",0.272405470350017,0.274461988435056,0.0649137035198419,0.140672522453933,0.229151349647956,0.274461988435056,0.316681430559459,0.397264445531059
1000,439,"alpha0",0.123905071826131,0.123877142995155,0.0288545972492521,0.0757936491566391,0.106656676794583,0.123877142995155,0.140158208565198,0.163722858554943
1000,439,"alpha1",0.226003427475012,0.223922986521084,0.0491464627157515,0.134537918155652,0.191426180221347,0.223922986521084,0.258701086902736,0.327711488788294
1000,439,"beta1",0.219304201759782,0.205063774166301,0.113448746705005,0.0347135882504609,0.132936552183875,0.205063774166301,0.297376408088679,0.463693652695506
1000,440,"alpha0",0.107635634250449,0.105360550156768,0.0259474128320351,0.0686418156634994,0.092331497393829,0.105360550156768,0.119898539522283,0.151201871450413
1000,440,"alpha1",0.3066512433961,0.301325491480383,0.0545742093231408,0.213037771717496,0.267612358653973,0.301325491480383,0.337865692108133,0.434265822485164
1000,440,"beta1",0.259697276152546,0.261137242044269,0.0975432246310821,0.064103163425892,0.195152176485285,0.261137242044269,0.32645640712647,0.446456818433563
1000,441,"alpha0",0.11379906340115,0.110068582853787,0.0318487167940415,0.0606280833009625,0.0936578597247801,0.110068582853787,0.130309112689109,0.179879849151027
1000,441,"alpha1",0.219259522236978,0.214328866656884,0.0558110442618682,0.119698000063895,0.181919960948251,0.214328866656884,0.25437672445269,0.341063398274142
1000,441,"beta1",0.329012823760847,0.331557650236077,0.130712305387294,0.0562568914848646,0.245915225983109,0.331557650236077,0.41211679124378,0.608598352572052
1000,442,"alpha0",0.115697824912481,0.114830992079551,0.0290764644750405,0.06823436799982,0.0993968804614615,0.114830992079551,0.130637630845178,0.160874184691156
1000,442,"alpha1",0.302626910067589,0.301131170981296,0.0532553618095598,0.201251761266502,0.267113931260185,0.301131170981296,0.335938901545381,0.414914748351749
1000,442,"beta1",0.2565403262998,0.255021404554323,0.10919259976946,0.0613411555265529,0.175319924907698,0.255021404554323,0.325696536587486,0.474979312865043
1000,443,"alpha0",0.149792655182694,0.151809717641432,0.0221908976086417,0.100383460378727,0.138715342226913,0.151809717641432,0.163348253259202,0.181896626192143
1000,443,"alpha1",0.313750825302751,0.311536878669103,0.0551131077952956,0.213716041314275,0.274387308960556,0.311536878669103,0.350786418821306,0.426874831420598
1000,443,"beta1",0.0942520230453784,0.0724977192940118,0.0818097555833477,0.00311997697617686,0.0344177191864905,0.0724977192940118,0.132631684990472,0.32565291516576
1000,444,"alpha0",0.103336252053482,0.102728786777918,0.0235754301331407,0.0663926173825259,0.0917303079570511,0.102728786777918,0.113604569982599,0.135910746343493
1000,444,"alpha1",0.323968782716698,0.320987034351686,0.0552895433554501,0.226763171661789,0.28554570051931,0.320987034351686,0.359850481274581,0.439804101905339
1000,444,"beta1",0.288194247114314,0.283799863023827,0.0802239471743632,0.15166863639651,0.22910194819038,0.283799863023827,0.337685940380532,0.463646856593497
1000,445,"alpha0",0.108227600732363,0.106699083148803,0.0289452841798515,0.0651860642211811,0.0927164239505202,0.106699083148803,0.119686042967992,0.154238591264884
1000,445,"alpha1",0.284921613435518,0.280960916543503,0.0546270344543217,0.182288579904554,0.247725017286278,0.280960916543503,0.320956077769463,0.398982688059735
1000,445,"beta1",0.26694052626335,0.262708193489286,0.109773657453602,0.0472324294708275,0.197553840701003,0.262708193489286,0.339089932816067,0.501533771724125
1000,446,"alpha0",0.0787996279094754,0.0764361658098268,0.0260732194694999,0.0509000979586358,0.0671583502983349,0.0764361658098268,0.0867006314873964,0.110598155018358
1000,446,"alpha1",0.276623287633573,0.274008199525687,0.0439122189340445,0.197692720682194,0.246654117943982,0.274008199525687,0.304359728458905,0.368373636178745
1000,446,"beta1",0.418736765711586,0.420525027867782,0.0739937822930422,0.266319413671301,0.370746730559145,0.420525027867782,0.467213843232711,0.564355430978477
1000,447,"alpha0",0.128248486462959,0.12578043335447,0.0282929864863504,0.0933019595721392,0.114077060443389,0.12578043335447,0.138476297649159,0.169611311300763
1000,447,"alpha1",0.326011247028768,0.323248157792597,0.050887647238483,0.234192090825281,0.290004624158141,0.323248157792597,0.359407631162851,0.43299137169145
1000,447,"beta1",0.201757820379699,0.200574130244908,0.0778366762481348,0.0421150327637027,0.148729408059958,0.200574130244908,0.257214221329162,0.351821643156394
1000,448,"alpha0",0.100793984630258,0.0993350814050488,0.0257698501050125,0.0637946935848983,0.086484356746105,0.0993350814050488,0.113123096777003,0.139975488690114
1000,448,"alpha1",0.322941067314535,0.319536878098535,0.0539050549002493,0.221903814251991,0.284050676555947,0.319536878098535,0.359792912313198,0.434391662312385
1000,448,"beta1",0.294591563637929,0.292531894650042,0.0951630363068477,0.116171117369686,0.227044208869196,0.292531894650042,0.357557264272637,0.488213963475694
1000,449,"alpha0",0.0912113119435778,0.089404466593115,0.0273557380186143,0.0546138686317713,0.0758726432943587,0.089404466593115,0.104125506296575,0.129260512600476
1000,449,"alpha1",0.333381804126769,0.332815850482794,0.0617922177896069,0.21506335481469,0.290138643181898,0.332815850482794,0.376036950564389,0.453238595465506
1000,449,"beta1",0.311636955308269,0.305969843304989,0.10228852669739,0.13195568467252,0.237810724926368,0.305969843304989,0.381011468384374,0.510593962572369
1000,450,"alpha0",0.0852432875205489,0.083314055003895,0.0263963304343073,0.0485518681177652,0.0730585930731862,0.083314055003895,0.0949597014910315,0.120986444453358
1000,450,"alpha1",0.313637310532344,0.311581747887267,0.0482926899988852,0.221285612603956,0.280355648349058,0.311581747887267,0.345815321865809,0.413779621046862
1000,450,"beta1",0.352301224770863,0.349238493037554,0.0859944380935113,0.184342627653188,0.294649720014747,0.349238493037554,0.40680459044183,0.528002011026766
1000,451,"alpha0",0.114173762178573,0.112904463934205,0.0284991647018772,0.0658346923593388,0.096777204690494,0.112904463934205,0.129513867704997,0.161247097331973
1000,451,"alpha1",0.371920776059772,0.367431188469622,0.0592559352553665,0.26633558591721,0.331567952416875,0.367431188469622,0.40922810998243,0.500261511795379
1000,451,"beta1",0.272636831554833,0.268629978860683,0.102901387208784,0.0867434375811972,0.197339436666127,0.268629978860683,0.342505821054235,0.484690079216534
1000,452,"alpha0",0.137346511046803,0.136593185267185,0.0282734684265025,0.0942906364473803,0.119989284303731,0.136593185267185,0.151427369257018,0.179361055924632
1000,452,"alpha1",0.262587445804741,0.258974509779979,0.0470266673101166,0.181167141829543,0.229287939537859,0.258974509779979,0.292540847576749,0.36261844445594
1000,452,"beta1",0.168408264293898,0.161396533156049,0.091678577126934,0.0178216883366343,0.0979042062260676,0.161396533156049,0.229815402985393,0.360873397999748
1000,453,"alpha0",0.0881986619612525,0.0867517519023329,0.0235463753819367,0.0578322066937281,0.0751885067874281,0.0867517519023329,0.0976942898921071,0.123941219645732
1000,453,"alpha1",0.313618986243919,0.312636278452941,0.0546451489218888,0.20982058156709,0.274956150195363,0.312636278452941,0.35201591271774,0.419584138582791
1000,453,"beta1",0.326863478938873,0.32895570422702,0.0920429182896512,0.14269491828277,0.263789416347597,0.32895570422702,0.392663952655804,0.497330536850875
1000,454,"alpha0",0.101889966711921,0.100517819999154,0.0255747231522631,0.0602260504751955,0.0894196425818825,0.100517819999154,0.111890799000715,0.143704659295718
1000,454,"alpha1",0.265110506795676,0.263191645249732,0.0561532183981276,0.160611303558971,0.226685447363224,0.263191645249732,0.300479382044781,0.382631526242795
1000,454,"beta1",0.312625634473701,0.307279658215505,0.100418515389388,0.133108831341076,0.245569290468848,0.307279658215505,0.36800569655926,0.550910273175201
1000,455,"alpha0",0.119995112349052,0.117643781270554,0.0284874848709158,0.0838012694910801,0.104972382859194,0.117643781270554,0.131687543893065,0.160617441314844
1000,455,"alpha1",0.371459516659038,0.368003993535935,0.0584232945534503,0.268124523766926,0.330155392033274,0.368003993535935,0.410479460895268,0.495383725938409
1000,455,"beta1",0.241885443466692,0.2416285489738,0.0774598113745095,0.093750857589062,0.187020483660044,0.2416285489738,0.295519948728482,0.388791718426651
1000,456,"alpha0",0.103963365984532,0.101668857072119,0.0229124469372262,0.0716010592129913,0.0915556936370517,0.101668857072119,0.113406688191567,0.139609537612672
1000,456,"alpha1",0.330313203098703,0.328120623426622,0.0607731050630862,0.21965281001722,0.288577614114159,0.328120623426622,0.368260568238959,0.467221474958312
1000,456,"beta1",0.273430407452267,0.272381397896455,0.0823418380179989,0.118801127791283,0.217228991053427,0.272381397896455,0.32758487647288,0.437556854127097
1000,457,"alpha0",0.0493994089856824,0.0430255475278117,0.0292229067768825,0.0222214962471483,0.033697631141161,0.0430255475278117,0.0573876483215022,0.105169089043873
1000,457,"alpha1",0.178341450903891,0.174365216760969,0.0472011972807185,0.100106390789829,0.143889359882825,0.174365216760969,0.208742065022799,0.280251200444068
1000,457,"beta1",0.618095641794896,0.64080581455664,0.121611248388932,0.303480044365617,0.558122133890807,0.64080581455664,0.701194483415593,0.790175375719227
1000,458,"alpha0",0.0875466602204106,0.0853233259961149,0.0263834664632542,0.0557239450284594,0.0752523781483389,0.0853233259961149,0.0967484647753952,0.12194000094605
1000,458,"alpha1",0.315426647185191,0.313768772625624,0.0500841395918258,0.22377801779007,0.281520668790209,0.313768772625624,0.346922577920596,0.419825646548843
1000,458,"beta1",0.356495633873184,0.353799301308061,0.0807284470401307,0.197872049451936,0.30273650613575,0.353799301308061,0.40600189745052,0.526792635312384
1000,459,"alpha0",0.120795704514096,0.120174427001695,0.0243295793884222,0.0828412989784872,0.106965489500445,0.120174427001695,0.132873980864607,0.1556934573578
1000,459,"alpha1",0.270555639396847,0.26624458305171,0.0527698445006287,0.179868490372056,0.234353708795303,0.26624458305171,0.302769793664983,0.38644105168291
1000,459,"beta1",0.177115135743588,0.17115417596369,0.092510478983829,0.0234453448279879,0.108191855169628,0.17115417596369,0.237791687904519,0.387838727135558
1000,460,"alpha0",0.0889418419577684,0.0878188322401306,0.0228359232764365,0.0572251190694314,0.0773492774084637,0.0878188322401306,0.0977097704044586,0.124289278978907
1000,460,"alpha1",0.341150693774576,0.338457835941903,0.0615224131267656,0.230020960960748,0.298842355597248,0.338457835941903,0.382179045529628,0.466063735283101
1000,460,"beta1",0.302464792755244,0.297933619908283,0.0873877272244788,0.138570141518684,0.244079298342248,0.297933619908283,0.358447138353765,0.491175590372471
1000,461,"alpha0",0.0701875812231765,0.0690981786172028,0.0218638149812608,0.0455741101781827,0.0592332367391881,0.0690981786172028,0.0777500725622967,0.0979951555804632
1000,461,"alpha1",0.363656945915083,0.361881346072355,0.0588154933808738,0.25619419401736,0.323677043094896,0.361881346072355,0.402463456028735,0.48058549089246
1000,461,"beta1",0.383899838532201,0.380053801710657,0.0732172495268254,0.248420880269185,0.33532633229323,0.380053801710657,0.43137422488948,0.5321324982938
1000,462,"alpha0",0.065711422708922,0.0619498626291451,0.0278186498354943,0.0401173650344507,0.0525269933175766,0.0619498626291451,0.0745651724021962,0.0983442915093744
1000,462,"alpha1",0.235700065704503,0.233035539731066,0.0514127728669975,0.147010790743344,0.198022971522278,0.233035539731066,0.268966064574178,0.342571900438192
1000,462,"beta1",0.489096397695305,0.495661328334082,0.093124500953327,0.290269143155241,0.431025002257792,0.495661328334082,0.556114617918028,0.646275871647023
1000,463,"alpha0",0.100185845262561,0.0994818364058746,0.0256246148216409,0.0673482759382353,0.0877321083199012,0.0994818364058746,0.110200958748789,0.129639948213042
1000,463,"alpha1",0.305313677951808,0.302066098734757,0.0491448932613053,0.216556659660233,0.270441303086651,0.302066098734757,0.336815543120158,0.4090119134126
1000,463,"beta1",0.28621185722445,0.278800711859212,0.0745664504492928,0.161526412073877,0.231467201320358,0.278800711859212,0.336479185592277,0.443525409241845
1000,464,"alpha0",0.136628895385375,0.136349036686166,0.0236967814837225,0.104487782208145,0.124694946506592,0.136349036686166,0.146863894688789,0.16491819809181
1000,464,"alpha1",0.296965711462864,0.293485344475073,0.0544953143704715,0.199480676892948,0.25992360359342,0.293485344475073,0.331641934921296,0.41376448273012
1000,464,"beta1",0.112639655585084,0.104529540935172,0.0734386468664609,0.00513127576318541,0.0548808602907166,0.104529540935172,0.157005447216531,0.286841794405563
1000,465,"alpha0",0.097396984961959,0.0958973088694682,0.0252271422630734,0.0634136708546987,0.0860682629638188,0.0958973088694682,0.107013530728027,0.130434230106072
1000,465,"alpha1",0.33262621032859,0.33036751693545,0.0511326292211358,0.239538717463685,0.295925165587179,0.33036751693545,0.366906197264546,0.435523315420942
1000,465,"beta1",0.333885208574303,0.330105434282526,0.0804504520010114,0.184646373355042,0.278258097673889,0.330105434282526,0.385873181021626,0.502121134995906
1000,466,"alpha0",0.10220978944559,0.101636529355151,0.0227888988164961,0.071132764412346,0.0894751819669584,0.101636529355151,0.111756063405897,0.133490701482348
1000,466,"alpha1",0.386790984365138,0.384751233848358,0.0590657618002213,0.274059438398563,0.346360209351331,0.384751233848358,0.425555593904061,0.51109340178859
1000,466,"beta1",0.256969977371036,0.253218670532761,0.0784250374524257,0.110037472637903,0.203667004488291,0.253218670532761,0.309508288340155,0.414287124189403
1000,467,"alpha0",0.0933906946557195,0.0925338131359305,0.0222775959471786,0.0642319013824858,0.0819292950170038,0.0925338131359305,0.102195620033813,0.124443907343652
1000,467,"alpha1",0.363306521108514,0.360777610924661,0.0544054552978432,0.262579588326725,0.325933788349761,0.360777610924661,0.398366221543003,0.474428071819105
1000,467,"beta1",0.270027027315913,0.26584936173002,0.0762600170885613,0.131668661514004,0.215956653395628,0.26584936173002,0.321139127890633,0.423970453427914
1000,468,"alpha0",0.0799861636335639,0.0777895122148028,0.0238080594248718,0.0506252005540752,0.0675908353182522,0.0777895122148028,0.0883381395031379,0.120095832912834
1000,468,"alpha1",0.289543210634958,0.28737019436887,0.0499748498431917,0.191765051434091,0.25479944552088,0.28737019436887,0.323319755942409,0.390161895763697
1000,468,"beta1",0.388329589440758,0.390927036635841,0.0909771071985103,0.183498756704335,0.330254354506691,0.390927036635841,0.451842192763241,0.553313302758781
1000,469,"alpha0",0.121611083688407,0.120212263721236,0.0285531267565675,0.0738982474588608,0.105054202758986,0.120212263721236,0.136376534126343,0.16593176856779
1000,469,"alpha1",0.330674959684444,0.32877508320798,0.0571769983310488,0.22713079990077,0.290310640459254,0.32877508320798,0.368741230588971,0.447821774789608
1000,469,"beta1",0.225332324843732,0.222100507763478,0.093495552929338,0.0518407297906997,0.159934261204008,0.222100507763478,0.283790930781173,0.433286049895422
1000,470,"alpha0",0.11246044545252,0.110422562628279,0.0269028186481515,0.0761921156011702,0.0973388347283407,0.110422562628279,0.124561369326295,0.153572300672541
1000,470,"alpha1",0.300010434283073,0.296693141588455,0.0546720353211434,0.203053633899046,0.261730557856605,0.296693141588455,0.334117273113399,0.417801114041208
1000,470,"beta1",0.244772128046161,0.247248423242716,0.0940415586915239,0.0611001998052745,0.179024427010773,0.247248423242716,0.311908879588842,0.415884658399699
1000,471,"alpha0",0.0989004141108803,0.0975711599729808,0.0226828284372947,0.0648132928619945,0.086416214230971,0.0975711599729808,0.109528222495919,0.136445112942065
1000,471,"alpha1",0.30115429464159,0.299181705828234,0.0514240964102681,0.207946861613903,0.265542662701262,0.299181705828234,0.334213577406184,0.411823804678539
1000,471,"beta1",0.322653661251901,0.320318890079988,0.0787646601064606,0.172221644258177,0.265922862050196,0.320318890079988,0.378029329756399,0.480246642484269
1000,472,"alpha0",0.104667050763343,0.104132186894729,0.0231154511282148,0.068024083938948,0.0924341708286818,0.104132186894729,0.115253005702285,0.137695022695323
1000,472,"alpha1",0.285437264083573,0.280744932340999,0.0516415273360641,0.199197695203545,0.248492771911452,0.280744932340999,0.317226430779902,0.400815227634581
1000,472,"beta1",0.239145734301098,0.232271856062582,0.0887893633836076,0.0835372382496587,0.17950368172345,0.232271856062582,0.293038138433638,0.440970516263109
1000,473,"alpha0",0.118384921399608,0.117600055713849,0.0271920769352891,0.0828885798029616,0.106023856555354,0.117600055713849,0.128137292714296,0.150179832461666
1000,473,"alpha1",0.319533787922899,0.317143366877029,0.0567858008674697,0.214988402024848,0.28102709211931,0.317143366877029,0.355837860288495,0.438656026255909
1000,473,"beta1",0.202947105177418,0.194090388642634,0.0821540664457016,0.0653499825337537,0.144374189823923,0.194090388642634,0.252615729604629,0.393247597852417
1000,474,"alpha0",0.103916940408486,0.103682044095703,0.0265102807023609,0.0640194555223265,0.0903258865759209,0.103682044095703,0.116659979800036,0.14108866390957
1000,474,"alpha1",0.248006076631016,0.245733767757932,0.0513541012647443,0.152970270785025,0.212966576211861,0.245733767757932,0.280875379433499,0.355914569393553
1000,474,"beta1",0.340740066572617,0.335753899837662,0.100424912394165,0.167366156097346,0.266698313029593,0.335753899837662,0.405829145328907,0.552678516802406
1000,475,"alpha0",0.106031561842434,0.104946439904815,0.0227508688781536,0.0741000992881166,0.0938445505882844,0.104946439904815,0.115616568488761,0.141674111948353
1000,475,"alpha1",0.37805926399681,0.374391613374615,0.0575166189191206,0.27507187268664,0.338299798494444,0.374391613374615,0.415318248028119,0.501283176600865
1000,475,"beta1",0.252436542202273,0.250677463952781,0.0741303416386706,0.109710499787355,0.201739254462416,0.250677463952781,0.302222340149517,0.407266775081843
1000,476,"alpha0",0.113487442976557,0.116970934248107,0.0342974811919532,0.0507111345389384,0.0894082140800727,0.116970934248107,0.135828589544113,0.164851348218918
1000,476,"alpha1",0.176271635641478,0.17344793152735,0.0523100521284433,0.0794914395329385,0.13887598169198,0.17344793152735,0.212539564048327,0.279606978092087
1000,476,"beta1",0.26153265461841,0.22730982467447,0.16680121305496,0.0264610551144268,0.124221662596699,0.22730982467447,0.387670513406437,0.626913502643674
1000,477,"alpha0",0.0916591517302825,0.0885462926594397,0.0300747802677841,0.0573160457128097,0.0752625618551127,0.0885462926594397,0.101644557268068,0.135906509898337
1000,477,"alpha1",0.2048815826817,0.202239626648397,0.0474682356803126,0.121522256985277,0.170283007039675,0.202239626648397,0.235541411437978,0.303033416682617
1000,477,"beta1",0.355909320367731,0.362133381766849,0.110458539847802,0.123896961161598,0.287977509924456,0.362133381766849,0.430686275000008,0.556071976754443
1000,478,"alpha0",0.112846144083712,0.112621905250958,0.025284366711862,0.0712540602660133,0.0958202765326534,0.112621905250958,0.127962039122133,0.153435200255987
1000,478,"alpha1",0.264520167382134,0.260260889022241,0.05207324285229,0.171712690153995,0.22901190958379,0.260260889022241,0.29548440737753,0.376752238733931
1000,478,"beta1",0.240183477492799,0.227167009635969,0.11118278459823,0.0617064170529033,0.153146587242447,0.227167009635969,0.32826714156924,0.464739349482203
1000,479,"alpha0",0.0943305894416289,0.092478663122088,0.022385999689165,0.0642574372892632,0.0807936294684797,0.092478663122088,0.105397055885626,0.12805847198524
1000,479,"alpha1",0.376892398691368,0.374093003968834,0.0556290849671508,0.277313178638215,0.337749475618957,0.374093003968834,0.413883229839229,0.490443015399878
1000,479,"beta1",0.280849233799314,0.282487788043302,0.0732046853231041,0.142602486316095,0.227330110753724,0.282487788043302,0.330967001090146,0.425186812785211
1000,480,"alpha0",0.11946676189869,0.120400267295592,0.0251640979473775,0.0784209621888998,0.104096608600966,0.120400267295592,0.133933387997437,0.15386050418113
1000,480,"alpha1",0.324774797616393,0.320266402367713,0.0607986168469802,0.218049720613295,0.283027851344469,0.320266402367713,0.362033379755166,0.452495522183773
1000,480,"beta1",0.170807658549365,0.158323932167395,0.103685410411442,0.0161888947829584,0.0863899336447363,0.158323932167395,0.24251380386393,0.383707188881671
1000,481,"alpha0",0.120171838969077,0.1196789185908,0.0241298058308561,0.0836989021503335,0.106640486220828,0.1196789185908,0.13196871980689,0.154825457118515
1000,481,"alpha1",0.380170746669692,0.379645890614833,0.0587887268618435,0.266705409105172,0.339300311217305,0.379645890614833,0.420675441770828,0.496392132021253
1000,481,"beta1",0.233411219236635,0.227067324716542,0.0742116518443773,0.110105959174645,0.179610793210751,0.227067324716542,0.28192628554425,0.393124171092035
1000,482,"alpha0",0.0800504644891058,0.0766809482068395,0.0255226065130368,0.0475072573524628,0.0671790556342428,0.0766809482068395,0.0897950115473374,0.11496670995653
1000,482,"alpha1",0.248803644905213,0.245966965195724,0.0500491340349795,0.162386887806538,0.213329680187436,0.245966965195724,0.279128781010209,0.36083550009968
1000,482,"beta1",0.408077997679745,0.415372201291996,0.101472889250673,0.212541006670739,0.342925312310818,0.415372201291996,0.479111955032336,0.592552824511528
1000,483,"alpha0",0.097740251895838,0.0967118442318091,0.0219081088756356,0.0664817842075347,0.0865978509604404,0.0967118442318091,0.106980030696275,0.128223117601322
1000,483,"alpha1",0.311307117575299,0.309240100749734,0.0447104064847712,0.227356800545808,0.279688566494421,0.309240100749734,0.342427600583117,0.400340616772811
1000,483,"beta1",0.322814564041287,0.321386784567315,0.0716006791285085,0.194184167721197,0.272051542957491,0.321386784567315,0.368664874285554,0.468206623308268
1000,484,"alpha0",0.0918991505871979,0.0885265727451118,0.0298491637399369,0.055486052723377,0.0768591377633668,0.0885265727451118,0.10261469971711,0.132239439649684
1000,484,"alpha1",0.26122429308009,0.257181029066194,0.0469138872628932,0.182309305619379,0.226799833859895,0.257181029066194,0.290277639317307,0.367158492867328
1000,484,"beta1",0.339442315876354,0.344344911610628,0.103995129975974,0.125179067326141,0.27045439729715,0.344344911610628,0.417218619898264,0.523504473728931
1000,485,"alpha0",0.082402021215738,0.0817373492014685,0.0269717903681655,0.0418476974748429,0.0663090859234214,0.0817373492014685,0.0962479894960273,0.124446068271212
1000,485,"alpha1",0.256129608355794,0.251747952902711,0.0510808458078135,0.168598243858061,0.220060817357398,0.251747952902711,0.287737188622471,0.366325581589897
1000,485,"beta1",0.410186556656893,0.412605951288698,0.113233358974401,0.202725801392851,0.327144117909392,0.412605951288698,0.483600134194071,0.635232582179286
1000,486,"alpha0",0.0957104816699361,0.0950673452124286,0.022242478236681,0.0636474522744934,0.0822525291958352,0.0950673452124286,0.106193961707317,0.131894746083192
1000,486,"alpha1",0.321444597402582,0.318501054914334,0.0521999346573256,0.225530489705483,0.285351179690135,0.318501054914334,0.352345340529728,0.433416183754202
1000,486,"beta1",0.258051481320108,0.254664890172077,0.0903357613777754,0.0831136297809794,0.19360301703748,0.254664890172077,0.323802834652472,0.430596217770055
1000,487,"alpha0",0.0882301067309327,0.0852434142436783,0.0306793363634755,0.0398671698971965,0.0696087415128472,0.0852434142436783,0.104505882711337,0.137614679794521
1000,487,"alpha1",0.208686497341552,0.205352657549437,0.045626090280907,0.130412655183165,0.175830425369341,0.205352657549437,0.237769224945936,0.305608781026082
1000,487,"beta1",0.37994097337281,0.384914155973466,0.131654059891075,0.133919367558932,0.283291803413397,0.384914155973466,0.472356790215613,0.647814323465949
1000,488,"alpha0",0.108924705548992,0.10953151162937,0.0230748992228208,0.0696695875899527,0.0954727656207231,0.10953151162937,0.120948870347149,0.145697567336052
1000,488,"alpha1",0.33284317935792,0.330035706924254,0.055469353750035,0.229159626041567,0.295666090732083,0.330035706924254,0.368109195571495,0.447697816498473
1000,488,"beta1",0.261476410253531,0.247490928850811,0.0894720903277019,0.103217489579641,0.199954618029467,0.247490928850811,0.319553253545558,0.45344247761259
1000,489,"alpha0",0.147721192469458,0.149105193678821,0.0203944759042895,0.110691832269253,0.13609261483493,0.149105193678821,0.15912603589486,0.175849620961742
1000,489,"alpha1",0.311774605933103,0.308135520829594,0.0518935115277413,0.22204385686681,0.275370621649153,0.308135520829594,0.343751034553516,0.429044686192069
1000,489,"beta1",0.0963649782362159,0.0833891995825173,0.0657651279489729,0.00735559885788292,0.0435792081761021,0.0833891995825173,0.135888788235165,0.246929618268079
1000,490,"alpha0",0.0858073160390116,0.0844530270041677,0.0219314961073915,0.0600784049739146,0.0762463855858344,0.0844530270041677,0.0926897708136161,0.110836894341607
1000,490,"alpha1",0.338689978211333,0.33740408084982,0.0501832041620642,0.247125783753066,0.302733929919521,0.33740408084982,0.372848017597375,0.438827296521884
1000,490,"beta1",0.324386931567532,0.32221644211585,0.0695980895040424,0.191313550547763,0.279511782789895,0.32221644211585,0.369663720276009,0.468363910960999
1000,491,"alpha0",0.113012813735145,0.113341718913078,0.0260086287194431,0.0711614399865542,0.0970143993349877,0.113341718913078,0.127308870483958,0.15074405950761
1000,491,"alpha1",0.270841173936448,0.265601723189712,0.0547479680129686,0.175987043083966,0.233459220303511,0.265601723189712,0.303766408537657,0.394771318990367
1000,491,"beta1",0.217286449723033,0.206708713401416,0.106909724735976,0.0424796876175551,0.132794467704941,0.206708713401416,0.298087100348089,0.438402331446058
1000,492,"alpha0",0.0838917784360619,0.0821679904844803,0.0293972930565546,0.049410705816963,0.0715801026871913,0.0821679904844803,0.0920745775930568,0.12085987343877
1000,492,"alpha1",0.263827987994749,0.261681863091312,0.0476250209392634,0.176358948530954,0.231270685433628,0.261681863091312,0.293858241390494,0.364028773488152
1000,492,"beta1",0.388513503922915,0.389952968274624,0.0904051035932939,0.212937630633991,0.331714729404184,0.389952968274624,0.444699511295196,0.568411496501546
1000,493,"alpha0",0.128760997407418,0.127700662712563,0.0269570232405849,0.0819475545969667,0.110878154844892,0.127700662712563,0.146094369491979,0.171727520711992
1000,493,"alpha1",0.331800475783102,0.329513422411885,0.0569540643348604,0.228455732476438,0.290930235793178,0.329513422411885,0.369285326238102,0.450396053739552
1000,493,"beta1",0.204349046309523,0.196827693153597,0.105706510651984,0.0364030131551073,0.115224380560751,0.196827693153597,0.280705333102679,0.419876418597992
1000,494,"alpha0",0.0796319939490736,0.0765487059765476,0.0265185458465335,0.0535730573215484,0.0680446095900784,0.0765487059765476,0.0859584527622191,0.115722207640433
1000,494,"alpha1",0.328363505184612,0.323864293279462,0.0535427989247793,0.233416988232128,0.291141092767064,0.323864293279462,0.362748730849424,0.436749802929616
1000,494,"beta1",0.37697883114689,0.379727324890448,0.0697149201823203,0.236902050959917,0.332272595753232,0.379727324890448,0.424567229801384,0.502399822040693
1000,495,"alpha0",0.103852823358611,0.100624146593249,0.0317600871095324,0.0703210229114775,0.0893685265421765,0.100624146593249,0.111239441734162,0.153171369038049
1000,495,"alpha1",0.378227784086886,0.374850505628469,0.0613159533408703,0.267301020380066,0.338485565233067,0.374850505628469,0.417277465011824,0.505675581991203
1000,495,"beta1",0.263838165521471,0.2673406683934,0.0854572013854475,0.0706483317409387,0.215165492042588,0.2673406683934,0.319276210418614,0.421151941802586
1000,496,"alpha0",0.103151148769668,0.101571539352651,0.0290893764078515,0.0641745989829317,0.0878256123775101,0.101571539352651,0.115893123836581,0.142716372095339
1000,496,"alpha1",0.299581731093561,0.294822752429953,0.0571286508206796,0.195177296795032,0.261899603284987,0.294822752429953,0.333493359252469,0.426023752072948
1000,496,"beta1",0.293991036041064,0.285040945063858,0.0957305366971688,0.132858199014978,0.225566390605749,0.285040945063858,0.356160435842572,0.503506640225212
1000,497,"alpha0",0.0947861147640176,0.0925859826612934,0.0275300360026545,0.0591295034235634,0.0819294587795504,0.0925859826612934,0.103805026703473,0.143923205337713
1000,497,"alpha1",0.299270532133607,0.29832654620536,0.0542507036053615,0.193492253351637,0.261818644021095,0.29832654620536,0.335868177502081,0.405874221227048
1000,497,"beta1",0.305606762570893,0.303760396471692,0.0954919350610243,0.0861877533712626,0.246445787056863,0.303760396471692,0.364848791341175,0.502163202475166
1000,498,"alpha0",0.099555902267087,0.0988479574753079,0.0234879690373146,0.0691181945496145,0.0871253826082704,0.0988479574753079,0.109222308557213,0.130386619584585
1000,498,"alpha1",0.304808680576653,0.301208224890567,0.0539044995623862,0.209923780489121,0.266861056575204,0.301208224890567,0.339577291227849,0.42094468864326
1000,498,"beta1",0.330678102607405,0.326898299679264,0.0805912076722932,0.19119645590577,0.273519330490449,0.326898299679264,0.385786889185101,0.484580092356084
1000,499,"alpha0",0.0746696853880941,0.0733671975086089,0.0211430414488577,0.0468692379675995,0.0659090689290698,0.0733671975086089,0.0814911575863958,0.102571926028247
1000,499,"alpha1",0.266769041867894,0.264346556405186,0.0480976218004844,0.179786232805161,0.233186244092534,0.264346556405186,0.298649954373188,0.367641484484155
1000,499,"beta1",0.374880203530679,0.372943816975493,0.0768989851138175,0.222573268917227,0.326006480407012,0.372943816975493,0.426157214769295,0.529286960126248
1000,500,"alpha0",0.129132278817595,0.126914124833933,0.0299680314110821,0.0882368290854121,0.111077306314053,0.126914124833933,0.14223600760072,0.177701577860155
1000,500,"alpha1",0.271374207276728,0.268309453764345,0.056793406438287,0.170033284057579,0.231238678652924,0.268309453764345,0.30767480772618,0.395037695325176
1000,500,"beta1",0.262672005208827,0.260270643326328,0.0903263391696385,0.0871247899701447,0.203257192193685,0.260270643326328,0.321217402185545,0.444195186531202
