"T","replica","parameter","mean","median","sd","2.5%","25%","50%","75%","97.5%"
500,1,"alpha0",0.186628254148025,0.140717712872996,0.143378955764353,0.0484741379397457,0.088643590538312,0.140717712872996,0.243174205631846,0.679000261762214
500,1,"alpha1",0.131060624721844,0.122520917106457,0.0556196871191768,0.045391577472286,0.090645210137168,0.122520917106457,0.163847350267735,0.2646223819503
500,1,"beta1",0.695703070314481,0.742983829155357,0.169630727496617,0.169991302372286,0.606793236980671,0.742983829155357,0.820088695236875,0.893336715296098
500,2,"alpha0",0.147396039760383,0.137619443227374,0.0595722418050622,0.0590340633053546,0.110071658016902,0.137619443227374,0.174189036445793,0.291351186090724
500,2,"alpha1",0.157182804210176,0.149707329608704,0.051009749482378,0.0780226658849705,0.119159498245494,0.149707329608704,0.188419486808104,0.272385560540554
500,2,"beta1",0.674717205075054,0.685256471686903,0.0940885864474144,0.449158102969837,0.627219572494642,0.685256471686903,0.734705811683379,0.828263141738172
500,3,"alpha0",0.295383814423598,0.286359291789852,0.134943812484324,0.0899327500488123,0.184486444357965,0.286359291789852,0.38122188151623,0.579861842061585
500,3,"alpha1",0.0694171748789029,0.0632653671043564,0.0396700189411723,0.00765614152281292,0.042077339661228,0.0632653671043564,0.0914200294789531,0.161381101726156
500,3,"beta1",0.588300727472702,0.600853545239453,0.163204216838558,0.232913815043862,0.481095430394267,0.600853545239453,0.715095962536462,0.844391308793524
500,4,"alpha0",0.0870627892940751,0.0664308629648868,0.0641318005837015,0.0339969892052774,0.0518124927601451,0.0664308629648868,0.0954663056076138,0.287314919220692
500,4,"alpha1",0.147175163450543,0.140862304979568,0.0502143243576161,0.0697648845522388,0.109080830445668,0.140862304979568,0.177058329718654,0.262221198983953
500,4,"beta1",0.786371454160925,0.808792842945459,0.09023079392671,0.551990232346098,0.756892429522236,0.808792842945459,0.845642264261882,0.890517364618533
500,5,"alpha0",0.283279973074973,0.279953498929996,0.10643856780076,0.0984268347903904,0.197504157075373,0.279953498929996,0.364469678748235,0.482313109236197
500,5,"alpha1",0.168778402543385,0.163475933963161,0.0597688450630871,0.0690499262151363,0.126471917116622,0.163475933963161,0.204331725004306,0.309917412034174
500,5,"beta1",0.509131273754292,0.505351328230189,0.148531552104837,0.244558098988722,0.39166212511658,0.505351328230189,0.619982261171761,0.785122876017957
500,6,"alpha0",0.112654909801219,0.103481738843797,0.0722803434939293,0.0227269207717373,0.0629176735663459,0.103481738843797,0.139829790805467,0.298297877724854
500,6,"alpha1",0.166701933834846,0.162373336833607,0.0527680893023064,0.075962537669485,0.130844393503328,0.162373336833607,0.198997898373115,0.279840394355969
500,6,"beta1",0.726949968188359,0.731990936955427,0.107938071149552,0.474429702899362,0.672199616291129,0.731990936955427,0.805130276470625,0.895780876676496
500,7,"alpha0",0.12886326876902,0.11442217394829,0.0627422648296015,0.0540510756324711,0.0910665536654678,0.11442217394829,0.148898473710114,0.329370215285129
500,7,"alpha1",0.173721790844467,0.168866657276687,0.0447188851871368,0.0992645325567308,0.142552739520384,0.168866657276687,0.198989570585685,0.277177543340436
500,7,"beta1",0.704110548433186,0.723537693344187,0.0863621072589113,0.424896102741074,0.672404962319397,0.723537693344187,0.760119257933385,0.814472326916705
500,8,"alpha0",0.170703226834086,0.15141114590106,0.0769737577423434,0.0629016589072262,0.122695511279579,0.15141114590106,0.199375762238685,0.379831460908824
500,8,"alpha1",0.125943472333372,0.120459548644987,0.0443315698681754,0.0559493548793075,0.0951514995028431,0.120459548644987,0.150142892455899,0.231733373481165
500,8,"beta1",0.695385050460135,0.71492167477354,0.101041521703968,0.4300339926453,0.648870950376531,0.71492167477354,0.763247150752762,0.845755702115691
500,9,"alpha0",0.174271872123604,0.154254972202072,0.0873817219496819,0.0632351000840999,0.108171953956529,0.154254972202072,0.217277753216782,0.418818560192019
500,9,"alpha1",0.180808282064883,0.174109707889962,0.0523685255409931,0.0966034993823603,0.143389758742211,0.174109707889962,0.211307743706523,0.29874701430005
500,9,"beta1",0.688737280558773,0.706126986248843,0.0977982885051886,0.423744738217182,0.63771238833874,0.706126986248843,0.759716612788301,0.829137155821214
500,10,"alpha0",0.106217245917455,0.0821788468941817,0.0811490214756806,0.0290420931414555,0.053838132111804,0.0821788468941817,0.128366988980445,0.364298853869888
500,10,"alpha1",0.0952298278592309,0.0884961973125833,0.0379452224330871,0.0422531787372463,0.068114188082797,0.0884961973125833,0.113730169453006,0.191725814667974
500,10,"beta1",0.792226198534908,0.823164459492763,0.111855513639149,0.446773684094983,0.76055756119215,0.823164459492763,0.866711782483018,0.91062283197599
500,11,"alpha0",0.211373740711494,0.188767354627714,0.101776010111758,0.0849277527378692,0.140631405921349,0.188767354627714,0.252911499008561,0.484243123936132
500,11,"alpha1",0.140586443510654,0.13422409038485,0.052933749998404,0.0561277016027782,0.103531388551079,0.13422409038485,0.170363191944109,0.270276423123572
500,11,"beta1",0.682361240369941,0.698443831320615,0.114597889273467,0.400061166844895,0.625564612718541,0.698443831320615,0.763221422525287,0.849474928343087
500,12,"alpha0",0.136512470526541,0.118762781531623,0.0596601378228485,0.0622273075546103,0.0932120376070999,0.118762781531623,0.174110046070343,0.276990589802146
500,12,"alpha1",0.121155904938426,0.114894893665132,0.0462097766033358,0.0484978819772776,0.0893434066025623,0.114894893665132,0.145785139145122,0.235352491233911
500,12,"beta1",0.768027316787088,0.782557514157108,0.0764268162565162,0.591210863707286,0.723670525860241,0.782557514157108,0.822199062070795,0.881311959273143
500,13,"alpha0",0.24396224641883,0.221509130698071,0.178064278574193,0.0317035025012244,0.0971389757696591,0.221509130698071,0.333696179983397,0.679564132962751
500,13,"alpha1",0.0437875867692602,0.0391004195731991,0.0305329884407067,0.00279267375144745,0.0212771853580943,0.0391004195731991,0.0601689054939417,0.112546017579179
500,13,"beta1",0.661508923076385,0.687793144724796,0.223782899072216,0.139842166428432,0.532858641395313,0.687793144724796,0.850527421930819,0.945824445457553
500,14,"alpha0",0.411685194290359,0.355158880868853,0.247330294170497,0.111690095601124,0.183397334282548,0.355158880868853,0.626396466974979,0.873703773026657
500,14,"alpha1",0.0937760082345108,0.0899889433197286,0.0472271483144053,0.0153729270622754,0.0610109838451442,0.0899889433197286,0.118400319793639,0.205557135030344
500,14,"beta1",0.480663425711855,0.539908221853574,0.264650946695134,0.026328393538775,0.238725885770543,0.539908221853574,0.72346589337755,0.815757021142266
500,15,"alpha0",0.180184680190068,0.132813387918784,0.128110737340356,0.0455391973813841,0.0858512091487285,0.132813387918784,0.240087163473245,0.507731561202446
500,15,"alpha1",0.0565575376068473,0.0510030489367053,0.033278458647273,0.00877356123109916,0.0329665304966747,0.0510030489367053,0.0747153291932882,0.132055639578534
500,15,"beta1",0.771263871632385,0.817700526984407,0.134744840564398,0.434420827231934,0.702497064789117,0.817700526984407,0.871476869109791,0.929199305654215
500,16,"alpha0",0.382351632886738,0.352559428424612,0.173698077335959,0.124859595760264,0.250384682942523,0.352559428424612,0.486151001332032,0.766027463824158
500,16,"alpha1",0.158406323250248,0.150699684386922,0.0627135334721726,0.0545387202003468,0.113570613197505,0.150699684386922,0.195293404876491,0.302241595543175
500,16,"beta1",0.452279611728976,0.466337320955031,0.19946566739593,0.0596888818188036,0.325432772677104,0.466337320955031,0.603338394637541,0.779037281870945
500,17,"alpha0",0.164116088979581,0.135172459662384,0.102072298007389,0.058669443029223,0.0952395716131726,0.135172459662384,0.191865922478046,0.459294228765028
500,17,"alpha1",0.111609160163728,0.104452673000428,0.046370366185375,0.0390563357438176,0.0781943833624095,0.104452673000428,0.139704455749694,0.214914804736924
500,17,"beta1",0.742319592646291,0.772251006582273,0.115805353672952,0.424013327329504,0.694047763273398,0.772251006582273,0.822699413538779,0.88671395211511
500,18,"alpha0",0.344410431347768,0.333094162153331,0.130259071134888,0.107801931145693,0.255711717383448,0.333094162153331,0.434741357611505,0.614456980673459
500,18,"alpha1",0.162326638143017,0.158671715790441,0.0483699814269034,0.0799571457103387,0.126870980701343,0.158671715790441,0.193074601359774,0.268276605320442
500,18,"beta1",0.511212523921915,0.520290505337691,0.143098163672909,0.231627399493447,0.41101787701203,0.520290505337691,0.610128545756044,0.779898915587271
500,19,"alpha0",0.140589826399909,0.111708345753138,0.0981687564279615,0.0544989726713992,0.0861503263464563,0.111708345753138,0.154498283805514,0.491395627873248
500,19,"alpha1",0.12368959909112,0.120257986663501,0.0430839951820131,0.0476236545925192,0.0941135521130865,0.120257986663501,0.149109406954653,0.217153815750886
500,19,"beta1",0.730039482148005,0.758197644362481,0.116954950474077,0.358626173350822,0.696531017152387,0.758197644362481,0.80183871364891,0.867787476105697
500,20,"alpha0",0.149745719354467,0.12270791298054,0.104623116675136,0.0479575958988557,0.0934277397534087,0.12270791298054,0.162302018574238,0.515806156924896
500,20,"alpha1",0.117173761072253,0.110097776515563,0.0446653640350409,0.0497406073210555,0.0856410981425067,0.110097776515563,0.142085544200759,0.225580357767906
500,20,"beta1",0.727576443055178,0.757035441731261,0.126173835522133,0.284140002716651,0.69749350028547,0.757035441731261,0.801495810388514,0.877503646683334
500,21,"alpha0",0.0855692668702502,0.0637685009304613,0.0743776658370608,0.0332922543723465,0.0484320324193065,0.0637685009304613,0.0832866379427986,0.342935757698598
500,21,"alpha1",0.0908190069764502,0.0848668545169496,0.0331623895023925,0.0446983396242398,0.0685285340827032,0.0848668545169496,0.105798990799237,0.176677456758887
500,21,"beta1",0.821152587436207,0.84928940129744,0.100654667555969,0.477418726718443,0.819647589284704,0.84928940129744,0.871551458189387,0.904317581613707
500,22,"alpha0",0.382721564635764,0.320644192857887,0.215352128495881,0.113511175939123,0.203611566100099,0.320644192857887,0.529390282004636,0.85196104098728
500,22,"alpha1",0.119564982412361,0.115180387847344,0.0447733800967103,0.045624390649584,0.0879087674691037,0.115180387847344,0.144322669721748,0.223753716463409
500,22,"beta1",0.53356755236371,0.580974015232947,0.210041656102047,0.0891652577394972,0.376880526629636,0.580974015232947,0.711340640198025,0.815798888424457
500,23,"alpha0",0.0986309351999514,0.0869304421013749,0.0594592279041117,0.0334443467909171,0.0566646537551795,0.0869304421013749,0.121677030491341,0.252089291276795
500,23,"alpha1",0.0847280245436866,0.0799836537608944,0.0389630767615529,0.022015580443079,0.0562328744856433,0.0799836537608944,0.107991963359483,0.17297546898867
500,23,"beta1",0.807615100311269,0.819630869447327,0.0842839438268203,0.609792694591285,0.762240986718709,0.819630869447327,0.868839977174853,0.922868844530532
500,24,"alpha0",0.174338174404063,0.15354207888492,0.0903276534177063,0.0645452544675992,0.108584927555078,0.15354207888492,0.216800810129498,0.455030854675469
500,24,"alpha1",0.105834251619262,0.100216151778535,0.0413665049019136,0.0430254886865846,0.0782503429882245,0.100216151778535,0.127224232713152,0.19183815444622
500,24,"beta1",0.759367627883893,0.775288941569719,0.092148967802373,0.501131097302956,0.717123275269203,0.775288941569719,0.820648277760852,0.886372222287693
500,25,"alpha0",0.286761074600251,0.251647565042553,0.148680314375205,0.0990290884574052,0.170002690033511,0.251647565042553,0.36937393344919,0.668106332426777
500,25,"alpha1",0.122643464760917,0.115189527636017,0.0515668208174315,0.0424506071139734,0.0857123544574623,0.115189527636017,0.152909816301758,0.247135347379049
500,25,"beta1",0.615115680378996,0.642306651837493,0.153413992054192,0.255088310563305,0.526415702423888,0.642306651837493,0.73264414269295,0.830078132285053
500,26,"alpha0",0.223757623351189,0.20214412223721,0.121762070511018,0.0618164692954829,0.11374222777426,0.20214412223721,0.312188415450984,0.48861161745464
500,26,"alpha1",0.110760289581074,0.104540399590009,0.0479576370965627,0.0356726065790468,0.0764524941400013,0.104540399590009,0.137724684032377,0.219223553606187
500,26,"beta1",0.591608589676757,0.62310956884232,0.18489800678513,0.206950332546207,0.449870221156628,0.62310956884232,0.749710590955803,0.856240467247906
500,27,"alpha0",0.121117353848748,0.0915683240384874,0.0821975252352007,0.0447967312479317,0.0658793966375627,0.0915683240384874,0.146152379113465,0.38389927451701
500,27,"alpha1",0.0871987496737337,0.0838280535266361,0.0365850355157572,0.0251604550501003,0.0607608082692604,0.0838280535266361,0.109724071188339,0.167020375071564
500,27,"beta1",0.766953965378296,0.79444434787623,0.111679878442541,0.433870777600231,0.727307091032807,0.79444434787623,0.839820054067005,0.90594306804234
500,28,"alpha0",0.227447371777393,0.206302218347641,0.108797427720201,0.0972944893035747,0.149957016095086,0.206302218347641,0.27018186381576,0.520186169867117
500,28,"alpha1",0.175329690794384,0.165647080105213,0.0674160773609987,0.0693770981222459,0.125411322767804,0.165647080105213,0.218904866907661,0.320761057884612
500,28,"beta1",0.599658532246737,0.619394392227209,0.145066962803491,0.21979246863844,0.520644568181905,0.619394392227209,0.708756408154508,0.805375123192807
500,29,"alpha0",0.183401044302562,0.144530221153973,0.118175109876177,0.0581604452702375,0.106654918480994,0.144530221153973,0.217377441884624,0.522291824387472
500,29,"alpha1",0.127012533187629,0.118156586589987,0.0500855179527525,0.0525462264315586,0.0905645751642029,0.118156586589987,0.155734565993954,0.24707434807403
500,29,"beta1",0.704784131038919,0.744920512358941,0.141826319084398,0.29211535015434,0.658058570689721,0.744920512358941,0.797184814294715,0.876198358968291
500,30,"alpha0",0.193809068771119,0.161913619194149,0.111916379634744,0.0565631037200106,0.120599652596957,0.161913619194149,0.229355165875298,0.493479004139803
500,30,"alpha1",0.139622028799702,0.133626760517862,0.0467159893052092,0.0639781838862106,0.105792216147248,0.133626760517862,0.168065933167306,0.244071147849051
500,30,"beta1",0.616867076623144,0.660128113223833,0.162977260735937,0.210212332759157,0.5515011187619,0.660128113223833,0.728138743295231,0.83312694561396
500,31,"alpha0",0.0689555040899891,0.0593178693909123,0.0552623926246864,0.0210714365083987,0.0458456900927984,0.0593178693909123,0.0777806927163514,0.172887272636037
500,31,"alpha1",0.106884534377274,0.103318711747035,0.0358385040291037,0.0488170122358554,0.0827809450011905,0.103318711747035,0.126601546591242,0.185549581881077
500,31,"beta1",0.832348062226722,0.842365778970206,0.0712696067107542,0.674757832824342,0.813555902447414,0.842365778970206,0.870206441975861,0.910143035872095
500,32,"alpha0",0.351461378874129,0.290718050873442,0.1777425537331,0.123378132142381,0.20961552525492,0.290718050873442,0.491665910203618,0.733000136872671
500,32,"alpha1",0.141751940207662,0.137000425912838,0.0593094112567219,0.0405114100400753,0.100562772247442,0.137000425912838,0.175765136742355,0.271231366379927
500,32,"beta1",0.477954776386256,0.527236151091672,0.208332768004407,0.0810288213029086,0.300772249347739,0.527236151091672,0.644186095656739,0.78474979008064
500,33,"alpha0",0.261140538984533,0.213845683539722,0.187019169878491,0.0600009432771809,0.124171023011334,0.213845683539722,0.329675086213033,0.802521320141005
500,33,"alpha1",0.0974609232303328,0.0939458631944166,0.0441803814349869,0.0250086142325854,0.0648235736854116,0.0939458631944166,0.124869730212295,0.195775799746168
500,33,"beta1",0.637213548897355,0.682489901146646,0.203760757768744,0.0727947569734659,0.561368991060697,0.682489901146646,0.791506440484407,0.880109285814718
500,34,"alpha0",0.107358750135974,0.0751720909793197,0.0849550907508919,0.0348278410309965,0.0547686393668909,0.0751720909793197,0.118462574679406,0.38873202697781
500,34,"alpha1",0.0488042829365519,0.043571020118685,0.0286630132190188,0.00966008053870051,0.0280903596149116,0.043571020118685,0.0634335957578222,0.118737660160064
500,34,"beta1",0.801649765634003,0.84928252201947,0.131421203018501,0.404144592239533,0.774439127857233,0.84928252201947,0.886496041463857,0.928537814087277
500,35,"alpha0",0.0755644738266089,0.0495483567995238,0.0758943939707107,0.0138509436130408,0.0339881686455939,0.0495483567995238,0.0933717265566256,0.271135565820265
500,35,"alpha1",0.0859422469935948,0.0803702880938947,0.0403127874680938,0.0210189155118877,0.0575450258751052,0.0803702880938947,0.109508938170285,0.175662598462885
500,35,"beta1",0.846499804716965,0.870360623558557,0.0881386499624056,0.624323067591045,0.814099137149059,0.870360623558557,0.903484696765773,0.947201056543682
500,36,"alpha0",0.336128138862456,0.374684982756655,0.20567641054575,0.0382077371251141,0.0976896906823825,0.374684982756655,0.498546989212366,0.671996744636538
500,36,"alpha1",0.106284938091943,0.0979936253660053,0.052374020436771,0.0299208743196785,0.0659606179581256,0.0979936253660053,0.139613395181683,0.228249425294117
500,36,"beta1",0.492435528798675,0.43639840928554,0.273481005604831,0.0824160609469712,0.261633465506485,0.43639840928554,0.805466891837295,0.911692326936639
500,37,"alpha0",0.144527584601826,0.132582039504391,0.0695582813168953,0.057640280992759,0.0978032056904516,0.132582039504391,0.168942621181242,0.347291268734974
500,37,"alpha1",0.126290505911213,0.12255066231519,0.0410795004560773,0.0605646984159275,0.0967316631563715,0.12255066231519,0.150445117667149,0.213896154555345
500,37,"beta1",0.7417610596815,0.755031784810422,0.0835947337375386,0.530768010228399,0.709839996782303,0.755031784810422,0.795698358941296,0.852584655657674
500,38,"alpha0",0.23135487449846,0.216226664824058,0.104206042791631,0.0815370309768123,0.158820757093379,0.216226664824058,0.287729535221616,0.508012351419026
500,38,"alpha1",0.236108296308038,0.22810727880218,0.0653359302190069,0.129887316200726,0.187239216081092,0.22810727880218,0.278650047882194,0.379432573031878
500,38,"beta1",0.583388453682527,0.59580894220777,0.126616483306856,0.263630333261328,0.512347707317933,0.59580894220777,0.676097330905298,0.783160837356108
500,39,"alpha0",0.267523529766301,0.227052099702415,0.129839608490134,0.11087808621809,0.172898931426763,0.227052099702415,0.333617255873573,0.607089877695936
500,39,"alpha1",0.128784247203606,0.123304408552477,0.0493684478101151,0.0466074705680021,0.0938658133424511,0.123304408552477,0.157894904297966,0.243680822037039
500,39,"beta1",0.524363473636398,0.568649131671287,0.179156172548529,0.0857445486677463,0.424615841442031,0.568649131671287,0.658648248240824,0.769143453330357
500,40,"alpha0",0.179827400463712,0.1391579705359,0.15365866953369,0.0357623224673909,0.100240142480231,0.1391579705359,0.185001089300055,0.693421484092616
500,40,"alpha1",0.135609639984631,0.129061662632746,0.0473034191200879,0.0604555106360168,0.10115259602075,0.129061662632746,0.162849697084527,0.247692699386388
500,40,"beta1",0.657420991809252,0.708506730528117,0.197562472430253,0.0274080576339387,0.631928991635028,0.708506730528117,0.772875641075328,0.857379847968356
500,41,"alpha0",0.122795058785823,0.107849177317768,0.0630843922399778,0.0621223460333906,0.0865597361281491,0.107849177317768,0.138831254907631,0.2509549949749
500,41,"alpha1",0.164416344824522,0.155826652715038,0.0510421763515294,0.0913545961248234,0.128364993564075,0.155826652715038,0.190464794417538,0.300005090133276
500,41,"beta1",0.742783339192047,0.760124872703541,0.0817822471245191,0.558794366966689,0.714501153951467,0.760124872703541,0.793804455484715,0.840866978425011
500,42,"alpha0",0.39271151108245,0.343665427413941,0.209808984090021,0.116024381951313,0.214220352030911,0.343665427413941,0.536999230277208,0.852934428430158
500,42,"alpha1",0.0974510819767606,0.0929224461658052,0.0497778930052003,0.0120689987512014,0.0595862125341842,0.0929224461658052,0.131610635655475,0.200878361010264
500,42,"beta1",0.497053862828849,0.527202170848857,0.222988556099656,0.0471926458406497,0.32904133325512,0.527202170848857,0.682310758774611,0.834187859964383
500,43,"alpha0",0.184560767846464,0.178712505605637,0.0642681894123753,0.0875939185848598,0.143640008102129,0.178712505605637,0.217153147908842,0.318635281512172
500,43,"alpha1",0.187758893420397,0.182865143974401,0.0486697520938175,0.105651309403835,0.153617250096537,0.182865143974401,0.21612966841173,0.303627677753754
500,43,"beta1",0.658624927275949,0.663744693593526,0.0776758010334588,0.484411842470219,0.618673824899698,0.663744693593526,0.708210817825812,0.786862359770349
500,44,"alpha0",0.159233557288902,0.135577092623612,0.0879987152883797,0.0624990149896606,0.10645365562308,0.135577092623612,0.182620446841566,0.44987091164498
500,44,"alpha1",0.173480058682284,0.164645144716792,0.053023208489727,0.0943722312235079,0.135759452236108,0.164645144716792,0.203334913912296,0.298973660923744
500,44,"beta1",0.694882064347864,0.716522644341855,0.106350444599008,0.349686920313396,0.659469512090009,0.716522644341855,0.760659648453898,0.832437007095798
500,45,"alpha0",0.219321656185709,0.188529067170908,0.136763722964585,0.0560114938097949,0.126499293687278,0.188529067170908,0.264412526272949,0.633670334483422
500,45,"alpha1",0.149117641547695,0.14459577580753,0.0562587655820404,0.0551214526423457,0.108924521995319,0.14459577580753,0.181425262225877,0.273492719266721
500,45,"beta1",0.620801389849076,0.647235807413819,0.172325704916497,0.127715052153078,0.552139160069111,0.647235807413819,0.738228330954518,0.868099380148321
500,46,"alpha0",0.102221441181453,0.0983234518065385,0.0388135173316714,0.0477244644948947,0.0752323610238009,0.0983234518065385,0.123309510812537,0.176184176143662
500,46,"alpha1",0.129081235717223,0.125935208106071,0.0382041644497924,0.0639485041291133,0.102572293186472,0.125935208106071,0.152138166012224,0.212178379348111
500,46,"beta1",0.780282113594731,0.783544538409756,0.0546122857312209,0.665554277278382,0.750703749699352,0.783544538409756,0.814998771438382,0.872863364976904
500,47,"alpha0",0.104644152724787,0.0931386634347798,0.052703493690904,0.0470157659739685,0.0691910118738268,0.0931386634347798,0.125309582326237,0.236978077126095
500,47,"alpha1",0.134218639649363,0.129068572524821,0.0472781399561432,0.056564511830984,0.10172309839311,0.129068572524821,0.160146698730734,0.243879047857537
500,47,"beta1",0.756453637460585,0.769750744095655,0.0834301749512294,0.558563886762026,0.716406113683007,0.769750744095655,0.813097709156305,0.871908051411314
500,48,"alpha0",0.091114715438689,0.0778130403895251,0.0573418378779152,0.0324850110695982,0.0545550753445007,0.0778130403895251,0.110224321124955,0.239025845923577
500,48,"alpha1",0.225042567248659,0.217703743049808,0.0601979641759868,0.128413089657141,0.183273971490166,0.217703743049808,0.259149333347075,0.369063763504691
500,48,"beta1",0.703685269626973,0.7195427536576,0.0955661831808656,0.441921991329633,0.65883860244545,0.7195427536576,0.76657724498622,0.829894231799731
500,49,"alpha0",0.32367750399099,0.325766003194978,0.116927548861476,0.137058573725641,0.222325569960218,0.325766003194978,0.406726306591229,0.550871361036488
500,49,"alpha1",0.188726166077255,0.18411895477257,0.0553518582842119,0.0912949857916138,0.149936904027437,0.18411895477257,0.224290681079882,0.309394569024354
500,49,"beta1",0.440834591861946,0.436831618505535,0.152325694183579,0.146032223635649,0.330063006191849,0.436831618505535,0.565505759444873,0.71057755331744
500,50,"alpha0",0.221423069491108,0.0885197705388012,0.292478270753773,0.03819873924696,0.0632065042369167,0.0885197705388012,0.155945661128242,1.01909293694618
500,50,"alpha1",0.0804027467121042,0.0765231190954217,0.038116350217482,0.0186050032948423,0.0539947596192994,0.0765231190954217,0.101417658392841,0.166090367185357
500,50,"beta1",0.735664153120563,0.843576969023189,0.247446359830369,0.0846466788235782,0.763352659762889,0.843576969023189,0.877352269603604,0.925791941782875
500,51,"alpha0",0.137011105884176,0.111803667685921,0.104000359250449,0.044285872344542,0.0859858541687414,0.111803667685921,0.144392278106081,0.517325456783814
500,51,"alpha1",0.140188886432656,0.133863628900206,0.0474529923591528,0.068112231604107,0.107799506889955,0.133863628900206,0.165224906183148,0.256873989787415
500,51,"beta1",0.719204359087998,0.749733678280766,0.131175617603743,0.258378756612007,0.693106430922399,0.749733678280766,0.794578482176355,0.859231392280071
500,52,"alpha0",0.124564320578018,0.117134511390582,0.0552439499732655,0.0522816785604458,0.0918523119976209,0.117134511390582,0.145287023683205,0.250375400207986
500,52,"alpha1",0.164158328784893,0.160136396998869,0.0479200509548054,0.0847789877500371,0.131084048303814,0.160136396998869,0.191000637907713,0.27700376436854
500,52,"beta1",0.747567007272687,0.755106076838927,0.0720591861944815,0.576741484957169,0.712560243654417,0.755106076838927,0.794617206303789,0.86014090866971
500,53,"alpha0",0.353534429014547,0.316683704469495,0.192258696205555,0.107101037553347,0.208628139533208,0.316683704469495,0.421612821896971,0.812478681691558
500,53,"alpha1",0.0914890490151838,0.0852444004486813,0.0471920212602676,0.020029297512994,0.0567687586000249,0.0852444004486813,0.118206115620074,0.204895322773945
500,53,"beta1",0.536837904228212,0.578090042464091,0.216189435577359,0.0559693062769083,0.434706169923199,0.578090042464091,0.702346802979088,0.838214679640163
500,54,"alpha0",0.278970598592629,0.265782389848728,0.110217763702729,0.108036117037258,0.20106577417257,0.265782389848728,0.335881580551076,0.552531927781196
500,54,"alpha1",0.201022574310124,0.195762176011275,0.0638876823721484,0.0877237435809799,0.157920004707351,0.195762176011275,0.238760877559486,0.345027140551369
500,54,"beta1",0.522923976873311,0.538333436023276,0.130578058422069,0.199834108998041,0.449712267238008,0.538333436023276,0.61353088652007,0.73624923891366
500,55,"alpha0",0.141219382958461,0.116375456244706,0.0802966888483276,0.0592361643568289,0.0872635061180023,0.116375456244706,0.173908612357791,0.349434148276817
500,55,"alpha1",0.159863416765488,0.15359884464171,0.0507743170171236,0.0829205319255333,0.123843534612101,0.15359884464171,0.188035385655475,0.270201708812982
500,55,"beta1",0.684480639673645,0.713689164061196,0.117830481291018,0.401380800641239,0.633089985618872,0.713689164061196,0.763642170916499,0.825912779287882
500,56,"alpha0",0.336638951598438,0.29233826254861,0.166579696550562,0.118259224151896,0.209344670549823,0.29233826254861,0.448192823597332,0.700871130366724
500,56,"alpha1",0.0841162465597493,0.0800330772609487,0.0444189876349866,0.0100984959231017,0.051991769187038,0.0800330772609487,0.110802905761346,0.181621992245941
500,56,"beta1",0.553447291956072,0.595186749231072,0.18241715395112,0.177204829586073,0.428407109516144,0.595186749231072,0.6969275791294,0.808493292285318
500,57,"alpha0",0.181139966109822,0.164612994488505,0.0774032308984816,0.0779942886775364,0.124070655049904,0.164612994488505,0.224175252859098,0.360549386034646
500,57,"alpha1",0.0818162160914555,0.0765829111123768,0.038621416508623,0.022812636224432,0.0530150497836763,0.0765829111123768,0.106409513054357,0.168768031903982
500,57,"beta1",0.722653452458115,0.735375038146363,0.0929911333832567,0.518246385947516,0.670336809731677,0.735375038146363,0.788050354169119,0.868543864202359
500,58,"alpha0",0.138442145884713,0.133026073197891,0.0645498277318742,0.0401106375094945,0.0940733413797787,0.133026073197891,0.170446116061592,0.291969855113371
500,58,"alpha1",0.17283763040035,0.168108472259704,0.0517340194576266,0.0875383810584689,0.135259253305449,0.168108472259704,0.207101329143629,0.276396164852554
500,58,"beta1",0.711334539007322,0.714949268856603,0.0911995118919083,0.500522641559934,0.657652478379513,0.714949268856603,0.77885986160144,0.864029683199823
500,59,"alpha0",0.288241857796241,0.18891455761241,0.224645264490161,0.0441258589683883,0.0947486426562611,0.18891455761241,0.486870566118411,0.737515539802628
500,59,"alpha1",0.147308716100451,0.134625421605785,0.0703674528176797,0.0436322338672176,0.0924685960939235,0.134625421605785,0.195566927707102,0.300276854512782
500,59,"beta1",0.575623588903842,0.684580778233456,0.268384634795818,0.0780435042027211,0.31139591982086,0.684580778233456,0.811912755254866,0.898060305793563
500,60,"alpha0",0.100819930424149,0.0804076986038434,0.075702744033902,0.0453747596860049,0.0651058166279285,0.0804076986038434,0.106994380484779,0.353647066709523
500,60,"alpha1",0.115825891805342,0.111057719356276,0.0390471771168553,0.0535575453969078,0.0874630755636145,0.111057719356276,0.139049540679796,0.204146736538659
500,60,"beta1",0.79529965938882,0.813465691569799,0.0909749709891133,0.519869535065373,0.771430909399769,0.813465691569799,0.848696905148449,0.890540584133401
500,61,"alpha0",0.0976300851594877,0.0753367161055019,0.078019919216302,0.0267035864896692,0.0494007746740038,0.0753367161055019,0.105231322705084,0.349638247281512
500,61,"alpha1",0.127950765395468,0.120928317219904,0.0491477543822849,0.0538543540361971,0.0917672487643529,0.120928317219904,0.156504097087817,0.239334009334955
500,61,"beta1",0.770957153463285,0.798813591010011,0.116742833848842,0.428891446188021,0.733070641738658,0.798813591010011,0.849244695526963,0.905346292016772
500,62,"alpha0",0.464551822890595,0.450137845215595,0.150924612196085,0.229539941737058,0.350304154852191,0.450137845215595,0.556872532096585,0.797612835066081
500,62,"alpha1",0.102141653718866,0.0959002090191591,0.0527533055982286,0.0185202529142259,0.0620859689300805,0.0959002090191591,0.134809147588704,0.217772403313371
500,62,"beta1",0.397933828670626,0.408150107175996,0.172246839941992,0.0495136808523117,0.289741698066515,0.408150107175996,0.527120843700885,0.692707621056151
500,63,"alpha0",0.195735114406079,0.146562081142759,0.140055561238987,0.0505395134706532,0.0851092827709875,0.146562081142759,0.255695082242905,0.544412475212405
500,63,"alpha1",0.150945826810542,0.145080871232815,0.0538971048821568,0.0660148948855122,0.109774469055022,0.145080871232815,0.184345952804954,0.269223985795007
500,63,"beta1",0.679845453717154,0.727959920291984,0.157859839178969,0.318054129219778,0.589992871682733,0.727959920291984,0.805481279931261,0.876637881927736
500,64,"alpha0",0.151229204683554,0.14840502531469,0.0465806770620275,0.0733645447930072,0.116406022036569,0.14840502531469,0.183271670228389,0.243450116167975
500,64,"alpha1",0.171609392832636,0.167359411652807,0.0476829821951403,0.0901843763132184,0.137013165736983,0.167359411652807,0.20050754664984,0.27719733523115
500,64,"beta1",0.688484582181396,0.691430472744765,0.0664764669153051,0.550388927760836,0.646076410189128,0.691430472744765,0.733080032563773,0.809562764209525
500,65,"alpha0",0.184673969416465,0.159973927089729,0.0934694231216088,0.0652353092582033,0.120373353676437,0.159973927089729,0.230531726836423,0.435632181354032
500,65,"alpha1",0.110834742594174,0.105757889891535,0.0459241622939596,0.032312998081058,0.0789922463258457,0.105757889891535,0.138197286208487,0.214141972208518
500,65,"beta1",0.674025288487666,0.700802183020608,0.126797665244111,0.36892650698568,0.603089053608521,0.700802183020608,0.765011992557632,0.862743266187932
500,66,"alpha0",0.169066000293361,0.156475543145873,0.0612632186200283,0.0788141270265555,0.124798319308422,0.156475543145873,0.205307330929433,0.309161879119568
500,66,"alpha1",0.167216190208136,0.164350836381143,0.0457459430598384,0.0893145155501377,0.134014249845607,0.164350836381143,0.195491891024682,0.266790708661115
500,66,"beta1",0.651105501095818,0.664026480857911,0.0901552851661895,0.457569815060669,0.593625976250083,0.664026480857911,0.717548735924768,0.796207567003663
500,67,"alpha0",0.193703703233782,0.176302634265131,0.083246647051392,0.0729746557539404,0.134093085361145,0.176302634265131,0.235808811422557,0.39449166872483
500,67,"alpha1",0.1066770758483,0.102737174203338,0.037493535463476,0.0449352814008304,0.0801705559540219,0.102737174203338,0.128521089732337,0.193099718731251
500,67,"beta1",0.713760971959605,0.725797533405197,0.0876189340850329,0.508931606239175,0.669025725314467,0.725797533405197,0.774279815434094,0.852849731309479
500,68,"alpha0",0.305854921190909,0.294666860744289,0.104569336643734,0.137881870861116,0.225958615098522,0.294666860744289,0.371093475918595,0.547188237130393
500,68,"alpha1",0.174924726526461,0.170316897446144,0.0559768299691716,0.0770221246626431,0.135788476694794,0.170316897446144,0.210348001831108,0.2937382954726
500,68,"beta1",0.564340195933016,0.572359324068924,0.113425450073077,0.327586369270302,0.49023993401413,0.572359324068924,0.64462254575915,0.768513313636554
500,69,"alpha0",0.331637585578447,0.30173837401992,0.153612079817707,0.123194600498768,0.209271451353035,0.30173837401992,0.423437417255739,0.671165392886706
500,69,"alpha1",0.138855094372505,0.130958759025938,0.0508873229500029,0.0610025767150489,0.102954737675375,0.130958759025938,0.16753857554855,0.258153756454303
500,69,"beta1",0.57666257196664,0.593788498286506,0.149632841573142,0.262542591716881,0.470044002140064,0.593788498286506,0.698085787002259,0.806882723369439
500,70,"alpha0",0.182768701734316,0.176079947433926,0.058059015071125,0.0991348907633192,0.141524689785261,0.176079947433926,0.211023271138023,0.30682455413279
500,70,"alpha1",0.136921873804153,0.131217478838189,0.0492953550339237,0.0573996283770219,0.101607968067802,0.131217478838189,0.166017421061187,0.251429126219721
500,70,"beta1",0.693286927051254,0.698668588221836,0.0747802104814456,0.552659329435528,0.648299170577165,0.698668588221836,0.746802939700351,0.813774370422132
500,71,"alpha0",0.22416619720408,0.192278205026215,0.123424657972107,0.0748047573494718,0.140946063087532,0.192278205026215,0.264777488813351,0.571477106796571
500,71,"alpha1",0.154994563928797,0.147723045498475,0.0544523562801001,0.0713788048641432,0.115176639725956,0.147723045498475,0.185525244359949,0.288565386204701
500,71,"beta1",0.616986571383141,0.652147452303988,0.154330722285981,0.201861322289671,0.549281371670333,0.652147452303988,0.727661208135355,0.824785622609942
500,72,"alpha0",0.230741003194384,0.22167746167333,0.0757319845429207,0.120937096449254,0.174675825508687,0.22167746167333,0.269064907160762,0.431257526806134
500,72,"alpha1",0.194227355600567,0.191616507815443,0.0523574673328688,0.106497462462968,0.155862668494995,0.191616507815443,0.226084401428373,0.306883321038204
500,72,"beta1",0.574512771681192,0.581842928907417,0.100720618260985,0.329026023657858,0.521925188936366,0.581842928907417,0.643639996867537,0.742333166778965
500,73,"alpha0",0.181747441975993,0.151110719853006,0.109256815569843,0.0650521401965989,0.119401801373257,0.151110719853006,0.193117976481318,0.518521041895417
500,73,"alpha1",0.0985279802934488,0.0923588799260511,0.043334183120669,0.0312929282951725,0.0674615253397441,0.0923588799260511,0.123298696232,0.198859100653245
500,73,"beta1",0.728756587055115,0.759516471682146,0.121055839517,0.389153674893149,0.692806673952235,0.759516471682146,0.803174802788786,0.886050265203443
500,74,"alpha0",0.294180326231947,0.188771399289773,0.211978090255225,0.0781514100682255,0.127692802194803,0.188771399289773,0.482722975705265,0.728816289691409
500,74,"alpha1",0.130045593441925,0.123668072103008,0.0531233463003691,0.0459012673010171,0.092081681023735,0.123668072103008,0.160256571738975,0.257367166119373
500,74,"beta1",0.538503796900766,0.65521476169538,0.251686949370041,0.0353389720424193,0.323925420023845,0.65521476169538,0.736473554053462,0.823143292430871
500,75,"alpha0",0.0727509638793368,0.059264504829214,0.0651026484759098,0.0258160878789551,0.0444409579123407,0.059264504829214,0.0784975378489091,0.305780141500119
500,75,"alpha1",0.100603685885728,0.0963042967396767,0.0336121160170352,0.0480549852821221,0.0779871455624168,0.0963042967396767,0.118235870478762,0.176117361170436
500,75,"beta1",0.837235408635881,0.850647353583958,0.074324063782034,0.589923789983183,0.823909004377043,0.850647353583958,0.87480221021243,0.910218051996905
500,76,"alpha0",0.178993009699495,0.143724638744955,0.137049305936841,0.0322268013358075,0.101819143737908,0.143724638744955,0.203624599354958,0.657024621844997
500,76,"alpha1",0.100644045081748,0.095122575583265,0.0422020341507736,0.0318879652455286,0.0709192915205905,0.095122575583265,0.125106878574832,0.194954586452474
500,76,"beta1",0.685582521439178,0.728004682324644,0.184270886749145,0.0445415868202642,0.653920812630782,0.728004682324644,0.792458843349306,0.888534309908719
500,77,"alpha0",0.253988644412399,0.189979603468259,0.174655108898957,0.0600270073414234,0.102665188251041,0.189979603468259,0.400318118695515,0.636155816678108
500,77,"alpha1",0.115578385919572,0.108106492729356,0.0497581441207893,0.0386102163470417,0.0795091448091549,0.108106492729356,0.144012224123643,0.22988653440405
500,77,"beta1",0.630820408195832,0.691896311428741,0.201353934711287,0.238419082375776,0.455329225458325,0.691896311428741,0.808184443067373,0.888036514072911
500,78,"alpha0",0.122650898229599,0.100559869962792,0.0709712843855103,0.0411745080308881,0.0718667065063578,0.100559869962792,0.157846074723168,0.286670720805229
500,78,"alpha1",0.133429740797294,0.123040060251617,0.0634221087955646,0.0470757488750795,0.0851005986444292,0.123040060251617,0.169297314954589,0.283534000854948
500,78,"beta1",0.753794967291094,0.779863345885843,0.109480921193279,0.500906785553447,0.690192367599756,0.779863345885843,0.836158710293221,0.895661978958519
500,79,"alpha0",0.207581750217471,0.189042569115562,0.099694039149684,0.0728297802679191,0.135642051119411,0.189042569115562,0.261301692804011,0.445275344906076
500,79,"alpha1",0.118376242201945,0.115663283435539,0.0424440854972999,0.0480688377861848,0.0868643867708956,0.115663283435539,0.145348020457665,0.212625171587339
500,79,"beta1",0.704747858197982,0.720539803784454,0.101784873364537,0.472590760469569,0.649619120705377,0.720539803784454,0.780284072359697,0.860859242652685
500,80,"alpha0",0.258213582575006,0.207613333764353,0.155542175627626,0.0700870043444723,0.142996480282316,0.207613333764353,0.34458940906887,0.651129951555609
500,80,"alpha1",0.0751645169270684,0.0691572451803889,0.0378318478162547,0.0218704518255394,0.0491026765814808,0.0691572451803889,0.0932032002949537,0.165122353685982
500,80,"beta1",0.605611623910702,0.666247801366114,0.204359334710562,0.125376689200481,0.481150514409008,0.666247801366114,0.762805683156892,0.862866293395519
500,81,"alpha0",0.241730096414411,0.221577951168896,0.0979911714189565,0.119312483437959,0.17409351184021,0.221577951168896,0.278395138749413,0.525226128775495
500,81,"alpha1",0.160227866872125,0.154784077780527,0.0475205926330602,0.0820053658985981,0.125706042671297,0.154784077780527,0.190696348702728,0.265653558489051
500,81,"beta1",0.604400741026944,0.624497259797456,0.115422309231054,0.298936450136676,0.55108879473326,0.624497259797456,0.684395536679886,0.772350479363348
500,82,"alpha0",0.296360172389065,0.260102953677963,0.167776212069145,0.0929836953164118,0.162792209046473,0.260102953677963,0.382711875193578,0.755680417096529
500,82,"alpha1",0.145802821978053,0.142560648242018,0.0601929755935459,0.0460769654003492,0.0998168206125485,0.142560648242018,0.185333051256897,0.276012902827579
500,82,"beta1",0.554772859566041,0.592723591995465,0.204324848385833,0.0392974772934744,0.429168896165126,0.592723591995465,0.724558773592668,0.838383370674655
500,83,"alpha0",0.294249538364119,0.26460212298601,0.136903464290163,0.0996278529285246,0.181640649402298,0.26460212298601,0.398650684312257,0.582269395909068
500,83,"alpha1",0.11277810561176,0.106005645470882,0.0528173561042651,0.0283220562094292,0.0745880964720557,0.106005645470882,0.143940104938305,0.233657632613187
500,83,"beta1",0.517309593298607,0.541591967581257,0.179765049284503,0.162009113727128,0.374011687345511,0.541591967581257,0.666381834512765,0.791166808646213
500,84,"alpha0",0.0969457851700988,0.0864127535339675,0.0547946211259085,0.0478253787935966,0.0686326088243605,0.0864127535339675,0.108970345801686,0.189482810257532
500,84,"alpha1",0.130917508294178,0.128039223567599,0.037506830166313,0.0684431426889212,0.104354203925976,0.128039223567599,0.154229684288144,0.212173265602588
500,84,"beta1",0.790795856230801,0.799167395144427,0.0658417593057193,0.683040686404373,0.762567758390386,0.799167395144427,0.830717265636946,0.876212764436812
500,85,"alpha0",0.322910502765131,0.248937502330547,0.202209647407481,0.0765023326428291,0.161712755355575,0.248937502330547,0.477419525004764,0.754582081297893
500,85,"alpha1",0.101003469359279,0.0942563593208293,0.0477126038124525,0.026755195298984,0.0673903751335121,0.0942563593208293,0.12787698914598,0.20896375932819
500,85,"beta1",0.566504810196886,0.634562011016688,0.221311514510382,0.112420175266601,0.40296418840731,0.634562011016688,0.737066705424677,0.870459310311907
500,86,"alpha0",0.105522330769457,0.079796863881752,0.0760010935679912,0.0421471453900971,0.063328416704162,0.079796863881752,0.120240586799531,0.356241191868978
500,86,"alpha1",0.0631229275342832,0.0585949074548264,0.0313739254383365,0.0172595514235733,0.0417790228237365,0.0585949074548264,0.0790611166831636,0.135543943904846
500,86,"beta1",0.824160622785785,0.847295709958098,0.090755566640407,0.533435441569222,0.804753029439912,0.847295709958098,0.878399675155619,0.916619252061975
500,87,"alpha0",0.211550756468399,0.202059694893462,0.0915178669883739,0.0591927433647913,0.1459062711939,0.202059694893462,0.270969220542426,0.39217357217473
500,87,"alpha1",0.145373849268828,0.139975254746714,0.0470098680844532,0.0690591704750289,0.112912014520084,0.139975254746714,0.171574156365711,0.257083639103724
500,87,"beta1",0.609540695186773,0.619632366158999,0.127045620952903,0.34833377769418,0.527592633544033,0.619632366158999,0.700765117742656,0.830681345648129
500,88,"alpha0",0.206054855832959,0.189422706276736,0.0919644661372404,0.0696845668001607,0.141410200575292,0.189422706276736,0.260583670755815,0.404383692082501
500,88,"alpha1",0.126947783647955,0.120721430559019,0.0469084558465047,0.0533260571331094,0.0953265367916032,0.120721430559019,0.150642488782343,0.236262313152703
500,88,"beta1",0.702903042742401,0.719182004120843,0.10465095375208,0.464416314520211,0.640209912726144,0.719182004120843,0.778962941648028,0.86410284866364
500,89,"alpha0",0.207946301082702,0.201764612169619,0.0693430828465898,0.0970920181627582,0.161210868586433,0.201764612169619,0.248042498620932,0.375671683761017
500,89,"alpha1",0.189626982651005,0.186924236351111,0.0556844598989488,0.0887829852471638,0.151444754458814,0.186924236351111,0.222820267393353,0.307524236360147
500,89,"beta1",0.611167035912826,0.610275394073107,0.0908810639881516,0.425421970715807,0.55120106468816,0.610275394073107,0.676542954340572,0.775053607685567
500,90,"alpha0",0.376180949445688,0.316901972993542,0.211209234078998,0.10339152727713,0.204801597344515,0.316901972993542,0.51180034044833,0.879257312442877
500,90,"alpha1",0.11559340407346,0.112897408007768,0.0476964632352414,0.0328669288622109,0.0824144404711311,0.112897408007768,0.144149312486461,0.222779169029208
500,90,"beta1",0.55132920989866,0.593361302909694,0.196866997105861,0.10389261974239,0.410066775200756,0.593361302909694,0.700480721648695,0.83712499800647
500,91,"alpha0",0.162088008470975,0.108616128359661,0.130564396318344,0.0303697592845249,0.0708903169100927,0.108616128359661,0.209196784678826,0.489845413160663
500,91,"alpha1",0.14146982721648,0.132972624929051,0.0559680559594102,0.0545823318575028,0.0995714125840391,0.132972624929051,0.177415745607111,0.269653353840139
500,91,"beta1",0.670148115088875,0.74211100203016,0.193049321148923,0.211944716603812,0.575171839785836,0.74211100203016,0.810028902190279,0.894985168627268
500,92,"alpha0",0.18424918189982,0.095306369025268,0.178860075529636,0.0320467427193001,0.0545633292328604,0.095306369025268,0.266979549289308,0.640607716652915
500,92,"alpha1",0.0884346817277984,0.0813059337243567,0.0424585257171456,0.0316369099840922,0.0613367898974399,0.0813059337243567,0.105549361511129,0.194821318038785
500,92,"beta1",0.749399552601621,0.827728344091824,0.172533810922267,0.311489707052526,0.668362403728697,0.827728344091824,0.873536177513071,0.916641516413607
500,93,"alpha0",0.426004640721961,0.426709190756005,0.142583277438676,0.150108443135135,0.327363459977499,0.426709190756005,0.519723747485795,0.715481935815887
500,93,"alpha1",0.0943954331641841,0.0877120825336144,0.0547617655517294,0.0127374153238445,0.0572800349368254,0.0877120825336144,0.121717029033965,0.222901446080795
500,93,"beta1",0.420536098011894,0.417744914690072,0.167732052288312,0.102317180919528,0.304756007944885,0.417744914690072,0.533158419231916,0.755037520644866
500,94,"alpha0",0.456818927236549,0.414652564367314,0.188411816417364,0.186422824343134,0.32326219306471,0.414652564367314,0.53975753856867,0.898461939801685
500,94,"alpha1",0.162399156779192,0.157861200865234,0.0627268577434199,0.0536435984992071,0.117654093026449,0.157861200865234,0.20291639756421,0.299667183468999
500,94,"beta1",0.438503632925767,0.466761698884923,0.170786627387441,0.0862038633443194,0.336013876830672,0.466761698884923,0.560837920978118,0.721341602914039
500,95,"alpha0",0.156850557466963,0.135953924097633,0.0869948449725408,0.0600786404744164,0.0998197282361713,0.135953924097633,0.180678366079753,0.410521288449681
500,95,"alpha1",0.164789519392305,0.1598308635816,0.0474560421997529,0.0855231532360976,0.131376778278711,0.1598308635816,0.192880415355634,0.274113717243339
500,95,"beta1",0.676156710712124,0.701650593956174,0.113132387035598,0.378347691564572,0.632399412603916,0.701650593956174,0.755003210824809,0.816794615867077
500,96,"alpha0",0.205183715410846,0.169194623344909,0.115519104924526,0.0848050068496656,0.129790409035931,0.169194623344909,0.244364455130068,0.570650714039409
500,96,"alpha1",0.11114199113898,0.106115769849285,0.0426235341130048,0.0391509576318434,0.0817308664787283,0.106115769849285,0.136067296630901,0.209439697403882
500,96,"beta1",0.709981904048728,0.737913859851453,0.109373544082258,0.356852064082919,0.662451038745664,0.737913859851453,0.785122132144296,0.838045888253371
500,97,"alpha0",0.22929685543397,0.206355761496538,0.120444469894068,0.0733976402106806,0.14296709114151,0.206355761496538,0.28285704459712,0.542198953560509
500,97,"alpha1",0.0833825931975653,0.0794735772923943,0.0396566864663489,0.0173910010255513,0.0551387704402243,0.0794735772923943,0.107019633661342,0.173436809437012
500,97,"beta1",0.682783833547038,0.705850606150891,0.132511348626529,0.359330417524454,0.618380910386017,0.705850606150891,0.780645386162823,0.871008484637827
500,98,"alpha0",0.195555002180129,0.176444015132981,0.0917099980002834,0.0742270777534364,0.134204237010885,0.176444015132981,0.236681879654589,0.433298974792552
500,98,"alpha1",0.120024403838453,0.116091467015004,0.0442817404104851,0.043397410900107,0.0877042646605704,0.116091467015004,0.149027514272029,0.215313370337429
500,98,"beta1",0.727536220659602,0.736714658382618,0.0907669389992104,0.523903686004371,0.678522511862981,0.736714658382618,0.789791797998234,0.87999248222462
500,99,"alpha0",0.146573482569545,0.136565671747436,0.0777949751383828,0.0543840586652059,0.101650383501067,0.136565671747436,0.17154691877582,0.413223913098537
500,99,"alpha1",0.20449812746233,0.199602126072969,0.0500186217180832,0.119701167272876,0.168426753421148,0.199602126072969,0.236626505862113,0.313278473845941
500,99,"beta1",0.66040865463222,0.674413109719207,0.101833387668158,0.324933605412284,0.618503323728149,0.674413109719207,0.724702706307921,0.79679342499234
500,100,"alpha0",0.0983845968391095,0.0834733482672921,0.0580008297458504,0.0422881755944463,0.0646074584816387,0.0834733482672921,0.11232586931278,0.283494076933324
500,100,"alpha1",0.0979476992751191,0.0931079524399935,0.0372532896842789,0.0392965967723869,0.0716086304331055,0.0931079524399935,0.118267618316442,0.18418476940539
500,100,"beta1",0.789432108858905,0.808181270438789,0.0860887802761815,0.516670891523361,0.76589536463278,0.808181270438789,0.84011752083481,0.886637924942304
500,101,"alpha0",0.19964759712375,0.177532897289518,0.0968014714383427,0.0693838817754449,0.130915344555416,0.177532897289518,0.242800975389065,0.438979967263759
500,101,"alpha1",0.111460959182713,0.105301182536903,0.0468532446178066,0.0384681313752935,0.0776435367943377,0.105301182536903,0.13898094896961,0.21782657917197
500,101,"beta1",0.672642556625039,0.696327913239298,0.12803656519658,0.367558204372011,0.609849447217945,0.696327913239298,0.766293891058959,0.858088497019314
500,102,"alpha0",0.423004851452184,0.436883821434716,0.238708047314312,0.0829621685382902,0.175904196175336,0.436883821434716,0.642250903727695,0.793747784266244
500,102,"alpha1",0.0694479099704693,0.0577885188478849,0.0510745328341705,0.00524185864693056,0.030938018658009,0.0577885188478849,0.0953287089107031,0.196865334779889
500,102,"beta1",0.46658135629004,0.436032930623767,0.286570285213445,0.046390655762208,0.196961402802931,0.436032930623767,0.757634223179993,0.887977351286263
500,103,"alpha0",0.160670675856351,0.143936212436408,0.0912627130131826,0.0401235701827473,0.0875565434336901,0.143936212436408,0.214643103456027,0.377666653485013
500,103,"alpha1",0.180192450445911,0.175446895404572,0.0744562323699737,0.0460400807821861,0.127062387698474,0.175446895404572,0.228837306653956,0.343327989326949
500,103,"beta1",0.686541834809725,0.701669376758633,0.131110019491676,0.413371588021729,0.595858881689794,0.701669376758633,0.781602427428423,0.909664541404134
500,104,"alpha0",0.34652211862597,0.363730687771105,0.212741360194957,0.046535232909527,0.114946714032124,0.363730687771105,0.517409362533699,0.73815002947571
500,104,"alpha1",0.155103403966754,0.14946403140709,0.0672765063798772,0.0488642170434037,0.10231680279505,0.14946403140709,0.198612084188829,0.300006136448962
500,104,"beta1",0.531593845380393,0.493168388897595,0.233680057539061,0.151546653779104,0.337803477365217,0.493168388897595,0.785073614486564,0.88488098614911
500,105,"alpha0",0.147925773197267,0.132148136120944,0.0660341127336866,0.0549201954741412,0.104580805473868,0.132148136120944,0.174846122218955,0.308432243697976
500,105,"alpha1",0.195369732717571,0.190067289617885,0.0506436068922168,0.107242709206899,0.159713658619424,0.190067289617885,0.227565561313678,0.307360974385862
500,105,"beta1",0.682153947654446,0.69619459343385,0.0874884998851525,0.480041525111061,0.640434831274708,0.69619459343385,0.741444057688721,0.815674567435118
500,106,"alpha0",0.0895046603376843,0.0781213745870375,0.0651803771320705,0.0366150112950754,0.0599154550145985,0.0781213745870375,0.101103093016743,0.22668087248202
500,106,"alpha1",0.143887411746648,0.139940789512956,0.0370635236256813,0.082651060061684,0.118291545953753,0.139940789512956,0.164280572450986,0.226848196218003
500,106,"beta1",0.771357060682668,0.782710627113673,0.0840862809118345,0.592159397275587,0.748051910880764,0.782710627113673,0.81541213978248,0.864230660266673
500,107,"alpha0",0.239814114689141,0.221506476175048,0.102609097591045,0.0882396914120425,0.161338390935933,0.221506476175048,0.299857585453098,0.480536047898045
500,107,"alpha1",0.22636305642918,0.22120967680538,0.0680038074772819,0.105019059823538,0.179542066712018,0.22120967680538,0.269138541460825,0.370688025743033
500,107,"beta1",0.54532846227265,0.556818745078593,0.132396963373634,0.253598094833649,0.456253570401459,0.556818745078593,0.648876642018194,0.759845425915111
500,108,"alpha0",0.286361301847092,0.250397965058736,0.178659360557731,0.0408585242774653,0.127673017966412,0.250397965058736,0.410792613079792,0.663629965436268
500,108,"alpha1",0.148951625341439,0.136462360466482,0.0632798864180533,0.0532405366385002,0.101861632822342,0.136462360466482,0.189677702806104,0.293673116845395
500,108,"beta1",0.543825480594242,0.583421267372201,0.229896828893162,0.0970069903945671,0.352602660997377,0.583421267372201,0.742905143574439,0.876247655923914
500,109,"alpha0",0.161629797227895,0.154421218336978,0.06269301439979,0.0626502657413057,0.119801058864732,0.154421218336978,0.194797342391559,0.308784676587314
500,109,"alpha1",0.191337480537083,0.184785747994631,0.0526272181656756,0.106410669223541,0.154072176590037,0.184785747994631,0.221167083801705,0.312345548843184
500,109,"beta1",0.639238284904339,0.648757945732164,0.0937340943555114,0.42369240281766,0.586474094302772,0.648757945732164,0.701475212619341,0.796968710330207
500,110,"alpha0",0.129250055086068,0.11923362944736,0.0640153866732015,0.041345388955348,0.0897505143011963,0.11923362944736,0.150582652615407,0.303594212185366
500,110,"alpha1",0.103082565425826,0.0966231686760936,0.0431214422487733,0.0394670489461473,0.0709276965191216,0.0966231686760936,0.127847082258501,0.208152345254173
500,110,"beta1",0.731473286954267,0.745970895266895,0.107586959791357,0.432831579865516,0.688565528936616,0.745970895266895,0.80308163257885,0.890038853312557
500,111,"alpha0",0.117114078098998,0.107752485598187,0.0532628036762803,0.0413573059526273,0.0799898546437914,0.107752485598187,0.141472819719404,0.250227898484002
500,111,"alpha1",0.0773433056360916,0.0724371324857543,0.0338157493342782,0.0253272648490569,0.053562467627866,0.0724371324857543,0.0965799876844278,0.152852437765517
500,111,"beta1",0.796279836178584,0.807117919837475,0.0762119575347038,0.612944410705189,0.7573601101116,0.807117919837475,0.850095239585503,0.910534466408195
500,112,"alpha0",0.121809312809985,0.110993212929978,0.0616058493174234,0.0411244033469085,0.0829495779847557,0.110993212929978,0.148344513477223,0.260814001019688
500,112,"alpha1",0.125713771330448,0.12068692764133,0.042893528603145,0.0592686234263253,0.0960949532162515,0.12068692764133,0.149851891103329,0.221927054313268
500,112,"beta1",0.775531601817427,0.783149996211281,0.0766314587972786,0.593459508520926,0.734314103430909,0.783149996211281,0.831325321414396,0.885192030190065
500,113,"alpha0",0.434444354767174,0.420988238677984,0.247367948461444,0.0583323377184552,0.241665479511685,0.420988238677984,0.646671036088007,0.876875757194985
500,113,"alpha1",0.0601312078826132,0.0514705370630223,0.0456455717121958,0.00407532437505989,0.0280456051828905,0.0514705370630223,0.0808404342857247,0.184591865825223
500,113,"beta1",0.483179794449536,0.486181728922301,0.266843828649858,0.0359691980754991,0.255647406459555,0.486181728922301,0.68896874596708,0.91657504652012
500,114,"alpha0",0.10569641799562,0.0836318931485159,0.0721885927621015,0.032949636323319,0.056336885052031,0.0836318931485159,0.127846133982027,0.314439940229344
500,114,"alpha1",0.112424711364292,0.102266786819677,0.0519817058222894,0.0432365830220518,0.077202376395213,0.102266786819677,0.132843331077244,0.251917708360907
500,114,"beta1",0.77070219425623,0.806369193963581,0.119032085071966,0.455619870216161,0.722898161445832,0.806369193963581,0.853090316163098,0.906840987637717
500,115,"alpha0",0.140522821716935,0.10978172618398,0.0974988159104294,0.0376733521168929,0.0650932660541967,0.10978172618398,0.185917446369576,0.396383223995624
500,115,"alpha1",0.0680613577846181,0.0590425680802075,0.0404513840004103,0.0153260636817927,0.0407667175785366,0.0590425680802075,0.0870567665719563,0.164416579745586
500,115,"beta1",0.778976801766568,0.822236057691638,0.131925898517665,0.43921685935961,0.709277280926841,0.822236057691638,0.880001867897323,0.930976765863812
500,116,"alpha0",0.196473018179911,0.171967874230666,0.104227917742323,0.0822782029082481,0.12819902103893,0.171967874230666,0.227911405475189,0.493050343472541
500,116,"alpha1",0.135865904753408,0.131235643366274,0.0462301235528838,0.0586947653013905,0.102778938890475,0.131235643366274,0.165724962637434,0.236137591380034
500,116,"beta1",0.670153194603898,0.691303062339313,0.118304167193583,0.332917030018704,0.618616143623926,0.691303062339313,0.752341944214594,0.826388674486172
500,117,"alpha0",0.158436905065764,0.137022005973072,0.108813382507751,0.0262619428294028,0.0653893407294368,0.137022005973072,0.23370559199518,0.405060207564523
500,117,"alpha1",0.112202440004669,0.0992088094788618,0.0614644582954156,0.0284055140084749,0.0689249925014455,0.0992088094788618,0.142085031538807,0.274761736458267
500,117,"beta1",0.710474892563072,0.740437751692113,0.161958995346165,0.357112169439881,0.597625274575525,0.740437751692113,0.851707096724788,0.923246815703316
500,118,"alpha0",0.157422794452435,0.122780013677321,0.10221620665581,0.0543548844495727,0.0915162045191599,0.122780013677321,0.19224649292579,0.477923006368476
500,118,"alpha1",0.0956368824063697,0.090845727256445,0.0432615174601361,0.0286343389237752,0.0665229124323065,0.090845727256445,0.117114908445012,0.201176486110873
500,118,"beta1",0.730632675381765,0.770173218663704,0.124884010145279,0.350662485533771,0.68893057823325,0.770173218663704,0.813703333732621,0.873092508943606
500,119,"alpha0",0.123800290108956,0.111131231699125,0.0707471957651839,0.0376807943518123,0.0725501435352991,0.111131231699125,0.156641577438676,0.309004088686702
500,119,"alpha1",0.13501324285705,0.129500737110389,0.0514770472544282,0.0500768384075184,0.0975313564466086,0.129500737110389,0.166963604456727,0.249765894646996
500,119,"beta1",0.756420411506381,0.770397581020162,0.0885877748266717,0.544978836840216,0.706853762034865,0.770397581020162,0.820714338123078,0.884040752306175
500,120,"alpha0",0.177547625658998,0.165961264517171,0.075188398385226,0.0599221804136735,0.125027723402868,0.165961264517171,0.212077329983911,0.370583406665824
500,120,"alpha1",0.130603651339353,0.126292318868462,0.0457497604014043,0.0533186498838794,0.0986361751957205,0.126292318868462,0.156841006083193,0.23685641736594
500,120,"beta1",0.654786677336755,0.665939396810662,0.110691606921158,0.402984521911792,0.592812254775315,0.665939396810662,0.733722295834894,0.841011991867199
500,121,"alpha0",0.0652231271395077,0.0571107887334772,0.0400793500910794,0.0283710863545878,0.0448294593863151,0.0571107887334772,0.0726995921368859,0.160475313172483
500,121,"alpha1",0.108788518233183,0.105439555554487,0.0335779981555019,0.0551107347024866,0.0836600491565394,0.105439555554487,0.13047088074426,0.180877731877858
500,121,"beta1",0.828827315580289,0.83806172833787,0.0570501347061788,0.692482889443506,0.810302941638193,0.83806172833787,0.863382174673529,0.897388272462155
500,122,"alpha0",0.107362285559732,0.0737928373923577,0.0952648470468302,0.0321297288491016,0.0540916359449519,0.0737928373923577,0.105329553702756,0.397018166248675
500,122,"alpha1",0.0972308030915029,0.0924331942144236,0.0371515372469888,0.0418410305087127,0.0724588083788626,0.0924331942144236,0.114342339939374,0.183725243376465
500,122,"beta1",0.783381881109339,0.828045549264765,0.129215607633611,0.388002964220174,0.771955956336021,0.828045549264765,0.857895132138797,0.904533539706453
500,123,"alpha0",0.135336121186586,0.127607808177194,0.0519924196950208,0.0610327919280676,0.10073701157698,0.127607808177194,0.159503545617254,0.26230454224841
500,123,"alpha1",0.109841202174589,0.106086941877066,0.0452736884036021,0.0289478091923698,0.078263919176585,0.106086941877066,0.137868454236494,0.210751350879985
500,123,"beta1",0.711082726707077,0.716245255253406,0.0875269392702997,0.534137949298021,0.660595225473909,0.716245255253406,0.768085207613369,0.862499417120902
500,124,"alpha0",0.129484176587961,0.118680450191784,0.0533429647946188,0.0597871412052212,0.0898942673432172,0.118680450191784,0.160126110848848,0.249999197852385
500,124,"alpha1",0.160331952453419,0.155719957649461,0.0488786763627738,0.0790515631825219,0.125044677651899,0.155719957649461,0.188325296365762,0.269577906971226
500,124,"beta1",0.706269580533286,0.714214567675809,0.0795679387339546,0.531113476931937,0.658912827698897,0.714214567675809,0.762852604426818,0.838436595509524
500,125,"alpha0",0.129344779477237,0.100976318207019,0.106061297043528,0.0410792050690596,0.0795749643597852,0.100976318207019,0.132888475927419,0.521498004083275
500,125,"alpha1",0.104838236658212,0.100335351815698,0.0377437338598171,0.0461858892170608,0.0800598695367895,0.100335351815698,0.123873673364452,0.192089887224509
500,125,"beta1",0.761770421550235,0.792231785320842,0.125897795816093,0.322530305364396,0.745560255372692,0.792231785320842,0.828077011570656,0.8934560324774
500,126,"alpha0",0.106850879471847,0.0973866796357247,0.0511264429778256,0.0451883147097253,0.0774452403023285,0.0973866796357247,0.123964821583623,0.212352261221936
500,126,"alpha1",0.141793156915739,0.139138061909583,0.0384518105240698,0.078630302860787,0.11464342837578,0.139138061909583,0.164999596680364,0.22508398879388
500,126,"beta1",0.775091390675622,0.781453636056373,0.0613094254600165,0.659137772534171,0.745927166443648,0.781453636056373,0.812697342249181,0.865388146400751
500,127,"alpha0",0.279793444863976,0.260923974128999,0.103491104982515,0.136694234599351,0.207931234380302,0.260923974128999,0.325811676081848,0.56242276648064
500,127,"alpha1",0.148256517245582,0.145750976702351,0.053247193993099,0.049618543994618,0.112384167878235,0.145750976702351,0.182060961743152,0.262013990611952
500,127,"beta1",0.567734119088338,0.578898743001272,0.11307767139033,0.310557120646803,0.502528485473962,0.578898743001272,0.649505807970826,0.756438548237444
500,128,"alpha0",0.280623052216899,0.245493376469893,0.164373580767569,0.0869218347672,0.140852242852967,0.245493376469893,0.380293776186166,0.665105143675425
500,128,"alpha1",0.0585065080648803,0.0529984782530166,0.0373766718651113,0.00298575411964053,0.0299083932115995,0.0529984782530166,0.0825931578609736,0.137436748041307
500,128,"beta1",0.626036953028922,0.669480243915026,0.181776544302424,0.215035151874534,0.510900742794642,0.669480243915026,0.774804592770509,0.855689098630164
500,129,"alpha0",0.17447363562797,0.129203596425103,0.143651543365653,0.0555015129418744,0.0954897919949047,0.129203596425103,0.179167902272713,0.683697120705963
500,129,"alpha1",0.0925254642314504,0.0892460557060236,0.0390395031145864,0.0260640176292811,0.0642942302424931,0.0892460557060236,0.116875872118923,0.175906092975346
500,129,"beta1",0.731071891967588,0.775162849694365,0.147646079171058,0.217711193336849,0.715120413106474,0.775162849694365,0.814209022379984,0.871049226550871
500,130,"alpha0",0.279875429939664,0.264321142939153,0.10431012261859,0.12564680785425,0.201416211834693,0.264321142939153,0.338177967707095,0.525278923702036
500,130,"alpha1",0.105028575602391,0.0999752903335491,0.0423133388791035,0.0367154400777362,0.0759585429262274,0.0999752903335491,0.129612349103975,0.194824520139654
500,130,"beta1",0.593324564102085,0.605446440439245,0.121636246223372,0.30419179230779,0.526944762414421,0.605446440439245,0.679234406463358,0.7932757591123
500,131,"alpha0",0.112088866329691,0.0987143838026946,0.0528717598914844,0.0527362425366826,0.0797009171938813,0.0987143838026946,0.128612633052723,0.240761312254251
500,131,"alpha1",0.159438054387588,0.155256972290503,0.0420853681007369,0.0905821912368252,0.129213060806877,0.155256972290503,0.184050980102709,0.255186339582303
500,131,"beta1",0.730409050587036,0.743129040072321,0.0750646810806628,0.558303631078958,0.696235083748252,0.743129040072321,0.778583328335164,0.834286253548317
500,132,"alpha0",0.18808004350368,0.167256977395305,0.0846641891614395,0.0905045299761581,0.133430793799637,0.167256977395305,0.217527502178197,0.435836241152882
500,132,"alpha1",0.121181001206948,0.117940504880469,0.0426286559529667,0.0496554874008054,0.0897000441573554,0.117940504880469,0.148801352612315,0.211671099779577
500,132,"beta1",0.695303479513167,0.712538169073782,0.0970910187408597,0.436573007419166,0.653090849142507,0.712538169073782,0.757243764404147,0.83647824032541
500,133,"alpha0",0.15780975778761,0.145062711710225,0.0767819407364624,0.0481423881241068,0.102880431397084,0.145062711710225,0.202679805846447,0.362332479479344
500,133,"alpha1",0.144545722478475,0.139961779264953,0.0461295268727433,0.0700647500870958,0.111000163149726,0.139961779264953,0.172303855096632,0.24949332577003
500,133,"beta1",0.69268330347635,0.71101458124514,0.106827786571079,0.419443789381006,0.62945941470791,0.71101458124514,0.766971340166195,0.854455310392251
500,134,"alpha0",0.132620314606543,0.114362312541664,0.06963680128979,0.058024486095368,0.0888225369215326,0.114362312541664,0.150822115655677,0.321299966072026
500,134,"alpha1",0.128767132383366,0.125359862070898,0.0342973964303613,0.0699706548612399,0.105259599192617,0.125359862070898,0.149383547680432,0.207575180566838
500,134,"beta1",0.759868432369588,0.775902170852405,0.076246720323507,0.577304006009506,0.733747497790226,0.775902170852405,0.807119732267652,0.859489347812043
500,135,"alpha0",0.139399413751748,0.0691110150764621,0.154162695482702,0.0279009556767072,0.0472763013948886,0.0691110150764621,0.135255643962739,0.570374811882646
500,135,"alpha1",0.113465448685711,0.104246704250966,0.0520569227485955,0.0391615398304892,0.0774500026869433,0.104246704250966,0.137105731389504,0.253544835630241
500,135,"beta1",0.739197700019235,0.823815646658966,0.199420182364017,0.209526860712568,0.735586435570933,0.823815646658966,0.862960726766993,0.90540406133779
500,136,"alpha0",0.248681033526283,0.20546910074911,0.139704661816109,0.0821244792919376,0.13264809226724,0.20546910074911,0.34163789397757,0.569531683010031
500,136,"alpha1",0.0811704270126481,0.0772852179292675,0.0418895585804641,0.0130826497994121,0.0517812049393758,0.0772852179292675,0.104505895193119,0.178919394226609
500,136,"beta1",0.607457484969834,0.657068023700115,0.177619973459927,0.222713573986305,0.479961694163137,0.657068023700115,0.750116405913316,0.844325890121105
500,137,"alpha0",0.112000329135996,0.0832660198531643,0.0955987755541564,0.0345112705952972,0.0628536742804795,0.0832660198531643,0.116218944496889,0.460071456254082
500,137,"alpha1",0.131548321677085,0.123703495817884,0.0497040763116577,0.0636879881869627,0.0997452059536662,0.123703495817884,0.151593375959285,0.260570126814566
500,137,"beta1",0.748536595746967,0.786114733205597,0.13764994420878,0.249327941335076,0.731026696278896,0.786114733205597,0.823464543446587,0.879453108194807
500,138,"alpha0",0.141838439326578,0.137031346066228,0.0664780231111678,0.0307523034188492,0.0970617233845621,0.137031346066228,0.173217301244202,0.305549919801258
500,138,"alpha1",0.149982179362168,0.143598377667404,0.0449860240816379,0.07962941246052,0.117875282040427,0.143598377667404,0.176692296201821,0.255412115739572
500,138,"beta1",0.716892853872532,0.7242769563356,0.0900404266106375,0.509365254558091,0.66838157707807,0.7242769563356,0.777795614587284,0.867269438173738
500,139,"alpha0",0.221094530243686,0.21236095797586,0.0800623126721162,0.0913353056344872,0.163561761806758,0.21236095797586,0.26971070762338,0.390657921549389
500,139,"alpha1",0.0604863078287089,0.0532338920330675,0.0384814034385814,0.00400567908619669,0.0338179077605017,0.0532338920330675,0.0803219474630451,0.147951839517548
500,139,"beta1",0.611660563275519,0.618411466977164,0.126062891759436,0.336588010632537,0.530945643394115,0.618411466977164,0.705200346328956,0.816320967204077
500,140,"alpha0",0.0760633266577383,0.0650097014213825,0.0486385117163326,0.0291715011366523,0.0445628054660033,0.0650097014213825,0.0920918715302819,0.199295572649585
500,140,"alpha1",0.099988878827846,0.0946462394767043,0.04161822646239,0.0400215767962501,0.0726177643456568,0.0946462394767043,0.120583886688689,0.183975530546701
500,140,"beta1",0.819754030451973,0.834370384618025,0.0784638226905187,0.652510099112137,0.788290142821014,0.834370384618025,0.869086220821356,0.913707794513295
500,141,"alpha0",0.415128688219155,0.409344487199918,0.180599019901426,0.11482699811411,0.265433544228749,0.409344487199918,0.550686579240814,0.753693531059027
500,141,"alpha1",0.162380433460918,0.157401026255496,0.0587157650627116,0.0633277799794859,0.120032423047513,0.157401026255496,0.199272321775811,0.290324867820009
500,141,"beta1",0.424000462358306,0.431473543370783,0.198408629187375,0.0808447780438496,0.266353575238958,0.431473543370783,0.58331144626695,0.787399125050818
500,142,"alpha0",0.223957466258714,0.21731612305141,0.0804657000952715,0.105303547519866,0.165509669710041,0.21731612305141,0.268074384221589,0.418058264411277
500,142,"alpha1",0.171412857864042,0.167243789163349,0.0540099658734891,0.0774588789508992,0.133331241093024,0.167243789163349,0.206083997041245,0.28430241592653
500,142,"beta1",0.596933935592258,0.605558226293297,0.111169963618355,0.33680429935267,0.531122055482015,0.605558226293297,0.674354501010075,0.782890707192103
500,143,"alpha0",0.0799003661440933,0.0664199221898803,0.059679380911964,0.0286663781817331,0.0462165420151022,0.0664199221898803,0.0911568788619127,0.262580554220411
500,143,"alpha1",0.13922107550595,0.131322708077102,0.0475207387924315,0.0711423148417904,0.10644208138993,0.131322708077102,0.163974559754435,0.250272809693344
500,143,"beta1",0.783481533826905,0.803154573116636,0.0919733146794022,0.470120106248024,0.75518956042154,0.803154573116636,0.838116838982701,0.884852641548461
500,144,"alpha0",0.281392034138205,0.244573374944836,0.137473429803782,0.0982093085487716,0.171573007770037,0.244573374944836,0.376479020733324,0.610566720010898
500,144,"alpha1",0.161559365158611,0.156049681811832,0.0511175321656692,0.0765772851167104,0.125487010744774,0.156049681811832,0.190523898345067,0.28114304272248
500,144,"beta1",0.543617466655744,0.585175696897935,0.167280153960742,0.167047691502024,0.415889074514057,0.585175696897935,0.677592112006528,0.779598294213698
500,145,"alpha0",0.391187655187181,0.369119479939372,0.135833789610523,0.191753008577446,0.279205732865513,0.369119479939372,0.492201723640748,0.674968766925083
500,145,"alpha1",0.10005667745247,0.0925134448866553,0.054367809302329,0.0153445302269307,0.060063019159043,0.0925134448866553,0.13155976875674,0.228709776530968
500,145,"beta1",0.426302561755104,0.441300382490137,0.16983942614394,0.0848227692966278,0.302924130380907,0.441300382490137,0.565144235148385,0.69320174167411
500,146,"alpha0",0.193207243487361,0.181859486258216,0.0689118775786058,0.086189045584821,0.142660542563042,0.181859486258216,0.234565754181174,0.353166574103044
500,146,"alpha1",0.2257241413161,0.223378134822094,0.0663114155478925,0.113407761585577,0.177569396184426,0.223378134822094,0.265918607433597,0.371551343567845
500,146,"beta1",0.570639398936228,0.569621641107027,0.104450832446909,0.351819762756208,0.498846382534316,0.569621641107027,0.650671465316535,0.751948288343368
500,147,"alpha0",0.103455511408786,0.0826469317950994,0.088922081367064,0.0403377574751891,0.063839700259351,0.0826469317950994,0.107109951328478,0.29132921315692
500,147,"alpha1",0.0974829884080136,0.0914741824254814,0.0386019373831539,0.0413592366869686,0.071216421141177,0.0914741824254814,0.1156850114794,0.192925269847401
500,147,"beta1",0.821478321936343,0.842316472902717,0.0898555793453329,0.614527556478223,0.804169375467219,0.842316472902717,0.870043058098042,0.908910402087903
500,148,"alpha0",0.0792221243989613,0.0642020110055217,0.0579703053902057,0.0265484540218625,0.0456907949353567,0.0642020110055217,0.0950821956067889,0.268471902090121
500,148,"alpha1",0.125884384543656,0.123088715213288,0.0444695025702443,0.0475678712685553,0.0944726382989477,0.123088715213288,0.153045235342236,0.217946392055957
500,148,"beta1",0.777015082706244,0.795297667767267,0.101086319263558,0.483580740278808,0.735841075024532,0.795297667767267,0.84058487397356,0.907140944457487
500,149,"alpha0",0.368897516459858,0.358156056327277,0.249230665451394,0.0671656945010806,0.118269826340569,0.358156056327277,0.572511378567385,0.828745971465062
500,149,"alpha1",0.0508965557047779,0.0418742983982587,0.0373604699547753,0.00394534450212934,0.0231799841396522,0.0418742983982587,0.0710164409439436,0.144780160942411
500,149,"beta1",0.575223073037049,0.58910792577395,0.269050394733163,0.0956195458036658,0.345797783430682,0.58910792577395,0.846317116391855,0.911783054274222
500,150,"alpha0",0.201062979720314,0.147788908258074,0.189805938697937,0.0232881479895639,0.0381294521564565,0.147788908258074,0.315826230028648,0.641054560817262
500,150,"alpha1",0.0730471385720627,0.0563936543099262,0.0602438821214072,0.00491571819269256,0.0266959677144284,0.0563936543099262,0.104035599628947,0.223475142778057
500,150,"beta1",0.691953413996684,0.755507196890797,0.268799451156251,0.0869201873336487,0.53133160118783,0.755507196890797,0.926993713470304,0.963055268203609
500,151,"alpha0",0.16425063075874,0.125915990370835,0.128744778184511,0.0349283779791626,0.0738251917962812,0.125915990370835,0.196793612384925,0.517183269237486
500,151,"alpha1",0.101584301592104,0.0965389057339889,0.0420154793990622,0.033314520392639,0.0728933861229199,0.0965389057339889,0.124654015811895,0.201610863811891
500,151,"beta1",0.687799835595119,0.738357574982333,0.186751397867816,0.191451912223301,0.625722214856803,0.738357574982333,0.825677743713422,0.895685128272266
500,152,"alpha0",0.253447490010257,0.195838136898015,0.171388252624358,0.0675542565658831,0.140630466021575,0.195838136898015,0.305138187246906,0.726557753636221
500,152,"alpha1",0.111351853864586,0.103934539807712,0.0523179031827886,0.0278938881523155,0.0747857339747184,0.103934539807712,0.140375924265246,0.235064730258156
500,152,"beta1",0.644014555474565,0.704086924332199,0.200619355977942,0.121765296029866,0.57349146027161,0.704086924332199,0.781585900942772,0.879123997043537
500,153,"alpha0",0.350750386458718,0.295938839384589,0.200947072218788,0.0866490098315531,0.181152753757964,0.295938839384589,0.512814590120197,0.764355742505511
500,153,"alpha1",0.036075190974098,0.0279550622149001,0.0320056459889329,0.00183228150592408,0.0129213561633316,0.0279550622149001,0.050425890606361,0.115454070027886
500,153,"beta1",0.549978730363218,0.617132714916242,0.238250666106253,0.0577864813945807,0.347012656647707,0.617132714916242,0.749611280388889,0.873738531504786
500,154,"alpha0",0.235465123738061,0.179384098115454,0.15037839966875,0.065589521950996,0.128905299352116,0.179384098115454,0.314438315682715,0.594729055052135
500,154,"alpha1",0.180628863527648,0.170251900225633,0.0749186577118181,0.0546915040911917,0.1254542015623,0.170251900225633,0.228677834642516,0.356496739036397
500,154,"beta1",0.595322093663703,0.65383448817886,0.187098437944761,0.151847419252265,0.507455030718291,0.65383448817886,0.729391363433449,0.83638812862553
500,155,"alpha0",0.0643330484740395,0.0482307379819966,0.0674542786741525,0.0222625569264944,0.0331083350112479,0.0482307379819966,0.0704808588158048,0.298506019501428
500,155,"alpha1",0.0707414324807346,0.0659087310179864,0.0348882327838374,0.0166515520319594,0.0454925860425682,0.0659087310179864,0.0915134421356615,0.146760241637705
500,155,"beta1",0.879704006529597,0.893956138105453,0.0728817150266465,0.677176822793088,0.856637296220622,0.893956138105453,0.922534004093267,0.955276505694918
500,156,"alpha0",0.207204175510242,0.108975095701666,0.192023075632546,0.0410679703944748,0.0707305468796096,0.108975095701666,0.3303751886285,0.696182077671186
500,156,"alpha1",0.0924478846101206,0.0862212614009503,0.0433220251561178,0.0254109892049733,0.0627276278574868,0.0862212614009503,0.11630128896232,0.190079098085674
500,156,"beta1",0.660120996934236,0.763110172320736,0.237982968254287,0.0959732319710819,0.505856500338339,0.763110172320736,0.835583984024626,0.894849283359529
500,157,"alpha0",0.216556845559975,0.176430696549491,0.136861325873453,0.0471983674875428,0.113451146330127,0.176430696549491,0.292912721041002,0.559110243025338
500,157,"alpha1",0.189961830525074,0.183468794117337,0.0604453403463077,0.0869113239165978,0.149003495456004,0.183468794117337,0.226258370348107,0.322484251980465
500,157,"beta1",0.635336500144505,0.667518191601972,0.148627838697991,0.308209241955392,0.539384096319639,0.667518191601972,0.743624986764364,0.852603491047417
500,158,"alpha0",0.141001523280666,0.121441664115149,0.0724506817962702,0.056267875000873,0.0941328261185395,0.121441664115149,0.168044839446062,0.33702806186017
500,158,"alpha1",0.115358572096984,0.111927411410622,0.0383982962503477,0.0497396470013365,0.0884272130034107,0.111927411410622,0.138070837315564,0.200643134008115
500,158,"beta1",0.73602434051818,0.756026335447783,0.0922138760234797,0.521261589208834,0.693695564255259,0.756026335447783,0.797236412581109,0.862095578722772
500,159,"alpha0",0.194503154831169,0.167759546250973,0.0954455600901273,0.0796104122801148,0.121207776664897,0.167759546250973,0.245639334732656,0.45537916759154
500,159,"alpha1",0.14940717677067,0.143973382342123,0.0469371909991103,0.0742441248801432,0.117753377510124,0.143973382342123,0.174844149200158,0.261510810000479
500,159,"beta1",0.679977926497065,0.701982964043595,0.110610916305243,0.387932629236137,0.612241817495028,0.701982964043595,0.764972185418365,0.82990492932556
500,160,"alpha0",0.126930689421712,0.118560682619472,0.0520563701369427,0.0618437239825273,0.0939785401287636,0.118560682619472,0.149264600335833,0.233970638666721
500,160,"alpha1",0.198956764690362,0.194442797973829,0.0479764880255426,0.118009621486519,0.165143180252787,0.194442797973829,0.227409649840739,0.311518344245241
500,160,"beta1",0.706953862331668,0.713197199053312,0.0687240787858504,0.566020281941828,0.673363239731384,0.713197199053312,0.751814452107913,0.811997311472845
500,161,"alpha0",0.194350122817658,0.15722101543743,0.115872345939466,0.0516559771894387,0.114534867158868,0.15722101543743,0.236768023896051,0.501502172732029
500,161,"alpha1",0.127053992803953,0.117823830409441,0.0522988232671096,0.0507278205880681,0.0880135627150903,0.117823830409441,0.157955659155905,0.250074596946292
500,161,"beta1",0.653738186533044,0.699975983679445,0.163136181260603,0.236593736810797,0.576876379376428,0.699975983679445,0.771780954109055,0.8661209022478
500,162,"alpha0",0.2555273751287,0.222832536486731,0.125594205121196,0.0992416307226241,0.164809540191191,0.222832536486731,0.322677832131738,0.557703908422495
500,162,"alpha1",0.107790623579065,0.103397537789662,0.0447841841601417,0.0314441022893135,0.0757074364982381,0.103397537789662,0.134114323331391,0.206388295689504
500,162,"beta1",0.619973093141628,0.653188239826511,0.145303627351318,0.291165247156989,0.529958989075077,0.653188239826511,0.728744804220555,0.831114255844781
500,163,"alpha0",0.44170129334955,0.448755016307004,0.152731121057638,0.172953070373842,0.323236148708757,0.448755016307004,0.553796149664495,0.728085769812359
500,163,"alpha1",0.160708056392971,0.158349329952464,0.0569915963791148,0.0611245708133259,0.117534085939133,0.158349329952464,0.199208335535255,0.27870891556046
500,163,"beta1",0.382358822746904,0.377491587711851,0.179368885311661,0.0693619277620789,0.247365492912997,0.377491587711851,0.515032553860203,0.716496807161332
500,164,"alpha0",0.206386055974253,0.178266674452428,0.103103503197666,0.0814926068711254,0.132684141763311,0.178266674452428,0.249020299316264,0.477885554821268
500,164,"alpha1",0.177552271982486,0.171711686273064,0.0547854917041293,0.0867669971440084,0.137422151626631,0.171711686273064,0.211309337612134,0.300094786857538
500,164,"beta1",0.622195296035361,0.652876642392768,0.128130564341734,0.303673993049113,0.55429242030056,0.652876642392768,0.715339623599745,0.801534164350596
500,165,"alpha0",0.192185964961402,0.146925665189191,0.12021096384467,0.069272262222532,0.11030236730881,0.146925665189191,0.236836949082036,0.518634715851333
500,165,"alpha1",0.122838232413146,0.119317464734575,0.0473277286859349,0.0440886221255982,0.0881656492346624,0.119317464734575,0.153900670788123,0.22590887252624
500,165,"beta1",0.668076415966539,0.7108679363026,0.150061703464403,0.242258665044209,0.605743177802175,0.7108679363026,0.771311941130429,0.852488536249832
500,166,"alpha0",0.424118751542911,0.43142798353829,0.163356360811769,0.102453105735152,0.303359687363799,0.43142798353829,0.555286189309583,0.692798177124678
500,166,"alpha1",0.0920726791713915,0.0867685726127183,0.047344301038274,0.0147594095862602,0.0571773774209347,0.0867685726127183,0.120468727493805,0.195922168175035
500,166,"beta1",0.356722796464313,0.332985748438635,0.219250133257816,0.0234831314055145,0.18335889321391,0.332985748438635,0.509836691245656,0.821946907056297
500,167,"alpha0",0.356742569073349,0.324609538472334,0.158253706888685,0.108362135646497,0.244005897602138,0.324609538472334,0.454291599321796,0.725702145987479
500,167,"alpha1",0.188235422347669,0.183257810746157,0.0532398293234896,0.0974790495859736,0.149795742074581,0.183257810746157,0.221386174377763,0.305677483759344
500,167,"beta1",0.516374857609205,0.544703057701547,0.159857619722408,0.163536656427982,0.409399635943298,0.544703057701547,0.634880075488744,0.774854569046335
500,168,"alpha0",0.163574820886875,0.139830238372771,0.104957681919353,0.0361550778100689,0.0874115873972164,0.139830238372771,0.213983307371172,0.450125452639758
500,168,"alpha1",0.183349760658723,0.175721703002056,0.0558576418003559,0.0919126344497164,0.144357649495905,0.175721703002056,0.216292775147321,0.307856184332038
500,168,"beta1",0.671707772230558,0.693646356479764,0.13210693961709,0.320666428265222,0.605223933685934,0.693646356479764,0.768331924539038,0.861120073660831
500,169,"alpha0",0.116147963551547,0.0973441052491421,0.0780374541668145,0.0410602861674583,0.0754378730491331,0.0973441052491421,0.130201865258679,0.440851693823041
500,169,"alpha1",0.0972316149604616,0.0924897036905528,0.0356549939964944,0.0435196606887584,0.072231823746425,0.0924897036905528,0.115335744589398,0.184413618317449
500,169,"beta1",0.808108852237951,0.825664990754064,0.0838544351149588,0.498853538791426,0.785041169673227,0.825664990754064,0.857539375844604,0.903152108979692
500,170,"alpha0",0.133489394736747,0.119663766503479,0.0659158983362074,0.0531511320020229,0.0924682019292017,0.119663766503479,0.159801953938073,0.260059619268051
500,170,"alpha1",0.153855490644011,0.148933464616651,0.0440232174260697,0.0779910024415325,0.122894476562279,0.148933464616651,0.180392293843752,0.252847796328715
500,170,"beta1",0.72438756868755,0.73550746390149,0.0820574214338742,0.551794143735441,0.685961244089547,0.73550746390149,0.779141098955673,0.84404809375316
500,171,"alpha0",0.267347752379866,0.237825166794423,0.15843933808546,0.0462935717563395,0.15293313968469,0.237825166794423,0.351642406295307,0.665397448422304
500,171,"alpha1",0.104694962725356,0.0992869573606424,0.0526030667023574,0.0208445749561944,0.0670946908546508,0.0992869573606424,0.133434450799368,0.225343743558254
500,171,"beta1",0.602808693030263,0.628512655073729,0.193383173121979,0.152048382854972,0.495845561007705,0.628512655073729,0.746236795725029,0.8949198203097
500,172,"alpha0",0.320539367487607,0.301971996214493,0.145964526058178,0.105390923738499,0.204823085911967,0.301971996214493,0.405560201734558,0.650433500597744
500,172,"alpha1",0.0486708023672454,0.0383763052815619,0.0420500605250389,0.00123344834932474,0.0184265361188329,0.0383763052815619,0.0666233334129093,0.161396241063429
500,172,"beta1",0.572812268146328,0.594252726361682,0.179243976200752,0.184240571297028,0.464339351884249,0.594252726361682,0.709687869115139,0.85024511008116
500,173,"alpha0",0.148035152602669,0.115718106789231,0.0982633046236384,0.0416307775011845,0.0743434846420612,0.115718106789231,0.214879274036455,0.404731312497519
500,173,"alpha1",0.111697956522187,0.107231694094729,0.0443311011191215,0.0363474785413488,0.0805378872442579,0.107231694094729,0.138029035684015,0.212214283898788
500,173,"beta1",0.708703418290912,0.747976847410609,0.138978188630967,0.372525680167765,0.627563899815453,0.747976847410609,0.812597281333735,0.889977793137501
500,174,"alpha0",0.299072012555927,0.280743025945003,0.155162022448877,0.0579907111821002,0.167859956200495,0.280743025945003,0.417590904845053,0.612160300628862
500,174,"alpha1",0.0889664723424685,0.0812432995201623,0.0546334335866936,0.00841485482323478,0.0537591749067638,0.0812432995201623,0.115494483801666,0.21401255337738
500,174,"beta1",0.552051294057467,0.562421885824802,0.204670984249142,0.176182025036109,0.387815284865234,0.562421885824802,0.720645703114403,0.881940571056521
500,175,"alpha0",0.230915251518409,0.214389566002667,0.101457533661524,0.0844014605905688,0.149549416625524,0.214389566002667,0.295872086075531,0.466068794531729
500,175,"alpha1",0.121548237448021,0.116368725063257,0.0467714879880013,0.0462092349465427,0.0893119009796655,0.116368725063257,0.146315679389989,0.230630381999316
500,175,"beta1",0.661972699141224,0.672244784836422,0.109854253156952,0.418196115852882,0.584653198368062,0.672244784836422,0.744556419353798,0.846586889937865
500,176,"alpha0",0.283505873795592,0.269631405087918,0.115256165573981,0.122762586438551,0.186122279964656,0.269631405087918,0.361769269125796,0.528829188766179
500,176,"alpha1",0.130081742423386,0.12584727293574,0.0427014092124057,0.0609137706970081,0.0988072738134837,0.12584727293574,0.155449688487663,0.227431258539938
500,176,"beta1",0.558608599688761,0.573255448195052,0.143032377906201,0.270616338631293,0.455691413915974,0.573255448195052,0.673862437583622,0.778065293418678
500,177,"alpha0",0.174508956518188,0.154548264248443,0.0870947155381979,0.0665107200281786,0.11712354482007,0.154548264248443,0.205357254847365,0.4398509783406
500,177,"alpha1",0.164330094111183,0.159025436257683,0.0499799032745052,0.0833323999697463,0.127823377160302,0.159025436257683,0.19497022817642,0.278496243982086
500,177,"beta1",0.647012536739436,0.666994750940987,0.119538495848076,0.313651096620019,0.59303912853446,0.666994750940987,0.729402414562032,0.818683131403304
500,178,"alpha0",0.0907443219907051,0.0830247159263652,0.0462110587617522,0.0350282700553742,0.0646083599730416,0.0830247159263652,0.104649004254327,0.181128903669412
500,178,"alpha1",0.125697775782916,0.122095719667321,0.0402508213558994,0.0605952103593849,0.0963200794074029,0.122095719667321,0.149894205090244,0.215647643680487
500,178,"beta1",0.780286093249733,0.787938481314804,0.0686687106336144,0.648751080725797,0.747702627531841,0.787938481314804,0.82417830123188,0.879554943508421
500,179,"alpha0",0.154422947318725,0.136853995358999,0.0730505637088646,0.0757210893152854,0.108844390355686,0.136853995358999,0.178032516793892,0.412238983347204
500,179,"alpha1",0.144184655729536,0.141126888897547,0.0419792625825559,0.0715943238197543,0.113838487190166,0.141126888897547,0.170977760511006,0.232663688228831
500,179,"beta1",0.739201544580068,0.752335118971843,0.0722615421697526,0.52385061093979,0.703479479694272,0.752335118971843,0.786985802789459,0.842373171199042
500,180,"alpha0",0.242035274480364,0.222255021995754,0.105141651373751,0.107889941230497,0.170698742059653,0.222255021995754,0.281256736091367,0.561699997627508
500,180,"alpha1",0.183822548951126,0.176530165941052,0.0618922656331295,0.0871968897227128,0.13740051679427,0.176530165941052,0.222662903138737,0.3211380530025
500,180,"beta1",0.546970672837565,0.570747324891212,0.147047816984657,0.139541133312698,0.485048129945915,0.570747324891212,0.647493343052338,0.752685069657624
500,181,"alpha0",0.120697362118564,0.106018554675203,0.0704898608011316,0.0428401715138639,0.0816840591734324,0.106018554675203,0.137143656711548,0.296713811362785
500,181,"alpha1",0.123361913387341,0.118710600472552,0.0375483810184998,0.0629334091557968,0.0965807456788802,0.118710600472552,0.146626257759726,0.206606692972163
500,181,"beta1",0.749596756012674,0.765767246184378,0.0939800301408198,0.539805947836077,0.712683924227916,0.765767246184378,0.805276579424043,0.871667124064163
500,182,"alpha0",0.324444885694731,0.303706634466652,0.157419343360362,0.109912428904231,0.184448543525673,0.303706634466652,0.433381526353033,0.658315333910156
500,182,"alpha1",0.131997005614681,0.126827621623751,0.0563542722444186,0.0374030455537278,0.0931271170913664,0.126827621623751,0.164243591471018,0.266225174820701
500,182,"beta1",0.558302283365341,0.561020931802103,0.168202719030617,0.242480553778,0.423478191934276,0.561020931802103,0.711937463499557,0.81514848344098
500,183,"alpha0",0.113164802336661,0.106765659106232,0.0488266368511622,0.0502326977891739,0.083258252360558,0.106765659106232,0.134257255496746,0.201668015061539
500,183,"alpha1",0.194161156930581,0.192036795737338,0.0448920040054469,0.11444338182539,0.161442601762506,0.192036795737338,0.223671451358274,0.286673221615511
500,183,"beta1",0.715205795633352,0.719024345982894,0.0666356045006367,0.587867709593367,0.677540723482093,0.719024345982894,0.760656046630382,0.8230270398338
500,184,"alpha0",0.200896737434053,0.160267615924574,0.125755383053946,0.0668893512541247,0.126598143430484,0.160267615924574,0.221809114838228,0.592686433216948
500,184,"alpha1",0.0641347220738563,0.0611700118120839,0.0313468075382299,0.0120691615377984,0.041234628686837,0.0611700118120839,0.0829532024662552,0.135794421659013
500,184,"beta1",0.692672097709391,0.738851721473749,0.156729001929805,0.222586887455825,0.651394587887986,0.738851721473749,0.792678710003064,0.868723524340353
500,185,"alpha0",0.0819836210583699,0.0485842105791436,0.100898613223595,0.0211029698545782,0.0338342454688679,0.0485842105791436,0.0771139337204308,0.490179225326691
500,185,"alpha1",0.0799471995151386,0.0749040056587484,0.0405620608451094,0.0135072471732134,0.0514049035685536,0.0749040056587484,0.102681874803241,0.172295139746373
500,185,"beta1",0.834066714379934,0.873984126973679,0.132630744072511,0.318534172925487,0.822064554509199,0.873984126973679,0.905593118640576,0.951802671386678
500,186,"alpha0",0.153445816603026,0.131995074319201,0.0917708536093893,0.0442347825194897,0.0890050362975764,0.131995074319201,0.194674688266394,0.410003249454067
500,186,"alpha1",0.0922062889367855,0.0841986717563339,0.0446754539176622,0.0256723868253855,0.0603071498760874,0.0841986717563339,0.118555598459617,0.198370605260961
500,186,"beta1",0.723641479986537,0.748337322430766,0.132904970295061,0.366046923523449,0.64440833637667,0.748337322430766,0.822519062176582,0.904105096873412
500,187,"alpha0",0.189118438606893,0.184697135154368,0.0729195494561636,0.0793677699196441,0.132758203352956,0.184697135154368,0.231023876692808,0.351212160340136
500,187,"alpha1",0.131971882273497,0.125314403550309,0.0489155563874741,0.0579173500245673,0.0958102728038287,0.125314403550309,0.159895348326141,0.246046942077465
500,187,"beta1",0.676484494849009,0.681710076339296,0.0983431311982952,0.471739188687717,0.612256110583236,0.681710076339296,0.751086936544392,0.83557772672043
500,188,"alpha0",0.242527194942764,0.225107443249621,0.0989547149443716,0.079485578131958,0.175021130821531,0.225107443249621,0.297989973139159,0.464646920355005
500,188,"alpha1",0.11438481572335,0.110170060198607,0.0442286734514385,0.0387462784195771,0.0827033986302952,0.110170060198607,0.143209432785769,0.210730348101748
500,188,"beta1",0.631059937288025,0.64247504202634,0.115221553746169,0.380152242507704,0.56686692005366,0.64247504202634,0.706464920094583,0.832357710459794
500,189,"alpha0",0.151272701071806,0.113260167126579,0.112560828818672,0.0466299531358771,0.0793494410574629,0.113260167126579,0.179146475401114,0.510394225787735
500,189,"alpha1",0.120842908228036,0.115025267563656,0.0438608605951925,0.051372866928565,0.0908128768895177,0.115025267563656,0.144527401895581,0.226245940892989
500,189,"beta1",0.725875126974593,0.764352818986226,0.137311730548676,0.320218331744067,0.679805307233396,0.764352818986226,0.816624000394811,0.888639590907923
500,190,"alpha0",0.210053762328436,0.201808641392868,0.0682156749044318,0.104159668817251,0.158492290893979,0.201808641392868,0.256218302814597,0.362253664383172
500,190,"alpha1",0.320072700916792,0.31936466471606,0.0637075379788595,0.198260138798781,0.275590398239376,0.31936466471606,0.364242459999202,0.44644554916801
500,190,"beta1",0.471508827777934,0.47564754689835,0.102371836478957,0.267806931164356,0.398977334620487,0.47564754689835,0.54693487838103,0.659191090445005
500,191,"alpha0",0.298498146911365,0.206821257301,0.230894070681856,0.0525322003737163,0.101845612550294,0.206821257301,0.501839310308042,0.775922478654567
500,191,"alpha1",0.047487007150962,0.0422472801845825,0.0332700984124631,0.00209121090636215,0.0229180665630828,0.0422472801845825,0.0646635609919027,0.124782202593378
500,191,"beta1",0.643991405698335,0.732897072458493,0.246563535382548,0.160352325185583,0.412175152572982,0.732897072458493,0.858971959400512,0.923330214860415
500,192,"alpha0",0.21705141122408,0.131143515924623,0.180457113473284,0.0495990809547081,0.0971885459804429,0.131143515924623,0.284486933141195,0.653216127120659
500,192,"alpha1",0.0969843215073737,0.0900643163606488,0.0433419435196131,0.0305987160699506,0.0661107240927456,0.0900643163606488,0.119574780489984,0.201072774429596
500,192,"beta1",0.672662882539585,0.77066211934606,0.212698152577341,0.188044308148715,0.568337731309498,0.77066211934606,0.818158353996969,0.881943249116354
500,193,"alpha0",0.239018754237386,0.221311835728837,0.107759937644454,0.0864155964368188,0.156223603960465,0.221311835728837,0.305377020798575,0.512684891752688
500,193,"alpha1",0.079224188247447,0.0706330833077429,0.0494662227154666,0.00896454946225114,0.0463547575170991,0.0706330833077429,0.101696653424593,0.209941346263206
500,193,"beta1",0.616286250502928,0.636747200408312,0.154988315836251,0.244385436395098,0.521957980737789,0.636747200408312,0.733360379915252,0.855119895447769
500,194,"alpha0",0.246035915529936,0.207926413374325,0.146521059161683,0.0659299247425342,0.136133895922851,0.207926413374325,0.3222318094593,0.620130862781391
500,194,"alpha1",0.144005634686877,0.131529442163654,0.0641722392435768,0.0534473047925578,0.0967546264664751,0.131529442163654,0.178925343959642,0.30484628816413
500,194,"beta1",0.641345326590738,0.688307572956426,0.167672565966303,0.204305697512977,0.541046213119792,0.688307572956426,0.770083183329604,0.852741116966998
500,195,"alpha0",0.130231630506587,0.0842116313870605,0.10534553585451,0.0377247266566122,0.0604477107981031,0.0842116313870605,0.166162855947324,0.410209446660261
500,195,"alpha1",0.114904316629633,0.103385396786662,0.0568598945494088,0.0359616053671723,0.0749459021267301,0.103385396786662,0.142743208572066,0.261712027984767
500,195,"beta1",0.745224487689956,0.805460669707496,0.152352358609547,0.366963322937475,0.686702857415886,0.805460669707496,0.853133791364467,0.901908744974284
500,196,"alpha0",0.11089623092083,0.100552703842343,0.0519911938454999,0.0491841376262829,0.0770313935105883,0.100552703842343,0.127120223975685,0.23246223434413
500,196,"alpha1",0.134774311180284,0.131330555502336,0.0376771309044391,0.071734915775555,0.108207874957735,0.131330555502336,0.156907572256038,0.224598482692868
500,196,"beta1",0.765611735211746,0.778021395370258,0.0685996119196097,0.595031337398369,0.737761877016363,0.778021395370258,0.811256013724162,0.86033673596766
500,197,"alpha0",0.557186024044049,0.574009113147319,0.209501605191176,0.197930199108186,0.37829548006416,0.574009113147319,0.730953296797689,0.898403918724189
500,197,"alpha1",0.141482542077343,0.134183293932127,0.0699406704195221,0.031664109454349,0.0871135174084332,0.134183293932127,0.187806367440488,0.295137673188612
500,197,"beta1",0.322811274913196,0.274779240255572,0.232082808265492,0.00958241819435603,0.109519065149676,0.274779240255572,0.520750836823362,0.743494418443482
500,198,"alpha0",0.2614987367277,0.235921455288047,0.133724887473456,0.0649379946194804,0.163598959822723,0.235921455288047,0.33982597426029,0.567988228572309
500,198,"alpha1",0.150401219900525,0.145236246840093,0.0569770657246345,0.0576018311890587,0.10666973908743,0.145236246840093,0.187886956369326,0.272326934859287
500,198,"beta1",0.557379982810438,0.577183882642609,0.178368516128893,0.179354183931014,0.445102463542312,0.577183882642609,0.686840276365446,0.848085314193844
500,199,"alpha0",0.480144749204902,0.48736622607979,0.179592600290276,0.128154183769712,0.346176017749359,0.48736622607979,0.614244032488898,0.793018143878655
500,199,"alpha1",0.107951069654654,0.102244531959632,0.052839764272714,0.0208706378317409,0.0691596285470004,0.102244531959632,0.142239989994607,0.223973364937366
500,199,"beta1",0.339282035685293,0.3182013623861,0.220743743284419,0.0145118699462427,0.158779693957135,0.3182013623861,0.49876935317961,0.797361934587339
500,200,"alpha0",0.217836747180491,0.200367266565898,0.103000772680212,0.0802460880333804,0.145581729762942,0.200367266565898,0.26187474252343,0.479984507091939
500,200,"alpha1",0.1601142886412,0.156610370682684,0.0433268489194415,0.0866462694519104,0.127564572124839,0.156610370682684,0.187195055781147,0.25342767873936
500,200,"beta1",0.605405583590969,0.625963273359407,0.127110731525181,0.283060508897711,0.541982403220061,0.625963273359407,0.696134783557621,0.797194247467148
500,201,"alpha0",0.188428657928164,0.179709337998523,0.0848746016831051,0.0573581870463902,0.123222453549365,0.179709337998523,0.242954385828898,0.37615795055938
500,201,"alpha1",0.156471077954639,0.147974071289293,0.06090235996959,0.0648061894341012,0.111883659486982,0.147974071289293,0.19108195528192,0.300748972781966
500,201,"beta1",0.696808802065998,0.697321760651462,0.100572987594856,0.489845109333722,0.630243108942747,0.697321760651462,0.77558579374949,0.86359739555182
500,202,"alpha0",0.184152085648926,0.142549776669881,0.118052491494323,0.0589419021153017,0.0952900509887408,0.142549776669881,0.235337067190776,0.491397358881457
500,202,"alpha1",0.0753204250940798,0.070880252674356,0.0377871645806506,0.0148185027752607,0.0473382310261497,0.070880252674356,0.0977352211711379,0.162763994307008
500,202,"beta1",0.718334453419396,0.7597838761242,0.150079736882373,0.330380840124359,0.644956817529188,0.7597838761242,0.830937282370429,0.900268300147969
500,203,"alpha0",0.142872370004087,0.131814700625145,0.0581613385195867,0.0721364975519684,0.106529825136117,0.131814700625145,0.160838934816212,0.28647555055062
500,203,"alpha1",0.167517901472722,0.162995668053725,0.0498181449625968,0.0868881064171782,0.130957814746499,0.162995668053725,0.197660292764986,0.286721040017463
500,203,"beta1",0.724816002288414,0.733444661060362,0.0683463749474309,0.576197857169996,0.687721139484013,0.733444661060362,0.77134783617015,0.830624527235288
500,204,"alpha0",0.0834013107902863,0.0677469284978679,0.0601828385656268,0.0285036603214014,0.050153376617876,0.0677469284978679,0.0940624874698831,0.297707281903936
500,204,"alpha1",0.132115731134131,0.128927141922797,0.0438059359711264,0.0582103078176578,0.102739468848466,0.128927141922797,0.15691518853826,0.229221871685293
500,204,"beta1",0.788908916069355,0.803751804568734,0.0821699768902582,0.53880908698329,0.768565149922646,0.803751804568734,0.836388809900472,0.886716642807731
500,205,"alpha0",0.176551551402193,0.16556467048114,0.0767123440696122,0.0443237066701302,0.122484478189668,0.16556467048114,0.220096258708834,0.341642660964756
500,205,"alpha1",0.145507796416905,0.142852925872936,0.0461695373577969,0.0669206691230848,0.112095703445172,0.142852925872936,0.173783302001676,0.246260626653365
500,205,"beta1",0.652216535481619,0.660085094876682,0.102064593343299,0.437299512686863,0.593990956029725,0.660085094876682,0.718565324378902,0.839166262967532
500,206,"alpha0",0.235019804495635,0.20719235314628,0.0996652257756785,0.108543484702195,0.152466265610397,0.20719235314628,0.298931879173217,0.468305286870813
500,206,"alpha1",0.141622611715868,0.137488912855477,0.0469102833378211,0.0616187380741047,0.107903597445141,0.137488912855477,0.170631404263138,0.243862103599027
500,206,"beta1",0.601387283268601,0.626465583925794,0.124956596383265,0.334072793738221,0.51725424423713,0.626465583925794,0.703011400737605,0.776641098290374
500,207,"alpha0",0.258293749363798,0.241724670362412,0.0897463214995476,0.117236718055154,0.194203488735292,0.241724670362412,0.315494169013081,0.463058231920272
500,207,"alpha1",0.192293484811449,0.184955732320318,0.0618838982806423,0.0895932675284942,0.147728457777431,0.184955732320318,0.230539748697826,0.327749401900048
500,207,"beta1",0.544053952585822,0.555300214242194,0.123994238292285,0.288721522473072,0.460688403246233,0.555300214242194,0.634674986351858,0.765147015941133
500,208,"alpha0",0.537927971749543,0.515301426989269,0.209732899595912,0.203046807957703,0.370847065372454,0.515301426989269,0.723132459422234,0.901830602049914
500,208,"alpha1",0.115461795134112,0.108208489667019,0.0524324099238149,0.0302103198316514,0.0772916428187546,0.108208489667019,0.147217513185814,0.234766609185201
500,208,"beta1",0.400160143567063,0.422459480348329,0.203838818464176,0.0725958752286737,0.211054831585306,0.422459480348329,0.556142840091261,0.741581268666066
500,209,"alpha0",0.154565279845555,0.138989659326463,0.071693401542456,0.069256945431168,0.112053389760641,0.138989659326463,0.171813124591817,0.360496126335033
500,209,"alpha1",0.1397102177688,0.133947071265357,0.0459060147044942,0.0635547548220005,0.107013898716568,0.133947071265357,0.166069126110917,0.242980743299668
500,209,"beta1",0.709801435457157,0.728582961304115,0.0947669486074905,0.451317713521965,0.675268706445489,0.728582961304115,0.771102447046202,0.836180594234328
500,210,"alpha0",0.172424010053333,0.160872103798848,0.0679175239870882,0.066252041382672,0.127530576141729,0.160872103798848,0.206201427881454,0.336033595449052
500,210,"alpha1",0.168147802152117,0.162584815797257,0.0469245573707126,0.0898676791651142,0.134782041024996,0.162584815797257,0.196623009706313,0.268687013451178
500,210,"beta1",0.662199244872808,0.67162659684516,0.0885397169497393,0.470484135415696,0.610423111467363,0.67162659684516,0.721776732630604,0.820259304962409
500,211,"alpha0",0.138945942786875,0.118162246603974,0.0737822233492884,0.0597552524248587,0.0904624911445103,0.118162246603974,0.166454399327873,0.345817889012049
500,211,"alpha1",0.144827319896011,0.139625999734025,0.0466147741374615,0.0694822374552102,0.111347900933845,0.139625999734025,0.173196602443916,0.246511663633219
500,211,"beta1",0.692771562747511,0.719183701566852,0.110244336545441,0.384189424611574,0.638946212496976,0.719183701566852,0.769225671105398,0.836151269456299
500,212,"alpha0",0.176903289332037,0.16482037719435,0.069758167206939,0.0833717215091956,0.123148291853337,0.16482037719435,0.216824076822722,0.331857780101093
500,212,"alpha1",0.179538470644387,0.176436575820447,0.0447983130699496,0.0968998437366977,0.148891620871226,0.176436575820447,0.207412335015536,0.276814372340253
500,212,"beta1",0.678735177221432,0.687348629161014,0.0756777436447384,0.520668738587856,0.636203898013129,0.687348629161014,0.731995571092596,0.800959590788471
500,213,"alpha0",0.386908579568037,0.381457690310809,0.14131024388266,0.147358648729149,0.275902845972782,0.381457690310809,0.4920960890436,0.664127793085285
500,213,"alpha1",0.106428279678779,0.0992285035819222,0.0508738466164977,0.0275321437509679,0.06995769087965,0.0992285035819222,0.13485978837556,0.22668955452888
500,213,"beta1",0.410070088389522,0.412310001685559,0.183783965907821,0.0818433610706995,0.26808984462428,0.412310001685559,0.552168365284877,0.754851906866328
500,214,"alpha0",0.205446882980809,0.198691262433137,0.0730774163034863,0.0716908871729801,0.156145965513299,0.198691262433137,0.250434063243792,0.361201464622424
500,214,"alpha1",0.167391835662585,0.159846675980389,0.0572631188731928,0.0787836028249651,0.125454092253994,0.159846675980389,0.2010255240132,0.301387625741974
500,214,"beta1",0.680070193918661,0.683469247673184,0.0909020307862696,0.475292216260993,0.624273362301603,0.683469247673184,0.745211044747913,0.845431544062628
500,215,"alpha0",0.273748398423585,0.174036864702784,0.238801245871278,0.0639148760802391,0.120351357145948,0.174036864702784,0.307399056461395,0.890420464695547
500,215,"alpha1",0.0630620910221851,0.0585861719420046,0.0365014876181159,0.00640423553390692,0.0363234489645485,0.0585861719420046,0.0836595828405838,0.147188560012354
500,215,"beta1",0.639832704412944,0.739517409282491,0.251612961493591,0.0160348055491828,0.5888561905522,0.739517409282491,0.807191050216492,0.886911549237852
500,216,"alpha0",0.258633169161554,0.201992908244578,0.161288891585051,0.085738945629799,0.145570277227663,0.201992908244578,0.31185790565216,0.656848945020039
500,216,"alpha1",0.161367501255114,0.150793697251245,0.0622211428982195,0.0655813970486436,0.115423647777864,0.150793697251245,0.198282599446241,0.302975213292793
500,216,"beta1",0.612674625281573,0.671041606044052,0.176499464748702,0.199184105188068,0.533279988837251,0.671041606044052,0.738253494771968,0.828055710047164
500,217,"alpha0",0.152290255360417,0.118665799768969,0.104913991325759,0.0379784504794074,0.0774260114215616,0.118665799768969,0.205522069778145,0.464004086842551
500,217,"alpha1",0.0976814630799073,0.0867913334532757,0.0481613993459016,0.0335113324757899,0.0642389841498537,0.0867913334532757,0.119293788043938,0.224646882261179
500,217,"beta1",0.726849968463824,0.770433604893759,0.147354180431145,0.313923296919167,0.64605478315689,0.770433604893759,0.834509308745016,0.906872120327265
500,218,"alpha0",0.0635788310306577,0.0440322633300664,0.0648509454930474,0.017300290743436,0.0315904388343797,0.0440322633300664,0.0623710088794939,0.248625457620861
500,218,"alpha1",0.0821132675701572,0.0746936064805999,0.038693728455103,0.0258857859013732,0.0564254268962631,0.0746936064805999,0.100329794835706,0.178078652452695
500,218,"beta1",0.856114891599641,0.880267791645229,0.0915994754830477,0.59560735596383,0.848293901514485,0.880267791645229,0.906528174399625,0.941128821198087
500,219,"alpha0",0.165409061858093,0.160539006193133,0.0615862877217622,0.0651307388311518,0.12471894864802,0.160539006193133,0.199404620752008,0.28759179930666
500,219,"alpha1",0.177069350336276,0.172758273246305,0.0438733744932509,0.106105653621908,0.145538415741064,0.172758273246305,0.202598798118315,0.278515711656207
500,219,"beta1",0.694430155897587,0.699860752033326,0.0692414472218666,0.543711730181809,0.653730595233233,0.699860752033326,0.742015752301353,0.812006528732034
500,220,"alpha0",0.09696124085822,0.0921636716870363,0.0363977531411728,0.0552936834827536,0.0753155972662162,0.0921636716870363,0.110566576414196,0.164717527291854
500,220,"alpha1",0.19085981211809,0.186550265050852,0.0431493712684535,0.115426908789448,0.160092718389701,0.186550265050852,0.218716015251467,0.283951485440171
500,220,"beta1",0.721095778884914,0.726963102782434,0.0548621824196464,0.616211369689198,0.693069416322477,0.726963102782434,0.755555261834951,0.804165919741422
500,221,"alpha0",0.349473250656641,0.311780010365304,0.164915082315232,0.113186929103242,0.204107418024657,0.311780010365304,0.501220008211279,0.642275001411224
500,221,"alpha1",0.12577437795157,0.118069898090058,0.0535385568784491,0.0376142657745669,0.0889740527691245,0.118069898090058,0.155643621153709,0.246808816200265
500,221,"beta1",0.434589781114187,0.475939242588095,0.22788436965091,0.0611424148434041,0.213724093650863,0.475939242588095,0.637477071082605,0.780756701356299
500,222,"alpha0",0.165770028538342,0.15738996303578,0.0586416773458336,0.0785743954840485,0.124278564560446,0.15738996303578,0.195835813730621,0.303654179484453
500,222,"alpha1",0.154350426088273,0.148026936452792,0.0468154116690606,0.078077093432022,0.12250555291396,0.148026936452792,0.179168073783921,0.270594517657177
500,222,"beta1",0.682541393089231,0.688888075276447,0.0790725689194819,0.509847986890566,0.634911260583139,0.688888075276447,0.741330171614633,0.811784333779212
500,223,"alpha0",0.165765546282725,0.146527540517195,0.076078509035719,0.0615872208416985,0.112878294532703,0.146527540517195,0.204403936581998,0.38543570701345
500,223,"alpha1",0.199953760644794,0.194388953232812,0.0611101147473216,0.0933861279919449,0.157229800622115,0.194388953232812,0.238008764178837,0.332494847401494
500,223,"beta1",0.626737080168701,0.646704522453536,0.121105982242322,0.31027521002052,0.560269718241738,0.646704522453536,0.708704632742978,0.823957261267649
500,224,"alpha0",0.170245663372151,0.161333884598581,0.0629388287929863,0.0766044080429469,0.125350451600823,0.161333884598581,0.202769538240631,0.313878673797607
500,224,"alpha1",0.153130967559252,0.14741482550653,0.0445950541673592,0.0810583695723349,0.120636030349586,0.14741482550653,0.180291504747886,0.252750045338314
500,224,"beta1",0.698521066639623,0.705176168993386,0.0793121945873163,0.535740392467033,0.651450371339212,0.705176168993386,0.753631518195708,0.830757434081542
500,225,"alpha0",0.275771877929042,0.250277886213861,0.118466561858772,0.114609993770315,0.188006994918522,0.250277886213861,0.339687348459616,0.560511414647177
500,225,"alpha1",0.121847013951647,0.119269115865918,0.0438753510603674,0.0452886975576553,0.0898544131667657,0.119269115865918,0.150230989652976,0.216621037727037
500,225,"beta1",0.596132193661341,0.619456101775078,0.12750837220755,0.302606711004767,0.518372304939336,0.619456101775078,0.690202510427466,0.793402259364355
500,226,"alpha0",0.277735971135494,0.271108418555073,0.122484393689454,0.0810284589406544,0.176940851689275,0.271108418555073,0.370807911380445,0.519666382808079
500,226,"alpha1",0.0837491841969662,0.0750096871412377,0.0525282741399015,0.0103346320759358,0.0454231949152654,0.0750096871412377,0.109639393545869,0.213824292592031
500,226,"beta1",0.599394761480903,0.609544196745239,0.164245652028708,0.305297249689244,0.465271207146647,0.609544196745239,0.741037227862112,0.867122566756006
500,227,"alpha0",0.127418915159298,0.11007519830885,0.0712376695709911,0.0387824237612606,0.0723448022724641,0.11007519830885,0.161453653712006,0.302264821743465
500,227,"alpha1",0.125397331666263,0.119528935681179,0.0407007518447863,0.0615285089878146,0.0959421891704686,0.119528935681179,0.149627683890129,0.21527345197539
500,227,"beta1",0.761402676312268,0.783340599569736,0.0920351747527969,0.541160806296131,0.713852387286683,0.783340599569736,0.83094578901382,0.880698441685469
500,228,"alpha0",0.0826478103674807,0.0751199310378187,0.0457747797573844,0.0422305944461915,0.0610585126143623,0.0751199310378187,0.0907261852156305,0.166745502745395
500,228,"alpha1",0.127783134039547,0.12332181334408,0.0360799634710881,0.07146008157945,0.102460544505098,0.12332181334408,0.1485167397842,0.207515857885006
500,228,"beta1",0.796364012233012,0.806530048153326,0.0646763245154135,0.672555413680851,0.774961348147411,0.806530048153326,0.832773548216869,0.875450453465214
500,229,"alpha0",0.599748722765595,0.611746469115162,0.151367532958175,0.302262849892095,0.486998911168558,0.611746469115162,0.717581423346995,0.859577926882371
500,229,"alpha1",0.166673259115583,0.161652261365636,0.0653591903010241,0.0577631730735564,0.118287621826836,0.161652261365636,0.207278104272206,0.310380431567622
500,229,"beta1",0.25473646485813,0.233519138556197,0.151670791907198,0.0303882535856966,0.130127601866223,0.233519138556197,0.369820502839817,0.584083565574525
500,230,"alpha0",0.134082107744814,0.123659401124055,0.0595626755663259,0.0559877429201758,0.0966241924684137,0.123659401124055,0.157734928827449,0.290281732820623
500,230,"alpha1",0.153852691935664,0.151254041820667,0.038366532747306,0.0874994557149661,0.126267724630172,0.151254041820667,0.176820454820589,0.240005740965798
500,230,"beta1",0.715781876745764,0.726406371180522,0.074847609143781,0.528339049464489,0.678872417583813,0.726406371180522,0.76684526640128,0.822218349522516
500,231,"alpha0",0.146175219544826,0.128353379536894,0.0797524770667126,0.0477844610456317,0.0869962968539086,0.128353379536894,0.18788354652984,0.355584209828898
500,231,"alpha1",0.111636973310943,0.108735116361511,0.0390407848467965,0.0461296749490532,0.0844050878362242,0.108735116361511,0.135435218543805,0.202071088515782
500,231,"beta1",0.749712902006445,0.767873303460916,0.0980772825079737,0.495292747690612,0.697853514642722,0.767873303460916,0.820519459125502,0.887106287153644
500,232,"alpha0",0.313375705815577,0.295613687130757,0.146647913248713,0.0966564205675566,0.203841760164382,0.295613687130757,0.397820348904418,0.66748743522472
500,232,"alpha1",0.2079947143132,0.202865915105254,0.0652893702767425,0.0975708372814552,0.160793977799212,0.202865915105254,0.250082299366279,0.352054803164681
500,232,"beta1",0.514767886452546,0.523049888634832,0.163354131828186,0.171742261764326,0.416475301632987,0.523049888634832,0.640419700046316,0.788729682321578
500,233,"alpha0",0.0751458324190917,0.0603269531481705,0.0607329449657028,0.0286059859737675,0.0491091115940925,0.0603269531481705,0.0798670901808975,0.224346071620341
500,233,"alpha1",0.117061856595328,0.111923674775598,0.0366208077249342,0.061564697955331,0.090919154120946,0.111923674775598,0.136240029241592,0.201032725202752
500,233,"beta1",0.811678222723588,0.829898570486426,0.0806877912373417,0.592885543226396,0.79451394805203,0.829898570486426,0.854826481819998,0.891730577508356
500,234,"alpha0",0.188276304073511,0.173562939904622,0.0717704085013681,0.0817448030484209,0.13972928987865,0.173562939904622,0.226404586513248,0.352460155237334
500,234,"alpha1",0.145031698496777,0.141495302698796,0.048018156412881,0.0607928853035278,0.109632536541364,0.141495302698796,0.177631126948639,0.244927098367602
500,234,"beta1",0.652514219275262,0.668444699731501,0.0963158005324422,0.439699891627706,0.591502933674245,0.668444699731501,0.718868112096675,0.813999465726581
500,235,"alpha0",0.247437407160923,0.214447156578864,0.112163146990946,0.0953651254872023,0.165319619161997,0.214447156578864,0.311629659433645,0.51204463170817
500,235,"alpha1",0.138950260900227,0.133902948042076,0.0560477186569352,0.0434219517129014,0.102495304066882,0.133902948042076,0.170721897520737,0.268586888406343
500,235,"beta1",0.599293447259868,0.63786558599117,0.138430182978503,0.300918361298897,0.50686243922766,0.63786558599117,0.696141662556484,0.811162354580282
500,236,"alpha0",0.473196147610306,0.463212144533972,0.191741947385174,0.177021036237719,0.311745517600511,0.463212144533972,0.611225836154737,0.849474196388184
500,236,"alpha1",0.106733277021937,0.101774687540705,0.0503156127158226,0.0184575877132889,0.0716819301603681,0.101774687540705,0.137653428681527,0.215456072706556
500,236,"beta1",0.405609919283067,0.408887419279651,0.210505992288186,0.0242451788330802,0.235319199737457,0.408887419279651,0.590165867111857,0.744215665022462
500,237,"alpha0",0.264786113926467,0.21114597627057,0.159824803872998,0.0892786517625781,0.140508991585802,0.21114597627057,0.347289178834071,0.644205491807613
500,237,"alpha1",0.0888139266241961,0.0848429470619091,0.0399360716852211,0.0243766775344881,0.05972159842265,0.0848429470619091,0.111433512451785,0.179582740876787
500,237,"beta1",0.642690972958013,0.692066701229715,0.172897266919757,0.239549818140383,0.548578808604053,0.692066701229715,0.780770618269491,0.847911531006517
500,238,"alpha0",0.102194122768191,0.0845840571106722,0.0725635858630959,0.0389798943080152,0.0640619147957192,0.0845840571106722,0.108909091036546,0.331922597526732
500,238,"alpha1",0.143264501165809,0.133590625789185,0.0552862093284396,0.0689295909556136,0.107166256231018,0.133590625789185,0.166559182353868,0.279335518885127
500,238,"beta1",0.783834716201407,0.803938056052925,0.0942985040095216,0.467261970960305,0.763443479971393,0.803938056052925,0.836982448409471,0.886367230110637
500,239,"alpha0",0.124132440567647,0.0992930552156313,0.0855884248298557,0.0476341685446922,0.0775929051860914,0.0992930552156313,0.129939063541375,0.378058410347327
500,239,"alpha1",0.129387992333119,0.123507581223293,0.0410361823164746,0.0659514090859855,0.100271957544342,0.123507581223293,0.152256408353189,0.223067632708467
500,239,"beta1",0.756448009689827,0.781837985806991,0.100400585773354,0.467046077066421,0.734311932441424,0.781837985806991,0.813714212022536,0.871739711504933
500,240,"alpha0",0.0876234464565785,0.076035838142107,0.0531982006406898,0.0448531591382222,0.0612248301840567,0.076035838142107,0.0959302469247548,0.266837795143805
500,240,"alpha1",0.1060050540116,0.102549656688959,0.0327657430349028,0.0537451899325997,0.0830901136901091,0.102549656688959,0.124707286229672,0.179522339395909
500,240,"beta1",0.813052364139498,0.82478470891478,0.0638411459559082,0.625087519369709,0.793476784504959,0.82478470891478,0.84855958853505,0.887146247170313
500,241,"alpha0",0.191132480793495,0.154565003904808,0.109726790478668,0.0557692565840269,0.104297202450332,0.154565003904808,0.256014878315706,0.44534462539714
500,241,"alpha1",0.150012791885127,0.144698961168516,0.053683027951067,0.064319715075067,0.109555312470757,0.144698961168516,0.184024119712937,0.271325824252642
500,241,"beta1",0.682252139061681,0.709600625629824,0.133467648038242,0.37972918441426,0.59197959838865,0.709600625629824,0.788429919438182,0.869126482503557
500,242,"alpha0",0.161439338029995,0.149854632601922,0.0744829852107124,0.0614182462809849,0.112748227311467,0.149854632601922,0.194958482467756,0.328266921314185
500,242,"alpha1",0.178526412035934,0.171120499455755,0.0547252436610782,0.0907379298239782,0.140245977789572,0.171120499455755,0.20935243069504,0.305810616765037
500,242,"beta1",0.670127972117526,0.681929980214624,0.0973185358470247,0.458107119115396,0.610610640511297,0.681929980214624,0.737979953426479,0.830868892438381
500,243,"alpha0",0.108499833472731,0.0878787292804884,0.0703549388175486,0.0396779572213564,0.0680441312665357,0.0878787292804884,0.120259095956504,0.287726635820322
500,243,"alpha1",0.122954379522934,0.118334375717919,0.0372679422552461,0.0635311966735297,0.0960684083092398,0.118334375717919,0.145883390575356,0.208042621276446
500,243,"beta1",0.785719887584092,0.804904496355228,0.0851903024478088,0.557680305856184,0.760464292779972,0.804904496355228,0.838085886835515,0.887871407666957
500,244,"alpha0",0.251802780314243,0.226091743041143,0.109232420872311,0.0919589465371737,0.166540784222931,0.226091743041143,0.336651137144246,0.479352938145245
500,244,"alpha1",0.114847516614972,0.109415119057612,0.045814410892348,0.0431992256776959,0.0833687459322306,0.109415119057612,0.138642966221725,0.21439814465761
500,244,"beta1",0.655368051373078,0.678531392640253,0.124237787022946,0.40954885038178,0.559974176367386,0.678531392640253,0.751289090484088,0.848898555187454
500,245,"alpha0",0.189234936432813,0.102134125627015,0.170284642050755,0.0271788449197127,0.0551918337960435,0.102134125627015,0.314081005338872,0.564453797633719
500,245,"alpha1",0.0514620126565902,0.0444081640358787,0.0328784426041202,0.00664883962646987,0.0279450508884757,0.0444081640358787,0.0688527502051046,0.127584096180096
500,245,"beta1",0.70760623285435,0.810768199514515,0.222961483596848,0.220301689625668,0.545210786867778,0.810768199514515,0.889443939551539,0.941955320659038
500,246,"alpha0",0.481262778787034,0.510108706753813,0.295944907052522,0.0534289762451378,0.195951458267348,0.510108706753813,0.725521565715143,0.985813065464523
500,246,"alpha1",0.0948976836091697,0.0822254526617444,0.0588092898424497,0.0148620412289397,0.0505109297319077,0.0822254526617444,0.127107868481576,0.237555667013213
500,246,"beta1",0.464251617058787,0.428055546217932,0.296144839682457,0.0113431056663227,0.21049579194517,0.428055546217932,0.755749286372419,0.913090488203401
500,247,"alpha0",0.113451224900331,0.104424368607795,0.0522696632804398,0.0480948874998837,0.0794611511108858,0.104424368607795,0.136055859871252,0.246195396237396
500,247,"alpha1",0.141931661976601,0.137850356573651,0.0418725929772494,0.0748538421648497,0.111997234324077,0.137850356573651,0.166880090786836,0.239158935824041
500,247,"beta1",0.730241499946609,0.739683485882395,0.0834314552935868,0.55665429903147,0.685800361173353,0.739683485882395,0.789927403759401,0.849655873030418
500,248,"alpha0",0.177090096410598,0.165675938321189,0.0871970467905739,0.0401723698710907,0.112220663565751,0.165675938321189,0.230409902210207,0.373349941353358
500,248,"alpha1",0.119670108906288,0.115802853697325,0.0424990504448374,0.0495085966605054,0.0906567699849285,0.115802853697325,0.142964344143003,0.21187657744543
500,248,"beta1",0.718909194249909,0.727054864959429,0.103982921670723,0.499044132115054,0.659430663940216,0.727054864959429,0.791114514091758,0.886346706339805
500,249,"alpha0",0.196991930331418,0.121330071653787,0.189184050771041,0.0421322068352806,0.0718721528438556,0.121330071653787,0.223453539452845,0.741052863683001
500,249,"alpha1",0.110703944634997,0.100556724394837,0.0540410673292585,0.0356093541114635,0.0728652539318456,0.100556724394837,0.136921151951425,0.249671990517167
500,249,"beta1",0.700047346133447,0.781356979229561,0.218190873409796,0.106454721355732,0.656967425720995,0.781356979229561,0.848386710382588,0.906960477789343
500,250,"alpha0",0.0911516224072466,0.0783587931051501,0.0537146612325754,0.034450453700315,0.0597310270640095,0.0783587931051501,0.108770305478972,0.247107362840854
500,250,"alpha1",0.127103295672418,0.122475442045188,0.0383781928187412,0.0643613678756375,0.101844176507651,0.122475442045188,0.146727127469705,0.218905341592283
500,250,"beta1",0.797790326337361,0.810560798113727,0.0693041143994871,0.625023825353252,0.772998271168292,0.810560798113727,0.840652223520569,0.89154324161638
500,251,"alpha0",0.175487936715457,0.166678075775786,0.0716578890007753,0.0712677118017578,0.120737476343734,0.166678075775786,0.218670432417868,0.332301432729449
500,251,"alpha1",0.204058814889906,0.199576637501955,0.0500130634100314,0.116865812773496,0.168599882065935,0.199576637501955,0.235152801744613,0.316916287120988
500,251,"beta1",0.663088881334654,0.671725147929835,0.0848164632383279,0.473345896878076,0.612068626968995,0.671725147929835,0.72504196595789,0.806184599422121
500,252,"alpha0",0.263827585619636,0.243798577971218,0.104015272880906,0.105957174237772,0.188132562478952,0.243798577971218,0.329131356957283,0.510086456519544
500,252,"alpha1",0.219697669701361,0.213658459604948,0.061406737553015,0.11795666160166,0.173763224986817,0.213658459604948,0.258602129384575,0.356498523691439
500,252,"beta1",0.521508101623123,0.534888891339078,0.13092344049378,0.235774107374233,0.436258895026087,0.534888891339078,0.620421276978764,0.744151717589641
500,253,"alpha0",0.194275184751558,0.187600924652149,0.0641886898040578,0.093095673753527,0.148535591977545,0.187600924652149,0.232090008731804,0.332150597717868
500,253,"alpha1",0.20560828207623,0.198465192382645,0.0532140729086577,0.122910455864793,0.167884739516615,0.198465192382645,0.237104818798612,0.331404468559997
500,253,"beta1",0.624893034221978,0.634339922057647,0.0863568933427862,0.439680366977961,0.567006071729218,0.634339922057647,0.688111724515011,0.767568750445847
500,254,"alpha0",0.0685949008061612,0.0605119008178773,0.0415443908718782,0.0338267517242355,0.0500395694611759,0.0605119008178773,0.0745245419168134,0.169753653130453
500,254,"alpha1",0.173103683715538,0.170853634614364,0.0452745600513782,0.0907270291353868,0.141583283688607,0.170853634614364,0.202877631197924,0.26816668318933
500,254,"beta1",0.774515640967501,0.778754774397464,0.0602416867204722,0.638004858101785,0.74853896570254,0.778754774397464,0.810352835856442,0.865203086819235
500,255,"alpha0",0.208284387788639,0.161909350831436,0.138796484358589,0.0524433920315044,0.114557162413616,0.161909350831436,0.249442963294211,0.575365332579588
500,255,"alpha1",0.135222466349088,0.127754519235377,0.0487553706436442,0.0590123579952336,0.101347970653094,0.127754519235377,0.160607265367692,0.253759680559143
500,255,"beta1",0.681839487267721,0.721198739438158,0.151784885246777,0.303147417747841,0.630105557927724,0.721198739438158,0.789804406230667,0.870658226766316
500,256,"alpha0",0.188472793860953,0.0664164207401931,0.219653482405451,0.0239059306125185,0.0417105060212702,0.0664164207401931,0.340062271568034,0.718401694164228
500,256,"alpha1",0.0622331637956914,0.0549531042636099,0.0443840877210746,0.00713153416139186,0.0347196823508548,0.0549531042636099,0.0786837874216544,0.170477860641054
500,256,"beta1",0.739309148903392,0.870416840235797,0.243539288194983,0.168869459917829,0.56526855064137,0.870416840235797,0.905957716046848,0.952153712595804
500,257,"alpha0",0.114455876325225,0.104761925605026,0.0485680903033998,0.0543969172805712,0.0802153429355967,0.104761925605026,0.133573768049663,0.230638093239879
500,257,"alpha1",0.106403398508801,0.10219755105724,0.0350847230969844,0.0520908367019951,0.0824556244883008,0.10219755105724,0.124187816761112,0.189317368232724
500,257,"beta1",0.776704915372723,0.78997886571164,0.066201548649973,0.620229493871022,0.748976784415731,0.78997886571164,0.820421373604055,0.861833915564633
500,258,"alpha0",0.405812914327251,0.398898589278387,0.123817018163144,0.174901405429469,0.320446816352508,0.398898589278387,0.489443775332724,0.661037543688885
500,258,"alpha1",0.0864440993246315,0.0767856089421429,0.0523062609364954,0.0170003686621288,0.0462127659861994,0.0767856089421429,0.11536374539464,0.216711003327364
500,258,"beta1",0.394509664458006,0.400946675717159,0.164836514659766,0.0768388772970454,0.268759033122135,0.400946675717159,0.5070455608772,0.722668732049899
500,259,"alpha0",0.105447123014809,0.072525937634099,0.0971264346519262,0.0328237876431476,0.0570392763994435,0.072525937634099,0.113634576197965,0.473555752674886
500,259,"alpha1",0.0826707335073535,0.0752974837024944,0.036321167103104,0.0328909474430881,0.0584054656231007,0.0752974837024944,0.0994155168366868,0.172002827795074
500,259,"beta1",0.823476690965817,0.857069255465912,0.110223154248132,0.430749150696816,0.806335326152934,0.857069255465912,0.884944253908347,0.922129269055489
500,260,"alpha0",0.243381913470838,0.224269269784511,0.109030657475976,0.090867956209771,0.16073273007841,0.224269269784511,0.312505478421249,0.488288840873896
500,260,"alpha1",0.0813090906463806,0.0741598549407787,0.0453805733177457,0.0128543070983971,0.0499990608023492,0.0741598549407787,0.104557484649041,0.187072738339221
500,260,"beta1",0.639130495188022,0.670060810718353,0.135261035639402,0.315070553923687,0.553041493172792,0.670060810718353,0.739478834818329,0.837354038122321
500,261,"alpha0",0.170689371797244,0.120954445212373,0.133587718045591,0.0411840326068527,0.0889306684630024,0.120954445212373,0.20732220148184,0.570191479349601
500,261,"alpha1",0.118101255511482,0.1123821691693,0.046727850303017,0.043645240942768,0.0840031839040105,0.1123821691693,0.145409713939372,0.225348454965586
500,261,"beta1",0.707034176717139,0.760975033173784,0.165000265942035,0.233764392984622,0.653822135706501,0.760975033173784,0.815655343908537,0.894244170709253
500,262,"alpha0",0.189425433509465,0.177835522156102,0.0611186691632582,0.103714307789301,0.150905666151574,0.177835522156102,0.213797443736278,0.355701510482246
500,262,"alpha1",0.202388186867342,0.19880196267065,0.0495410042743028,0.11630360545518,0.16862174237991,0.19880196267065,0.232121556901124,0.307497677322034
500,262,"beta1",0.634490000729287,0.643599285316665,0.0709291426887769,0.455169775256671,0.598605818140359,0.643599285316665,0.682333107457424,0.742445152714271
500,263,"alpha0",0.388257505527557,0.387282403497204,0.213592137654615,0.0938045505731125,0.188481059293205,0.387282403497204,0.549458487037966,0.804965572966337
500,263,"alpha1",0.107031970397761,0.102578419225886,0.046791995531462,0.0301167086452779,0.0728934037926237,0.102578419225886,0.13606051654818,0.207804136709336
500,263,"beta1",0.491220883543687,0.497311521111065,0.240115584958874,0.0589679132571018,0.299616713050078,0.497311521111065,0.717701277710199,0.828566374726398
500,264,"alpha0",0.145104559340825,0.120842623435764,0.0836546717006472,0.0555791565496821,0.0915022380173764,0.120842623435764,0.172015087424837,0.392160823869082
500,264,"alpha1",0.128842775421075,0.124024169482571,0.04112399081028,0.0626017677096626,0.0991142243659874,0.124024169482571,0.15330320866174,0.221491202991928
500,264,"beta1",0.749326075104785,0.770955452575763,0.0957935982948502,0.493329286003903,0.708770984823541,0.770955452575763,0.814375687810589,0.877629754893949
500,265,"alpha0",0.10552173073653,0.0941378245339911,0.0491774894918232,0.0450365448313886,0.071001733414814,0.0941378245339911,0.130734020558246,0.218296226685483
500,265,"alpha1",0.0877529377632002,0.0830774239306278,0.0374367315027629,0.0285970127235406,0.0619478551317968,0.0830774239306278,0.108189033788438,0.175025379666261
500,265,"beta1",0.816401353228427,0.82425756078577,0.0602332099935225,0.686278200196631,0.786083976742596,0.82425756078577,0.855683124600007,0.908568616244166
500,266,"alpha0",0.205981894528611,0.125831965292113,0.191278050064307,0.0428666829588181,0.0751507655847546,0.125831965292113,0.253909213544662,0.725869206560809
500,266,"alpha1",0.148687616115856,0.124367187241075,0.0807984739841448,0.0545658938700782,0.0897302419793944,0.124367187241075,0.182420385341967,0.363565913758725
500,266,"beta1",0.662758458709848,0.760721798682089,0.239092062925077,0.0599168594356806,0.582096296584943,0.760721798682089,0.83548466401601,0.886948237629249
500,267,"alpha0",0.213891398836409,0.204821330694877,0.0881963206052673,0.0569868448760902,0.146155509008812,0.204821330694877,0.274889155384854,0.396844508999497
500,267,"alpha1",0.140939360583957,0.139494382668247,0.0492069978470833,0.0476401225209974,0.108325851525049,0.139494382668247,0.170545128652797,0.244425078262215
500,267,"beta1",0.645398699343025,0.649201557553857,0.110695821725017,0.426102484246556,0.570217177330579,0.649201557553857,0.721343977153459,0.858527562958665
500,268,"alpha0",0.21518820611435,0.158493793806382,0.163188636600585,0.0635657548683928,0.111462679722052,0.158493793806382,0.235231652059047,0.694312997576782
500,268,"alpha1",0.0990762854235622,0.0954665256691059,0.0349319257664521,0.0430099688420145,0.0738609447432954,0.0954665256691059,0.120090335115106,0.175630096152647
500,268,"beta1",0.709827492278309,0.761711379378653,0.160875125646096,0.260226545717698,0.679152706985521,0.761711379378653,0.815750583788463,0.87468061046274
500,269,"alpha0",0.169169107199099,0.147959581219778,0.0752695414255116,0.0787126084254369,0.11764336670801,0.147959581219778,0.198841742891086,0.367770003808986
500,269,"alpha1",0.127193601788634,0.120809815149802,0.0469994493171326,0.0547547935230595,0.094048144850039,0.120809815149802,0.153200323899383,0.23557950421519
500,269,"beta1",0.701767595315633,0.721462035101685,0.0958244948358129,0.454576327867669,0.658729452260563,0.721462035101685,0.770944227405993,0.825720356586549
500,270,"alpha0",0.351505025362969,0.360223391539002,0.168604745301413,0.061137488381738,0.215382651853982,0.360223391539002,0.473832249554231,0.66696565356341
500,270,"alpha1",0.0972133150932146,0.0882855066772115,0.0589718040225138,0.012935158209271,0.0542896155953736,0.0882855066772115,0.129794325963657,0.23865995737604
500,270,"beta1",0.471172781825494,0.452759080333004,0.228789402886851,0.0684738082521336,0.290897436380147,0.452759080333004,0.646996540292419,0.89335716780588
500,271,"alpha0",0.0982036858132742,0.0840912355101189,0.0555550060642731,0.0408842788445928,0.0661939096091833,0.0840912355101189,0.113899962599222,0.227471322728
500,271,"alpha1",0.194900097908908,0.18893790086691,0.0549384259348078,0.102691267190813,0.15541057331015,0.18893790086691,0.229003676831372,0.315872370125213
500,271,"beta1",0.730403494139949,0.743508280585845,0.0810390851191378,0.522535666463791,0.692752731869993,0.743508280585845,0.784036199020428,0.846190781503253
500,272,"alpha0",0.210237779423614,0.203447962533039,0.064701872401964,0.104664460628431,0.163620159088142,0.203447962533039,0.253904688788856,0.346090292397947
500,272,"alpha1",0.138940206428579,0.134847689318017,0.049898421694129,0.0521721921845287,0.103436774222633,0.134847689318017,0.168477440070036,0.251374732710709
500,272,"beta1",0.619231880516807,0.620024850626983,0.0930758464821945,0.437706509062023,0.554383923050481,0.620024850626983,0.685718867041597,0.785855112201564
500,273,"alpha0",0.3289519291156,0.339817660392997,0.136903582815662,0.0892579266448943,0.212749100531632,0.339817660392997,0.43558373142347,0.567149589875399
500,273,"alpha1",0.125041014458556,0.121213754346139,0.0535936860017388,0.0361610803357003,0.087042634073209,0.121213754346139,0.154817587587135,0.247895883288561
500,273,"beta1",0.500271647445812,0.48476736976478,0.176588414012384,0.223225141812063,0.354724241816528,0.48476736976478,0.644606271205616,0.824624052567273
500,274,"alpha0",0.538548336602145,0.536082543503327,0.16886788114577,0.187013643013618,0.428094020315026,0.536082543503327,0.660171638194402,0.860622190526799
500,274,"alpha1",0.0732202794203308,0.0677245451004033,0.0431053621043235,0.00659089257170461,0.0405353928457366,0.0677245451004033,0.101058765119192,0.170884508142302
500,274,"beta1",0.428481709815706,0.423649274731325,0.157970177196662,0.134171063449734,0.313654059867288,0.423649274731325,0.542366205706904,0.747854279229872
500,275,"alpha0",0.0973337129866863,0.0768986363947044,0.0746907340515639,0.0303435604752492,0.0489644049750971,0.0768986363947044,0.121035023112419,0.277621000441792
500,275,"alpha1",0.0974517208594618,0.0915376537084096,0.0427377427729421,0.0321537720553668,0.0668228743799942,0.0915376537084096,0.12202694460251,0.19518668957725
500,275,"beta1",0.817079215280642,0.836681815720171,0.0917912380842961,0.546480224580028,0.773169456729791,0.836681815720171,0.880446370638276,0.928015232637203
500,276,"alpha0",0.196697664103542,0.187889437063433,0.0759273951462243,0.085395022333188,0.135034500026016,0.187889437063433,0.247713033923187,0.368087347400622
500,276,"alpha1",0.125691512626461,0.120710265904647,0.0498876736057006,0.0438162296588254,0.0891627351010308,0.120710265904647,0.156631054249869,0.235644089774727
500,276,"beta1",0.65063365865868,0.657792128497497,0.106606838397715,0.426738802488202,0.577702360755052,0.657792128497497,0.731249298064353,0.82681270908375
500,277,"alpha0",0.151134289082504,0.127730318472567,0.0855878445004457,0.0583531739891481,0.096094383684977,0.127730318472567,0.17196495740141,0.406939474577188
500,277,"alpha1",0.161518789751978,0.152133462663833,0.0593794215833411,0.0779617136199112,0.121818247070884,0.152133462663833,0.188422747329447,0.33293968038221
500,277,"beta1",0.692042638188566,0.723296001428527,0.121082263606544,0.33404309097697,0.652412207850805,0.723296001428527,0.771785173512466,0.841112159988105
500,278,"alpha0",0.208417365350494,0.193474214868079,0.0916244784734677,0.0834480221040972,0.138918028857854,0.193474214868079,0.258858598139245,0.445586486567066
500,278,"alpha1",0.100973244455596,0.0971363708431943,0.0417578799812355,0.0314064568128629,0.0715079516698119,0.0971363708431943,0.125897408064026,0.197937615433332
500,278,"beta1",0.682828184569566,0.691218091428809,0.108374981356443,0.410039502306139,0.620784140735896,0.691218091428809,0.76407442915878,0.855332643681546
500,279,"alpha0",0.246038125668512,0.226198838604077,0.129148882792467,0.0568009436898411,0.137388589861878,0.226198838604077,0.347229705139186,0.518478999980817
500,279,"alpha1",0.108104670160023,0.100816184789044,0.0478690993536867,0.0354828144528829,0.0750397653304615,0.100816184789044,0.133457675387132,0.222994939109007
500,279,"beta1",0.634498838708445,0.659952405666205,0.159706273088717,0.304942002176208,0.514590244791273,0.659952405666205,0.764056180801174,0.87926901522984
500,280,"alpha0",0.418075737635691,0.369208458490092,0.292390765339402,0.0444352126690181,0.12439439155134,0.369208458490092,0.702007046832523,0.911071562203455
500,280,"alpha1",0.0462716760594885,0.0394715391879776,0.0335081788416335,0.00240926476786597,0.0203923921330019,0.0394715391879776,0.0660763258516426,0.124267640272852
500,280,"beta1",0.517428830944435,0.554819196533135,0.299920054384392,0.0322056819992516,0.223725475292466,0.554819196533135,0.807914111539642,0.912949791236102
500,281,"alpha0",0.328548137468437,0.271895832397664,0.191390750867694,0.0866988787866439,0.173152119345172,0.271895832397664,0.465938536626582,0.750323243958887
500,281,"alpha1",0.178337109651364,0.170237447155649,0.0602885139524735,0.0797651039958305,0.134922403318841,0.170237447155649,0.215095915121868,0.310504459183335
500,281,"beta1",0.533855402131649,0.584492927483807,0.202987886439895,0.0989299696964478,0.375254127899125,0.584492927483807,0.697733971326525,0.806287455486023
500,282,"alpha0",0.187959226610175,0.156886095626912,0.127862034186074,0.0712990051933017,0.109564368383751,0.156886095626912,0.211266222234386,0.65336850060962
500,282,"alpha1",0.0996753312287331,0.0932365524962964,0.0453947244058155,0.0294877714087247,0.0664981185576299,0.0932365524962964,0.126314284322113,0.199017927002941
500,282,"beta1",0.697917057340232,0.732908576050733,0.158552485297013,0.145774873384518,0.660089385620301,0.732908576050733,0.795066709543858,0.868147091650174
500,283,"alpha0",0.090933554602177,0.0709307464482379,0.0787184462670751,0.0248601320946653,0.0500721387703822,0.0709307464482379,0.105952777220491,0.335276097150422
500,283,"alpha1",0.105367788137656,0.101201428287366,0.0366177533809413,0.0452210961660326,0.0806250038009001,0.101201428287366,0.125039426527988,0.191708243607675
500,283,"beta1",0.808685774580598,0.827153717710291,0.0936303321762872,0.515485658485718,0.78531123843302,0.827153717710291,0.862743262237784,0.910729202979878
500,284,"alpha0",0.267380097199942,0.237269864885231,0.151296314065725,0.0559065105591877,0.152247523775423,0.237269864885231,0.349223809011319,0.616829015549469
500,284,"alpha1",0.0949586066214347,0.0874704951194977,0.0448809479633052,0.0294276484721444,0.0624892492057951,0.0874704951194977,0.119380850599064,0.203718818126936
500,284,"beta1",0.60961517388823,0.638255882386279,0.186756130152575,0.183673647910625,0.508055492234924,0.638255882386279,0.746032229438284,0.891534490866474
500,285,"alpha0",0.161884705346552,0.142334083532051,0.0776088015404807,0.0633027060544493,0.108238367334486,0.142334083532051,0.194770217586766,0.384003344269899
500,285,"alpha1",0.101376224104966,0.0962174133688282,0.0410368065163779,0.0380571959254194,0.0718220869753665,0.0962174133688282,0.124931497799909,0.194384617414782
500,285,"beta1",0.732332149412708,0.749338752670831,0.0941116657901866,0.478258156388582,0.690446779571603,0.749338752670831,0.797042928608733,0.866139491910606
500,286,"alpha0",0.423561356153995,0.427283347587451,0.188585098106508,0.0864824289567282,0.266826826556854,0.427283347587451,0.58431206773646,0.731301908007614
500,286,"alpha1",0.149925913201454,0.146722807445087,0.065891926390247,0.0348858555523911,0.100496939716252,0.146722807445087,0.19227210196482,0.29199471819347
500,286,"beta1",0.365542767602907,0.337955709801851,0.246213944935609,0.0122290148973371,0.14436441465029,0.337955709801851,0.564834156007505,0.828981630674385
500,287,"alpha0",0.171475664091117,0.161482689009068,0.055202224567193,0.0900908981532736,0.130402766921773,0.161482689009068,0.205829413176497,0.296176345292179
500,287,"alpha1",0.207986375905427,0.201109043943212,0.0584481781011146,0.1113872672646,0.167975972819907,0.201109043943212,0.239416673169782,0.343554755833519
500,287,"beta1",0.642012785494427,0.649886350595215,0.0827217187721408,0.458726164584654,0.590814390492036,0.649886350595215,0.700271248697076,0.78046144241926
500,288,"alpha0",0.170911351666005,0.157173281779566,0.0668579462765775,0.0768308974585203,0.121908325810611,0.157173281779566,0.207036087471093,0.332313168718553
500,288,"alpha1",0.160380312765019,0.157036389922434,0.0481237083414952,0.0758003843712849,0.1265187178161,0.157036389922434,0.191399654057887,0.266984922763717
500,288,"beta1",0.680893284991503,0.691688644812737,0.0903938051837625,0.483517743291103,0.626501582958762,0.691688644812737,0.744406343800622,0.831786800652968
500,289,"alpha0",0.212959465671979,0.201736052966126,0.0674906055586642,0.113935304203032,0.162312592009106,0.201736052966126,0.24954324557423,0.376184083860567
500,289,"alpha1",0.18784384615273,0.181707830083048,0.0618053999690929,0.0838381866947387,0.141390871279529,0.181707830083048,0.228593936257186,0.320948724193254
500,289,"beta1",0.623344671325494,0.628444631906562,0.0801743617136518,0.445946445535572,0.572350421190661,0.628444631906562,0.682201736889637,0.760726540684138
500,290,"alpha0",0.123775863280692,0.0915341897131225,0.106726440854065,0.0447237485150651,0.07278342197239,0.0915341897131225,0.118444105669052,0.501273476356742
500,290,"alpha1",0.106335797540946,0.10206909970562,0.0365493239509083,0.0495516694530865,0.0797045152540906,0.10206909970562,0.127063361234054,0.191004401476632
500,290,"beta1",0.744285479819361,0.784633663598126,0.147369702602168,0.230995903661045,0.73893012695765,0.784633663598126,0.821986328039536,0.873075541595567
500,291,"alpha0",0.0900991104648576,0.0773397774242315,0.0602147917636828,0.0413579912091466,0.0623023707968959,0.0773397774242315,0.0979163179257877,0.240510910640999
500,291,"alpha1",0.127970195797578,0.122225156567557,0.0422115147064341,0.0623488233009003,0.0978809062625596,0.122225156567557,0.151257398034738,0.232121179392266
500,291,"beta1",0.791070573469263,0.8039662910361,0.0796162907791484,0.567245881113971,0.771015724835858,0.8039662910361,0.83515555617078,0.879746707638016
500,292,"alpha0",0.426111171215384,0.430677357341046,0.127908145021913,0.158281411373342,0.335455249837428,0.430677357341046,0.524875553271291,0.655000053912832
500,292,"alpha1",0.113029234588388,0.108920416297934,0.0490983699686383,0.0275377408111527,0.0791421906933556,0.108920416297934,0.142841695790934,0.217298996234727
500,292,"beta1",0.337303179341968,0.325491044113553,0.171847331277265,0.0483873014665368,0.204407072908251,0.325491044113553,0.454259691311643,0.718622408410294
500,293,"alpha0",0.217581766660055,0.184880555871308,0.122323008418478,0.0752568731861532,0.124284025388681,0.184880555871308,0.281797969331653,0.543682038414197
500,293,"alpha1",0.0846185597161749,0.0767456089754401,0.0431813432641424,0.0232158456330512,0.0554179414141633,0.0767456089754401,0.105638989508854,0.195413632725925
500,293,"beta1",0.685428327637542,0.715905428548441,0.145907632868873,0.328166672526948,0.616071632885765,0.715905428548441,0.793462183206707,0.878727622703237
500,294,"alpha0",0.318301481852747,0.324763033276289,0.119839950832006,0.0965237026514568,0.227718467652251,0.324763033276289,0.396898196063712,0.558853153593678
500,294,"alpha1",0.124320398647118,0.118458163218995,0.049118989987269,0.0421097959671175,0.0900255913871441,0.118458163218995,0.15210663152304,0.236125807631414
500,294,"beta1",0.577170280062847,0.574460586962666,0.129642067968248,0.314380741405476,0.4892959761593,0.574460586962666,0.671226054951788,0.810228550291114
500,295,"alpha0",0.0737470113003998,0.0647718350825996,0.0423943022671458,0.0312294453650576,0.0536066774461822,0.0647718350825996,0.0833863128430243,0.204309091155865
500,295,"alpha1",0.136571298034324,0.132912211459559,0.037142633863395,0.0739890837004332,0.110575419445868,0.132912211459559,0.158359318273999,0.219825473842002
500,295,"beta1",0.811317724790175,0.819396465446388,0.0562105503276738,0.660091224017923,0.789914763554228,0.819396465446388,0.844319574067372,0.888330253401945
500,296,"alpha0",0.264991166573168,0.228699857924081,0.148315218431415,0.0912781008258969,0.158218239466235,0.228699857924081,0.316540225868244,0.650635110122629
500,296,"alpha1",0.156777871578437,0.146240457527005,0.059746345472856,0.0673184843178207,0.112911728876387,0.146240457527005,0.190068235044865,0.294106782874404
500,296,"beta1",0.550858935694829,0.595934136968197,0.199150695890542,0.0655195448812621,0.477972759444797,0.595934136968197,0.694533484449343,0.811370260489286
500,297,"alpha0",0.443969257212752,0.376446979855286,0.248406035903478,0.085026213226516,0.226472108920144,0.376446979855286,0.690135493113842,0.877713776431694
500,297,"alpha1",0.112369358596981,0.106877915697536,0.0591919355183393,0.0193852106387917,0.0699973495322558,0.106877915697536,0.147075535644154,0.255166872685847
500,297,"beta1",0.441947560063464,0.496216334779069,0.262616901244575,0.025445863020551,0.176677745887189,0.496216334779069,0.668140222998625,0.854746309150611
500,298,"alpha0",0.316740680056142,0.303663230919761,0.1066564243294,0.158932978618366,0.233563860987931,0.303663230919761,0.385969208114605,0.548284454340492
500,298,"alpha1",0.173100663679164,0.165703721990424,0.0605276591715921,0.0744360988802865,0.130082602892504,0.165703721990424,0.210343438742624,0.308065495378027
500,298,"beta1",0.532638664022152,0.543809990265129,0.126617921126217,0.278870941739414,0.449102458940025,0.543809990265129,0.636274712608885,0.732090236305991
500,299,"alpha0",0.41020343273332,0.420531856081074,0.102027424468364,0.181711247185867,0.343859395102719,0.420531856081074,0.484922925803403,0.5856116302993
500,299,"alpha1",0.204797683049198,0.198977947769904,0.0735354866792482,0.0735342610520211,0.149921698723346,0.198977947769904,0.254740582114432,0.355938940964008
500,299,"beta1",0.255385770625608,0.228321770234462,0.154857523401184,0.0313149959601342,0.141251652780041,0.228321770234462,0.340786281727679,0.630810753484961
500,300,"alpha0",0.187545601400487,0.162079381212006,0.0901127772101405,0.0717039296099519,0.127095770969153,0.162079381212006,0.227427869079061,0.424010812386625
500,300,"alpha1",0.165850800865906,0.158758808048686,0.0563402253525721,0.074194029569405,0.125299818920379,0.158758808048686,0.198235621538562,0.2971932990232
500,300,"beta1",0.664557690831041,0.687296371402497,0.115115963701415,0.374430223266622,0.603202474031222,0.687296371402497,0.745664334192721,0.834451945452568
500,301,"alpha0",0.207919084344037,0.196632710333232,0.0806290995031507,0.0956720102856794,0.146115643064463,0.196632710333232,0.25373045444463,0.404918635426376
500,301,"alpha1",0.149209138377401,0.143321359993746,0.0497519878961135,0.0654787389649339,0.113964943915204,0.143321359993746,0.179119157316095,0.260422827424856
500,301,"beta1",0.679967184289468,0.691768248483208,0.0901839055150825,0.47246357921755,0.628487354164116,0.691768248483208,0.744568336259931,0.820004474235105
500,302,"alpha0",0.188987779153631,0.175640860601464,0.0777182864913932,0.0848954724351657,0.13582812394559,0.175640860601464,0.219111234454557,0.411076418626568
500,302,"alpha1",0.143017461592001,0.138265476966159,0.0386327640638563,0.079906149323218,0.11467358323613,0.138265476966159,0.16732884520525,0.228584942721242
500,302,"beta1",0.703652513764936,0.714658885057079,0.0763811107049252,0.508418175563745,0.667586766162565,0.714658885057079,0.756135170790324,0.821120345741984
500,303,"alpha0",0.233440806773875,0.214919763173766,0.0947459325458542,0.0948606037720717,0.159518258226699,0.214919763173766,0.294873192360835,0.441192095922283
500,303,"alpha1",0.143803707642701,0.140556396555303,0.0475572837768566,0.0635015618824304,0.109095170328171,0.140556396555303,0.174408385005795,0.245651622504899
500,303,"beta1",0.605461046461368,0.621063379980108,0.125377050120035,0.337993884040031,0.519179419204723,0.621063379980108,0.701552679633123,0.803926514408479
500,304,"alpha0",0.0997913191926622,0.0808970901078416,0.0679435379906457,0.0343127986415953,0.0573066592992966,0.0808970901078416,0.117268463056487,0.318894121341696
500,304,"alpha1",0.0664297654260839,0.0620140689136978,0.0296382826822121,0.022761453709914,0.0460531032651117,0.0620140689136978,0.0817652163887691,0.132128826577823
500,304,"beta1",0.833221533117385,0.852951884311324,0.0869183726122996,0.568055108258277,0.806932987007399,0.852951884311324,0.887916875564755,0.925018283084388
500,305,"alpha0",0.209621523302985,0.172216633383208,0.130376612608885,0.058833032447326,0.102139681015351,0.172216633383208,0.289800594711279,0.504192608387294
500,305,"alpha1",0.0627816843385411,0.0587947511642064,0.0372526584753491,0.00649546965185279,0.0370056670840351,0.0587947511642064,0.0825814079440072,0.142896243456569
500,305,"beta1",0.689134508396583,0.731782942131717,0.164998648938128,0.311375515492667,0.5860479631835,0.731782942131717,0.824292402496035,0.902209013026423
500,306,"alpha0",0.127700052229513,0.101383044573828,0.0809056703202478,0.0418480329331259,0.0790555975127961,0.101383044573828,0.145924599838486,0.368022288433459
500,306,"alpha1",0.0991888799605555,0.0940111705315793,0.0410821801210194,0.0332114275360364,0.0702414884941646,0.0940111705315793,0.123166740094874,0.193709295023821
500,306,"beta1",0.752782411158069,0.781721685462374,0.111559995281381,0.433784843023329,0.719355792349956,0.781721685462374,0.822801662552994,0.890858657483951
500,307,"alpha0",0.290024629158389,0.215280981594061,0.208585419846933,0.0581821442407919,0.130639852560427,0.215280981594061,0.400926163090732,0.839364490831886
500,307,"alpha1",0.0650880693890308,0.0601976550325789,0.0361948166337496,0.00985687789821084,0.039177819987188,0.0601976550325789,0.0848636783194099,0.150995634730677
500,307,"beta1",0.631958740482783,0.70631516557247,0.223049401447583,0.063621596936762,0.510937539220639,0.70631516557247,0.80516513334827,0.890458086940911
500,308,"alpha0",0.123888628209701,0.113191445880613,0.0581057094079115,0.0569271584075504,0.0915702550885096,0.113191445880613,0.143700672928053,0.223061156242556
500,308,"alpha1",0.187912672163973,0.18495288393311,0.0439199140145655,0.111311955234132,0.157323113755957,0.18495288393311,0.215824706632291,0.28141920900232
500,308,"beta1",0.706353026592526,0.717167368591197,0.0740608896320148,0.5847344649103,0.676291835982957,0.717167368591197,0.749949866196107,0.802868302068107
500,309,"alpha0",0.403606605629096,0.379203130916424,0.194756863044651,0.115878303977283,0.253431098114462,0.379203130916424,0.528328681416052,0.851699912403226
500,309,"alpha1",0.120392950825897,0.112529558899222,0.0608154255155262,0.0292565600983447,0.0730138084209685,0.112529558899222,0.158496942983171,0.259298979806607
500,309,"beta1",0.535956985148303,0.542557077970967,0.189950385493557,0.127375323133387,0.405342171037283,0.542557077970967,0.692397809024806,0.831571040149189
500,310,"alpha0",0.148937430129507,0.140848226431866,0.0560288919758578,0.0743739204032568,0.11461498526657,0.140848226431866,0.169348412810717,0.313846186345573
500,310,"alpha1",0.193998277414577,0.189195828398952,0.0478164545989837,0.113882883985723,0.160586993893271,0.189195828398952,0.222246746423962,0.306292083953741
500,310,"beta1",0.67861990539386,0.686114056251737,0.0708213363765394,0.484789018657361,0.643885858747565,0.686114056251737,0.726370803002946,0.790139501997063
500,311,"alpha0",0.203235380186565,0.174068247593911,0.111794419871599,0.0700393572754843,0.121638895467278,0.174068247593911,0.245348369602174,0.500063656783042
500,311,"alpha1",0.153027247518187,0.145883241700501,0.0488953325196095,0.0767748706319116,0.117464768665446,0.145883241700501,0.181647458789018,0.265331009595646
500,311,"beta1",0.663738669897065,0.694358535980854,0.132797908095793,0.324634297227447,0.597257165778585,0.694358535980854,0.763566608752255,0.835521316983647
500,312,"alpha0",0.0619860925582359,0.0418525315523732,0.0588240323877823,0.0206473227664613,0.0324026790873257,0.0418525315523732,0.0657580541653046,0.201994224437361
500,312,"alpha1",0.0769462237230672,0.0697572151357489,0.0352792163898501,0.0293383076918417,0.0517594603127243,0.0697572151357489,0.0950368032988642,0.160858548609477
500,312,"beta1",0.854193122684946,0.88014102465583,0.0875538249124204,0.638712134066339,0.833725536331723,0.88014102465583,0.907106741045484,0.94041700108974
500,313,"alpha0",0.187850448752023,0.182438179430138,0.0746361172627321,0.067507415491177,0.129872197869893,0.182438179430138,0.240145442665293,0.343726448547537
500,313,"alpha1",0.0937004604966641,0.0896309790680299,0.043130664535348,0.0187389633272861,0.062426372866598,0.0896309790680299,0.119887556989981,0.189028366365405
500,313,"beta1",0.693602641690955,0.692816527802814,0.103774874640677,0.503743200876801,0.616855193657618,0.692816527802814,0.769999841098037,0.892373382817028
500,314,"alpha0",0.0972629700799343,0.059322570147535,0.100540605334539,0.031635825811909,0.0457834562567945,0.059322570147535,0.0810910541886537,0.400211100128776
500,314,"alpha1",0.065663519893668,0.0608466265321286,0.033236924128685,0.0145007578208354,0.044740948632335,0.0608466265321286,0.0811406029075754,0.146680730856321
500,314,"beta1",0.83158366518891,0.873560957059175,0.122733867129677,0.487001714281012,0.837931046271202,0.873560957059175,0.89883083764614,0.935002441496259
500,315,"alpha0",0.275287079143029,0.265576552530343,0.111688946190159,0.0983405293187034,0.191913216996165,0.265576552530343,0.34579965309575,0.521889376502668
500,315,"alpha1",0.16806110165255,0.162187907678573,0.0628250939008031,0.0608752928706014,0.122210923023197,0.162187907678573,0.209140945504743,0.302057595658465
500,315,"beta1",0.500496565304303,0.50523907826081,0.159036464409855,0.189795710351308,0.384044339844685,0.50523907826081,0.620595866493157,0.781610421057865
500,316,"alpha0",0.164488934089498,0.138111272605625,0.106758403251822,0.06233178920046,0.10226257572731,0.138111272605625,0.19322868315683,0.593609655004111
500,316,"alpha1",0.135337097881619,0.13276908614167,0.0429696658671403,0.0629999320642668,0.103614227374276,0.13276908614167,0.161991915735618,0.227428157884035
500,316,"beta1",0.733364612464062,0.751673862268569,0.107040661667811,0.355366573465392,0.694285328895017,0.751673862268569,0.798755413782878,0.870940946202071
500,317,"alpha0",0.356673420170078,0.314262228267558,0.203862013886429,0.0562271988392738,0.185954858603923,0.314262228267558,0.521142358466869,0.770675461618046
500,317,"alpha1",0.0516967165629599,0.0425826641622151,0.0391681889713153,0.00560777116809514,0.0234743398394621,0.0425826641622151,0.0701519196794941,0.147325098578303
500,317,"beta1",0.563870982095864,0.607781193631577,0.226072017829977,0.131814551046089,0.373588975844993,0.607781193631577,0.748409416509122,0.921725057295719
500,318,"alpha0",0.248920270097739,0.208418038310265,0.128939692277211,0.0847294699937072,0.152990571075414,0.208418038310265,0.320220945232842,0.563794456229618
500,318,"alpha1",0.135901013819646,0.129818620056926,0.0471483081559952,0.0615589068387066,0.101403026604041,0.129818620056926,0.16551794255204,0.241703209145561
500,318,"beta1",0.604730929532215,0.643567377164828,0.158034571020886,0.223666106016208,0.514711122211808,0.643567377164828,0.723967855451634,0.819738979298505
500,319,"alpha0",0.0919653279682891,0.0817298686425304,0.0550319261835153,0.0320237603263415,0.0576934226128102,0.0817298686425304,0.111430682704544,0.205649013506819
500,319,"alpha1",0.147185708370284,0.142889037917792,0.0438313431186392,0.0727253299815471,0.115379764355492,0.142889037917792,0.174225578256496,0.245814061409655
500,319,"beta1",0.775899153305257,0.788336763709996,0.0766177850545403,0.591267881052181,0.739702949425367,0.788336763709996,0.826856029310071,0.880978972025672
500,320,"alpha0",0.113704496455309,0.101715892802326,0.0617684813557082,0.0537362314153561,0.082425011050675,0.101715892802326,0.12748693724909,0.296766386468692
500,320,"alpha1",0.0920023110672698,0.0879084218960903,0.033459152412927,0.0402264900925574,0.0676074512057922,0.0879084218960903,0.111692617466451,0.166585478602612
500,320,"beta1",0.783147779300619,0.798446757654672,0.0825396033656324,0.538108065497495,0.760605263783194,0.798446757654672,0.830487269111843,0.873099281479666
500,321,"alpha0",0.0836950968844526,0.072495958207293,0.0552151484643686,0.0352926423704888,0.0574077003966216,0.072495958207293,0.0903802273543216,0.264142940883021
500,321,"alpha1",0.0886991454913985,0.086606807790981,0.0287871763010344,0.0420331527680241,0.0689967088145651,0.086606807790981,0.105445000611582,0.148488847488695
500,321,"beta1",0.840959036650979,0.85291269812749,0.0624508481989971,0.658745048282333,0.824752598442535,0.85291269812749,0.875196146275784,0.915916670467748
500,322,"alpha0",0.126222347766753,0.117952151953388,0.0569050619295445,0.05232220880679,0.0874134080700089,0.117952151953388,0.153277981922466,0.241468514628151
500,322,"alpha1",0.153974636354439,0.149668127119648,0.0441106784716986,0.0800762640507916,0.122459123603226,0.149668127119648,0.180703866388357,0.254238564115849
500,322,"beta1",0.740126167880561,0.748318628837471,0.076856885188215,0.572949984536223,0.700435032286136,0.748318628837471,0.791803264078552,0.856685225726529
500,323,"alpha0",0.176871311489228,0.129325920290127,0.130861675355628,0.0334262428053338,0.0685201190197307,0.129325920290127,0.260260154989839,0.487920058026005
500,323,"alpha1",0.114992418330207,0.103767132787653,0.0620710204675332,0.0254130679698714,0.0701382296541514,0.103767132787653,0.149339613550746,0.267225974286839
500,323,"beta1",0.663474918876988,0.728701488054561,0.209204313311691,0.164829114239454,0.517424633595117,0.728701488054561,0.840076364060054,0.92202585127529
500,324,"alpha0",0.1765103897607,0.125936689487482,0.129567186630647,0.0549664644201826,0.0888062532967731,0.125936689487482,0.221919382006111,0.56411827162783
500,324,"alpha1",0.128137593691633,0.11836817026206,0.0520642584903343,0.0556475288138591,0.0899163495157043,0.11836817026206,0.155219780408069,0.252292596793478
500,324,"beta1",0.73143173380513,0.780825781850535,0.143009447213488,0.32427369537246,0.672167847705572,0.780825781850535,0.833853760798617,0.88200161855554
500,325,"alpha0",0.203567605326229,0.188569158979831,0.0773785516599444,0.0999306741473516,0.150486100787459,0.188569158979831,0.240338220869986,0.38829787166059
500,325,"alpha1",0.167469710416712,0.159301332127679,0.0540413525391242,0.0838837150984965,0.128951271361834,0.159301332127679,0.198136755799807,0.297121938573053
500,325,"beta1",0.640694446155106,0.654988460810813,0.104372827502608,0.390506101974187,0.586010600259341,0.654988460810813,0.714148155746989,0.790716949499975
500,326,"alpha0",0.285597978181705,0.236495154983998,0.171617984665723,0.0771685414745978,0.150660255986806,0.236495154983998,0.388085137384781,0.680903530601864
500,326,"alpha1",0.11924641764769,0.115529440552687,0.0512418366841703,0.0309914288499407,0.0827538739532045,0.115529440552687,0.15279856924277,0.226804574584338
500,326,"beta1",0.57840903693173,0.631225244605758,0.195936267618536,0.160522512708343,0.44381317203547,0.631225244605758,0.730492691222158,0.841163359660802
500,327,"alpha0",0.16277699073733,0.153972290324337,0.0551363863818467,0.0856006520888375,0.123988475334534,0.153972290324337,0.189114380021513,0.302803390050824
500,327,"alpha1",0.223252459984794,0.21792156283855,0.0596251367986712,0.123703085102897,0.180318791090852,0.21792156283855,0.259553423767738,0.357407353598282
500,327,"beta1",0.653618851572522,0.663402892788905,0.0829164059428011,0.459982941418353,0.606920857661792,0.663402892788905,0.711448972057442,0.785847449418345
500,328,"alpha0",0.464527059305901,0.481375589015164,0.181672029115198,0.0940734004531786,0.36851785628314,0.481375589015164,0.594963433613139,0.770089235427862
500,328,"alpha1",0.175113779170674,0.169701867668842,0.0638443283213625,0.0600797610007081,0.132665046131047,0.169701867668842,0.211826915146165,0.321383145634549
500,328,"beta1",0.336584081726065,0.30337862044436,0.214425843488885,0.0269792908647202,0.175965914658135,0.30337862044436,0.444515921391866,0.816828485965065
500,329,"alpha0",0.201812824330917,0.188238718215689,0.0819094470511774,0.0932915618529525,0.142729092647853,0.188238718215689,0.234617823538865,0.42476611614819
500,329,"alpha1",0.152333601759866,0.147868333843912,0.048055445673831,0.0706791388568987,0.11793480157279,0.147868333843912,0.18359267293221,0.256566180364043
500,329,"beta1",0.672726389264965,0.68464637193642,0.0949138594358024,0.432014439244582,0.624954127475284,0.68464637193642,0.741715123910373,0.812271100952776
500,330,"alpha0",0.212225328512308,0.191933551563174,0.0924454579774258,0.0891469897192066,0.146163923229331,0.191933551563174,0.256479731251572,0.458257057767032
500,330,"alpha1",0.0932968282172663,0.0885737821998399,0.0363937615953158,0.0360244583148804,0.0673087173234874,0.0885737821998399,0.115579560001997,0.175214221874461
500,330,"beta1",0.698108321258872,0.71776594158269,0.100841218561337,0.423215441596551,0.645292414266502,0.71776594158269,0.76872764701118,0.844580496751899
500,331,"alpha0",0.259618907841888,0.243232312275663,0.112162694650936,0.0921267896646835,0.172885286396232,0.243232312275663,0.325925347759942,0.506448966392625
500,331,"alpha1",0.186327981220264,0.180872196730979,0.053042839463186,0.0961423044809053,0.14876985399968,0.180872196730979,0.219900827014516,0.30363647388856
500,331,"beta1",0.576870931428591,0.593029424552966,0.129651376376088,0.30376081249279,0.495206978690994,0.593029424552966,0.672860222936632,0.784518211969102
500,332,"alpha0",0.203445424256576,0.148492345289226,0.178229120040811,0.0354417512765938,0.0745607981435325,0.148492345289226,0.256375871430886,0.707707275349866
500,332,"alpha1",0.0496987262420603,0.0434422772116087,0.031161848515631,0.00817031380941436,0.0273024807581951,0.0434422772116087,0.0652493206904461,0.128108344569532
500,332,"beta1",0.727939670036401,0.785214260397254,0.20633427385298,0.146899491696203,0.656774982871556,0.785214260397254,0.881009215004484,0.939155590623724
500,333,"alpha0",0.204557580662034,0.172754120570788,0.114135221520057,0.0611296229225754,0.116009369331948,0.172754120570788,0.260885342207507,0.467902458367077
500,333,"alpha1",0.142738162840591,0.134784735269222,0.0500820994657627,0.063884393466406,0.107269677829509,0.134784735269222,0.172333019722695,0.257111347000865
500,333,"beta1",0.674262979725792,0.705566426710671,0.131246020559735,0.38468763780946,0.596625214117396,0.705566426710671,0.777795692708901,0.856303524079026
500,334,"alpha0",0.291140709207795,0.242647037696205,0.155210176951604,0.0874196884999242,0.170383321691831,0.242647037696205,0.415677411566588,0.622570195680382
500,334,"alpha1",0.116827339827616,0.113007406364063,0.0423697743948698,0.0465767623194444,0.0864823759259317,0.113007406364063,0.142013480226334,0.210970456063834
500,334,"beta1",0.598788107900666,0.643453702876524,0.165773592085085,0.257491551486501,0.466761222625794,0.643453702876524,0.722602634524501,0.835575973124976
500,335,"alpha0",0.122959784125129,0.114048278230525,0.0552975017942735,0.0521111422682838,0.087749672522746,0.114048278230525,0.144851636830577,0.24649061590219
500,335,"alpha1",0.122419882099752,0.118138059724784,0.0396113937007897,0.0614900973848173,0.0960582432072309,0.118138059724784,0.142736197135196,0.206368076610082
500,335,"beta1",0.768438303771976,0.778220489443855,0.0760235266473375,0.596170659690433,0.734924671521904,0.778220489443855,0.816799422638053,0.879391168995555
500,336,"alpha0",0.5291190545411,0.534711455991704,0.127157966841536,0.269342591866953,0.444655140154048,0.534711455991704,0.622688548173816,0.752012757507558
500,336,"alpha1",0.19444907141143,0.188367407136842,0.0664439831784064,0.0820550826020762,0.147051352786316,0.188367407136842,0.236856072675849,0.338125229085545
500,336,"beta1",0.2332850569949,0.209160845956792,0.154544275266812,0.016116191015354,0.109619169830142,0.209160845956792,0.331934491941112,0.583105916335124
500,337,"alpha0",0.321267940549824,0.26190246874746,0.185166195554085,0.0909737206362026,0.166725395955322,0.26190246874746,0.470172670024196,0.717942990106663
500,337,"alpha1",0.0927205077752033,0.0829527710481615,0.0517854650520112,0.0187387569016542,0.0556284874649706,0.0829527710481615,0.122203900976373,0.216465311296037
500,337,"beta1",0.527474986962483,0.594056477189743,0.239743643310089,0.0599606435585587,0.312577410147599,0.594056477189743,0.733925681912208,0.841675733765032
500,338,"alpha0",0.345849907005094,0.276590003674994,0.227975090777378,0.0667845519963854,0.142929613888521,0.276590003674994,0.564927411990845,0.755520324813221
500,338,"alpha1",0.096959493652428,0.0914827552881158,0.0516660958291244,0.0136809392517326,0.0595235773486329,0.0914827552881158,0.126710011220334,0.217303588999005
500,338,"beta1",0.493046388634111,0.583551182148166,0.294243895443566,0.00965454998880257,0.208799456562241,0.583551182148166,0.750416170456415,0.880172242525624
500,339,"alpha0",0.411865357516367,0.421131962405927,0.147644784304006,0.133246758426953,0.295066416366124,0.421131962405927,0.536627430717543,0.649115546451492
500,339,"alpha1",0.150345947892155,0.140489156102571,0.0683888266190118,0.0453428251230806,0.102156275445858,0.140489156102571,0.186469973512878,0.321605807832285
500,339,"beta1",0.311100760025604,0.271874151473485,0.217791658105277,0.00681356433986643,0.130045050809887,0.271874151473485,0.492785018421423,0.739227099413288
500,340,"alpha0",0.152514255497403,0.139950392067095,0.0695897221956333,0.0689534610776354,0.111515632175489,0.139950392067095,0.178466312143468,0.295778724430376
500,340,"alpha1",0.121073245539711,0.118512437486042,0.0356988155946375,0.0570385958619973,0.0968846730914428,0.118512437486042,0.143203766235289,0.194654930802911
500,340,"beta1",0.761362736725001,0.768734784505011,0.0716027889785352,0.604304228394934,0.730814264054417,0.768734784505011,0.803238279266248,0.86678072619172
500,341,"alpha0",0.210362723960715,0.185116860932014,0.110411974781133,0.077762839955731,0.128284699814825,0.185116860932014,0.255633231231435,0.511222093516629
500,341,"alpha1",0.0954557786771805,0.0900475183001071,0.0439083314756523,0.0268664570519897,0.0635419098102745,0.0900475183001071,0.121540072012313,0.195015615806541
500,341,"beta1",0.678239381928142,0.703846740236101,0.137615287532333,0.319125174459558,0.605919878111512,0.703846740236101,0.78338361479221,0.862230684680943
500,342,"alpha0",0.194723014995968,0.185729306675129,0.0718519074999757,0.0819626891956247,0.142777053074843,0.185729306675129,0.236861560614978,0.35074395100961
500,342,"alpha1",0.157350617981244,0.153153615651787,0.0461992690764821,0.0795827857892474,0.125209521321047,0.153153615651787,0.185399895063328,0.258263998543245
500,342,"beta1",0.7057518992328,0.713513542415527,0.075316754216584,0.541639131844084,0.659574014707099,0.713513542415527,0.754961078240724,0.838125598849448
500,343,"alpha0",0.235845160935456,0.203616606916642,0.128591170940961,0.0749519679115253,0.138768669079653,0.203616606916642,0.31426688621681,0.578642317256113
500,343,"alpha1",0.152019286256771,0.148088776562107,0.0600090720833522,0.0516836438101629,0.10889621576019,0.148088776562107,0.185883201921401,0.283886204105908
500,343,"beta1",0.572899029456407,0.59832312613029,0.175504982044636,0.14346929417409,0.46021654661491,0.59832312613029,0.709193476629906,0.835532206031143
500,344,"alpha0",0.0976690423184599,0.0866990706341224,0.0484857932472466,0.0343845815075881,0.0630746190366225,0.0866990706341224,0.121751867228799,0.201220559291258
500,344,"alpha1",0.0937514997784033,0.0905949646664909,0.0415166550620361,0.028071451728184,0.0642697212361544,0.0905949646664909,0.118735124745719,0.182389540410176
500,344,"beta1",0.80655332349638,0.81794830210818,0.0794707532258247,0.641186871030852,0.757379250247018,0.81794830210818,0.864211755948206,0.925192852270077
500,345,"alpha0",0.121751968674731,0.106912201270931,0.0658959226952141,0.0506340882186795,0.0824651487659162,0.106912201270931,0.139886719701955,0.304407662422047
500,345,"alpha1",0.115889385918792,0.111060211607457,0.0387816839768801,0.0527359657668549,0.0875558667152628,0.111060211607457,0.139930972031801,0.20662548568415
500,345,"beta1",0.763417939296175,0.778017635425094,0.0806295907808899,0.564792854438566,0.735415476965053,0.778017635425094,0.816088222091645,0.868607326975264
500,346,"alpha0",0.230454561435628,0.126888584631556,0.220612815167349,0.0580189908872652,0.0829992466843365,0.126888584631556,0.278551296301803,0.835345115759159
500,346,"alpha1",0.0359883657929356,0.0308600974908689,0.0272169912504619,0.00117649892895659,0.0156875078043383,0.0308600974908689,0.0505396469936878,0.102521177215474
500,346,"beta1",0.708451785761666,0.82157485000053,0.250398792816708,0.0303804095248992,0.650743250163882,0.82157485000053,0.875197045915983,0.921876139243144
500,347,"alpha0",0.429344452219282,0.42165558307845,0.217628418169031,0.0921361157949555,0.245312070272859,0.42165558307845,0.594331921633627,0.836658930027853
500,347,"alpha1",0.0793457945875718,0.0716102239817847,0.0461695946530225,0.0107403295584591,0.0446286279029782,0.0716102239817847,0.107008746246832,0.182594029818121
500,347,"beta1",0.512995880895339,0.511635202174368,0.224712348054138,0.118251442980105,0.335190953643261,0.511635202174368,0.705163453197801,0.873665950755025
500,348,"alpha0",0.19979365151536,0.186440268664285,0.0944101253440389,0.048353578343144,0.142668623475039,0.186440268664285,0.246164683614036,0.42194726176082
500,348,"alpha1",0.190418727125417,0.188345750575021,0.061719836800175,0.0843044819450565,0.146569605413162,0.188345750575021,0.228084296214862,0.323003842950081
500,348,"beta1",0.63636576303906,0.640253147016382,0.119373135322829,0.383170444572321,0.566310358882776,0.640253147016382,0.716225453251749,0.854449222920538
500,349,"alpha0",0.233591583547461,0.219398864973203,0.0954146709329816,0.082743176710194,0.162060358544474,0.219398864973203,0.29241261296246,0.453796220010819
500,349,"alpha1",0.158235480249786,0.149578590503179,0.0561810607078401,0.0682335006647941,0.118270066295471,0.149578590503179,0.193801352951823,0.284508891197355
500,349,"beta1",0.531944116045732,0.54564753080317,0.15232352348777,0.202420289654068,0.429780136515156,0.54564753080317,0.645122784353888,0.794268281949191
500,350,"alpha0",0.349526060032679,0.339314202295163,0.177800884912592,0.0824425842967606,0.197477901263726,0.339314202295163,0.477778833973691,0.703696450965856
500,350,"alpha1",0.13998712162928,0.135022446972695,0.0646608799954406,0.0340565583386979,0.0909489532101506,0.135022446972695,0.18085400169299,0.277572658985081
500,350,"beta1",0.43302111326298,0.408984456356416,0.234277952795433,0.0366268293368341,0.258084027831587,0.408984456356416,0.631201965067187,0.837521269216746
500,351,"alpha0",0.29046146705847,0.202350736427844,0.211193041325697,0.0656672566198554,0.123222558254559,0.202350736427844,0.452621530066801,0.748526677847618
500,351,"alpha1",0.121134192678254,0.114948039121229,0.0516416868894757,0.0398595062441035,0.0832054201671278,0.114948039121229,0.153946503930338,0.236265165465157
500,351,"beta1",0.5814296389499,0.671364926174092,0.246959741139711,0.0566578598375245,0.396063802980861,0.671364926174092,0.782107495209717,0.869619473295301
500,352,"alpha0",0.163662506141966,0.15300037950026,0.0716124430325886,0.068794779768245,0.114205521267158,0.15300037950026,0.192684276488333,0.340234023835648
500,352,"alpha1",0.14339068848735,0.140421665698238,0.0408248403833803,0.0731703681806264,0.11364990459109,0.140421665698238,0.168531999867086,0.231804308844926
500,352,"beta1",0.687278117270582,0.698191519436211,0.089555515325665,0.480037378533335,0.641680280956729,0.698191519436211,0.749392747136714,0.825136273889334
500,353,"alpha0",0.27068131108812,0.184652570458786,0.199712075777286,0.0721375204383769,0.125446667228256,0.184652570458786,0.350433443289946,0.767258584062033
500,353,"alpha1",0.113137015653549,0.105574918437165,0.0539717833381934,0.027687025995772,0.0741137191273684,0.105574918437165,0.145554933731923,0.236094578059131
500,353,"beta1",0.605146086470246,0.704034182126596,0.239234903075778,0.0353545722415843,0.478545125555523,0.704034182126596,0.783842410273975,0.869212833686441
500,354,"alpha0",0.189301933369732,0.184645124705348,0.0909636069736368,0.0513645579391099,0.118791258358209,0.184645124705348,0.235286721900612,0.400730150966959
500,354,"alpha1",0.120248950843979,0.115921155977809,0.0402695913271034,0.0559828776564134,0.0908715791564144,0.115921155977809,0.14364219031502,0.211287488049446
500,354,"beta1",0.715156694635334,0.718500913754123,0.0985807501674403,0.49658077149697,0.658228889839977,0.718500913754123,0.787191745820215,0.879357438544487
500,355,"alpha0",0.30388348665785,0.263595018247976,0.201857945382185,0.0565920316228965,0.131738914008078,0.263595018247976,0.431958695475728,0.745599940963046
500,355,"alpha1",0.16679655755815,0.159458098704328,0.0775801201589376,0.0441686254920559,0.110068010177709,0.159458098704328,0.212427350810047,0.346258762377965
500,355,"beta1",0.546885053572737,0.585743618883243,0.240879270123414,0.0304730383847164,0.375504918744948,0.585743618883243,0.741924613887779,0.892990058082104
500,356,"alpha0",0.127320685612055,0.108901972176949,0.0630072856228235,0.0571548451557918,0.0846590195368307,0.108901972176949,0.154624433184666,0.307636168299868
500,356,"alpha1",0.145808043658024,0.141244603783201,0.0452044109614889,0.0696133634510777,0.112719779011928,0.141244603783201,0.174024569404366,0.245349092363803
500,356,"beta1",0.728115044779423,0.74680132369961,0.0899667894704312,0.500171620266467,0.679129110478572,0.74680132369961,0.79469020248361,0.847887436596539
500,357,"alpha0",0.183625922917611,0.151059227489692,0.114712150854039,0.0445545037557641,0.100607094579578,0.151059227489692,0.230905776443277,0.468899276007977
500,357,"alpha1",0.15136423130751,0.143110540905098,0.0556611395763497,0.0653340670920419,0.111736164820257,0.143110540905098,0.18201005296013,0.286773517831289
500,357,"beta1",0.663623900909257,0.698830515173877,0.150782689330629,0.291083550883404,0.594083618013345,0.698830515173877,0.778746045782437,0.858763394413745
500,358,"alpha0",0.16776172056726,0.140797458912654,0.0895097241589516,0.0705313453012599,0.107974061010347,0.140797458912654,0.19502749888754,0.418789251402795
500,358,"alpha1",0.153966934335412,0.144934714282108,0.0528627999449647,0.0764733806823779,0.11657754610578,0.144934714282108,0.182101326600616,0.290649125282224
500,358,"beta1",0.693715494934008,0.725897748951872,0.115810755033355,0.361666579499885,0.652887382539575,0.725897748951872,0.772350779972587,0.834970102235159
500,359,"alpha0",0.177102063439721,0.136532340788782,0.138089447684671,0.0543057835263618,0.0876067198789581,0.136532340788782,0.195862707408718,0.611762893068598
500,359,"alpha1",0.0688075760603301,0.0645249710450457,0.0342004020711715,0.0157560220232691,0.0447685087314287,0.0645249710450457,0.087557500381793,0.151125551410754
500,359,"beta1",0.745021670206963,0.788740940444368,0.154154719808544,0.288937579498621,0.716471499155078,0.788740940444368,0.847446479180423,0.900226641751708
500,360,"alpha0",0.242132965013128,0.217414567290496,0.13060024670827,0.0619892471921391,0.136076038328009,0.217414567290496,0.331190359635182,0.540567628520277
500,360,"alpha1",0.0835190968256119,0.0777907507478706,0.0437395786519372,0.015450911957797,0.0526975564185389,0.0777907507478706,0.107189520312836,0.183085867106649
500,360,"beta1",0.640225700933063,0.665570648325045,0.164476890537214,0.285508795602509,0.517650791662376,0.665570648325045,0.773557828025175,0.883753295698622
500,361,"alpha0",0.0992781440186438,0.075739691081122,0.0896373934432349,0.033445834910065,0.0548468649204314,0.075739691081122,0.109364731896382,0.359374303716852
500,361,"alpha1",0.0593954749418412,0.0545792002025253,0.0302075746473979,0.0185333905550408,0.0399338293650133,0.0545792002025253,0.0736421125864911,0.12192724035482
500,361,"beta1",0.837864053315711,0.863331344127769,0.107538817562475,0.533737294201361,0.821053356116678,0.863331344127769,0.892595624965013,0.927442968073095
500,362,"alpha0",0.054843031612184,0.0414003589447518,0.0580433899006424,0.0166419132505854,0.029236295585549,0.0414003589447518,0.0583020766017996,0.23365395240781
500,362,"alpha1",0.0804244624794945,0.0720539217018263,0.0445183406980683,0.0163493585956877,0.0486166020851089,0.0720539217018263,0.104823472109632,0.18917473644298
500,362,"beta1",0.862780911903854,0.882855959322779,0.089968394024892,0.60902121537392,0.839152889879066,0.882855959322779,0.914967890631259,0.9613186888505
500,363,"alpha0",0.33740093538992,0.289876351319001,0.155383767586681,0.135262067069743,0.225019619968937,0.289876351319001,0.433559126444723,0.714696217060554
500,363,"alpha1",0.148886520792436,0.139915015297546,0.0587026172260385,0.0615335409676682,0.107989410700812,0.139915015297546,0.178368473243206,0.30016438663947
500,363,"beta1",0.536850271742141,0.573284682117716,0.152938446995338,0.185125728145102,0.438145416133277,0.573284682117716,0.652673679012388,0.757353519154828
500,364,"alpha0",0.328531138248374,0.295713990316499,0.130959322456718,0.154926987799737,0.228165295523379,0.295713990316499,0.397885370585962,0.639331082526909
500,364,"alpha1",0.151519321800699,0.147115511490356,0.0479990363353534,0.0745593262124631,0.118034034073417,0.147115511490356,0.177672584987091,0.267635138753826
500,364,"beta1",0.504953316926742,0.536204834392815,0.154164463855247,0.142302994349573,0.422312205960571,0.536204834392815,0.619544114651628,0.728330110331744
500,365,"alpha0",0.12969337381951,0.117629783116163,0.0627076563452039,0.0431686126986316,0.091759860053482,0.117629783116163,0.153710111305405,0.316430354180619
500,365,"alpha1",0.11106392889768,0.107318803373349,0.0419144777081979,0.0444930605299949,0.0820727717062522,0.107318803373349,0.133683380484586,0.208330140431502
500,365,"beta1",0.753011715868679,0.763061546552174,0.0886177992746196,0.5169499052272,0.710223846118221,0.763061546552174,0.810191732909595,0.891869824469011
500,366,"alpha0",0.086751034774995,0.0772796497862318,0.0508956988156536,0.0318540837715055,0.0593467435814521,0.0772796497862318,0.100297431512104,0.239446501133052
500,366,"alpha1",0.214377660855831,0.209103314679608,0.0609008343819468,0.105958675082258,0.171857331854719,0.209103314679608,0.251865029461812,0.342665383566009
500,366,"beta1",0.722487230828656,0.728382179622849,0.0823568392274533,0.519598957042385,0.680645147271369,0.728382179622849,0.776719071487863,0.856979594778127
500,367,"alpha0",0.176555614861387,0.130291198791119,0.14442227931893,0.0627646228485386,0.0989302656509751,0.130291198791119,0.181963091526511,0.687538904008699
500,367,"alpha1",0.122555049007574,0.119271810285545,0.0420460441850151,0.0500346915049795,0.0924606959976771,0.119271810285545,0.149338780099494,0.212121182630152
500,367,"beta1",0.681669334521638,0.72843073360616,0.16775097466347,0.127513786034327,0.661452724994404,0.72843073360616,0.778170506789481,0.847616635655228
500,368,"alpha0",0.20964543909214,0.190724714327641,0.0994536445535315,0.0743684346634133,0.140880889405379,0.190724714327641,0.259016767599564,0.445701006758272
500,368,"alpha1",0.162034926744867,0.159702765492157,0.0455693912951891,0.077657688762594,0.129539501996598,0.159702765492157,0.190874925004762,0.261838872205418
500,368,"beta1",0.657410959189367,0.669915123174067,0.10928188884413,0.421893294607613,0.590200515827891,0.669915123174067,0.733069145640825,0.842215050628855
500,369,"alpha0",0.169283648495384,0.132330195338417,0.113938744272326,0.0540509890571442,0.100036567760734,0.132330195338417,0.1874673993805,0.504095846661611
500,369,"alpha1",0.103418065980331,0.0949100433195652,0.0492144416212713,0.0359374420319968,0.0695752852707531,0.0949100433195652,0.124748683721367,0.235075676857518
500,369,"beta1",0.773598926381224,0.807847261077922,0.115281444405898,0.449775343456553,0.744054178807801,0.807847261077922,0.848406766877299,0.900918407131028
500,370,"alpha0",0.0887074585663108,0.0723317009617233,0.0593515327646906,0.0387428780706626,0.0582334426948224,0.0723317009617233,0.096736111023293,0.293519943124065
500,370,"alpha1",0.126937650292997,0.121163615106828,0.0396736852082285,0.0650192866904952,0.0998381423079113,0.121163615106828,0.146716917707732,0.225922954999618
500,370,"beta1",0.798473760096313,0.813211344613604,0.0737749685503165,0.574915294417014,0.77708497224628,0.813211344613604,0.840549059544541,0.883269817800622
500,371,"alpha0",0.24744779043081,0.223930949776544,0.117609872080235,0.0803957473931987,0.151551712681394,0.223930949776544,0.331759062966731,0.50005758909773
500,371,"alpha1",0.20154081120246,0.193360494643502,0.0650711118069087,0.0966148217578705,0.152359325521922,0.193360494643502,0.243073455827223,0.350956686588834
500,371,"beta1",0.52884081535474,0.548183810892839,0.16334464693309,0.210687201893675,0.405706995326469,0.548183810892839,0.656763646774471,0.789611368739036
500,372,"alpha0",0.1761227410788,0.162763891562859,0.0759291406851405,0.0839407334213919,0.132768066346763,0.162763891562859,0.201320215479507,0.379539815507388
500,372,"alpha1",0.160954042979779,0.158682625065318,0.0430132188078654,0.0850487236399412,0.129456146727119,0.158682625065318,0.190017984196744,0.249788684207094
500,372,"beta1",0.692074345093031,0.700700987150045,0.0766812832475277,0.503321461865263,0.658574198975392,0.700700987150045,0.740498900349257,0.808869344301072
500,373,"alpha0",0.231310806636054,0.207385200982298,0.113592160467673,0.0973205388854576,0.155688321237115,0.207385200982298,0.264202472930796,0.546574384042463
500,373,"alpha1",0.121183778953409,0.117183967607456,0.046729689451418,0.0461304265562845,0.0861931156059248,0.117183967607456,0.148756538633616,0.223295718742968
500,373,"beta1",0.600152351887376,0.625687993795073,0.140422462101391,0.228476474763383,0.544621979391194,0.625687993795073,0.697626859203008,0.78715587667373
500,374,"alpha0",0.105764699497405,0.07992420578508,0.0887591260339515,0.0404380388593984,0.0606684062459864,0.07992420578508,0.119413364095144,0.443028419181415
500,374,"alpha1",0.134501850147483,0.129892414449029,0.0398296486840911,0.0702968189617192,0.105511013094137,0.129892414449029,0.159059700308127,0.22162944710428
500,374,"beta1",0.791726838712375,0.811450308902763,0.0882787570648868,0.494586693826876,0.767813377469652,0.811450308902763,0.844491930739128,0.886766460788398
500,375,"alpha0",0.199677915036511,0.188233455444085,0.0858294496401025,0.0857368692341322,0.139493260901708,0.188233455444085,0.240624783970118,0.385809819429344
500,375,"alpha1",0.178964772469913,0.173563113789755,0.0521308513250315,0.0892282910091047,0.144344254906184,0.173563113789755,0.210027735289515,0.29843093759963
500,375,"beta1",0.663133138709608,0.673198462600483,0.0993069177866548,0.432979670794863,0.611195457508312,0.673198462600483,0.733434527230538,0.811283334412841
500,376,"alpha0",0.311596426666796,0.312655474254727,0.171532542040961,0.0672720472760272,0.150139024883067,0.312655474254727,0.444544327123071,0.646729498226888
500,376,"alpha1",0.0412881296186318,0.0339071776460878,0.0351588326069611,0.0016662284742876,0.0171217358548572,0.0339071776460878,0.0568586665070215,0.119038215330299
500,376,"beta1",0.547540491269275,0.546936683506867,0.231580865448707,0.0808514256898935,0.370526755526549,0.546936683506867,0.769873580470895,0.878512768183583
500,377,"alpha0",0.0876218696297227,0.0605776030945508,0.102237637301501,0.0257907498683442,0.047375424017703,0.0605776030945508,0.0786518003771128,0.494428461300926
500,377,"alpha1",0.0945996881121104,0.0901673303126827,0.0314801764831426,0.0456418635588078,0.0730343783648021,0.0901673303126827,0.111857030506537,0.171939311435636
500,377,"beta1",0.843324539562711,0.865549706487984,0.0936139173192843,0.483848855916423,0.838752015256553,0.865549706487984,0.887881370695716,0.922199595804264
500,378,"alpha0",0.505567502835121,0.494024076836492,0.286430869505847,0.0696332847736269,0.251336645732637,0.494024076836492,0.750357104493902,1.02293129056007
500,378,"alpha1",0.0619969482598538,0.0526868874393587,0.0418710301030967,0.00598628490983078,0.0305960664714891,0.0526868874393587,0.085751674563382,0.16064845980018
500,378,"beta1",0.475281075300646,0.480436669559723,0.276640591272771,0.0113254073222901,0.235000996680825,0.480436669559723,0.732285293358879,0.884948744658624
500,379,"alpha0",0.196736000533522,0.109752309758884,0.200944112216826,0.043062501196189,0.073535204309037,0.109752309758884,0.215540553258538,0.749240339585614
500,379,"alpha1",0.084565755235406,0.0782259287275586,0.040679580238718,0.0254221235643331,0.0565515148349771,0.0782259287275586,0.10381122529487,0.1847951645519
500,379,"beta1",0.761195037134264,0.837747649693838,0.179627229029705,0.299456061146007,0.722809877861951,0.837747649693838,0.876281567467135,0.926224065949015
500,380,"alpha0",0.378851412054108,0.374477497898566,0.190767882371109,0.0832972479376323,0.231696990144414,0.374477497898566,0.514857010531231,0.74928185945692
500,380,"alpha1",0.0738462109096798,0.0614256878532765,0.0544315739858227,0.00442970857035073,0.0307111293060902,0.0614256878532765,0.106983875809198,0.207856014782714
500,380,"beta1",0.493176977375086,0.494941201934012,0.238096292685321,0.045776785837275,0.311094159902395,0.494941201934012,0.681755939908332,0.866859769617379
500,381,"alpha0",0.143749200500319,0.12076983346744,0.0886236188408597,0.0425516969245247,0.0784204497434577,0.12076983346744,0.182282654122897,0.412355979587005
500,381,"alpha1",0.116750264103863,0.112302121082865,0.0482710186523169,0.0397147853898472,0.0806303085703415,0.112302121082865,0.146666778245523,0.222945476856146
500,381,"beta1",0.720998771258151,0.741880333172739,0.123788888565117,0.398038703435442,0.651718367910139,0.741880333172739,0.811107811158296,0.902991869251585
500,382,"alpha0",0.476468427094236,0.466135545077095,0.171487507962035,0.203711140260252,0.328518327948304,0.466135545077095,0.624169658468321,0.775490123045067
500,382,"alpha1",0.0908885121429907,0.0845418709219424,0.0485582436237428,0.0161873033544583,0.053402726433307,0.0845418709219424,0.122688455940978,0.195200743752389
500,382,"beta1",0.349965738687889,0.355319972340828,0.206848539649425,0.0247309528990653,0.169319473026234,0.355319972340828,0.528637374203165,0.697349861698077
500,383,"alpha0",0.26157066700484,0.230346931973595,0.141460633305228,0.0731573311005882,0.14780108245055,0.230346931973595,0.354268614447445,0.617961652438643
500,383,"alpha1",0.142965371749677,0.137802342791623,0.0570807047920548,0.0473592998233535,0.102104518545775,0.137802342791623,0.178496541081327,0.270733090930944
500,383,"beta1",0.535700918451681,0.563437205818699,0.190897474403838,0.090488413696477,0.393369710657752,0.563437205818699,0.683649283624062,0.841440742153418
500,384,"alpha0",0.117700813112647,0.0722623191899566,0.132955932044999,0.0335847922139347,0.0549119223821494,0.0722623191899566,0.103146923202192,0.610136526429065
500,384,"alpha1",0.135272854433665,0.125569787235075,0.0501530396595322,0.0674849025122383,0.101959861096175,0.125569787235075,0.156357960862079,0.268030440575703
500,384,"beta1",0.771373927144621,0.816298645902672,0.14721145809751,0.247717077345855,0.771125423538274,0.816298645902672,0.847876717903391,0.891106366423274
500,385,"alpha0",0.263583929042946,0.19723215343195,0.192326551696404,0.063186500212048,0.114487298511881,0.19723215343195,0.366221963155155,0.759180083248712
500,385,"alpha1",0.0818845711676185,0.0775980879761235,0.04226169054571,0.0118893631270611,0.0539356447040596,0.0775980879761235,0.10459534370105,0.177321679747851
500,385,"beta1",0.6256515609732,0.695566071907206,0.216106586989701,0.073689652346814,0.499844985018426,0.695566071907206,0.794083783560867,0.874323897500435
500,386,"alpha0",0.177690573985059,0.117504406080468,0.142749096571495,0.042329057220538,0.0742725959669926,0.117504406080468,0.238951429672196,0.573354523170393
500,386,"alpha1",0.104763378391515,0.0996547104942364,0.0478594599065344,0.0318716738137878,0.0707116535789415,0.0996547104942364,0.130651071084239,0.216996262264527
500,386,"beta1",0.72042620286503,0.784933630338918,0.168003559731352,0.273325759648515,0.646290550540818,0.784933630338918,0.835821811721262,0.908734351633588
500,387,"alpha0",0.085229388041106,0.0759244540007316,0.0477007663956552,0.0324054702527102,0.0584631050206608,0.0759244540007316,0.101462685969395,0.162601255827544
500,387,"alpha1",0.127700010147433,0.124180656034661,0.0406693406357298,0.0592655852992909,0.0984046432880929,0.124180656034661,0.152599295788343,0.21633176855629
500,387,"beta1",0.782086664564434,0.791398370188132,0.0729332849081364,0.644998736869095,0.751782573955998,0.791398370188132,0.825501040808534,0.884213877502571
500,388,"alpha0",0.112776456179822,0.09209354872449,0.0791089074554729,0.0302838479496814,0.0698593596516222,0.09209354872449,0.129026404416004,0.366912697705379
500,388,"alpha1",0.129982957660608,0.12586338830313,0.0412213413309614,0.0633035859756403,0.102095763288243,0.12586338830313,0.150736311981383,0.229947231053909
500,388,"beta1",0.769695557691222,0.789948608952342,0.0956450894803236,0.475289774541606,0.745216411808899,0.789948608952342,0.825397831654756,0.88189586112924
500,389,"alpha0",0.117112448965266,0.104069997893641,0.0614286319887872,0.0387970260652499,0.0789861126018952,0.104069997893641,0.140557575587108,0.279679100225538
500,389,"alpha1",0.179188225625048,0.178572644127424,0.0497130012033956,0.0858904152205746,0.144798917004254,0.178572644127424,0.211407728217847,0.281558265339058
500,389,"beta1",0.719825294611485,0.730102355094575,0.0838431171747999,0.499631911265521,0.674220837746161,0.730102355094575,0.776102239080777,0.853349572889698
500,390,"alpha0",0.20223367990283,0.174085985006781,0.0981713874310989,0.0864061859080639,0.135421509986855,0.174085985006781,0.24176670973194,0.483127032608199
500,390,"alpha1",0.106962980175098,0.0990471050640101,0.0530042250655277,0.0232871235609268,0.0683174762376238,0.0990471050640101,0.136191560313895,0.23414433465076
500,390,"beta1",0.682910055203126,0.704155725397952,0.110130559324794,0.390625908349149,0.635216178351876,0.704155725397952,0.761330125904903,0.840248440357919
500,391,"alpha0",0.247754720879165,0.226593266606959,0.158279072014273,0.0559831364416505,0.0998778718583142,0.226593266606959,0.366960531258479,0.615063386955525
500,391,"alpha1",0.1918861244943,0.178589604071488,0.0867126112556311,0.0727150712678141,0.119791353435802,0.178589604071488,0.247677842665411,0.393083341206464
500,391,"beta1",0.575292639643887,0.597983685623316,0.214172434518041,0.157397137663591,0.400708248071608,0.597983685623316,0.778636366693288,0.858889309570206
500,392,"alpha0",0.15341501131357,0.133695302203063,0.0721824521737735,0.0609233504758143,0.100670670344353,0.133695302203063,0.194185691551496,0.326943567949717
500,392,"alpha1",0.102792072417203,0.0972053207586014,0.0413775368962127,0.0399849996942455,0.0730424114574173,0.0972053207586014,0.124703752370242,0.204453403945818
500,392,"beta1",0.734891045797346,0.755804014610919,0.102943859076756,0.484886666321837,0.680271658823022,0.755804014610919,0.811027134830052,0.872442516604836
500,393,"alpha0",0.23110201497442,0.200612227476319,0.124225169029475,0.0648599018222315,0.136882798771374,0.200612227476319,0.297924235392932,0.545800589712759
500,393,"alpha1",0.134421945010712,0.128649162846099,0.0494548490555868,0.0532534474759606,0.0989208038358359,0.128649162846099,0.163186162860738,0.245156804620954
500,393,"beta1",0.65024099938873,0.676154895261793,0.138146817732625,0.323493792844828,0.570479156326072,0.676154895261793,0.75588453636065,0.8499355497593
500,394,"alpha0",0.254032273249329,0.214089790403485,0.148368569310109,0.0665492089835506,0.149661887429113,0.214089790403485,0.314770805899754,0.672418108307171
500,394,"alpha1",0.168229094782211,0.160143308739799,0.0657758077931236,0.0649581360518999,0.119256204323709,0.160143308739799,0.207164977286796,0.319566688553085
500,394,"beta1",0.573152215561352,0.609642902396689,0.184534296621646,0.111368520471262,0.467565579486119,0.609642902396689,0.715280908948427,0.833287880606283
500,395,"alpha0",0.251339705324831,0.181666285226849,0.169499191563699,0.071920191124631,0.111611228369957,0.181666285226849,0.381631392724736,0.650349777883924
500,395,"alpha1",0.104002246783684,0.0977424628975219,0.0458980233373957,0.0356111366784343,0.0713595046268936,0.0977424628975219,0.127835196127563,0.212996968882991
500,395,"beta1",0.628454277830731,0.70165996767503,0.201998236926157,0.175594253072933,0.460397173565055,0.70165996767503,0.794030542472532,0.869023767332256
500,396,"alpha0",0.124654531394217,0.0503077562727309,0.165948031995152,0.018318386639448,0.0371003036568993,0.0503077562727309,0.0977337964881511,0.612663044648957
500,396,"alpha1",0.0667513811528586,0.0587527907013218,0.0396020002014322,0.0128579108271676,0.0407955075848665,0.0587527907013218,0.0822556866449572,0.174593380847794
500,396,"beta1",0.794501713536636,0.883882961439003,0.204125608587998,0.223611519697364,0.816707475985124,0.883882961439003,0.908365643223779,0.942046188056182
500,397,"alpha0",0.206101019610805,0.195121987581495,0.0920033139400263,0.0845003421412732,0.153559194615718,0.195121987581495,0.24029362221079,0.447812788976857
500,397,"alpha1",0.15960409977967,0.156949885273588,0.0494210766083233,0.0726689042206155,0.12363434672731,0.156949885273588,0.190687845582337,0.267665166750779
500,397,"beta1",0.654393791443802,0.659370270151379,0.0921070504940014,0.490341792611858,0.612013794649012,0.659370270151379,0.711738496675547,0.796870397503729
500,398,"alpha0",0.257366948721226,0.184144265053789,0.191511023788292,0.0420802881715023,0.116637442657004,0.184144265053789,0.384051128101476,0.731765176428382
500,398,"alpha1",0.0585868709867433,0.0509170961580391,0.0427902675659853,0.00331144424930591,0.0281860869026759,0.0509170961580391,0.0784611103211801,0.164331367381224
500,398,"beta1",0.6792047179027,0.75815258916107,0.211392873317794,0.177710475915821,0.527127522510324,0.75815258916107,0.833177870437204,0.935799127739887
500,399,"alpha0",0.150615746966763,0.0649389191508578,0.199700673011107,0.0268234065413294,0.0475012622026742,0.0649389191508578,0.110896954155036,0.725470997723817
500,399,"alpha1",0.10986876640625,0.0921189320908945,0.0689840985056775,0.0353883602407543,0.0666742097992067,0.0921189320908945,0.126628282130237,0.32333241298893
500,399,"beta1",0.748426482239893,0.849630935781641,0.245506234159645,0.0600766556942988,0.780027507704934,0.849630935781641,0.881428785838699,0.921658425985465
500,400,"alpha0",0.149394969484939,0.139973586410412,0.0682279044223576,0.0537442659980286,0.0933879632897558,0.139973586410412,0.19382547746286,0.30516340225921
500,400,"alpha1",0.154253513516197,0.148958783736742,0.050497736252181,0.0675631113331132,0.117140988111609,0.148958783736742,0.186582830892859,0.265310151445997
500,400,"beta1",0.68723044305402,0.694171910029872,0.100102757602093,0.48186779384383,0.617735241588814,0.694171910029872,0.766782920667327,0.85126997575869
500,401,"alpha0",0.18778301517098,0.156753862938033,0.10604679068692,0.0804125038206481,0.121069646847601,0.156753862938033,0.215957015749582,0.522500409305931
500,401,"alpha1",0.123287726047646,0.118488435714317,0.0495702751069156,0.0467108343739015,0.0888794213480351,0.118488435714317,0.150763082310148,0.228027731815062
500,401,"beta1",0.700175448885621,0.73027556020801,0.117223575218617,0.339079816836727,0.667691660820745,0.73027556020801,0.775501951850225,0.843070791505837
500,402,"alpha0",0.147447961922341,0.135362768810033,0.0679157557615206,0.0515128740895392,0.0991412334557442,0.135362768810033,0.180827692527136,0.317512825778477
500,402,"alpha1",0.134338606717329,0.129121035705525,0.0389776035716745,0.0691287956389825,0.106566773457422,0.129121035705525,0.157311423777154,0.218960238880479
500,402,"beta1",0.733068597875327,0.745514013102752,0.0818814072605207,0.529874836977392,0.68986364289179,0.745514013102752,0.789964072319992,0.857953767251193
500,403,"alpha0",0.15002997632183,0.127509932493431,0.0787149270711634,0.0516366855401113,0.0865420271285827,0.127509932493431,0.200412381617948,0.337010665681937
500,403,"alpha1",0.113615550694594,0.10583891456516,0.0482064715489195,0.0437064428677748,0.080205522136989,0.10583891456516,0.136715669286402,0.233420784666697
500,403,"beta1",0.742717464138228,0.763930294503622,0.105733275124341,0.510202409301733,0.674004659292216,0.763930294503622,0.825095358691388,0.893919965006816
500,404,"alpha0",0.336703663985951,0.309190225610205,0.221816985586442,0.0743580650679324,0.121888425755768,0.309190225610205,0.493091111794935,0.816820223276892
500,404,"alpha1",0.0600400579191792,0.0542831050407395,0.0363683602564618,0.00922417369811269,0.032793897281065,0.0542831050407395,0.0798148182202027,0.144440196075077
500,404,"beta1",0.591109280758465,0.613107939622672,0.240727889443366,0.0955705130753216,0.413201896441723,0.613107939622672,0.831595875874042,0.893383544686784
500,405,"alpha0",0.165031934023071,0.147059081824851,0.0726780309194509,0.0747633800008694,0.115533241178801,0.147059081824851,0.198247272837621,0.353899415432458
500,405,"alpha1",0.111876874289238,0.108835105094613,0.0339674703917651,0.0516042286454048,0.0880496765415092,0.108835105094613,0.133656066200657,0.182719272714003
500,405,"beta1",0.724792736131161,0.740432136709141,0.0848894818030626,0.510643251458532,0.683895687696279,0.740432136709141,0.78486324540853,0.836905245233553
500,406,"alpha0",0.122215708899569,0.10667348642723,0.0643494349553589,0.0427126491044827,0.0815253257059639,0.10667348642723,0.140191259382846,0.306142205498577
500,406,"alpha1",0.122514131291583,0.115576782004665,0.0416792882055833,0.0583267162473047,0.0934844495825516,0.115576782004665,0.145884732054957,0.220390552220617
500,406,"beta1",0.759307156827996,0.775688195231624,0.0845601577093447,0.541395592322074,0.724053193883256,0.775688195231624,0.81828774930001,0.872635921848172
500,407,"alpha0",0.0868477722994842,0.0635223583782741,0.0779147657899024,0.0260598583057394,0.0441045941104646,0.0635223583782741,0.0955273861086682,0.348582489490133
500,407,"alpha1",0.109630730357064,0.106462467842589,0.0368069381656553,0.0508531533791126,0.082947669369367,0.106462467842589,0.132164344617003,0.190777515781764
500,407,"beta1",0.7699944735388,0.806999591541822,0.128841512322221,0.319252974121823,0.743981368132552,0.806999591541822,0.8447116265132,0.891933210402747
500,408,"alpha0",0.144580253555165,0.112086909320452,0.104730572366301,0.0560892149812062,0.0893727090927794,0.112086909320452,0.153509761250403,0.498214994486795
500,408,"alpha1",0.117639211132205,0.11463657599302,0.035317928490566,0.0613399325982397,0.0925705457910308,0.11463657599302,0.137870249365143,0.197802174305555
500,408,"beta1",0.773100421713931,0.800263368389166,0.101503052694043,0.434397377814203,0.759736654333084,0.800263368389166,0.829251967270979,0.871596176624346
500,409,"alpha0",0.0861252725562992,0.0533737411992411,0.111871099708424,0.0243427181068174,0.0397334764913172,0.0533737411992411,0.0737219534650643,0.51439242250956
500,409,"alpha1",0.0829077857380723,0.0778448282749789,0.0356595653556914,0.0271442172145741,0.0586034515021099,0.0778448282749789,0.100758353890549,0.167632942842749
500,409,"beta1",0.833051960428237,0.86984547090244,0.130036056822833,0.340365498675388,0.832529854617283,0.86984547090244,0.896385268970417,0.930439100143476
500,410,"alpha0",0.285385450707698,0.276318214831576,0.0938828153525366,0.138348165060196,0.214279352446218,0.276318214831576,0.340382379152631,0.496825941664841
500,410,"alpha1",0.240150788835204,0.237112993352822,0.0610588439318887,0.131817872240812,0.198801165212478,0.237112993352822,0.277972977314764,0.370630414600158
500,410,"beta1",0.445252574631965,0.445817652459196,0.123159095557025,0.195000505039442,0.362118004454643,0.445817652459196,0.536547072980406,0.67029072295065
500,411,"alpha0",0.174333658331381,0.16202952465294,0.0802353557451836,0.0699989592278482,0.116557465049091,0.16202952465294,0.208643961504975,0.391577389341464
500,411,"alpha1",0.103691787766061,0.0994017739065024,0.0400898646898567,0.0387517594008389,0.0765637481880041,0.0994017739065024,0.126661390422986,0.19697508081811
500,411,"beta1",0.703726911971277,0.721794777116884,0.10679626858886,0.404863031547086,0.652713655856517,0.721794777116884,0.779665408163357,0.846960521380014
500,412,"alpha0",0.286990977293894,0.265237662251567,0.111678571805662,0.121287051276416,0.206041087143756,0.265237662251567,0.352462693128699,0.554727170607468
500,412,"alpha1",0.0990618312770793,0.0934724746899125,0.0460941169451313,0.024891914833367,0.0652797938278322,0.0934724746899125,0.127424390046378,0.201449872177679
500,412,"beta1",0.559386597673222,0.58246286660231,0.146418235003472,0.226551210142583,0.456493519314992,0.58246286660231,0.671672667119065,0.794828653402974
500,413,"alpha0",0.247903450358842,0.189192346799089,0.170995288620651,0.0707379936415135,0.119268181155252,0.189192346799089,0.330785962081492,0.707008829817975
500,413,"alpha1",0.0917655259246345,0.0783989525393527,0.0530942240006449,0.0201802400011752,0.055275245300854,0.0783989525393527,0.116702628572203,0.232168868999434
500,413,"beta1",0.681475872230453,0.741753956210216,0.191634045713201,0.174726258823282,0.592562711883398,0.741753956210216,0.824795167443061,0.894479917883407
500,414,"alpha0",0.375202142806686,0.330009224147141,0.200586739612955,0.112168471164256,0.199083944019452,0.330009224147141,0.528495549595835,0.786275557737601
500,414,"alpha1",0.0971343716326864,0.089689977566835,0.0503246443865396,0.0163749955630179,0.0632885015704614,0.089689977566835,0.123719453765144,0.219334319026936
500,414,"beta1",0.543049975795024,0.573642164470522,0.20002196002271,0.167896243080436,0.38504471270836,0.573642164470522,0.716627388481593,0.834066690715426
500,415,"alpha0",0.442184576176467,0.438543224611412,0.229928214656914,0.10589713971742,0.225236783351804,0.438543224611412,0.612252800797314,0.861078249690756
500,415,"alpha1",0.0887547247483393,0.0824936020156995,0.0497647367180178,0.0145670881974996,0.0513290528454321,0.0824936020156995,0.119947094784541,0.200186984865642
500,415,"beta1",0.43307511743672,0.417117267706427,0.250492153232541,0.0250213113701084,0.237011701905808,0.417117267706427,0.664729754325964,0.846025091364161
500,416,"alpha0",0.0927228022383654,0.0768229436612966,0.0648908944917365,0.0298162772009568,0.0540281162556629,0.0768229436612966,0.110350299925859,0.233221204087199
500,416,"alpha1",0.123640249361511,0.121123709481476,0.0417445054074878,0.0495380321213299,0.0951156761214091,0.121123709481476,0.148429457449865,0.216209357957832
500,416,"beta1",0.783743102954814,0.802630825553413,0.0877623082632627,0.574607919829333,0.74818520665472,0.802630825553413,0.839714102610568,0.899349284448108
500,417,"alpha0",0.204361394657255,0.178866868410878,0.106605804329992,0.0616700903131359,0.129817361566977,0.178866868410878,0.252647399887066,0.475133784249251
500,417,"alpha1",0.117381198419594,0.113451483488484,0.0435918895376602,0.0471855725852712,0.0862241789419107,0.113451483488484,0.143162557255937,0.218769777724522
500,417,"beta1",0.660690480566592,0.686719074022314,0.133945524519265,0.325745521082468,0.588504080080096,0.686719074022314,0.756166731816651,0.85536137552732
500,418,"alpha0",0.164486548210248,0.112561262437039,0.147079295411164,0.055926648457118,0.0796624290542229,0.112561262437039,0.179832573326042,0.638514146115926
500,418,"alpha1",0.0680481237155161,0.0607587946953266,0.0415909341986556,0.0102393682809249,0.0397840718169083,0.0607587946953266,0.0870279437281638,0.172483599360216
500,418,"beta1",0.762435289503822,0.816833210346086,0.17106612527109,0.231364573047352,0.73979193556613,0.816833210346086,0.864254774739511,0.917289487035588
500,419,"alpha0",0.113384470317945,0.101744538910792,0.0619056017180371,0.0401234343169071,0.0753345404389129,0.101744538910792,0.134823157900846,0.330175829313116
500,419,"alpha1",0.120741590230275,0.116010991563708,0.0398363110564948,0.0569298089908419,0.0927320381314945,0.116010991563708,0.144060872602116,0.20919275493137
500,419,"beta1",0.759299421909051,0.773239206767498,0.086721140814546,0.49519991505112,0.721924485709904,0.773239206767498,0.81630915533822,0.876227157294285
500,420,"alpha0",0.085035527320011,0.0745384752655857,0.0480261187762351,0.0396564720470262,0.0579267495609994,0.0745384752655857,0.0955549520922398,0.199034297807669
500,420,"alpha1",0.109474594402105,0.106469574449762,0.0339130996395648,0.0542377702313068,0.0861625423766069,0.106469574449762,0.128561002257504,0.185100771771895
500,420,"beta1",0.797015690209887,0.811514693716357,0.073315920944906,0.619741588606456,0.771833495657671,0.811514693716357,0.841251203362502,0.887510486197282
500,421,"alpha0",0.130489467758745,0.115186555250642,0.0848980915026159,0.0307177410741042,0.0709332680417145,0.115186555250642,0.166715454125787,0.296385635016788
500,421,"alpha1",0.141157899981238,0.135713857051085,0.0511605826640393,0.0550754347904026,0.10612972034823,0.135713857051085,0.169557793219389,0.260241049748422
500,421,"beta1",0.723484578407546,0.741499886330701,0.115471908693087,0.468416705225818,0.662426820547851,0.741499886330701,0.805650300327951,0.887723013833179
500,422,"alpha0",0.170121161492803,0.135453235522587,0.115446421615161,0.0442372881094151,0.101900039750741,0.135453235522587,0.188207291643166,0.510966421382763
500,422,"alpha1",0.128281580094883,0.122949649470207,0.0428140664986876,0.0605595170764332,0.0979198993029815,0.122949649470207,0.151468112195805,0.227600935651107
500,422,"beta1",0.722417438409422,0.755148891304559,0.122181859247733,0.347115287311238,0.694147652152887,0.755148891304559,0.798613482508733,0.868847497593233
500,423,"alpha0",0.171910065888729,0.130889064248712,0.134832901224285,0.0517987723607383,0.0848350258367757,0.130889064248712,0.200688701964959,0.611217805907646
500,423,"alpha1",0.0496947026947314,0.0462190036627554,0.0299753177579646,0.00612686420868231,0.0281222898956214,0.0462190036627554,0.0659110040149331,0.117639344355397
500,423,"beta1",0.778872827838062,0.814028340349754,0.139157815485416,0.341238472184383,0.740088368681327,0.814028340349754,0.871294527026481,0.920553716935495
500,424,"alpha0",0.274987930888896,0.238196403987465,0.215831518819623,0.0329741225509925,0.074737276229236,0.238196403987465,0.408119247531796,0.76968951000546
500,424,"alpha1",0.127179760434048,0.120045661802571,0.0595846036543242,0.0354889171818988,0.0811830107002137,0.120045661802571,0.165436797237173,0.259454223558372
500,424,"beta1",0.652152430887912,0.67689599942142,0.213492614832929,0.186542995992218,0.522281129726807,0.67689599942142,0.847488940428447,0.926218476138092
500,425,"alpha0",0.411498117435995,0.391029171824485,0.170252338305754,0.160792265397431,0.267427427186054,0.391029171824485,0.527700194899389,0.766807956112946
500,425,"alpha1",0.139275530681333,0.134755122449788,0.0607943550684406,0.0308814919319244,0.0961742594728415,0.134755122449788,0.178443826838687,0.268325511315901
500,425,"beta1",0.457657657126577,0.477638658591195,0.1914213066872,0.0791347710882784,0.313140923245475,0.477638658591195,0.6067609677035,0.766009369748985
500,426,"alpha0",0.144474010742129,0.115526192570047,0.107192426704061,0.0219059610512821,0.0573546242326268,0.115526192570047,0.207799787560927,0.415289701421827
500,426,"alpha1",0.153848978931812,0.145642886243591,0.0620623955771415,0.0578194995558066,0.104703003034064,0.145642886243591,0.196914021700109,0.2894927708092
500,426,"beta1",0.668720187505913,0.712348563946595,0.17972096035417,0.254152836674385,0.549139434394401,0.712348563946595,0.819394146418883,0.900531210378359
500,427,"alpha0",0.112499775799938,0.074647891719887,0.132641521015294,0.0332624704320127,0.0527301724123649,0.074647891719887,0.101581462592537,0.616904387275642
500,427,"alpha1",0.118243318281365,0.109962455870872,0.0456850060856386,0.0495678166634506,0.0861762319842991,0.109962455870872,0.143975073395884,0.224922809735992
500,427,"beta1",0.771611495524649,0.813623343677752,0.157087037899103,0.198154011590378,0.764910306399997,0.813623343677752,0.851031185756484,0.90700384021643
500,428,"alpha0",0.349401216246304,0.357659939536151,0.156586378383431,0.0795128907681932,0.233553743053261,0.357659939536151,0.477413588679713,0.613849090043888
500,428,"alpha1",0.0953167856487925,0.0872327852281579,0.0514187461008344,0.0143037890943279,0.0583776841589312,0.0872327852281579,0.124230996115768,0.220207911523353
500,428,"beta1",0.449657975596887,0.432320487284078,0.217504690104743,0.101171767356668,0.265551766502611,0.432320487284078,0.612034890850406,0.843908796923224
500,429,"alpha0",0.41400779366472,0.412566537257824,0.163724853862314,0.135228534115528,0.27917424745227,0.412566537257824,0.533356782487938,0.735319976658803
500,429,"alpha1",0.0686699324698494,0.0625788195422871,0.0412287821019068,0.00653746316010448,0.0371907550168762,0.0625788195422871,0.0936118601716184,0.162683199209902
500,429,"beta1",0.459237417690933,0.447833806777869,0.188378851542783,0.114116995303004,0.315098702786911,0.447833806777869,0.607347494174123,0.79296386030024
500,430,"alpha0",0.129712059808021,0.0747134857603336,0.16168222543443,0.0366137054227958,0.0578550417513058,0.0747134857603336,0.112017349516478,0.708835239943111
500,430,"alpha1",0.0883804968456774,0.084436059615034,0.0353187009792198,0.0294334962952299,0.0638940548637246,0.084436059615034,0.110562106775767,0.166200302880152
500,430,"beta1",0.78385385446493,0.836429297498873,0.169333383174009,0.197973035372376,0.788345697817024,0.836429297498873,0.868293655481806,0.913612212817919
500,431,"alpha0",0.0967448767360683,0.0783135901225159,0.0609716118536857,0.0385052369151083,0.060676436902999,0.0783135901225159,0.114797939835996,0.239434046687069
500,431,"alpha1",0.141024143952315,0.135379499652835,0.0414486330682414,0.0757519813011529,0.111355878549828,0.135379499652835,0.16567011996111,0.237713821859887
500,431,"beta1",0.789973877814452,0.804695699292946,0.0723626037394103,0.618693472736534,0.755730269705181,0.804695699292946,0.839234315894549,0.881350001138344
500,432,"alpha0",0.0697516985496213,0.0606750248980556,0.0510531565615809,0.0263205010788829,0.0463883351886349,0.0606750248980556,0.0783294484889189,0.13299625076171
500,432,"alpha1",0.107874177446242,0.103748354728417,0.0325412814712631,0.0584103706128234,0.0845652981109765,0.103748354728417,0.126009359068695,0.182619397008291
500,432,"beta1",0.840153296755535,0.849327746114441,0.0609103490268829,0.738559968910434,0.82169704278029,0.849327746114441,0.872823653580406,0.908539190516426
500,433,"alpha0",0.269403410436936,0.2617542891037,0.106846903561461,0.112975902307672,0.179455247404713,0.2617542891037,0.331130008264264,0.517885386168054
500,433,"alpha1",0.0896500091269663,0.0870246534213281,0.0356367614264554,0.0282911859876391,0.0636867573123025,0.0870246534213281,0.112206030397642,0.164480572165065
500,433,"beta1",0.647933974038419,0.654889159936076,0.109834414510311,0.405180744621397,0.575883735831024,0.654889159936076,0.733018040465567,0.825897270987935
500,434,"alpha0",0.254839347601569,0.234537762490331,0.116154500729856,0.0955752667707254,0.16746479520438,0.234537762490331,0.313870360879743,0.56348389084013
500,434,"alpha1",0.167434561569389,0.160076276690443,0.0566217099978403,0.0778799943069678,0.128068897351599,0.160076276690443,0.199243722620044,0.306765742638754
500,434,"beta1",0.568885303989623,0.586541923100215,0.141886319133315,0.243226389924574,0.479805141266784,0.586541923100215,0.684151122725024,0.784232619941784
500,435,"alpha0",0.164335753825285,0.151222388087908,0.0620291196207905,0.0760956827649062,0.118892955470685,0.151222388087908,0.205297297723652,0.303902337505898
500,435,"alpha1",0.134886816758326,0.132400569309992,0.0410385697416748,0.0604877616508923,0.105406059237831,0.132400569309992,0.16205794857793,0.219829826050888
500,435,"beta1",0.623137310213114,0.636264859647814,0.100619317062071,0.406912013707172,0.554619110944122,0.636264859647814,0.70004133863669,0.78154869197848
500,436,"alpha0",0.266177307907123,0.275856571399293,0.106972557123062,0.0473617824631594,0.202175193388766,0.275856571399293,0.335209412118045,0.471104600387758
500,436,"alpha1",0.23244393501057,0.227638130952128,0.0788959670064315,0.0876067343428236,0.176390587784064,0.227638130952128,0.285492290364383,0.393532455371131
500,436,"beta1",0.488183563958969,0.466221578698015,0.165439613844204,0.191934166509007,0.379583944723216,0.466221578698015,0.580815850476328,0.848566664390986
500,437,"alpha0",0.103482755990616,0.0875656876873955,0.0668976584657796,0.0398561400598274,0.0677224642151988,0.0875656876873955,0.114607991658641,0.365080715657226
500,437,"alpha1",0.0918970465167092,0.0855950217341667,0.0385260344685842,0.0391056000915231,0.0658505186011709,0.0855950217341667,0.109913710523667,0.179262392317166
500,437,"beta1",0.78149338130042,0.80561930509551,0.103540847743431,0.412529332484381,0.758298345841391,0.80561930509551,0.838614557988034,0.89448401289153
500,438,"alpha0",0.0967601251554201,0.087279595143233,0.0497322195249541,0.0261354889214318,0.0641120041990646,0.087279595143233,0.121908222547191,0.216261993409545
500,438,"alpha1",0.179962148694919,0.173704208160852,0.0544547140445925,0.0885236378643835,0.142820784494043,0.173704208160852,0.212112246086152,0.301442129817334
500,438,"beta1",0.732933849287071,0.739072329609565,0.080437617969402,0.542656769979317,0.687614723131817,0.739072329609565,0.788673653774906,0.865804072770773
500,439,"alpha0",0.296976429633467,0.256614410764524,0.166870713972909,0.0807843186449094,0.178247522147813,0.256614410764524,0.371065315484685,0.731614867797375
500,439,"alpha1",0.0882027783416107,0.0795906944691289,0.045924630880564,0.0210481322670962,0.0569597185147522,0.0795906944691289,0.109632008426539,0.2062357514715
500,439,"beta1",0.601181546896036,0.637882159166988,0.180645182730198,0.158656731723139,0.509872279850555,0.637882159166988,0.735886507458646,0.854360953225916
500,440,"alpha0",0.255080705637936,0.229061259897219,0.107108300076527,0.10230512933806,0.171847427507078,0.229061259897219,0.325730413808446,0.50178999335464
500,440,"alpha1",0.149487813921368,0.144073915966036,0.051446220470063,0.0627247667262289,0.113397165463172,0.144073915966036,0.179426980483686,0.270967711030775
500,440,"beta1",0.636997526551913,0.65046179891729,0.109582087910969,0.389706278115676,0.568076478881477,0.65046179891729,0.718558266675831,0.813541656143078
500,441,"alpha0",0.230312052278548,0.170670376017053,0.142691904984413,0.0663576673466416,0.121762457349017,0.170670376017053,0.33811032204054,0.577501315820575
500,441,"alpha1",0.154334332501121,0.14550446959035,0.0554588485982667,0.0695054846647375,0.114732738175881,0.14550446959035,0.185797427146348,0.284386945873475
500,441,"beta1",0.634224230116571,0.696791190884074,0.1642754457962,0.276599915135218,0.494182460411727,0.696791190884074,0.761839105805683,0.842929979924265
500,442,"alpha0",0.141790503720546,0.114806151503927,0.09447764698218,0.0425990041087032,0.0794080968682301,0.114806151503927,0.171320525851455,0.430349645335977
500,442,"alpha1",0.0894741580924996,0.0814185962337827,0.0470099564762251,0.0208111852234954,0.0548698147150865,0.0814185962337827,0.116438788391445,0.201203873100216
500,442,"beta1",0.742614194579309,0.775985376780486,0.140805994972836,0.307245348935858,0.694416649424406,0.775985376780486,0.836902343024746,0.905341378983761
500,443,"alpha0",0.254974455069377,0.235309290183821,0.117165249783605,0.0835860473583093,0.161298449031905,0.235309290183821,0.331869149386225,0.512494912791227
500,443,"alpha1",0.125366293774919,0.119226107834792,0.0482257042617425,0.0476789493237887,0.0933324306490975,0.119226107834792,0.151724307981529,0.239381279214568
500,443,"beta1",0.599126923467115,0.623514818701068,0.145874472068724,0.295172708309208,0.501914820316839,0.623514818701068,0.716211927133549,0.814250168588384
500,444,"alpha0",0.25997649031189,0.229053328836429,0.105597435579633,0.107714475336566,0.176108781749624,0.229053328836429,0.34522484692202,0.477998496565347
500,444,"alpha1",0.200792706871892,0.191430040724183,0.0706577664484746,0.0844919807835719,0.150095586707843,0.191430040724183,0.242527294659744,0.354772191091117
500,444,"beta1",0.523736260197165,0.561651473463625,0.151906758627727,0.248829273625234,0.38665505706601,0.561651473463625,0.64576940006155,0.758334008949874
500,445,"alpha0",0.19402500748404,0.187639944529835,0.0740815996200274,0.0764744826286336,0.136412554680532,0.187639944529835,0.241993105575521,0.352560233365566
500,445,"alpha1",0.218255415093847,0.212295027946438,0.0566965229833519,0.125332018121252,0.176084121466286,0.212295027946438,0.255794029444199,0.338742245888655
500,445,"beta1",0.630007388877416,0.635226954361051,0.093566292149996,0.436790627266215,0.563835000566807,0.635226954361051,0.701806829116937,0.787106717466429
500,446,"alpha0",0.132728007170014,0.0859218073088154,0.127570129850957,0.0386905609612127,0.0607438533237363,0.0859218073088154,0.132699021553886,0.524556845380766
500,446,"alpha1",0.0904448198184812,0.0835962687628746,0.0443839158404111,0.0236089444909672,0.0564922734075328,0.0835962687628746,0.117184739579031,0.191502024355709
500,446,"beta1",0.753897006512067,0.813752104781394,0.174451423949652,0.231107016705592,0.721484613404576,0.813752104781394,0.862591121530429,0.9149090315613
500,447,"alpha0",0.242226630345933,0.167978698724193,0.193972215399492,0.0575060537090741,0.100156195027441,0.167978698724193,0.328622731459336,0.791072802448908
500,447,"alpha1",0.120052666057149,0.111389048459788,0.0536599112068851,0.038485038946667,0.0790287321293633,0.111389048459788,0.156099674830302,0.240506694115267
500,447,"beta1",0.670315648433566,0.740020576943398,0.206645844324498,0.108323080063211,0.556911199635799,0.740020576943398,0.828289142710561,0.899749735102401
500,448,"alpha0",0.112322146686671,0.0740468245277,0.106441650595816,0.0194841826120457,0.0383394538705762,0.0740468245277,0.143667342341469,0.43656233148468
500,448,"alpha1",0.0887795216238219,0.0792815522866339,0.0498289419442918,0.0192913398632483,0.0547109213675244,0.0792815522866339,0.112609384602887,0.208324574263525
500,448,"beta1",0.798640501477174,0.838707885381532,0.14098434225439,0.381861655456127,0.734137970201492,0.838707885381532,0.899782774878845,0.953053377979487
500,449,"alpha0",0.277100693174058,0.242145141468073,0.132592658483415,0.111235291573975,0.171906812512558,0.242145141468073,0.360677138857851,0.590689736756654
500,449,"alpha1",0.0453356093105759,0.0372182545920371,0.035043735430214,0.00252116195756619,0.021010387241244,0.0372182545920371,0.0604951423832273,0.133903304725707
500,449,"beta1",0.689697321045904,0.717439135888373,0.136244564108405,0.363364119164831,0.60976527366237,0.717439135888373,0.795031238536168,0.873425992120936
500,450,"alpha0",0.43079933597698,0.442599826464932,0.200115852126854,0.107097801082468,0.259912723604475,0.442599826464932,0.595373533255706,0.780581220793639
500,450,"alpha1",0.140117840143084,0.131700653708146,0.0641076327680756,0.0433864614307815,0.0935015087511758,0.131700653708146,0.175539764948751,0.286747986185686
500,450,"beta1",0.418477510251916,0.394613405032499,0.226899525746137,0.0310119713573527,0.24155160117847,0.394613405032499,0.591399340511591,0.814109216631374
500,451,"alpha0",0.243912484836849,0.17879327969347,0.170551735337253,0.0535822952718988,0.122791330100851,0.17879327969347,0.31467565402382,0.681424105468999
500,451,"alpha1",0.122469311563508,0.115295020844347,0.0574186669137576,0.0348992630567638,0.0801882063303532,0.115295020844347,0.15519797176319,0.261705718935681
500,451,"beta1",0.627774837622098,0.691444691727263,0.208887300543967,0.121051291233663,0.518853339716413,0.691444691727263,0.780032581079904,0.895235119023685
500,452,"alpha0",0.199319203930456,0.178634450699538,0.0968375084288463,0.0819203386221779,0.136811025557308,0.178634450699538,0.236068132178901,0.455438704981808
500,452,"alpha1",0.0916461908867768,0.0867882459396148,0.0406120830545922,0.0294082740537919,0.0620448858736539,0.0867882459396148,0.115961650557121,0.181926889612363
500,452,"beta1",0.696474598878694,0.714566808361185,0.109879108943846,0.444140384254223,0.649994892278342,0.714566808361185,0.770122369625107,0.847892123189879
500,453,"alpha0",0.15581875165599,0.143680228879802,0.0927542934099112,0.0366391082611021,0.0775977563089836,0.143680228879802,0.218065701311536,0.38448319861478
500,453,"alpha1",0.120233849998853,0.115661115989257,0.0502783734045354,0.0424838411773098,0.0844728950318908,0.115661115989257,0.147989506863619,0.241865658517988
500,453,"beta1",0.711367676784489,0.72509419212633,0.133541135710493,0.403015303763653,0.623366328550538,0.72509419212633,0.819777871297904,0.90880892390376
500,454,"alpha0",0.309049124012684,0.265449796578891,0.155022161116236,0.120745596310144,0.194193660967946,0.265449796578891,0.390577275527875,0.731517439298282
500,454,"alpha1",0.0774968037432443,0.0717733859157694,0.0431176011508132,0.011784312801766,0.0457419442550168,0.0717733859157694,0.101627071567713,0.179548178078624
500,454,"beta1",0.635782268866652,0.675128961385006,0.15278858444039,0.235115378758373,0.567059757076485,0.675128961385006,0.744130343394782,0.835477834501427
500,455,"alpha0",0.29992498962359,0.236389119032424,0.203873047808985,0.0605377886592707,0.129630720536487,0.236389119032424,0.44112062165179,0.762547964649389
500,455,"alpha1",0.10886913158279,0.0997017002291306,0.0561093545283138,0.0234884786130952,0.0686623841633656,0.0997017002291306,0.139637107213719,0.241194676422495
500,455,"beta1",0.607061566524164,0.664074320424686,0.22100160631834,0.15029677254627,0.438471087413877,0.664074320424686,0.794463261373593,0.886105817915475
500,456,"alpha0",0.131201341170473,0.106453570502383,0.0796715355336618,0.0480448363040633,0.0837256974919783,0.106453570502383,0.149440503597115,0.374896495378092
500,456,"alpha1",0.119681324815336,0.117100763840833,0.0381277139569371,0.0539938059691424,0.0918332736949923,0.117100763840833,0.144886617811837,0.202217455058139
500,456,"beta1",0.772927751692823,0.789033712221384,0.078691272855461,0.560164609601804,0.745468493020485,0.789033712221384,0.822751833418113,0.881216898320327
500,457,"alpha0",0.211587769107149,0.197657448147926,0.0967442127776377,0.0769437733320533,0.12961025795839,0.197657448147926,0.280131092881217,0.429587152499338
500,457,"alpha1",0.208259780637324,0.200616222089175,0.0708360328360696,0.0926969947266464,0.15471397107183,0.200616222089175,0.256226111051659,0.358407495525616
500,457,"beta1",0.612525714213629,0.62380596806035,0.135060059498677,0.328622430202312,0.511979246614104,0.62380596806035,0.721485061749536,0.823765507172221
500,458,"alpha0",0.185797070633255,0.170882720550945,0.0916665466891983,0.0501293353842191,0.121545718571136,0.170882720550945,0.239492892686526,0.395466757344761
500,458,"alpha1",0.108128213071029,0.104351955734948,0.0418873258027597,0.0383758556050057,0.0780905261901661,0.104351955734948,0.133326134615938,0.201140460826653
500,458,"beta1",0.687250996448263,0.7080253299117,0.12270306526771,0.40351795370239,0.613649172902566,0.7080253299117,0.770309183748114,0.887478009364006
500,459,"alpha0",0.175526898215707,0.142573941900552,0.11155725894363,0.0655484395741554,0.101563692657413,0.142573941900552,0.214175867044344,0.54072990673939
500,459,"alpha1",0.107208128696459,0.0996881846360179,0.0459420971933344,0.0426504490530889,0.0755042993123161,0.0996881846360179,0.129391797860467,0.224106748143195
500,459,"beta1",0.724845481615805,0.760527025953356,0.136162800955587,0.293456146357929,0.674554843512814,0.760527025953356,0.816276501137123,0.881534338792797
500,460,"alpha0",0.345545562406114,0.331009788473415,0.159153431240438,0.0909753518459622,0.219854924946492,0.331009788473415,0.451200523812222,0.744524087164451
500,460,"alpha1",0.146432863880223,0.14112794628528,0.0604985026989208,0.0464641309165569,0.101356395582747,0.14112794628528,0.184179960526027,0.27551377355834
500,460,"beta1",0.514225003587962,0.517216491864141,0.182762435259934,0.0993637128639838,0.382135337504473,0.517216491864141,0.653457824483317,0.835257801518904
500,461,"alpha0",0.137446459199065,0.127155138583862,0.0546104076815422,0.0628693594038494,0.103574935012431,0.127155138583862,0.160413575043985,0.268848447291058
500,461,"alpha1",0.184563175868516,0.179756958915931,0.053436040446229,0.0973310105432963,0.145126383771926,0.179756958915931,0.21697263219609,0.307841250592247
500,461,"beta1",0.686328397400247,0.695492523690313,0.0788801711693769,0.510907352400783,0.641820289405642,0.695492523690313,0.743498736222254,0.805985350063406
500,462,"alpha0",0.0992817373647283,0.0879755790773426,0.058047591099276,0.0359092612008713,0.0626529064665571,0.0879755790773426,0.120470730074283,0.221191035768666
500,462,"alpha1",0.135167340162307,0.130995664288277,0.0422813593366861,0.0662425237381846,0.104918351081722,0.130995664288277,0.159743432758286,0.230193788532146
500,462,"beta1",0.779546007803514,0.789038137162391,0.079754390849291,0.620536596407247,0.742241489651457,0.789038137162391,0.831413074329837,0.892730378004135
500,463,"alpha0",0.245148384213412,0.176884950837114,0.157378669399572,0.0791067475675154,0.127105036460038,0.176884950837114,0.330647607005654,0.629589660390849
500,463,"alpha1",0.11126276009693,0.107793710601727,0.0421392355606079,0.0369305621324434,0.0823213663731009,0.107793710601727,0.136405521461344,0.204943304244857
500,463,"beta1",0.615783344623362,0.682254833753012,0.188879842042403,0.154003757828314,0.5106699429251,0.682254833753012,0.756016952582843,0.839607568497319
500,464,"alpha0",0.279142861941507,0.236645577239782,0.17449352930803,0.0622539185211579,0.140327741402314,0.236645577239782,0.365454284990796,0.691708329335
500,464,"alpha1",0.0976390625282621,0.0921960965602555,0.046715518025215,0.0191237554043637,0.0652561137317284,0.0921960965602555,0.124943580046137,0.201464758969693
500,464,"beta1",0.619541987898023,0.651954167624578,0.185410297448868,0.211827572459651,0.509668968748025,0.651954167624578,0.766043055299869,0.877751246114331
500,465,"alpha0",0.449090088435358,0.465035135252222,0.148576738746259,0.154681657208869,0.343936498148629,0.465035135252222,0.569083405635949,0.691955759482865
500,465,"alpha1",0.0739878400678313,0.0665593183580215,0.0472642614809006,0.00561713335671328,0.0379285179869107,0.0665593183580215,0.100801680748269,0.184680806917016
500,465,"beta1",0.348894733573089,0.31450375522306,0.20602732866875,0.037484541477831,0.180042847564819,0.31450375522306,0.492716947004972,0.78050676019042
500,466,"alpha0",0.0979405480520437,0.0791224756206965,0.0683864600106387,0.0342808466232184,0.0604267743696007,0.0791224756206965,0.104642163569115,0.327226430186349
500,466,"alpha1",0.125925172417086,0.118957274118352,0.0428633761667331,0.0620503481657476,0.0955374671356258,0.118957274118352,0.148468656638871,0.224824005199042
500,466,"beta1",0.781449569990747,0.804192677145575,0.0931390406354215,0.475626508982326,0.757072812854685,0.804192677145575,0.837324828163649,0.884615763351576
500,467,"alpha0",0.219997215195978,0.153282458684148,0.171634593279142,0.0563215718608016,0.0955998112610042,0.153282458684148,0.28870018275361,0.689514686033535
500,467,"alpha1",0.107989775040483,0.100011920055098,0.047531625985393,0.0388529509093373,0.0741655635338058,0.100011920055098,0.131821900961855,0.221693748793074
500,467,"beta1",0.668983027336149,0.743055695918762,0.205565732496414,0.131283165895763,0.58627095655946,0.743055695918762,0.817762877571345,0.882455483978825
500,468,"alpha0",0.332064118208964,0.339749698258693,0.156320996089994,0.0522169860632811,0.232626485442149,0.339749698258693,0.437855649549313,0.623096980730386
500,468,"alpha1",0.205742655487099,0.201062412745707,0.0761386309076423,0.0739099452976689,0.150474101775846,0.201062412745707,0.255380013115411,0.369289886965285
500,468,"beta1",0.414569404446841,0.388392844939099,0.223390053781719,0.0378759545796829,0.251250835567969,0.388392844939099,0.555791371515142,0.854041083458517
500,469,"alpha0",0.210675637105472,0.195682897979375,0.0929713680637602,0.0810998296307765,0.154055610157344,0.195682897979375,0.244919401133941,0.488893783981187
500,469,"alpha1",0.17588706316121,0.170202298336941,0.0592690453318345,0.0771995537994989,0.132623878642699,0.170202298336941,0.211709323479374,0.31018882102226
500,469,"beta1",0.591769294146704,0.604129206180482,0.131341171315931,0.210625179158834,0.527703859708795,0.604129206180482,0.674993614312897,0.803564632187037
500,470,"alpha0",0.164072691269811,0.153816530977809,0.0679949488228597,0.0614769460899079,0.115593545160552,0.153816530977809,0.198848039273107,0.326059433601559
500,470,"alpha1",0.153924744004452,0.149064049714685,0.0470833621695789,0.0778382251610732,0.119245762842643,0.149064049714685,0.182979027367386,0.257228781203288
500,470,"beta1",0.696210728560229,0.704670933766479,0.086466363756913,0.495592572546047,0.642426098981172,0.704670933766479,0.758951347389439,0.842678303984147
500,471,"alpha0",0.0757377813299555,0.0666486796273436,0.0407144171844966,0.0322501311074544,0.0505962627404826,0.0666486796273436,0.0908870525706336,0.168158340503377
500,471,"alpha1",0.140674715294262,0.137703166952591,0.0346748466721994,0.081979570879649,0.115838920187518,0.137703166952591,0.161403277541562,0.217008953909107
500,471,"beta1",0.791990012763575,0.80090566093782,0.0543328811012451,0.669953680197685,0.76505661869935,0.80090566093782,0.82672809331428,0.869597007045533
500,472,"alpha0",0.157988941155798,0.0796721449762773,0.166221087455187,0.0412348614902545,0.0581514566334244,0.0796721449762773,0.153311314098767,0.602540756478967
500,472,"alpha1",0.0835595519721071,0.070580789382913,0.055317479926002,0.0186082865922117,0.0496447093880247,0.070580789382913,0.102352260112339,0.254619013226867
500,472,"beta1",0.762923214851581,0.847599259753842,0.194467561989213,0.268511691238146,0.760071359153019,0.847599259753842,0.881746256476639,0.916786977517114
500,473,"alpha0",0.101421549561677,0.0885995428836324,0.0567392976905901,0.0444160573769769,0.0708152524902695,0.0885995428836324,0.112614327010884,0.302485029730815
500,473,"alpha1",0.109559197434409,0.106423778238165,0.0341695644003689,0.0534206001856315,0.0855653990430688,0.106423778238165,0.129671888988285,0.182274549271795
500,473,"beta1",0.772184857870897,0.7846385937116,0.0789358402128738,0.49462312309125,0.749321470923279,0.7846385937116,0.819919483918406,0.866598934223856
500,474,"alpha0",0.382078266740247,0.384198100257389,0.164270571965547,0.116450957089406,0.236610902789528,0.384198100257389,0.523010877805495,0.664867447663842
500,474,"alpha1",0.086477026460614,0.0815869952014796,0.0489932124458086,0.0113533361019834,0.0492807571423257,0.0815869952014796,0.116803932026471,0.202784594056445
500,474,"beta1",0.426885678587333,0.412494303356432,0.219269380117408,0.0736687664529493,0.238120994493036,0.412494303356432,0.615049661364177,0.802931232193987
500,475,"alpha0",0.280924785454268,0.188688692914321,0.210793805224482,0.0628104357121639,0.125941247697787,0.188688692914321,0.405443902350171,0.851896075442546
500,475,"alpha1",0.0546505045441226,0.0505597285109248,0.0319098422327031,0.00648119991005877,0.0308974072786898,0.0505597285109248,0.0728331062100937,0.128060936164761
500,475,"beta1",0.671837458860989,0.756945559565843,0.208732172993762,0.123555764155797,0.544946151723827,0.756945559565843,0.826040979903811,0.89735691763552
500,476,"alpha0",0.20492924590345,0.174688433662451,0.118383913737956,0.0644693053920457,0.10849174596033,0.174688433662451,0.270834412422278,0.499217714184082
500,476,"alpha1",0.118402307242382,0.112632782058477,0.0466905315363857,0.0419837267874222,0.0847214193022012,0.112632782058477,0.148363775026176,0.218378117251158
500,476,"beta1",0.619754085952707,0.656046184942207,0.172536985752666,0.197685234195923,0.516710046400309,0.656046184942207,0.756498456308833,0.850503366937118
500,477,"alpha0",0.121239152167106,0.104450915730357,0.0736357881173015,0.0495748575963183,0.076754878850753,0.104450915730357,0.139573212435818,0.391226189524216
500,477,"alpha1",0.0527575726876571,0.0494644942600987,0.0280315798093909,0.009870326381623,0.0330323954711441,0.0494644942600987,0.0680657205557355,0.112919342365846
500,477,"beta1",0.819570932209683,0.836927617843417,0.0890663340216225,0.519889608075304,0.794567081120668,0.836927617843417,0.875815020484337,0.915827287864104
500,478,"alpha0",0.0836760955712448,0.0683750691871584,0.0553629727060322,0.0258356961945454,0.0504287185040672,0.0683750691871584,0.106450880004875,0.186569466498931
500,478,"alpha1",0.0952781740001568,0.0902686985695334,0.036175410886091,0.0348224455233321,0.0708680394753577,0.0902686985695334,0.116411009173488,0.177824818341482
500,478,"beta1",0.829099499027078,0.842668024605956,0.0698717385035707,0.69387397778261,0.7945298323389,0.842668024605956,0.875922187008318,0.926574207140945
500,479,"alpha0",0.22757239618613,0.15887110689751,0.178613416978047,0.0612875794963807,0.112743628574831,0.15887110689751,0.261633220886778,0.739622185333959
500,479,"alpha1",0.0955243299764293,0.0902648983549759,0.0426847375017856,0.0278827593932522,0.0660726398707614,0.0902648983549759,0.118926713266339,0.197231268833069
500,479,"beta1",0.71463358013017,0.775745010557017,0.167835211941247,0.258080785330517,0.661928328861896,0.775745010557017,0.82508122451345,0.889753207131589
500,480,"alpha0",0.237896752786982,0.165021993944783,0.190572884874808,0.0503787115082777,0.101774296958614,0.165021993944783,0.305957735681189,0.751906549792966
500,480,"alpha1",0.121341330170808,0.11671439355277,0.0490082320401143,0.040027767859144,0.0856523185776871,0.11671439355277,0.151906374006397,0.230686704478875
500,480,"beta1",0.669154568855647,0.722568430570844,0.179573956734876,0.218612917382844,0.572621067203366,0.722568430570844,0.805509682975041,0.884806109955703
500,481,"alpha0",0.275995425423325,0.257979948701977,0.123455126018479,0.103388956534923,0.181729087908194,0.257979948701977,0.344309881463859,0.568406577931101
500,481,"alpha1",0.0886918168145166,0.0833536720117544,0.0410401301861956,0.0213933813788306,0.0585666930621671,0.0833536720117544,0.113300562446895,0.178838461862346
500,481,"beta1",0.655760280241979,0.66544189207978,0.125185310756626,0.35797413657824,0.582637056093082,0.66544189207978,0.748638130759976,0.849868422072457
500,482,"alpha0",0.342663538478937,0.32372652153031,0.15378138340985,0.100069765266189,0.236084034095649,0.32372652153031,0.425703986316661,0.71095132496054
500,482,"alpha1",0.181327420502136,0.176054937773826,0.0640403726025887,0.0740474143605221,0.133879538134814,0.176054937773826,0.223857018096669,0.315023896136205
500,482,"beta1",0.517440785278815,0.529831223947603,0.166292463690441,0.152413865932122,0.413767674775994,0.529831223947603,0.641080512218215,0.807512220075914
500,483,"alpha0",0.103293008841155,0.0917205500137513,0.0662841583638033,0.0270611018658333,0.0536857686899239,0.0917205500137513,0.133517564455037,0.256986247548178
500,483,"alpha1",0.162264177305999,0.158971836837222,0.0585657961576242,0.0644984531318237,0.120246016002709,0.158971836837222,0.198259857765686,0.289436106796587
500,483,"beta1",0.744980235986869,0.750542883836977,0.0992198770442705,0.557181685882311,0.684675377179894,0.750542883836977,0.816621448319772,0.899162827707617
500,484,"alpha0",0.0975832063457109,0.0762238448549208,0.0631590124374914,0.031502133843284,0.057997120473745,0.0762238448549208,0.117240100404001,0.287157951059802
500,484,"alpha1",0.159688852595354,0.150985173958896,0.0566153612304602,0.0746939399790628,0.117886779048466,0.150985173958896,0.192118606379876,0.295055840853195
500,484,"beta1",0.756990005473748,0.779856425967138,0.0989231916557881,0.488749421826132,0.717437297128025,0.779856425967138,0.825379234445718,0.881363081034645
500,485,"alpha0",0.189228254542969,0.167409375164407,0.100874828453459,0.0530020970403599,0.114855921912612,0.167409375164407,0.237735831773854,0.436990377973163
500,485,"alpha1",0.117583051408051,0.113612425471279,0.0422453972859782,0.0494056790058434,0.0877777726257759,0.113612425471279,0.140955466115975,0.215144121860129
500,485,"beta1",0.696648453593903,0.716035401692438,0.115761964894747,0.411852261444046,0.635279391586948,0.716035401692438,0.780955364221587,0.867402512820003
500,486,"alpha0",0.121652649607667,0.108645234018299,0.067718987134591,0.0452667511554289,0.0834037008996484,0.108645234018299,0.138573683253725,0.27059481462637
500,486,"alpha1",0.125503602862726,0.120431191791042,0.0366443422775802,0.0657526223408501,0.0987608564993375,0.120431191791042,0.14863376182226,0.206953817545066
500,486,"beta1",0.771740157981434,0.783460837009447,0.0727221327093561,0.607242671814471,0.741653804817919,0.783460837009447,0.816703288305904,0.873803242317648
500,487,"alpha0",0.144703872162683,0.100335749176446,0.126299862380876,0.0437778019574259,0.074196869677879,0.100335749176446,0.146628999441278,0.543211085351719
500,487,"alpha1",0.145439069079517,0.137922713300473,0.0510678728957365,0.0694688381190527,0.112748312924712,0.137922713300473,0.169623578964281,0.275689656884129
500,487,"beta1",0.706929081322685,0.752590825172045,0.156440047537149,0.231389701816315,0.692737432712732,0.752590825172045,0.799402642804715,0.860931135827516
500,488,"alpha0",0.166520176640328,0.119742529493557,0.129378330336698,0.041407803222866,0.0857505275603107,0.119742529493557,0.191529569966641,0.57596088729798
500,488,"alpha1",0.101882565871227,0.0965763804472316,0.038703363989408,0.0379600692598543,0.0742956225476917,0.0965763804472316,0.124307418405684,0.190619341157831
500,488,"beta1",0.713913837367559,0.768664545879741,0.155130729208244,0.246958314549962,0.672480195890498,0.768664545879741,0.814177975286435,0.87497589977801
500,489,"alpha0",0.0876996393974835,0.082909023270671,0.0429331833158432,0.0374504723989455,0.0630549381245988,0.082909023270671,0.101882240523333,0.176711832835548
500,489,"alpha1",0.143405351568648,0.140428626263551,0.0416210324981024,0.0690996834596112,0.115620551072021,0.140428626263551,0.167760518459535,0.240421703169963
500,489,"beta1",0.764918012671233,0.771449625149902,0.0681680764617208,0.611783971230494,0.734401416832516,0.771449625149902,0.807116098609466,0.868738143265455
500,490,"alpha0",0.358110544039586,0.259641134806835,0.270717300689693,0.0619845612676342,0.108439589724007,0.259641134806835,0.612597800978908,0.863351473600026
500,490,"alpha1",0.133599390187159,0.121824295225049,0.0740674223016984,0.030054763060905,0.0766754072626251,0.121824295225049,0.176831758620708,0.312429516414127
500,490,"beta1",0.527728415879759,0.618882888161147,0.298767479819961,0.0271907399393806,0.220611124778946,0.618882888161147,0.804330449189896,0.892889363407391
500,491,"alpha0",0.126696269005138,0.0916115777579842,0.0967110967985276,0.0314462575044019,0.0641471479661672,0.0916115777579842,0.147054191800705,0.401142814574526
500,491,"alpha1",0.0773160658772361,0.0719379915580101,0.041614347073408,0.0155762405914801,0.0486016712930813,0.0719379915580101,0.098549034173986,0.175000635523427
500,491,"beta1",0.758805893652571,0.805333767489343,0.142207280438725,0.368271240153502,0.719441532972172,0.805333767489343,0.853595260507715,0.913533322668669
500,492,"alpha0",0.34785928013326,0.313720237986457,0.180770841593566,0.0723225947895469,0.215743576868462,0.313720237986457,0.477542596767162,0.739153054758462
500,492,"alpha1",0.0730512101330963,0.06763940396543,0.0421346963711805,0.00837766213599598,0.0428037227704189,0.06763940396543,0.0954508546673415,0.175536936137523
500,492,"beta1",0.567024427422217,0.590197705171125,0.188948241946047,0.155809598838845,0.438501629411066,0.590197705171125,0.706167747626585,0.86916186167925
500,493,"alpha0",0.192647855463851,0.178274330391911,0.105265985954531,0.0593131038337748,0.106186759559316,0.178274330391911,0.249298549631369,0.45749306201019
500,493,"alpha1",0.160900309211727,0.156824101051707,0.0510050902917017,0.0746769818452909,0.124143776393131,0.156824101051707,0.193093377992743,0.275848043537994
500,493,"beta1",0.663878534981505,0.673943507882138,0.127109031446373,0.354228107208049,0.587249739435002,0.673943507882138,0.765796903836494,0.856651550431511
500,494,"alpha0",0.0971948837903941,0.0553636922821509,0.126702051531394,0.0200177354058162,0.0354641297472081,0.0553636922821509,0.0844433565954523,0.550194737519683
500,494,"alpha1",0.0699760684631241,0.0614263316972552,0.0431872746738652,0.0138599460872921,0.0402125912589484,0.0614263316972552,0.0883581138621333,0.185522479907462
500,494,"beta1",0.813247328902154,0.871802382239787,0.182216945773409,0.16721850204447,0.813814854929206,0.871802382239787,0.909612610221701,0.945559639254436
500,495,"alpha0",0.221058321128042,0.183312685237553,0.137189008232663,0.0662000197898424,0.127892324172762,0.183312685237553,0.26092214707958,0.601855613029574
500,495,"alpha1",0.0909368616628743,0.0878792049227267,0.0442403274225058,0.0152889071603451,0.0592312775253804,0.0878792049227267,0.118291703297489,0.189323828720809
500,495,"beta1",0.646763636436777,0.679777862416032,0.165243727408442,0.171649395416521,0.58342246974658,0.679777862416032,0.756748441886278,0.870256302135589
500,496,"alpha0",0.155578266028923,0.12839519230252,0.0847183372392011,0.0560037463951436,0.0938454194759675,0.12839519230252,0.201568053824412,0.335496442939945
500,496,"alpha1",0.146611434693002,0.139451077810331,0.0527092297611243,0.0651033646309777,0.108367434323187,0.139451077810331,0.176340697340548,0.267666352066081
500,496,"beta1",0.716306561637553,0.739172136275301,0.106086862006537,0.485686006973416,0.652295684285141,0.739172136275301,0.795621119672024,0.860494824606777
500,497,"alpha0",0.188427916830082,0.125960808326827,0.175443254148959,0.0569193352457047,0.0875439500423748,0.125960808326827,0.196610643588705,0.745885389639247
500,497,"alpha1",0.0763543946354357,0.0741173129578432,0.0380078677559169,0.0121387936288059,0.0482868429437688,0.0741173129578432,0.100507521484213,0.156578084920148
500,497,"beta1",0.741559168338323,0.792604284400078,0.166412763336639,0.217471026729997,0.719024758865994,0.792604284400078,0.843169942068831,0.89464497799862
500,498,"alpha0",0.274587130984432,0.237820759480672,0.139259315590519,0.0876887263842606,0.176886402220235,0.237820759480672,0.356919448224125,0.61291643504814
500,498,"alpha1",0.16097446014681,0.155481449224797,0.0521699939118752,0.0742012448417207,0.124734670886345,0.155481449224797,0.191994515330483,0.27398896629537
500,498,"beta1",0.562775727306316,0.596733555672947,0.161899325718997,0.179779251131317,0.469245967681573,0.596733555672947,0.679438951903703,0.802145910818899
500,499,"alpha0",0.181271337598114,0.152726426234088,0.10978312422087,0.0678649340163135,0.11246932343209,0.152726426234088,0.210597030321822,0.551167627215672
500,499,"alpha1",0.119927964270611,0.114255595380655,0.0453843886195889,0.0469474703231371,0.0876587333769932,0.114255595380655,0.146397219636651,0.227666331946988
500,499,"beta1",0.706654971271299,0.734287680115458,0.129923750256554,0.303758423230875,0.657310355162318,0.734287680115458,0.792632659412021,0.870560143100387
500,500,"alpha0",0.151562177101023,0.138080932543114,0.0894019899793404,0.0494653723379321,0.0801741195131222,0.138080932543114,0.197255462736059,0.386703171438548
500,500,"alpha1",0.0828089252563456,0.0766028367570313,0.0373600030058433,0.0298629948202853,0.0569168583607665,0.0766028367570313,0.102077459235706,0.169750787510186
500,500,"beta1",0.759737721468565,0.781417277998566,0.11635025659031,0.460855730082017,0.693449977677619,0.781417277998566,0.850533844510749,0.900025393583549
750,1,"alpha0",0.145459726747343,0.124627688986504,0.0818860472146306,0.0508329287855322,0.0902064068612902,0.124627688986504,0.175623783513607,0.390779445485455
750,1,"alpha1",0.100474029186921,0.0968325005461982,0.0365867181417372,0.0417892016353915,0.0743098538006105,0.0968325005461982,0.122865630581939,0.182273060780885
750,1,"beta1",0.767595109387113,0.784371016610373,0.0905294371724175,0.517195452492287,0.72653813496239,0.784371016610373,0.826680631032888,0.894472397172352
750,2,"alpha0",0.225243421231354,0.184574967671056,0.132694080976251,0.0715056869456119,0.133343932081422,0.184574967671056,0.278624630497841,0.586315235472263
750,2,"alpha1",0.116234102405328,0.113749833380559,0.0394163088922694,0.0493904958833483,0.0880341148392641,0.113749833380559,0.140274965687447,0.205560293868332
750,2,"beta1",0.699161812057061,0.737342873689697,0.129474884481855,0.366101217724904,0.643686954286747,0.737342873689697,0.78962805373136,0.864498510086673
750,3,"alpha0",0.118840059992577,0.112426727545729,0.0531597593524592,0.0527273019427005,0.0875280231613838,0.112426727545729,0.138502428828387,0.239648406525724
750,3,"alpha1",0.126687142917404,0.123988687198004,0.0326458053143931,0.073511799675858,0.103181021809313,0.123988687198004,0.146708833540528,0.19756409940162
750,3,"beta1",0.766569496402712,0.77164228955567,0.0659213597588271,0.619085111278944,0.735358084071309,0.77164228955567,0.808382495959563,0.865016882053444
750,4,"alpha0",0.272616675970609,0.272730596253814,0.120887891084299,0.0892854020370442,0.165122747837357,0.272730596253814,0.356196040158252,0.52257934180394
750,4,"alpha1",0.142304024152668,0.137185973454032,0.0491020068435076,0.0571109146818371,0.106995440774938,0.137185973454032,0.172541876486246,0.248735309137574
750,4,"beta1",0.543728853762378,0.538320105641312,0.162117201816815,0.234516346734758,0.42698287604345,0.538320105641312,0.684303374939712,0.820934672860073
750,5,"alpha0",0.180327469383722,0.165565773580663,0.0710391320464804,0.0793229465166257,0.137103285584515,0.165565773580663,0.206064333438963,0.380915162891513
750,5,"alpha1",0.161510700386348,0.158608278034808,0.0418282881425168,0.0893818555825321,0.132114045512288,0.158608278034808,0.187955145518651,0.25465705245807
750,5,"beta1",0.65805028780484,0.670656103645169,0.09104358199846,0.402724128409343,0.621706890386453,0.670656103645169,0.713286860000247,0.803761701916298
750,6,"alpha0",0.105995990913928,0.101767954301295,0.0422146297822304,0.0412364562365729,0.0813757583462557,0.101767954301295,0.126928096703829,0.170010798409085
750,6,"alpha1",0.143615107205231,0.140262185445383,0.0354413604585877,0.083318459528755,0.119917103872056,0.140262185445383,0.164384510329038,0.222168307022908
750,6,"beta1",0.757002048025726,0.758747401898638,0.0608719924318462,0.660940170918716,0.724914179790292,0.758747401898638,0.794491694709809,0.858681719789163
750,7,"alpha0",0.16635261224966,0.11940989723733,0.121962243548089,0.0392969819433909,0.0803778275758227,0.11940989723733,0.215510962658058,0.48317706702691
750,7,"alpha1",0.110865662044278,0.105396068270475,0.0378790651018873,0.0551506286056189,0.0849146574274179,0.105396068270475,0.130097965371664,0.199029810011685
750,7,"beta1",0.714177848396593,0.769201666130132,0.150131865040665,0.32915738274035,0.650095463202461,0.769201666130132,0.821457398011441,0.881503222652186
750,8,"alpha0",0.251135451356155,0.229279540290695,0.102274459301606,0.111466081747404,0.169623931280021,0.229279540290695,0.31511880484954,0.491249776019925
750,8,"alpha1",0.152435163565032,0.147397622706377,0.0420948272791737,0.0798500005306467,0.122483027215849,0.147397622706377,0.177592279244439,0.243839073509934
750,8,"beta1",0.570817319764529,0.591477569959131,0.131464119903354,0.281230799786189,0.487444885947571,0.591477569959131,0.675429049170105,0.766265805503585
750,9,"alpha0",0.177596162515576,0.154151447680352,0.0954795550255587,0.05966558486784,0.107659957736116,0.154151447680352,0.219560441132595,0.434883354875716
750,9,"alpha1",0.0959365168186427,0.0923233305643611,0.0339846146211192,0.0427850071844109,0.0717970169961494,0.0923233305643611,0.115210645615749,0.173932695688053
750,9,"beta1",0.721196204869464,0.748042340937733,0.114045494631906,0.428791866216747,0.667890409816804,0.748042340937733,0.802562201961954,0.87276632785117
750,10,"alpha0",0.126661965321992,0.100336604511125,0.0890628467525669,0.0423882411721419,0.0736944535613825,0.100336604511125,0.144499544346202,0.381840275324834
750,10,"alpha1",0.0837869885565389,0.0807092827839767,0.0290567424569146,0.0371746035364547,0.0637973129868264,0.0807092827839767,0.100247514228317,0.147010635387633
750,10,"beta1",0.805897077972618,0.83001367673594,0.0930275795515516,0.538464982055208,0.775144546667664,0.83001367673594,0.86590212474267,0.908200181164697
750,11,"alpha0",0.0945297612984947,0.0848688688433378,0.0536283563230315,0.027511508534187,0.062625415931752,0.0848688688433378,0.1156494404267,0.247972058551371
750,11,"alpha1",0.1140136196319,0.110541740166242,0.034499651042047,0.0572946479891161,0.0905028183264565,0.110541740166242,0.133666793191879,0.190923553369928
750,11,"beta1",0.786420847147065,0.796979214974763,0.0734151488992544,0.588585202937614,0.758160669038489,0.796979214974763,0.831850361403972,0.886305480502163
750,12,"alpha0",0.0798991893858108,0.0730122023238454,0.0408402683002069,0.032227322208565,0.0576167198555575,0.0730122023238454,0.0914697595425458,0.185790992914475
750,12,"alpha1",0.111369309644686,0.108039742525242,0.0296100585241431,0.0661167614597898,0.0913828253224779,0.108039742525242,0.127700434168683,0.174903371663084
750,12,"beta1",0.796831778487057,0.805620705001171,0.0638935245228621,0.643355028284995,0.774478139375603,0.805620705001171,0.83496989879502,0.876570149851454
750,13,"alpha0",0.142305693141598,0.128016862959566,0.068329620358772,0.0644301096868925,0.0986962418385435,0.128016862959566,0.162827900511381,0.382278261868972
750,13,"alpha1",0.14700846712867,0.143198653036791,0.0378268953551349,0.0852893379613538,0.119713247471595,0.143198653036791,0.169984822927354,0.231585214937588
750,13,"beta1",0.726802908369438,0.741756149282346,0.08297958959074,0.466988126732323,0.693584703934962,0.741756149282346,0.779804775841927,0.838115321150273
750,14,"alpha0",0.127325348052471,0.111308665184005,0.0632915498982182,0.0446590964932302,0.0809654307543929,0.111308665184005,0.164190414040182,0.27656144878595
750,14,"alpha1",0.102917636236649,0.0987816669525825,0.0343942883882937,0.0471767953096936,0.0785979339326927,0.0987816669525825,0.123545380289666,0.183296273791412
750,14,"beta1",0.74601243117882,0.763784471088076,0.0958847148497005,0.528481939023019,0.687225368263771,0.763784471088076,0.818800182406201,0.881283570299692
750,15,"alpha0",0.172350238848817,0.160685877597756,0.0704022437009563,0.0832314162315972,0.124941204448426,0.160685877597756,0.20009291164371,0.346159663538366
750,15,"alpha1",0.127314157642085,0.122930307485965,0.0341631313992815,0.0734609243574203,0.10354488642564,0.122930307485965,0.145931282584487,0.206976876465806
750,15,"beta1",0.72555656353608,0.737644157317163,0.0813849975527179,0.527466439291088,0.689073370684476,0.737644157317163,0.779724522866567,0.840429085001475
750,16,"alpha0",0.160973991447577,0.132730291096028,0.0961005475835058,0.0515950905945632,0.0975280432240109,0.132730291096028,0.202849044622534,0.44420465382781
750,16,"alpha1",0.0848817475302013,0.0815584040836998,0.0286796946961534,0.0410413844251209,0.0650469918679008,0.0815584040836998,0.101101255814661,0.149233431708446
750,16,"beta1",0.750899665551931,0.779458167092864,0.113699398018945,0.416410911475022,0.705285431091722,0.779458167092864,0.826043456800747,0.891150711556195
750,17,"alpha0",0.474008822123465,0.463655659038931,0.192104965563883,0.162287306619571,0.30627354829892,0.463655659038931,0.618632665641955,0.827018221279069
750,17,"alpha1",0.0666452808639368,0.0620979099318298,0.0345731383820541,0.0131598992776849,0.0409747602664616,0.0620979099318298,0.0879470547655737,0.143737362033689
750,17,"beta1",0.41189818330376,0.419905493081848,0.219979558600632,0.0146749638159224,0.24214020066495,0.419905493081848,0.599919878464405,0.769102322279517
750,18,"alpha0",0.152425137450135,0.143243159967324,0.0610815927267307,0.0698765042191095,0.10791214310716,0.143243159967324,0.183082011044466,0.294947964677897
750,18,"alpha1",0.145147630056678,0.14144889486031,0.0400822705935569,0.0802916363804364,0.117476634596719,0.14144889486031,0.167378429223719,0.232628803617967
750,18,"beta1",0.721104504857238,0.730672647256058,0.0796194801770459,0.54829266402649,0.678605243186712,0.730672647256058,0.77808304400603,0.839161518542532
750,19,"alpha0",0.19562877259196,0.145642604542335,0.153002641842026,0.0672796324149031,0.110380420813836,0.145642604542335,0.210759244172845,0.736683845702864
750,19,"alpha1",0.092705036770509,0.0897366494587672,0.0318863106947881,0.0398419100926695,0.0698452284584106,0.0897366494587672,0.112302486686192,0.159225126250223
750,19,"beta1",0.684937151686753,0.7400285549447,0.183898489844858,0.0454737788199193,0.653264519832178,0.7400285549447,0.792717152834205,0.867422078308855
750,20,"alpha0",0.184678681230899,0.170016155234216,0.0825485511371798,0.0699398455350016,0.119443616978447,0.170016155234216,0.236066147183591,0.365888358755928
750,20,"alpha1",0.0983650470724726,0.0946494582234914,0.0360502556038855,0.0413162334075541,0.0715959493656807,0.0946494582234914,0.11916011356731,0.177912003736402
750,20,"beta1",0.692752329646488,0.712508997751748,0.110430471374162,0.450574101349822,0.622533531793543,0.712508997751748,0.772641191218134,0.862648245689831
750,21,"alpha0",0.0919330485100196,0.0686877865533482,0.0752794347235674,0.022195913889904,0.0501410511772519,0.0686877865533482,0.107026905598587,0.356440286295983
750,21,"alpha1",0.089105485706379,0.0810687402116168,0.0404354652610644,0.0319360266372316,0.0608299663725209,0.0810687402116168,0.108691858862257,0.185375335209977
750,21,"beta1",0.819029801351516,0.847984889543777,0.104218828737962,0.480117926669595,0.784530252971512,0.847984889543777,0.884338159824684,0.935915705791721
750,22,"alpha0",0.0710538610993807,0.0617007205771863,0.0501398263279442,0.025362049594595,0.045274551212984,0.0617007205771863,0.0806083335279395,0.151535183452988
750,22,"alpha1",0.133625703836071,0.130187348964551,0.0334155190589588,0.07775971134687,0.110469589933839,0.130187348964551,0.152660049611962,0.209077040030989
750,22,"beta1",0.798654215580876,0.809867094112259,0.0714799921795815,0.670644221155661,0.774126372381207,0.809867094112259,0.839096606662043,0.887044972252183
750,23,"alpha0",0.155037173420533,0.139137998984245,0.0692186960495592,0.0652741979559466,0.103650944865785,0.139137998984245,0.193532570534095,0.307669896121906
750,23,"alpha1",0.121203662139948,0.118494996046681,0.0327330493021334,0.0651309937180255,0.0983795027359241,0.118494996046681,0.141248300830208,0.191740147727621
750,23,"beta1",0.748373418364492,0.762045808806861,0.0738721799491201,0.586800894415765,0.703773834449463,0.762045808806861,0.801246286911637,0.860235815338335
750,24,"alpha0",0.192604703145164,0.179007510960072,0.096275731333747,0.0586401598822566,0.112353439790187,0.179007510960072,0.255021804759141,0.414220503493982
750,24,"alpha1",0.0966505722195869,0.0930177721503209,0.0347282085664662,0.0397642986904648,0.0729096052394786,0.0930177721503209,0.117440496280346,0.167839544658217
750,24,"beta1",0.706120298703655,0.720538575249705,0.114451916502875,0.45009532669722,0.627166063398087,0.720538575249705,0.797721201087709,0.876743367929078
750,25,"alpha0",0.176884241351912,0.148826922156058,0.0992267986487859,0.0731491354732414,0.112025204936095,0.148826922156058,0.219276676697899,0.405258665954296
750,25,"alpha1",0.118208327871506,0.113836700397205,0.0385349050798521,0.05614537496649,0.0914011641093217,0.113836700397205,0.140648087476383,0.206853499020062
750,25,"beta1",0.740369541611553,0.762311254852518,0.103000154636381,0.495442391582128,0.696158435631344,0.762311254852518,0.807588286181937,0.869394033072491
750,26,"alpha0",0.414030273017609,0.395550006746212,0.236793164983581,0.0912241283966175,0.178114773779682,0.395550006746212,0.631334104843681,0.808821390240706
750,26,"alpha1",0.0579705698597732,0.051832405147154,0.038661359686496,0.00438431075951738,0.0291430311222535,0.051832405147154,0.0789226536066302,0.147038743949211
750,26,"beta1",0.478143910261042,0.496147621421909,0.279358644162711,0.0364727331481121,0.224970852252105,0.496147621421909,0.751291490226447,0.880069409604798
750,27,"alpha0",0.11737021271083,0.11240973616815,0.0545561577414501,0.0421603348786656,0.0821762071857832,0.11240973616815,0.142678247797538,0.219129112752242
750,27,"alpha1",0.117191340308686,0.114430625764659,0.0346160162906646,0.0594832723336691,0.0922717468644511,0.114430625764659,0.137933727583138,0.192193530856358
750,27,"beta1",0.775123827890662,0.77995851389463,0.0698411751238832,0.639009996044526,0.737107987211825,0.77995851389463,0.820438027822871,0.884990377165258
750,28,"alpha0",0.0813820103792747,0.0608024098541513,0.0632981210837095,0.0247464304276467,0.046540438947445,0.0608024098541513,0.0890951927169771,0.286855488626573
750,28,"alpha1",0.0745068637599222,0.0696498135809262,0.0302682665485253,0.0315209151025413,0.0549280201346489,0.0696498135809262,0.0881102724742091,0.154422674073687
750,28,"beta1",0.849067037414429,0.872190145123599,0.0836487731054182,0.597111399976189,0.834078162318664,0.872190145123599,0.898014441217974,0.93579389408792
750,29,"alpha0",0.204934038765475,0.187087461971162,0.0870868182512427,0.0836058547051542,0.145112290860095,0.187087461971162,0.240922104364043,0.438095382746884
750,29,"alpha1",0.135561836358027,0.131108138013456,0.0431953253296974,0.0662837551157652,0.10552517441162,0.131108138013456,0.158992943623774,0.238275827301636
750,29,"beta1",0.637020314319295,0.65745207704893,0.119812830724285,0.330236882928759,0.577389177991395,0.65745207704893,0.719867860297713,0.817366958696662
750,30,"alpha0",0.138701625175214,0.127926442687957,0.0684345847473291,0.0631451827093778,0.095285124673863,0.127926442687957,0.161341758105733,0.353693581567039
750,30,"alpha1",0.120492300582164,0.116296606180366,0.0358225030788574,0.063870331593553,0.0947680639210634,0.116296606180366,0.141727282800069,0.202930835965818
750,30,"beta1",0.760163279884895,0.771748672260856,0.0778894663521159,0.549932912727467,0.727532384318053,0.771748672260856,0.812058788700647,0.859779666366085
750,31,"alpha0",0.152749537912482,0.128551678722604,0.0985429980367167,0.0591587678797573,0.0988653638741806,0.128551678722604,0.170598899052442,0.546438466890337
750,31,"alpha1",0.0817920609256257,0.0799714125234579,0.0316794347290338,0.0273513333955658,0.0589667974343836,0.0799714125234579,0.102017857240937,0.148510771829219
750,31,"beta1",0.746809614985231,0.770842322328908,0.114662769802414,0.306019002323167,0.71674724419796,0.770842322328908,0.812285765767786,0.876277174666036
750,32,"alpha0",0.111019275866632,0.105067055477748,0.0466908618998828,0.0495986229600082,0.0764354665033141,0.105067055477748,0.134959817630311,0.200505621669061
750,32,"alpha1",0.12120624748562,0.118256119242639,0.0327404100589946,0.0677371372720062,0.0978000691045878,0.118256119242639,0.140662595559075,0.193250142895689
750,32,"beta1",0.788230235511617,0.796312476883486,0.0591388104542571,0.67399951377071,0.754187716143961,0.796312476883486,0.830517253556231,0.877338831708174
750,33,"alpha0",0.0987849558701825,0.0860481598015746,0.0521741560850177,0.0440007926387203,0.0663438958252799,0.0860481598015746,0.11611610428491,0.24272602745971
750,33,"alpha1",0.0793239342573344,0.0753218533588454,0.0288475762030634,0.0359311098148996,0.0592781639980747,0.0753218533588454,0.0952688095165802,0.144232408926892
750,33,"beta1",0.808228427971073,0.825011409384857,0.0767292203380215,0.597844131050231,0.777077023254929,0.825011409384857,0.860266278403453,0.897355326145189
750,34,"alpha0",0.208839293109158,0.189780151056275,0.0880729469137749,0.084264523463737,0.14698277641229,0.189780151056275,0.254160374502448,0.42398436539642
750,34,"alpha1",0.139206691821064,0.136210954239309,0.0424379868008646,0.0683595800198147,0.108811139976873,0.136210954239309,0.165224570363472,0.232923094339239
750,34,"beta1",0.633579160312406,0.653210613633628,0.114021990768481,0.36446408877579,0.573161523902563,0.653210613633628,0.716884523494569,0.803785275958512
750,35,"alpha0",0.212066883436139,0.163339724878974,0.150977370096121,0.0458612330108818,0.0968794909004095,0.163339724878974,0.277469793093465,0.593972089427471
750,35,"alpha1",0.100469230689481,0.0939899881545172,0.0426120694998057,0.0353704557188144,0.0697859163642891,0.0939899881545172,0.124389823749549,0.203588984811837
750,35,"beta1",0.667632017585419,0.722798010451356,0.18847265014989,0.201499844490837,0.574650780101951,0.722798010451356,0.813553499851695,0.886714692406605
750,36,"alpha0",0.132536903632578,0.126002088441557,0.0517285037181737,0.0683724306205479,0.0981889430477639,0.126002088441557,0.153203922615275,0.248233790453048
750,36,"alpha1",0.151296644547289,0.14771175924889,0.0418886552986622,0.0800597494369185,0.12190887676054,0.14771175924889,0.176107358510913,0.242554737279664
750,36,"beta1",0.729197239164788,0.738648248201566,0.0722170618011516,0.556346936485651,0.694025540550455,0.738648248201566,0.775504361055994,0.837887550273966
750,37,"alpha0",0.125726854900818,0.110134976997759,0.0729632365857294,0.0510458593073975,0.0783179799441028,0.110134976997759,0.149426718096354,0.337064170737615
750,37,"alpha1",0.0903181177389756,0.0874961735716516,0.0298624371475546,0.0415736927165435,0.0690974049129673,0.0874961735716516,0.107985102237883,0.154539095059894
750,37,"beta1",0.787701438845228,0.804852035824301,0.0851403925578536,0.585775522567816,0.753358466703461,0.804852035824301,0.841277443137077,0.888648972948619
750,38,"alpha0",0.475242895248726,0.494998790151644,0.210035323901587,0.0976998899522509,0.312982293952062,0.494998790151644,0.640295689340754,0.83582427534924
750,38,"alpha1",0.10592900312772,0.103163052992897,0.043012134984888,0.0298486632752619,0.0765473342396858,0.103163052992897,0.131654782271042,0.199404269268608
750,38,"beta1",0.516880673282665,0.494969717545758,0.180692067825993,0.225010719101127,0.371307385894531,0.494969717545758,0.65576440871031,0.856574341120687
750,39,"alpha0",0.270749616594827,0.241466696142045,0.118899464797829,0.115314846666415,0.169833155629243,0.241466696142045,0.366355053136131,0.510453809795391
750,39,"alpha1",0.0802791642005144,0.0764113408654074,0.0341021034445943,0.0266301203814234,0.0571310441576547,0.0764113408654074,0.0981072540307811,0.159747852329038
750,39,"beta1",0.608002187174628,0.637535494570983,0.140205081218625,0.325486521207998,0.495065445447534,0.637535494570983,0.728049598206001,0.806938866168439
750,40,"alpha0",0.225206194819732,0.211924464526986,0.078278133667733,0.120161685926248,0.164380038816908,0.211924464526986,0.270922200325821,0.417703460229303
750,40,"alpha1",0.160764441646628,0.160646640691972,0.0396163850754515,0.086631322047121,0.133278300565925,0.160646640691972,0.186429655802926,0.243368309053424
750,40,"beta1",0.627476126671481,0.636519482447807,0.0879115302418044,0.428076633912419,0.576521656171005,0.636519482447807,0.691195985327123,0.770482694665199
750,41,"alpha0",0.253376764104409,0.249243399685479,0.0611408721709689,0.147840634644295,0.208380008984682,0.249243399685479,0.295590653241199,0.369059474669073
750,41,"alpha1",0.236850891336001,0.234147363886519,0.0512250597322986,0.142715622844776,0.201571417960051,0.234147363886519,0.271419442851807,0.340506213227647
750,41,"beta1",0.532268254552361,0.533373773404007,0.0801837290970659,0.382172412632836,0.476091414288514,0.533373773404007,0.586732733971736,0.687716486995394
750,42,"alpha0",0.215148785561909,0.194018646491257,0.107781770283502,0.0659991444956416,0.134210866614745,0.194018646491257,0.280817194956723,0.468942615372961
750,42,"alpha1",0.0719287274776707,0.0698205428092071,0.0332386134834897,0.0202480759880105,0.0479009655962457,0.0698205428092071,0.091158996312695,0.141785736082027
750,42,"beta1",0.688395087893669,0.71244523103036,0.128382116476083,0.378328865389723,0.609544935034106,0.71244523103036,0.784511471862264,0.871225633132294
750,43,"alpha0",0.0699604554582684,0.0652540998764241,0.042669916982235,0.0213109770934635,0.0455780136312522,0.0652540998764241,0.0843907903890515,0.157374462549156
750,43,"alpha1",0.150747016287936,0.147105607830049,0.0378672740336287,0.0900798338423304,0.125173646692415,0.147105607830049,0.171092445536523,0.237050420818714
750,43,"beta1",0.791402715442386,0.798978133088899,0.0639919523776288,0.656906968889809,0.765456994428647,0.798978133088899,0.830973546519696,0.876329768515527
750,44,"alpha0",0.101358767210448,0.0943048701002969,0.0474236637297086,0.0456876966275803,0.0728116439746026,0.0943048701002969,0.116795068405076,0.246970403098764
750,44,"alpha1",0.116031676313133,0.113109405843517,0.0319876620738727,0.0612299103579111,0.0939747577230374,0.113109405843517,0.135236731738276,0.187509882464588
750,44,"beta1",0.777823864114781,0.785758648511281,0.0650368935093034,0.618776335360629,0.749115415180349,0.785758648511281,0.819240561760773,0.867738133037022
750,45,"alpha0",0.137883581136551,0.12869865159853,0.0597685569444194,0.0572331200722143,0.0962524194763561,0.12869865159853,0.166084097660117,0.272362471892074
750,45,"alpha1",0.128384175417916,0.125187326664991,0.0380744169012278,0.0672700768758678,0.101557243332006,0.125187326664991,0.149793468654003,0.211392293105826
750,45,"beta1",0.734808788845212,0.744794432875651,0.0800093715371805,0.563893969900525,0.694122315032629,0.744794432875651,0.78981085444644,0.855300133731587
750,46,"alpha0",0.231910085413042,0.184847963885727,0.134673584789097,0.073228070542223,0.140486271643483,0.184847963885727,0.299055719540419,0.633957731720139
750,46,"alpha1",0.101100526803764,0.0970834393249771,0.0410115101695733,0.0317763388127511,0.0732920643118547,0.0970834393249771,0.124384211968835,0.193373562070843
750,46,"beta1",0.675994787532485,0.719182678953383,0.145696772558825,0.293877477965393,0.584363053388943,0.719182678953383,0.784157973370258,0.860623012818205
750,47,"alpha0",0.16725656972659,0.140963142879795,0.0835367649093042,0.069190063787375,0.113168833396967,0.140963142879795,0.19096549935991,0.390000192433184
750,47,"alpha1",0.109224577812452,0.106506136317762,0.0342918241266534,0.0510798902045852,0.0850028564188676,0.106506136317762,0.130206950534734,0.181334053120451
750,47,"beta1",0.733993233225533,0.75626387879048,0.0967557734758571,0.48080147596886,0.69675853522053,0.75626387879048,0.797985152101285,0.860774552375421
750,48,"alpha0",0.130809103248078,0.110781317872571,0.0643986275851944,0.058017138896561,0.0817664461731169,0.110781317872571,0.163142707739185,0.286225754694123
750,48,"alpha1",0.0657167288449882,0.0618330534565157,0.0307830556095896,0.0162580459858209,0.0434664955854111,0.0618330534565157,0.0844721929701326,0.133815319555954
750,48,"beta1",0.788484743845747,0.812385250094728,0.0881831982955277,0.585027836911973,0.739151063887135,0.812385250094728,0.854985575418719,0.901151353825108
750,49,"alpha0",0.331475675357144,0.297025746424571,0.165418166811255,0.101807460611578,0.187828290957495,0.297025746424571,0.468538196298953,0.679856531219362
750,49,"alpha1",0.120847147117726,0.113777674542529,0.0416765823886425,0.0585543839490783,0.0907393964933643,0.113777674542529,0.143301022706327,0.220361989603437
750,49,"beta1",0.572644107630375,0.608412730496961,0.176466290434426,0.207501456676838,0.423471365359806,0.608412730496961,0.724646192383327,0.815006459052057
750,50,"alpha0",0.157384722290581,0.14661615662757,0.0821258019710759,0.0585548335125037,0.0894182389335163,0.14661615662757,0.203552621238376,0.37625946136774
750,50,"alpha1",0.072151359083751,0.0685219561757352,0.0317321218826009,0.0233042405083013,0.0494349592594672,0.0685219561757352,0.0908729655245972,0.143862514162235
750,50,"beta1",0.768799177869068,0.780069149012268,0.101814112164873,0.521206067426049,0.70964403531892,0.780069149012268,0.852564054787217,0.908719916230424
750,51,"alpha0",0.109187538807914,0.0839344112835382,0.0945298707135417,0.048883118236261,0.067832968502946,0.0839344112835382,0.111343765457698,0.520167935705091
750,51,"alpha1",0.0768953826969507,0.0733317459981331,0.0259846278830152,0.0374765620141014,0.058480869668869,0.0733317459981331,0.090826355876998,0.136816535974238
750,51,"beta1",0.817718037798739,0.842279521524378,0.102761302162603,0.370400566474594,0.810188479645996,0.842279521524378,0.865280988275493,0.899692018131496
750,52,"alpha0",0.116331803127393,0.108525923392847,0.0501658946467341,0.0629129142552137,0.0886622463753661,0.108525923392847,0.132171350787332,0.209329432656985
750,52,"alpha1",0.113263746585432,0.111022293510211,0.0313007047267302,0.0579995024876401,0.0916722572954651,0.111022293510211,0.131788756813018,0.18148907775183
750,52,"beta1",0.796272518231446,0.802959042814495,0.0543292817933977,0.691335470076652,0.771934148161147,0.802959042814495,0.830091244884504,0.870983460861843
750,53,"alpha0",0.101305207969798,0.0711165736823792,0.0969755515526703,0.0351959770224535,0.0527807968789926,0.0711165736823792,0.0993468292740973,0.481260032481281
750,53,"alpha1",0.0809764289159353,0.0780872700586374,0.0272932099705163,0.0367015381966555,0.061792194131745,0.0780872700586374,0.0969444874519142,0.142814144979025
750,53,"beta1",0.81436266029426,0.848021822295426,0.112864391936651,0.398101903426527,0.804260487129387,0.848021822295426,0.874497954292154,0.914297789991241
750,54,"alpha0",0.117316599673052,0.106975642969415,0.0559139399482044,0.0427310865430041,0.0861023779172001,0.106975642969415,0.13417070460735,0.246740423946078
750,54,"alpha1",0.138768092366012,0.135774416062631,0.0363392128621778,0.0769462254909034,0.112750594083931,0.135774416062631,0.15982961309723,0.219610839118557
750,54,"beta1",0.746523912070448,0.756617566101507,0.0759125506585165,0.570954023778587,0.714618158884578,0.756617566101507,0.793546341705068,0.864112246263672
750,55,"alpha0",0.200681537490636,0.182227783808429,0.0745353600331323,0.10132429477523,0.146713363521286,0.182227783808429,0.238871623982597,0.384268628573377
750,55,"alpha1",0.189133717624519,0.184569568850013,0.0539520951006486,0.0963834633725798,0.149897473452446,0.184569568850013,0.223891601665195,0.2989888971792
750,55,"beta1",0.58493119702045,0.600590841560415,0.109818892661837,0.325944444656192,0.524018540827132,0.600590841560415,0.668982446160159,0.746734006979078
750,56,"alpha0",0.298328428819078,0.221472608073323,0.190909068063582,0.0901553898572191,0.128148823143537,0.221472608073323,0.458333611823881,0.673843093553155
750,56,"alpha1",0.062155742068737,0.056907806040313,0.0341499240632668,0.0109372213001742,0.036934411879705,0.056907806040313,0.0819013018518969,0.139481891912733
750,56,"beta1",0.590267153199483,0.68418211816809,0.237506092006148,0.132569838443495,0.383234333817606,0.68418211816809,0.796919483465559,0.864116252356877
750,57,"alpha0",0.0642700039406543,0.0580739963555637,0.0476033355739393,0.0180663280472755,0.0401068960990151,0.0580739963555637,0.0756940542292189,0.134276256765096
750,57,"alpha1",0.104946119508336,0.102391270196061,0.0290326937839662,0.0576153770364148,0.0858773315373367,0.102391270196061,0.120779473669848,0.161577508972223
750,57,"beta1",0.840995034418079,0.848397990953433,0.0599003993246635,0.746484204265736,0.820989176603534,0.848397990953433,0.874750494393096,0.910429812300816
750,58,"alpha0",0.232925504491722,0.218468247829885,0.0795271333001038,0.12132741185426,0.173862713560246,0.218468247829885,0.280716992556021,0.41023346760406
750,58,"alpha1",0.167553504369508,0.165685080780007,0.0414006141051027,0.0903734488946066,0.138460435295307,0.165685080780007,0.194649546465084,0.251249738364266
750,58,"beta1",0.590321533833961,0.600683938239133,0.10323399037139,0.352444816715174,0.530159079089582,0.600683938239133,0.662703363405898,0.757470646820949
750,59,"alpha0",0.260121193922239,0.23877701423955,0.126782738324112,0.0718007011654107,0.170122688352157,0.23877701423955,0.317825718963233,0.552470655812538
750,59,"alpha1",0.110884031575058,0.105132958039057,0.0433264164985899,0.0403196953067996,0.0808089230119743,0.105132958039057,0.135905044037759,0.211238926894151
750,59,"beta1",0.61982656677722,0.639627525686431,0.154558979906456,0.268734212202148,0.544866410692892,0.639627525686431,0.733129854260434,0.863982257719042
750,60,"alpha0",0.114123061025505,0.0909308126177117,0.0890115096124671,0.0405451006751034,0.067943494501469,0.0909308126177117,0.11927452165713,0.443194653771882
750,60,"alpha1",0.087826713748808,0.0843230042445267,0.0299676867697333,0.0414033066493438,0.0671309731869023,0.0843230042445267,0.10436998252651,0.153257354588903
750,60,"beta1",0.789178718967708,0.818757788248852,0.114233134771976,0.367788204325219,0.772770155067116,0.818757788248852,0.851976787767238,0.892775851422045
750,61,"alpha0",0.162569674795882,0.116097778498855,0.125211714595125,0.0461411287441565,0.081526340786256,0.116097778498855,0.193374072497019,0.516174180810599
750,61,"alpha1",0.0984058412250347,0.0946986213018325,0.041776016405391,0.0277006947156518,0.0687596805021683,0.0946986213018325,0.124492892190121,0.186766094834552
750,61,"beta1",0.687078022256654,0.743835516525719,0.175577861881523,0.222475153853248,0.634686988541815,0.743835516525719,0.802877991284985,0.892761368524166
750,62,"alpha0",0.0909953624214922,0.0812484153249002,0.0494033899710199,0.0335593710190592,0.063024007927267,0.0812484153249002,0.1030643595751,0.217416751433394
750,62,"alpha1",0.107207013858605,0.104933499595307,0.0301583643483602,0.0576539130797851,0.0849158450610871,0.104933499595307,0.125755508761465,0.173494583195848
750,62,"beta1",0.80259503865012,0.81149235653565,0.0644774025729599,0.640152132768085,0.777124095211903,0.81149235653565,0.8431157310872,0.887878334645851
750,63,"alpha0",0.0852253805944114,0.0712484855100717,0.0510025406392124,0.0252381127602749,0.0524910639433761,0.0712484855100717,0.104696043079882,0.198157985031299
750,63,"alpha1",0.0764783741591805,0.0734925415951687,0.0238795301048096,0.038754475171064,0.059820525455862,0.0734925415951687,0.089523292698098,0.130510548249369
750,63,"beta1",0.82866769496356,0.846552096380523,0.0697727814835189,0.669300314715131,0.800310725532513,0.846552096380523,0.874065589042653,0.911793058612948
750,64,"alpha0",0.219747361310102,0.198540581910137,0.101314971785156,0.0876372214374233,0.151416449175642,0.198540581910137,0.26413464325861,0.495883022164949
750,64,"alpha1",0.114130561913738,0.109976610055926,0.0358342122758884,0.054585848607972,0.0884412108863227,0.109976610055926,0.135982361587648,0.189182590435301
750,64,"beta1",0.6445663156636,0.665722745470408,0.125332559729772,0.308681718036786,0.585507892729402,0.665722745470408,0.732056021109377,0.820464392692548
750,65,"alpha0",0.111816586406979,0.0897588800532397,0.079125240925401,0.0420104347189414,0.0683413836305033,0.0897588800532397,0.121044251278508,0.394683464402569
750,65,"alpha1",0.0927613888182369,0.0883528436479703,0.0313815817793233,0.0437803256326094,0.0713364286787784,0.0883528436479703,0.108988182036864,0.167635853352945
750,65,"beta1",0.780857447988029,0.807803301367245,0.106370456402529,0.421643632321007,0.762066154529828,0.807803301367245,0.842320571443877,0.889018263488263
750,66,"alpha0",0.136203634158493,0.116795921864647,0.0716793201399044,0.0582839294634583,0.0866300231079623,0.116795921864647,0.158835559955433,0.320480777768893
750,66,"alpha1",0.0883096610873346,0.0834850076739089,0.0327998511676728,0.0394394151487702,0.0650777148313031,0.0834850076739089,0.105360673604676,0.16777409351738
750,66,"beta1",0.775059122013425,0.796588364510515,0.0899865253768551,0.549460486680341,0.740818007718441,0.796588364510515,0.838199670097525,0.881361066932419
750,67,"alpha0",0.116932302752697,0.0999227653761802,0.0711002864975736,0.0505517342856585,0.0766539486921786,0.0999227653761802,0.130470105442204,0.391148481028456
750,67,"alpha1",0.0972735079390946,0.0936377077136982,0.0335523417551449,0.0433999552088453,0.0734048795023815,0.0936377077136982,0.117167265817547,0.172696163464214
750,67,"beta1",0.78025247662378,0.795374561277122,0.0909940835379378,0.473022360131183,0.751644211384836,0.795374561277122,0.8352861996157,0.888170729259866
750,68,"alpha0",0.173898408630234,0.155740377773166,0.0803851637052633,0.0603855498751889,0.117937718063297,0.155740377773166,0.217000781312967,0.396795588857525
750,68,"alpha1",0.106136952018276,0.1040164111726,0.0335204981719998,0.0509865301906882,0.0825156819317009,0.1040164111726,0.125810223439113,0.176623209727719
750,68,"beta1",0.722153242684063,0.734698997004266,0.0978920630631157,0.468140907126934,0.670579822476364,0.734698997004266,0.793003942710023,0.873620101332198
750,69,"alpha0",0.222599467640612,0.204051447306528,0.100660360205887,0.0722294671262845,0.151109775104714,0.204051447306528,0.276975603713387,0.47499748393084
750,69,"alpha1",0.120096704870422,0.114738129036806,0.0402447429128132,0.0579165404245587,0.0913631592021017,0.114738129036806,0.142946682751102,0.215645629667457
750,69,"beta1",0.645652836233183,0.661024650128974,0.120903010683221,0.349972570983886,0.578560279965836,0.661024650128974,0.738527466458154,0.825437418074964
750,70,"alpha0",0.0761526835087547,0.0602676716473839,0.059883855060701,0.0217580144913629,0.038162722857137,0.0602676716473839,0.0942850048616698,0.267584834611236
750,70,"alpha1",0.101749523952238,0.0962509600587608,0.0337018881314554,0.0512844776963593,0.0778688852982971,0.0962509600587608,0.120296812623807,0.182617792593798
750,70,"beta1",0.821631602097048,0.842198640388669,0.0851159158826141,0.555369917362606,0.787633305576085,0.842198640388669,0.876292511203829,0.918133783637714
750,71,"alpha0",0.151134844501085,0.133944373244999,0.069783275667186,0.0588763339376289,0.106001383164366,0.133944373244999,0.176848123481712,0.347456823381901
750,71,"alpha1",0.181600371022957,0.178681186854812,0.0442655565723735,0.107187929573387,0.14826398411635,0.178681186854812,0.208826599665872,0.277970870122369
750,71,"beta1",0.669548873332481,0.68569142789984,0.0977641428828504,0.413388148336613,0.621533359099392,0.68569142789984,0.735440254944122,0.812582318869979
750,72,"alpha0",0.132197474742246,0.105331379204996,0.0907472819666428,0.04739370718291,0.0783783193834947,0.105331379204996,0.147346892988556,0.435659368685527
750,72,"alpha1",0.0838097906168284,0.0779147404249547,0.0347195454571515,0.0334882203828549,0.0604490798964689,0.0779147404249547,0.101343314904832,0.165819414023728
750,72,"beta1",0.797764267996432,0.823019297101635,0.103294951931899,0.464576768672117,0.770453603436573,0.823019297101635,0.861979130077023,0.913201082571152
750,73,"alpha0",0.285627214393156,0.120839845399436,0.288369232303363,0.044028603921031,0.0833856158492092,0.120839845399436,0.525633265258706,0.927267965898187
750,73,"alpha1",0.048832454263153,0.0447484320250658,0.0321233406677262,0.00302673931040343,0.0254762547561712,0.0447484320250658,0.0664195346518452,0.120067737447046
750,73,"beta1",0.675997392622185,0.821169272049656,0.274550945791038,0.0787626369032383,0.431592066466152,0.821169272049656,0.875738558182495,0.924438201575257
750,74,"alpha0",0.143512172585803,0.0750162882840335,0.172465573833201,0.0316006770900823,0.0552690424763376,0.0750162882840335,0.129172783148079,0.7668581666482
750,74,"alpha1",0.0887143394156541,0.0817524471444311,0.0401977924039193,0.037831916576202,0.061514957484103,0.0817524471444311,0.105343509154583,0.195469153536419
750,74,"beta1",0.783067091287129,0.850910136446071,0.183216201716492,0.147248251470428,0.784596074942084,0.850910136446071,0.884728042767452,0.9225246041728
750,75,"alpha0",0.312329882041611,0.258959985531818,0.225606149158943,0.0345725026329112,0.115839077256866,0.258959985531818,0.46040360743931,0.818030862954021
750,75,"alpha1",0.0930364103845746,0.0852497832912315,0.0489646560754187,0.016911338764998,0.0556414670017986,0.0852497832912315,0.123227442925534,0.205348971984291
750,75,"beta1",0.587760846230903,0.617569086955592,0.25438335842939,0.0519612358277348,0.412431256257376,0.617569086955592,0.819150155374322,0.92938965828792
750,76,"alpha0",0.125770056183816,0.100275669455769,0.0807204099449798,0.0509131574007134,0.0750363325982284,0.100275669455769,0.151717893769402,0.386517259693902
750,76,"alpha1",0.134585522028095,0.128520582828095,0.0409871343514529,0.0719444373325052,0.10519897442966,0.128520582828095,0.156758198661159,0.235752829714788
750,76,"beta1",0.74379369342076,0.771660201213461,0.105442988935393,0.412441283076923,0.702616110957281,0.771660201213461,0.812986629611972,0.867046532963883
750,77,"alpha0",0.20605012491723,0.19924417843751,0.0776905016481755,0.0868497627700557,0.146633330280856,0.19924417843751,0.256234255782223,0.36887464325814
750,77,"alpha1",0.109141720568245,0.104029631699418,0.038452045755678,0.0496659663136255,0.0817321982688853,0.104029631699418,0.131581474281436,0.188710937631659
750,77,"beta1",0.692432970066735,0.700210085446921,0.0967466996557566,0.499552803121477,0.628278755708377,0.700210085446921,0.765932098880677,0.852291771008865
750,78,"alpha0",0.125906799248546,0.105964870882511,0.0735605310941648,0.0539221433187172,0.0804316603327887,0.105964870882511,0.148053407389518,0.302474853149702
750,78,"alpha1",0.0824853472844444,0.0795140612364448,0.0310695469178355,0.0339500134188305,0.0611360150684428,0.0795140612364448,0.0993404459170305,0.148558324769587
750,78,"beta1",0.765544792642022,0.790365777482811,0.103618656528953,0.510028305816825,0.729788943772157,0.790365777482811,0.830450584881239,0.879715269209834
750,79,"alpha0",0.29955050045704,0.299747057431128,0.090838490583066,0.135527551128883,0.229150022458676,0.299747057431128,0.366722020185073,0.472099907881852
750,79,"alpha1",0.167269175631788,0.160001488997475,0.0579173415046143,0.0773421459994944,0.12696664708334,0.160001488997475,0.199879091759288,0.304946912743689
750,79,"beta1",0.508655700206167,0.498108423721092,0.120555570501004,0.303397611848982,0.415122961335609,0.498108423721092,0.598779627128933,0.751702855116602
750,80,"alpha0",0.31470914385795,0.297592951129572,0.102125228179221,0.165975192573284,0.239748391325775,0.297592951129572,0.367975765296684,0.546903707869813
750,80,"alpha1",0.152651937101723,0.149776774438447,0.046999290247919,0.0731249480122578,0.11954437362909,0.149776774438447,0.179579102464695,0.259217974661955
750,80,"beta1",0.498836309585139,0.514207888844134,0.125573123972671,0.231955528689329,0.418588913458816,0.514207888844134,0.590688097977086,0.706235416952144
750,81,"alpha0",0.19214410312176,0.159710737411703,0.125277453352403,0.0702144590511309,0.117619581254019,0.159710737411703,0.210559796468727,0.627732784840734
750,81,"alpha1",0.105012254101744,0.099642607802924,0.0423600728071101,0.0370981174135594,0.0748166893948059,0.099642607802924,0.129306448643001,0.205198387387184
750,81,"beta1",0.682206066084225,0.718098311894257,0.1468054588032,0.19941229466242,0.638564762566995,0.718098311894257,0.775909448236483,0.850610240646638
750,82,"alpha0",0.0822060318188351,0.0765826342812187,0.0402796470500576,0.0356418887720487,0.0588296809238634,0.0765826342812187,0.0931931346742542,0.193590179936015
750,82,"alpha1",0.0983779482808341,0.0960319214939238,0.0269744349778052,0.0552636319243097,0.0794047535443735,0.0960319214939238,0.113767827052949,0.157441148777623
750,82,"beta1",0.831855547021422,0.837741344383602,0.0485557801445716,0.720299557615037,0.812467730760218,0.837741344383602,0.861948399798251,0.896342523455928
750,83,"alpha0",0.113642005521998,0.104048168936862,0.0467113473809487,0.0592148428119424,0.0844523715138855,0.104048168936862,0.134105354463142,0.200608550354377
750,83,"alpha1",0.139160197640873,0.135604048357516,0.0358464315609013,0.0816956988950346,0.114248251926023,0.135604048357516,0.159130353936315,0.222663702000115
750,83,"beta1",0.757101866063007,0.766478939470694,0.0650124115595523,0.628346030039744,0.724366783788095,0.766478939470694,0.800973120148961,0.850134230861603
750,84,"alpha0",0.163659597405751,0.146588951206389,0.0778947168390515,0.0559020316641308,0.103755213787601,0.146588951206389,0.209176017570584,0.352473408718202
750,84,"alpha1",0.114801614440887,0.110647762983977,0.0397233550609003,0.0527828801172248,0.0848583046532327,0.110647762983977,0.140148485577971,0.19979113074108
750,84,"beta1",0.690133595424278,0.708248224859736,0.11824771964726,0.426611492739116,0.618571485027571,0.708248224859736,0.779052929925614,0.864894378870845
750,85,"alpha0",0.0550190607606297,0.0449973267473127,0.0456251272994858,0.0275181823120874,0.0367520033116871,0.0449973267473127,0.0582291991338007,0.153387555019755
750,85,"alpha1",0.0682758388229151,0.0647269992043256,0.0242394199762063,0.0356691749853875,0.0532607623011474,0.0647269992043256,0.0790507815978742,0.11586177040009
750,85,"beta1",0.870887212085664,0.884108188166654,0.0658849701335173,0.736391153385115,0.862443656165354,0.884108188166654,0.899871260493807,0.924135564406823
750,86,"alpha0",0.184915152479308,0.176504596385148,0.0633920467180754,0.0766657372044773,0.14375674291414,0.176504596385148,0.216305081449129,0.348492803874306
750,86,"alpha1",0.159776249179507,0.155199180948854,0.0435840067672376,0.0857745427368725,0.129867058197984,0.155199180948854,0.185834848201255,0.259159684889614
750,86,"beta1",0.679377902977558,0.684457922159747,0.0771540560020821,0.481646118284072,0.639728917198326,0.684457922159747,0.729022935739071,0.809299731486806
750,87,"alpha0",0.180327434931416,0.103824571854395,0.16943618937059,0.0391203419525421,0.0659992730237413,0.103824571854395,0.234322828926989,0.620056462948719
750,87,"alpha1",0.0932851370801733,0.0809389466412635,0.0497395818618662,0.0279437751622855,0.0573809058958654,0.0809389466412635,0.118124788069572,0.215030359028462
750,87,"beta1",0.726368243315118,0.814983181812686,0.207128048739786,0.230038991229192,0.631712007552135,0.814983181812686,0.875048650194847,0.924572281298182
750,88,"alpha0",0.184909936140403,0.142372432730709,0.12305712090835,0.0598309026303686,0.091157319726814,0.142372432730709,0.238913981021119,0.493654846134503
750,88,"alpha1",0.0921051017705,0.0882276767864815,0.0362904061699618,0.0313985723299295,0.0654487194980959,0.0882276767864815,0.114359200366076,0.169616330121911
750,88,"beta1",0.704918496143493,0.751310143922724,0.1502343857278,0.349054013206424,0.63576770429053,0.751310143922724,0.82221268228794,0.881938053365485
750,89,"alpha0",0.110696526434232,0.106519069981019,0.0540156009225151,0.0374157012478244,0.0746375585833632,0.106519069981019,0.136657413964263,0.212849063837655
750,89,"alpha1",0.129787812950093,0.125983123483931,0.0374972413933495,0.0729035734714814,0.10441328393016,0.125983123483931,0.14911250692053,0.211079144551507
750,89,"beta1",0.760149166284075,0.767383488260108,0.0770860531813192,0.620204842671111,0.719357235812715,0.767383488260108,0.812278463589665,0.86998520564147
750,90,"alpha0",0.100674837477988,0.0840970009717229,0.0681218142860361,0.0422092237030324,0.0659311297954283,0.0840970009717229,0.110569854464782,0.350378318940988
750,90,"alpha1",0.0925231847662788,0.0884207576098571,0.0316078193846648,0.0429527879356591,0.0708308283209135,0.0884207576098571,0.108919051197471,0.164008982736924
750,90,"beta1",0.809472555829791,0.827429663402433,0.0831332162623847,0.523134190408666,0.790568896662804,0.827429663402433,0.855804170144128,0.891101204799733
750,91,"alpha0",0.329997643298192,0.328910702704177,0.108020171978411,0.131189446770896,0.254903264205189,0.328910702704177,0.405502904774081,0.548090931086524
750,91,"alpha1",0.133743695586019,0.128848215031038,0.0421883318515381,0.0646593739186628,0.103814992115452,0.128848215031038,0.159668755051626,0.227766177158688
750,91,"beta1",0.505482240007505,0.497600228153961,0.135192420358382,0.248883666925179,0.408433786110021,0.497600228153961,0.606256437159376,0.764526419269972
750,92,"alpha0",0.0980099526852805,0.0892897729526198,0.0481614990997975,0.0398688957291988,0.0710539503251777,0.0892897729526198,0.111747367754103,0.203101248667099
750,92,"alpha1",0.153038945326191,0.150361062554494,0.0355691988358135,0.0952555366171604,0.127995845886867,0.150361062554494,0.173137076129374,0.233803394438669
750,92,"beta1",0.75971464730349,0.769135496500281,0.0644608458289437,0.611377638886713,0.736367576967892,0.769135496500281,0.798260759377405,0.845970918610793
750,93,"alpha0",0.146710050427074,0.135477229319263,0.0679379658420313,0.0439022070582585,0.096023884304304,0.135477229319263,0.185551785430519,0.299293303004166
750,93,"alpha1",0.131532556674243,0.125656574530233,0.0468432529913638,0.0603220230516311,0.0994197050877004,0.125656574530233,0.155743429949162,0.236734267841734
750,93,"beta1",0.734805012554665,0.747912103477088,0.0946819156379158,0.53664142949909,0.676977885511522,0.747912103477088,0.806720717354439,0.884715382838399
750,94,"alpha0",0.192734237106316,0.187309950468952,0.0593566414888555,0.106390011333725,0.150984635700052,0.187309950468952,0.222127458877615,0.344452911836136
750,94,"alpha1",0.203514788881368,0.200857746714141,0.0474124182176334,0.121247552888148,0.168946175436054,0.200857746714141,0.232526894575199,0.31211320081327
750,94,"beta1",0.638520815183906,0.64439438232099,0.074256992678543,0.460732557294165,0.597349908187715,0.64439438232099,0.688792026600158,0.763012720330017
750,95,"alpha0",0.154943023043254,0.137659713528847,0.0708449673670854,0.0673244565743279,0.102313630485418,0.137659713528847,0.189104378767764,0.342543711236034
750,95,"alpha1",0.136330146937385,0.133043369509053,0.0370976685067931,0.0725030515163936,0.109577011965473,0.133043369509053,0.159457051364944,0.215348089811069
750,95,"beta1",0.700753722564032,0.71706626457358,0.091012783064757,0.470773055743049,0.654818595106129,0.71706626457358,0.766738935097058,0.830130566241857
750,96,"alpha0",0.193737594133984,0.177934441171826,0.075528867541436,0.0965568220751165,0.146711397412454,0.177934441171826,0.226371606834881,0.38740743935925
750,96,"alpha1",0.11535723539506,0.112473054338433,0.0394801448881558,0.0482267771657107,0.0880538216960518,0.112473054338433,0.13918526891964,0.193591129271282
750,96,"beta1",0.663972533102228,0.680988550944092,0.103704287039131,0.40652285937948,0.611114405351911,0.680988550944092,0.730544388253846,0.817817888643953
750,97,"alpha0",0.165889596690865,0.155078308630117,0.0745642334218895,0.0671130579405172,0.110659440449367,0.155078308630117,0.197534472445536,0.374066620522496
750,97,"alpha1",0.111335392357271,0.109660250729485,0.0373099241755019,0.0455710876433368,0.0855194135743443,0.109660250729485,0.132781355731213,0.194369545624472
750,97,"beta1",0.719420933768038,0.731759886590154,0.0917496730367277,0.479241667886949,0.673696025980361,0.731759886590154,0.784313595860012,0.852454405185737
750,98,"alpha0",0.448531899375353,0.454585336826057,0.175197859388716,0.113309760418804,0.322711804497857,0.454585336826057,0.578663545042356,0.779810334986422
750,98,"alpha1",0.172477728693879,0.169234139603743,0.0534937223005918,0.0742367338781629,0.136158112926399,0.169234139603743,0.20578396617438,0.283369326162361
750,98,"beta1",0.433293050249582,0.419664622011151,0.185378219646442,0.0924049260371139,0.29655423716071,0.419664622011151,0.564327292674027,0.815901207040167
750,99,"alpha0",0.112115727596283,0.0891239287882214,0.0854236592583122,0.0453314080833457,0.0668174871965395,0.0891239287882214,0.117248211229786,0.421112478744396
750,99,"alpha1",0.109309254432063,0.104851761242742,0.0341749163076948,0.0589010676804534,0.0866665250925726,0.104851761242742,0.126151809193182,0.187356728545996
750,99,"beta1",0.788032843545032,0.812856285416341,0.0996055781800903,0.43388990004039,0.773536438464216,0.812856285416341,0.8426798315385,0.88137671570696
750,100,"alpha0",0.18146252978712,0.0759983173519518,0.187235739928267,0.0311886882308391,0.0490556589972455,0.0759983173519518,0.262443150442907,0.648755564111389
750,100,"alpha1",0.0689832568529507,0.0637798806398553,0.0301458571005424,0.0248528813695925,0.0472550664078899,0.0637798806398553,0.0857630735087876,0.138279301878778
750,100,"beta1",0.727467455309354,0.846225384739508,0.22595917571663,0.169389306262102,0.622462557509734,0.846225384739508,0.890660255484472,0.928876686045291
750,101,"alpha0",0.149660089836624,0.124182591634466,0.109645327766558,0.0470778826407416,0.0808326006323769,0.124182591634466,0.17238544093367,0.54459364970304
750,101,"alpha1",0.0971020899414688,0.0931610353585078,0.0343848914173588,0.0419352375873316,0.0732222367410908,0.0931610353585078,0.116158820276053,0.174929231003648
750,101,"beta1",0.719326827769553,0.752771688217934,0.145767754027985,0.207466433955407,0.675977353827826,0.752771688217934,0.811685720113768,0.877588161208191
750,102,"alpha0",0.138222789700837,0.10615926005919,0.11767933055798,0.0460455521410202,0.083341000092397,0.10615926005919,0.136762677363142,0.572592041638452
750,102,"alpha1",0.0906373181803988,0.0886195199530779,0.030582722381549,0.0290364604792874,0.07156126529601,0.0886195199530779,0.109093043467109,0.152800427995962
750,102,"beta1",0.766634924611633,0.796484753819064,0.124752261656598,0.282865897884842,0.755324968338855,0.796484753819064,0.830811227588101,0.883195792880335
750,103,"alpha0",0.176607083405574,0.111857371197522,0.185596834860416,0.036957278857397,0.0689259272711004,0.111857371197522,0.173113645388912,0.760778901309821
750,103,"alpha1",0.0798830076043015,0.0746835411011355,0.0387345505842559,0.0212452531886628,0.0519759442640938,0.0746835411011355,0.101182212059941,0.170554714137819
750,103,"beta1",0.750388315306605,0.813097477640312,0.200088560722341,0.132152597063274,0.734642331358231,0.813097477640312,0.872890229199122,0.925428204783441
750,104,"alpha0",0.376890846688999,0.384820044227318,0.161891367369953,0.0666363141668952,0.262500683129137,0.384820044227318,0.498940218546983,0.667532858333119
750,104,"alpha1",0.155642389203363,0.151600722763982,0.0516261630180069,0.0724127651170492,0.118332541601333,0.151600722763982,0.186404170568842,0.274026673305904
750,104,"beta1",0.45180909586223,0.432680310219295,0.193437035350609,0.116944773168207,0.299832950400005,0.432680310219295,0.585709731197026,0.847055313051219
750,105,"alpha0",0.0918706919722745,0.0840441830041146,0.0468704897545997,0.0393563110156245,0.0678132425708214,0.0840441830041146,0.105492677785715,0.170991231060189
750,105,"alpha1",0.108420729462406,0.105438816464932,0.029817779388551,0.0602586750375639,0.086966150501658,0.105438816464932,0.125935034147686,0.171087439181586
750,105,"beta1",0.800466712943118,0.809115945005052,0.0633626032552744,0.678732542087219,0.776323338534503,0.809115945005052,0.837980829067654,0.884641229079187
750,106,"alpha0",0.197863971890272,0.174940363287302,0.076391636432872,0.105500398316665,0.141999043593175,0.174940363287302,0.238243658014372,0.384240807989211
750,106,"alpha1",0.134387898906881,0.131308902618273,0.0370814151288683,0.0697777032710174,0.107745708758072,0.131308902618273,0.157502067182432,0.21504089555269
750,106,"beta1",0.68867035081233,0.708124909060302,0.0890208308220091,0.488662096015901,0.641711566790738,0.708124909060302,0.752072467616207,0.81704857066805
750,107,"alpha0",0.178510991606531,0.164181962765187,0.0743371616122666,0.0742916340979347,0.130244842728298,0.164181962765187,0.211297226807809,0.378872006801687
750,107,"alpha1",0.102463838447767,0.0988682170418658,0.0352894344002182,0.0461043856655577,0.0769973781128718,0.0988682170418658,0.124276926999934,0.177171650045158
750,107,"beta1",0.72186002583697,0.735750093343061,0.0889518350844941,0.48877231044833,0.677535188625138,0.735750093343061,0.783057905661763,0.856039793871293
750,108,"alpha0",0.149343441106598,0.10846315604969,0.119082258213166,0.0350546705601399,0.0634676998556772,0.10846315604969,0.197278447960901,0.509545501022612
750,108,"alpha1",0.109360115879917,0.107038151374198,0.0356485471964743,0.0464281774505212,0.0856505818316488,0.107038151374198,0.128882461125314,0.190537725417651
750,108,"beta1",0.730229298181704,0.772487027855808,0.148410380798268,0.30345461538314,0.664882197089574,0.772487027855808,0.839929568458019,0.894747435400567
750,109,"alpha0",0.346450125290761,0.111901119545249,0.354570248992799,0.0315420584983548,0.0627181161570038,0.111901119545249,0.740068464539982,0.980793496116491
750,109,"alpha1",0.0808588869467526,0.0755611502388061,0.0376588036139322,0.0217440956600884,0.0533780679339478,0.0755611502388061,0.101951749379042,0.171683934298386
750,109,"beta1",0.595764077894993,0.806648556585718,0.345187526521201,0.0192057631737964,0.212870052866791,0.806648556585718,0.877621736883654,0.924721084008368
750,110,"alpha0",0.119539704955347,0.11027706719139,0.064508487637215,0.0310815238256256,0.0733726226219263,0.11027706719139,0.154660001883705,0.281339103640028
750,110,"alpha1",0.113826453198276,0.110143576730793,0.0329690872787638,0.0588674118339581,0.0902299402250355,0.110143576730793,0.134242788822039,0.184178438347514
750,110,"beta1",0.773511139600909,0.780917133848782,0.0807856811470655,0.578926238378,0.725791170565936,0.780917133848782,0.832006340526461,0.89719992086863
750,111,"alpha0",0.0929319994667332,0.0742444972115418,0.0816897215655527,0.0327555574712083,0.0577262331219432,0.0742444972115418,0.0953081240683193,0.443498263142084
750,111,"alpha1",0.11761079425025,0.113327301983862,0.0334713749010736,0.0642210178358404,0.0936846334039631,0.113327301983862,0.137819586033898,0.190593429447685
750,111,"beta1",0.800659813830953,0.818361309060958,0.0882670789150535,0.446488557904836,0.787878992577848,0.818361309060958,0.845047758737717,0.888827647520738
750,112,"alpha0",0.126467515581614,0.119208491290202,0.0506499886202278,0.0640132229991642,0.0940338242002629,0.119208491290202,0.14634925981698,0.240178610172834
750,112,"alpha1",0.14369518486114,0.14080014926393,0.0341229585815705,0.0841535613013225,0.120888107352907,0.14080014926393,0.162374664183627,0.221895152770386
750,112,"beta1",0.741763590966687,0.746927401565036,0.0636520469891825,0.607886877720865,0.713587951608187,0.746927401565036,0.781876324004689,0.83474058609994
750,113,"alpha0",0.220472849065591,0.21031075744042,0.0763630967677157,0.104643313893612,0.165060869070651,0.21031075744042,0.265192422607623,0.405260708502295
750,113,"alpha1",0.089591067287817,0.0878977388442534,0.0322587363032116,0.0301430532958955,0.0670792074833,0.0878977388442534,0.110468169343362,0.155922814102871
750,113,"beta1",0.675323900684412,0.684946221741814,0.0876134788375365,0.4714825545713,0.621806380091454,0.684946221741814,0.738410859192473,0.817845166952165
750,114,"alpha0",0.119203979172221,0.112244836285403,0.048891668864214,0.059723455514662,0.0882592421640781,0.112244836285403,0.138040761337926,0.224875388054995
750,114,"alpha1",0.14394311247207,0.141102531614962,0.0343342377593031,0.0842893989454943,0.119457742753676,0.141102531614962,0.16601042115016,0.215484292019458
750,114,"beta1",0.744779642710764,0.75198837391594,0.0616189099280188,0.618224603533351,0.715547456477135,0.75198837391594,0.784044023800982,0.838223042086705
750,115,"alpha0",0.213389334380383,0.142553846076915,0.148318170806722,0.0545839307545608,0.10217786091297,0.142553846076915,0.313418192267132,0.568832653620105
750,115,"alpha1",0.120882980327325,0.115536914614896,0.0457844633395096,0.0454260134443632,0.0886852198699483,0.115536914614896,0.145684641525233,0.234121788461418
750,115,"beta1",0.636950702503775,0.720164908209609,0.197063450964048,0.180060141886439,0.486807396788239,0.720164908209609,0.789750209892628,0.877909397682449
750,116,"alpha0",0.0641278018411338,0.0526488114491733,0.0467452744159192,0.0238327120863738,0.0401033883656087,0.0526488114491733,0.0746438316275757,0.185205243587913
750,116,"alpha1",0.093962507755131,0.0905984688039454,0.0313602919774865,0.0456511978018697,0.0729537290804649,0.0905984688039454,0.110449118792096,0.161093098685098
750,116,"beta1",0.855198021654048,0.865921759902086,0.0613309167906251,0.700647616898849,0.834283954875811,0.865921759902086,0.8914096695755,0.926752389632748
750,117,"alpha0",0.104550464694817,0.0584612350707307,0.129538112153064,0.0276644123766323,0.0456155136584337,0.0584612350707307,0.0818839475444166,0.539734524526077
750,117,"alpha1",0.0568433169186142,0.0522059452318106,0.0259797139783797,0.0225746921118128,0.0401508910859607,0.0522059452318106,0.0671087019478713,0.119739771577493
750,117,"beta1",0.835965515380274,0.888510109175937,0.148289527786087,0.334283802898803,0.852750363765068,0.888510109175937,0.908161402276733,0.935166032495089
750,118,"alpha0",0.107563434450321,0.067033603946555,0.111503463657418,0.0260744547045616,0.0493379858783768,0.067033603946555,0.101414618023275,0.454748102315839
750,118,"alpha1",0.0976947417558242,0.0907207595102976,0.0378173038115132,0.0414115116429121,0.0726632830778744,0.0907207595102976,0.11466967915991,0.192528180478217
750,118,"beta1",0.791659797558905,0.839580894441523,0.142036127966332,0.363385760098032,0.789551861272695,0.839580894441523,0.871818121588928,0.913043118211456
750,119,"alpha0",0.329168209316985,0.308834114792922,0.132744917189222,0.117777692455097,0.228139333678715,0.308834114792922,0.414038025082956,0.632736544736264
750,119,"alpha1",0.123697641003605,0.119083790985568,0.0435815933382109,0.0526144544344826,0.0928362355889688,0.119083790985568,0.149031756213381,0.222778448177908
750,119,"beta1",0.528219332006363,0.543820143113422,0.156327485386672,0.188214890436407,0.423608071704055,0.543820143113422,0.64891056037071,0.783427091366469
750,120,"alpha0",0.139235658175256,0.126817304413162,0.0615437403685205,0.059214477820809,0.0994277775019688,0.126817304413162,0.166283365501363,0.290137953767114
750,120,"alpha1",0.104567574908082,0.102887885072038,0.0307300855633419,0.0506517252287747,0.0827810212072813,0.102887885072038,0.12318240832498,0.170445584467493
750,120,"beta1",0.767450775703267,0.776087972830487,0.0723200286641223,0.593910624918351,0.731346574208412,0.776087972830487,0.815575818289539,0.87340126503427
750,121,"alpha0",0.145635818628066,0.118153951268739,0.0954245880600089,0.0563869929116743,0.084553567086632,0.118153951268739,0.174679597139892,0.410263697075413
750,121,"alpha1",0.0932160755022158,0.087303917892762,0.0370440464462211,0.0387862892495979,0.0678991100963091,0.087303917892762,0.111628359914046,0.179990602814316
750,121,"beta1",0.754259949271108,0.783852852067392,0.118080869732477,0.382769249247137,0.71056188588274,0.783852852067392,0.831889050438253,0.886768725014426
750,122,"alpha0",0.20034136859195,0.19318687560677,0.0697629608219192,0.095707829288822,0.14760521531045,0.19318687560677,0.240625372208313,0.359920315527849
750,122,"alpha1",0.146674482436432,0.143417376632121,0.0385666680518845,0.0782113598201158,0.119401749082898,0.143417376632121,0.172073837561533,0.226300291154887
750,122,"beta1",0.672455036394556,0.6754416370984,0.0831167962128501,0.497930743380587,0.621907621005662,0.6754416370984,0.734877329182313,0.806707441799377
750,123,"alpha0",0.17435592274821,0.0786248213803595,0.208574523354752,0.0302392327687004,0.0594301362717685,0.0786248213803595,0.128028166146663,0.713843007393671
750,123,"alpha1",0.135702044457992,0.123557993899056,0.0528036917106632,0.0658085266991325,0.099484434863969,0.123557993899056,0.156166292248522,0.267819826270692
750,123,"beta1",0.713936140877451,0.816866986160389,0.229149308154337,0.140218205617152,0.745450642287356,0.816866986160389,0.845214441731809,0.8928700559629
750,124,"alpha0",0.0969752901613229,0.086633454892989,0.0583162068530433,0.0284931285946996,0.050723835665055,0.086633454892989,0.12623135444005,0.235357624793623
750,124,"alpha1",0.132619700045124,0.126951981734655,0.0446775769884678,0.0615000830961778,0.101368354301678,0.126951981734655,0.157257287398568,0.23927300159485
750,124,"beta1",0.77544761671111,0.78984428568567,0.0911870228193311,0.573156409613358,0.724451735004351,0.78984428568567,0.845289576364292,0.900243036664469
750,125,"alpha0",0.174910856306848,0.154889969908472,0.0775013042211564,0.0797479965887208,0.125896421532566,0.154889969908472,0.200140245015779,0.408664576244568
750,125,"alpha1",0.127275435163651,0.123422422397214,0.0381256782836849,0.0651539110935785,0.0987899164363414,0.123422422397214,0.151260727612949,0.208989561166687
750,125,"beta1",0.711048950510267,0.730538053546023,0.0915019223771861,0.463682304595514,0.665615510458804,0.730538053546023,0.77196993707374,0.835319093429466
750,126,"alpha0",0.146551448779932,0.121361676334209,0.091094128498269,0.0353205184034128,0.0760565542644136,0.121361676334209,0.195796819668672,0.362341817276145
750,126,"alpha1",0.0804431252278032,0.0759267065063201,0.0361253129513307,0.0251981580519328,0.054434577665525,0.0759267065063201,0.100465633506699,0.163194310844427
750,126,"beta1",0.762749042338408,0.789217360388859,0.116552262018848,0.49067703731909,0.695778911792606,0.789217360388859,0.851790757841927,0.921965008456422
750,127,"alpha0",0.135307815263379,0.114925873306939,0.082203969990767,0.0492177856674942,0.0841742394642302,0.114925873306939,0.162305679422781,0.400010027870696
750,127,"alpha1",0.103424257397758,0.0991380474116948,0.0348434412960607,0.0522247028558574,0.0794097672296211,0.0991380474116948,0.120917933415636,0.180797668945256
750,127,"beta1",0.770548418378861,0.793235392812023,0.0996516098171388,0.470298445300362,0.729280027154144,0.793235392812023,0.836146723883618,0.888768142353494
750,128,"alpha0",0.198459776715484,0.18703408336836,0.0745180819514354,0.0861989007221223,0.14865013534009,0.18703408336836,0.241573729323002,0.391628480585784
750,128,"alpha1",0.152104582051284,0.148223333885139,0.0423755666212834,0.080461302293227,0.122982377174969,0.148223333885139,0.176527467880075,0.246806291918277
750,128,"beta1",0.647767245215632,0.654360410061817,0.0975046543026444,0.40974721467911,0.590934124796114,0.654360410061817,0.717427085023371,0.807049635181716
750,129,"alpha0",0.0979523274209472,0.0790945892480524,0.0656455527989301,0.0394882763937925,0.0639647647596516,0.0790945892480524,0.10175473905387,0.316147652499506
750,129,"alpha1",0.131194540036938,0.126888622099943,0.0378761053611352,0.0723270893602097,0.104699388344997,0.126888622099943,0.150901354344439,0.225746185792398
750,129,"beta1",0.774700956666427,0.796732157219552,0.091764856941024,0.481812120798247,0.757706563211645,0.796732157219552,0.827323000795457,0.874074960396771
750,130,"alpha0",0.169695060003295,0.154531938981329,0.0727694166978744,0.0803555880423159,0.121257039835811,0.154531938981329,0.200584926677281,0.40719070389047
750,130,"alpha1",0.151768743667014,0.149662056558217,0.0415712927801964,0.0781236586171077,0.122329581853293,0.149662056558217,0.177502402274526,0.236759187956833
750,130,"beta1",0.666624842022824,0.680376652522203,0.099119341419934,0.366721959936532,0.621292810536181,0.680376652522203,0.729930715789042,0.817093717126358
750,131,"alpha0",0.237012718106415,0.231908778444565,0.102200663042001,0.0696033708161677,0.156566133817828,0.231908778444565,0.308149950414726,0.45229803533063
750,131,"alpha1",0.175723649895915,0.174021205980617,0.051807311285818,0.0837957028031043,0.139358784201452,0.174021205980617,0.20771549418994,0.289127401756828
750,131,"beta1",0.594823521995231,0.594221136425314,0.135765604579589,0.323678560421274,0.501243158628337,0.594221136425314,0.701509028927755,0.835896373741492
750,132,"alpha0",0.245304948533536,0.219786363046398,0.103899304619116,0.118826853733176,0.17778985358488,0.219786363046398,0.282324661742185,0.56189203580576
750,132,"alpha1",0.121615041974513,0.118586312142499,0.0381627176074188,0.0568133822317815,0.0948531543320722,0.118586312142499,0.144064013587636,0.206944210863179
750,132,"beta1",0.568329308048843,0.597318730544329,0.140535845482242,0.120428727482692,0.51149411494942,0.597318730544329,0.661837411574707,0.755320811991112
750,133,"alpha0",0.096323405119298,0.0865070785413073,0.0463032228375002,0.0433187191697511,0.0691883834692019,0.0865070785413073,0.114657350502187,0.185054490295254
750,133,"alpha1",0.102500850487324,0.101149941029987,0.0287487954145039,0.0542579345013643,0.0828758157529154,0.101149941029987,0.118600829778017,0.159554715066775
750,133,"beta1",0.804265143939576,0.81223088375806,0.0588310499552138,0.681592215385357,0.782045419155129,0.81223088375806,0.839504242422009,0.883093743450996
750,134,"alpha0",0.16746926268579,0.142178285739319,0.0786066357586679,0.0841646970128501,0.115659304981554,0.142178285739319,0.1883622294375,0.397431490133207
750,134,"alpha1",0.12888353983893,0.124898840316225,0.0346609839247577,0.0708483096747625,0.10487307624607,0.124898840316225,0.148320831532173,0.208699764229141
750,134,"beta1",0.703604555134859,0.730071009172399,0.0957730373232866,0.447571349061173,0.668876647323778,0.730071009172399,0.768753655042261,0.820794972723351
750,135,"alpha0",0.221721262856286,0.19174138955914,0.100239326018811,0.104498439742243,0.144811530711144,0.19174138955914,0.270830689665215,0.4665228664391
750,135,"alpha1",0.114791712196022,0.112699997590758,0.0365525272651479,0.0512975227665334,0.0900370525654669,0.112699997590758,0.137105799508275,0.193365502266343
750,135,"beta1",0.68159673627747,0.707146830206773,0.0964068821293891,0.458598759800136,0.627197121667065,0.707146830206773,0.75384785853758,0.809630268032461
750,136,"alpha0",0.10874350896067,0.0971504582469034,0.0610174025169042,0.0522623915522508,0.0736880920081008,0.0971504582469034,0.123780870683944,0.332662420617932
750,136,"alpha1",0.10254565579309,0.0968424686561518,0.037322272135,0.0460118103130381,0.0757465796586863,0.0968424686561518,0.122763094306609,0.192405714448396
750,136,"beta1",0.792883258709716,0.806489226262883,0.0830713323928103,0.511994875159102,0.765612845140576,0.806489226262883,0.843637543024725,0.890917550963984
750,137,"alpha0",0.113468427685612,0.102121202576482,0.0607684538277827,0.0486972954129316,0.0816108928914115,0.102121202576482,0.130393616263559,0.208062019770374
750,137,"alpha1",0.119017359653284,0.115703750030689,0.0320311934698974,0.0665562818784098,0.0964988158254439,0.115703750030689,0.137557520336522,0.191023634424263
750,137,"beta1",0.770690607689844,0.782687098351504,0.0761748168907658,0.637593382372037,0.743807055999736,0.782687098351504,0.814213220169789,0.86726834713511
750,138,"alpha0",0.188503466047818,0.175031852004598,0.0677413477206398,0.0903331369625399,0.142201684762782,0.175031852004598,0.223787455688177,0.335985889215307
750,138,"alpha1",0.152526620085369,0.149476955051647,0.0392177564855087,0.0848689409755565,0.125193814825426,0.149476955051647,0.175839265833,0.238268712716401
750,138,"beta1",0.66692619234369,0.680006566960181,0.0842850154845115,0.487467459201503,0.615292666640241,0.680006566960181,0.723695382215753,0.804247138243157
750,139,"alpha0",0.174770711441023,0.164662725678151,0.0619298577339832,0.0867621307954708,0.131869685683644,0.164662725678151,0.199544579206731,0.311743466011896
750,139,"alpha1",0.126981527174715,0.121548377227798,0.0387053302088833,0.0658429640740952,0.0989779052573151,0.121548377227798,0.148353306399459,0.216617346999795
750,139,"beta1",0.698585847046064,0.711183955782883,0.0821787302068871,0.520168190290614,0.660738357674149,0.711183955782883,0.751854978344516,0.827706371972275
750,140,"alpha0",0.143933436233166,0.138391846053257,0.0522802872459025,0.0691977116003848,0.105115900678172,0.138391846053257,0.171136491822257,0.26677654774335
750,140,"alpha1",0.15005593978533,0.146640930525606,0.0386296637727788,0.084656353550438,0.122984030938287,0.146640930525606,0.173217840709055,0.236158322826049
750,140,"beta1",0.684645090294349,0.692157785070308,0.0826037447818751,0.49020381881201,0.638848471379107,0.692157785070308,0.746142400101585,0.812184971626818
750,141,"alpha0",0.178874314061895,0.0776195331716069,0.19562273801081,0.0388602718556704,0.0570882064365078,0.0776195331716069,0.260397160662819,0.716301135757786
750,141,"alpha1",0.0422318975743895,0.0330974110090522,0.0341889346925869,0.00422207500064634,0.0177670248156464,0.0330974110090522,0.0562792450463148,0.127959102042658
750,141,"beta1",0.761550268384291,0.877504589810433,0.230034652450119,0.156584527644148,0.655768626001192,0.877504589810433,0.910806319386088,0.944081231755875
750,142,"alpha0",0.127546037210065,0.121211749965473,0.0588280331311176,0.0532060415968645,0.0852785914104213,0.121211749965473,0.152909563160277,0.288121388248406
750,142,"alpha1",0.0875881782547474,0.0826346771108221,0.0354368179818428,0.0338551432466922,0.0627107433532994,0.0826346771108221,0.105916426384216,0.175963722288806
750,142,"beta1",0.760020618367373,0.771116861882146,0.0911568424312528,0.526799975790837,0.714487321421704,0.771116861882146,0.826984333207275,0.888500895539129
750,143,"alpha0",0.159659842137258,0.148665840741032,0.0588674759038432,0.0792598414563725,0.117502236673513,0.148665840741032,0.189850616748214,0.294638001766671
750,143,"alpha1",0.149043346725084,0.146510812906553,0.0441297012866409,0.0756023512149356,0.117732618118371,0.146510812906553,0.175771435869445,0.245651599980946
750,143,"beta1",0.703002369123614,0.710303856185175,0.0781536360444681,0.523525348015527,0.661064819545545,0.710303856185175,0.757308371897841,0.826407902576607
750,144,"alpha0",0.1012635503494,0.0945777994877998,0.0443536560184996,0.0497817039254449,0.0748952866304783,0.0945777994877998,0.114918529872934,0.223159831722286
750,144,"alpha1",0.126553670356013,0.124073360927773,0.0294475866883649,0.0746096488279599,0.107350614313828,0.124073360927773,0.143140409941671,0.191345075879741
750,144,"beta1",0.787452016925284,0.795806421459975,0.0551324675279543,0.644722055659132,0.767013931909741,0.795806421459975,0.821192184075332,0.858280271843029
750,145,"alpha0",0.348212656684272,0.321685304833769,0.146272422255887,0.124906760237928,0.239500930987671,0.321685304833769,0.43762629252953,0.678065301007058
750,145,"alpha1",0.124075654208712,0.11927891166742,0.0406107564292,0.0570076431041721,0.096271335261528,0.11927891166742,0.147123178717703,0.220728982831121
750,145,"beta1",0.49952133431685,0.528217936436252,0.16882315276817,0.129224346820809,0.393313856184217,0.528217936436252,0.629991000169015,0.76281298978004
750,146,"alpha0",0.130375502799309,0.104084623701436,0.0846052010461299,0.0449498580895765,0.0784531575979439,0.104084623701436,0.151660657953219,0.398492456807034
750,146,"alpha1",0.116971278422789,0.111754026982061,0.0366400075690151,0.0603067100992043,0.0921449422100226,0.111754026982061,0.135885243584,0.201020322332778
750,146,"beta1",0.752086982261079,0.781178073595064,0.109347137155048,0.411396135267211,0.720544011040333,0.781178073595064,0.821673143693901,0.875215470246927
750,147,"alpha0",0.0871900696052157,0.07892919412809,0.0433497942126491,0.0399762430653931,0.061698519383775,0.07892919412809,0.100584915537131,0.194239258258345
750,147,"alpha1",0.0889124447203977,0.0857925508242156,0.0267636763784135,0.0465945245621632,0.0704328968583259,0.0857925508242156,0.104599520808471,0.142057832761218
750,147,"beta1",0.826534978463385,0.83642446757711,0.0572199577518947,0.691582362791539,0.804160233462772,0.83642446757711,0.861544151390321,0.900322875304279
750,148,"alpha0",0.266603162193337,0.258019395950573,0.096492750385509,0.107300920771358,0.196308205692787,0.258019395950573,0.322591082501181,0.503037341733274
750,148,"alpha1",0.144321031198913,0.140130733275084,0.0391322220498659,0.0798584056988988,0.116882195203431,0.140130733275084,0.165899814180164,0.23478630528548
750,148,"beta1",0.613799537894679,0.622085636619965,0.107695737506319,0.361277711353832,0.55196994846931,0.622085636619965,0.689679811627469,0.806353799668382
750,149,"alpha0",0.117049704941964,0.0990316114557508,0.0667181654433308,0.0441626047477057,0.0780240529383109,0.0990316114557508,0.136530629670748,0.294968956528791
750,149,"alpha1",0.145394682475318,0.141142735391413,0.0387899626833127,0.0823079151577637,0.117598933852244,0.141142735391413,0.168467080015554,0.233210864546873
750,149,"beta1",0.73706492064839,0.757869083351699,0.0880052536355524,0.507208808510338,0.696699589933335,0.757869083351699,0.796093684826649,0.848363035205967
750,150,"alpha0",0.138921513243294,0.12673703277472,0.063606476478207,0.0632190384273056,0.0904779182569141,0.12673703277472,0.172100900464351,0.299370073261515
750,150,"alpha1",0.105992463196653,0.103570082618516,0.0310588131147447,0.0519516530545419,0.0843419577737858,0.103570082618516,0.124764891781406,0.172744081757521
750,150,"beta1",0.758811863110265,0.77287414203594,0.0784560384436896,0.573461348357073,0.717389991703972,0.77287414203594,0.815423543101951,0.864307642899002
750,151,"alpha0",0.187278647923687,0.170834968972367,0.0877911605984707,0.0786282866960624,0.128826629060535,0.170834968972367,0.220001159292379,0.446232133581645
750,151,"alpha1",0.0837242468816061,0.0808467516372945,0.0327905886341052,0.0326852148232726,0.0601466691275116,0.0808467516372945,0.103519458375652,0.151550253474625
750,151,"beta1",0.703726439133972,0.724648955891204,0.111911354185766,0.378535598743344,0.658852761958018,0.724648955891204,0.779261317938925,0.857537422836742
750,152,"alpha0",0.144451752502647,0.134915431605271,0.0676587826083745,0.0608614905079581,0.0943011786572466,0.134915431605271,0.175302158319558,0.300260617523593
750,152,"alpha1",0.136821339765714,0.131131250672342,0.0431470998304875,0.0701508519493828,0.107708816840447,0.131131250672342,0.160787246754349,0.230843783600582
750,152,"beta1",0.712079067268417,0.724914444913892,0.0955763863913536,0.496787188473458,0.661186623627907,0.724914444913892,0.779397796981575,0.846850790808645
750,153,"alpha0",0.10018068725882,0.0787589895809048,0.0866387951177026,0.0160147527188517,0.0562475266084509,0.0787589895809048,0.112572906674993,0.431647141557929
750,153,"alpha1",0.0891528629512707,0.0845342131591205,0.0333280043747621,0.0365494443834521,0.066206593234294,0.0845342131591205,0.106660971493444,0.169951420917464
750,153,"beta1",0.816149198947028,0.839168937806126,0.106064786416208,0.432681039122535,0.793509142426238,0.839168937806126,0.875562983698565,0.931549936660868
750,154,"alpha0",0.123244447762304,0.114918703883617,0.052515221951939,0.0529641578825046,0.0886301824592526,0.114918703883617,0.145456562028776,0.252874277968277
750,154,"alpha1",0.125438520495232,0.121536155549868,0.0342185035249164,0.0679332073454863,0.101864544318414,0.121536155549868,0.145275102016802,0.203444231567258
750,154,"beta1",0.769770893175931,0.778927571247364,0.0634214428185828,0.620876356353308,0.73960146748299,0.778927571247364,0.813204947741748,0.857045281023262
750,155,"alpha0",0.146153151923415,0.121128899735784,0.0843820691934682,0.0592467809882791,0.0945835810590151,0.121128899735784,0.160068146208761,0.41067135527651
750,155,"alpha1",0.0909504486931999,0.0870786206502718,0.0312886160044176,0.0414636212120793,0.0695668540792274,0.0870786206502718,0.108554461823423,0.161854824622251
750,155,"beta1",0.773533322803832,0.800024467744296,0.0969001044455264,0.490407973745266,0.748953161591454,0.800024467744296,0.834886532703838,0.887699679036395
750,156,"alpha0",0.130731648188814,0.11782128700549,0.0601530650549736,0.0572092877325582,0.0894205376661473,0.11782128700549,0.16453139569581,0.245098785410931
750,156,"alpha1",0.0863169568756209,0.0833385388297806,0.0298327213807433,0.0386363135065556,0.0658028619182214,0.0833385388297806,0.102913756441569,0.153665787180257
750,156,"beta1",0.788942370794433,0.799674019451412,0.0695032945369768,0.653903158410757,0.752263403822563,0.799674019451412,0.835244444860095,0.883817904804582
750,157,"alpha0",0.123100126068258,0.113368072104242,0.0521057305071562,0.0600934277515871,0.0924996253643388,0.113368072104242,0.142340740745614,0.231613037725323
750,157,"alpha1",0.1767968261048,0.174323492962387,0.0403829918750113,0.106165106481151,0.147948174109234,0.174323492962387,0.202239760330929,0.262647822353099
750,157,"beta1",0.723932190809314,0.732305898423721,0.0676768294541225,0.588663150936149,0.689046511936376,0.732305898423721,0.768862465371742,0.823244809127745
750,158,"alpha0",0.149186462524071,0.136607474094131,0.0642340889472899,0.0784374753711552,0.111035526200935,0.136607474094131,0.168272753925273,0.347873193852058
750,158,"alpha1",0.180521299264635,0.175976516484198,0.0435883606971489,0.109535313970713,0.14823864450882,0.175976516484198,0.208368681357002,0.277904617208225
750,158,"beta1",0.689653625292861,0.702236251123806,0.0829048932675642,0.462243635879966,0.656022518888712,0.702236251123806,0.744674642634101,0.800290916130996
750,159,"alpha0",0.0941359716526595,0.091071853589098,0.0378478148961011,0.0455722149597289,0.0687553052988309,0.091071853589098,0.111141685599347,0.159924336521088
750,159,"alpha1",0.120799527183069,0.117081393545034,0.0311763299024979,0.0700558516016554,0.100025427627427,0.117081393545034,0.138252027972148,0.18952582989126
750,159,"beta1",0.783803630291131,0.789242494835968,0.0572238668197015,0.680886016502307,0.756247464648499,0.789242494835968,0.820656835461039,0.866646686407268
750,160,"alpha0",0.103299556564251,0.0855480409150505,0.0670840759757076,0.0421241626163873,0.0667238163235836,0.0855480409150505,0.112654816747671,0.34961255961056
750,160,"alpha1",0.102288916250211,0.0989701766257856,0.0304743992725547,0.0544622577823084,0.0810104156686426,0.0989701766257856,0.119671470077963,0.171423218788646
750,160,"beta1",0.76703682277747,0.792745958015882,0.102285447154588,0.407347245222991,0.745076513443403,0.792745958015882,0.82584111876474,0.874881263802828
750,161,"alpha0",0.112949258898604,0.106706137857955,0.0473031464510004,0.0450496656396094,0.0841199126484159,0.106706137857955,0.13573358473591,0.19102796121187
750,161,"alpha1",0.169734664060995,0.168032492362665,0.0376648308992363,0.101958905961402,0.143104408334207,0.168032492362665,0.192926223958826,0.251162319454336
750,161,"beta1",0.733278061200813,0.737506781514951,0.0631658826577415,0.622823380553724,0.699211715191357,0.737506781514951,0.773817966365009,0.834590778102255
750,162,"alpha0",0.129027732356808,0.116934137617539,0.0663955435849366,0.0422981609145978,0.0792894313146563,0.116934137617539,0.166147472971308,0.274572682757007
750,162,"alpha1",0.110968672601175,0.105005258700983,0.0394501907397278,0.0538622236025091,0.0838260873147063,0.105005258700983,0.130590931209304,0.20795125181011
750,162,"beta1",0.786413907880809,0.798840827260323,0.0829394460154862,0.607405095424744,0.738077566751748,0.798840827260323,0.848317616262669,0.899737652440071
750,163,"alpha0",0.138469171337094,0.100864430510355,0.112846350417569,0.040813245349121,0.0694125431130987,0.100864430510355,0.146737811283858,0.479210249034885
750,163,"alpha1",0.118795894635258,0.111497595765652,0.0422900500203334,0.0550996369155643,0.0890499497782356,0.111497595765652,0.141206717139566,0.226044547246305
750,163,"beta1",0.722417929813363,0.771739050126412,0.158438896845517,0.251467814749546,0.699449276838112,0.771739050126412,0.821808767156851,0.884357260126181
750,164,"alpha0",0.0925764535999804,0.0837298331401598,0.0479365249476428,0.0420789126710389,0.0665440316148926,0.0837298331401598,0.10413177940456,0.235576126817245
750,164,"alpha1",0.127865489042394,0.12350791486543,0.0368438448057508,0.0683555655810519,0.101279798261785,0.12350791486543,0.149934554823547,0.210142388785644
750,164,"beta1",0.780455446460891,0.791791580705874,0.0718516875543608,0.593244297442923,0.752986540329355,0.791791580705874,0.823814981579279,0.874848173405063
750,165,"alpha0",0.315072002627278,0.29082204528583,0.133785003903238,0.131904846431401,0.207064663902349,0.29082204528583,0.396927989914727,0.642211978727325
750,165,"alpha1",0.0658517122402801,0.061793185816814,0.0363080967175854,0.00781236643044595,0.0388254284298265,0.061793185816814,0.089016879872778,0.144602618241466
750,165,"beta1",0.511843750859449,0.539075405323198,0.177248999393658,0.0866639744928576,0.398821710238638,0.539075405323198,0.655657544967183,0.763947900041467
750,166,"alpha0",0.0940079051029089,0.0824946512215063,0.0515948566397937,0.0349759961367568,0.0612543031763129,0.0824946512215063,0.112274227147864,0.202378961270467
750,166,"alpha1",0.101817321822968,0.0995648648023028,0.0297143714133714,0.0519057466267403,0.0803120805298785,0.0995648648023028,0.12048165765315,0.167971668156644
750,166,"beta1",0.79930616287529,0.812975161321082,0.071175508325316,0.647995351940873,0.769844148707539,0.812975161321082,0.844355066215417,0.894647003547223
750,167,"alpha0",0.137192447166159,0.127510330261017,0.0640276595395111,0.0603150461450001,0.0958790014706809,0.127510330261017,0.160275679032976,0.288880055266738
750,167,"alpha1",0.12186137493349,0.117513907905735,0.033751151277283,0.070582827829134,0.0988558309965889,0.117513907905735,0.139430743437911,0.201203540492596
750,167,"beta1",0.746119519782274,0.757623054252188,0.0805023219776777,0.581098858222798,0.710932556864051,0.757623054252188,0.798645552572372,0.855008309455659
750,168,"alpha0",0.171619872479863,0.0729677306377108,0.185079454541036,0.0348930941724531,0.0507944321756869,0.0729677306377108,0.28027751443456,0.672095819199317
750,168,"alpha1",0.0886510000995978,0.0759099087357723,0.0445786607243568,0.0338125167179509,0.0580873874977354,0.0759099087357723,0.107862018483246,0.204388200521855
750,168,"beta1",0.738302357252695,0.854092776973473,0.223268488845341,0.132880361938871,0.605928417749169,0.854092776973473,0.885149636053754,0.919381856146499
750,169,"alpha0",0.207194172036945,0.184271003879165,0.0904405982214144,0.09018028312651,0.147465316063668,0.184271003879165,0.244034315724715,0.449372230984527
750,169,"alpha1",0.123678201330517,0.120462642264036,0.0338657919346729,0.0661836402861381,0.0997634463593016,0.120462642264036,0.143230121689507,0.201608417472278
750,169,"beta1",0.698417624245711,0.717205821335847,0.0940866188321159,0.457694043099238,0.654633427638546,0.717205821335847,0.760651624545919,0.831131508835858
750,170,"alpha0",0.044781238913781,0.0304771747711092,0.0545984187802375,0.0136155616362348,0.022422560245437,0.0304771747711092,0.0477596742803198,0.177553868606295
750,170,"alpha1",0.0952722624770181,0.0907484723399131,0.0299769952060323,0.0533877180564801,0.075744868661418,0.0907484723399131,0.108767567256314,0.16704121188999
750,170,"beta1",0.85548403755414,0.874830050655006,0.0832002798575794,0.653446471147041,0.844968863198624,0.874830050655006,0.893686003128083,0.91961041742024
750,171,"alpha0",0.176335255117057,0.159819079500412,0.0726689695592287,0.0744539621010696,0.126266621334422,0.159819079500412,0.217235898819622,0.360962182741218
750,171,"alpha1",0.103879704037472,0.100825756184693,0.0328972184334978,0.0488153451640575,0.0808217540486939,0.100825756184693,0.123430557856244,0.177102845838474
750,171,"beta1",0.711192756643072,0.723986491372778,0.0902744785824371,0.493962309317763,0.659283840369099,0.723986491372778,0.774143234182365,0.848578664824824
750,172,"alpha0",0.193691080770204,0.169896112419755,0.0988814640193886,0.0724664158339205,0.124104949359164,0.169896112419755,0.240285318665663,0.474318059737425
750,172,"alpha1",0.111601542049455,0.107962672914563,0.0421310756616895,0.0404368745838183,0.0821972318380741,0.107962672914563,0.136785778341732,0.207561731021553
750,172,"beta1",0.687111987306673,0.710857363184706,0.127169748531296,0.377320627957322,0.61970855807045,0.710857363184706,0.780781801659124,0.85810532475603
750,173,"alpha0",0.185670151121847,0.166737939587642,0.0914295976990636,0.0642255581781473,0.122353622333817,0.166737939587642,0.223565402868981,0.450769714691368
750,173,"alpha1",0.112072759961968,0.107328338827524,0.0387151193304969,0.050777306209113,0.0857161614789163,0.107328338827524,0.132519763252124,0.19680721027614
750,173,"beta1",0.715700089037064,0.733873776134787,0.104786438459632,0.419641950875295,0.671622404441861,0.733873776134787,0.78752435995761,0.869861505247054
750,174,"alpha0",0.164553326376566,0.15740137290805,0.0606033745808531,0.0652102390452166,0.120596263964496,0.15740137290805,0.202348409649596,0.300076102535942
750,174,"alpha1",0.0748138000204148,0.069621238411534,0.0351606690259099,0.0200743123268008,0.051013187530441,0.069621238411534,0.0932090266241405,0.154714726071475
750,174,"beta1",0.727081403629039,0.735438328747302,0.0877401301216329,0.543024239216854,0.668754816936902,0.735438328747302,0.793842965085141,0.871006380718109
750,175,"alpha0",0.217189647477585,0.181408358711764,0.11652152732337,0.0674504684454845,0.12962879526481,0.181408358711764,0.283780126040525,0.494968121866393
750,175,"alpha1",0.134327676029979,0.128103768048653,0.047253166866459,0.0578761953714415,0.10015260708261,0.128103768048653,0.163230174393613,0.242510252803583
750,175,"beta1",0.629704276836886,0.673219210390317,0.157006412842034,0.273989752403764,0.527782116636312,0.673219210390317,0.744908009708165,0.850130239782143
750,176,"alpha0",0.166945676088457,0.141162324506017,0.0812442120527302,0.063745227761132,0.10832516981817,0.141162324506017,0.208014671948454,0.376036833758712
750,176,"alpha1",0.130849647412336,0.126614392575003,0.0357575882538486,0.0703621930979998,0.105171436335532,0.126614392575003,0.152461896039289,0.208330993754994
750,176,"beta1",0.699343056050945,0.721415917540092,0.101395894779618,0.459876176002626,0.645892268146953,0.721415917540092,0.772482126764602,0.840330789036262
750,177,"alpha0",0.17609807009407,0.166586909669187,0.0566482328044675,0.0965428145439671,0.138494822006633,0.166586909669187,0.201013151220571,0.333991862622551
750,177,"alpha1",0.175188002898323,0.173208349884474,0.0429777720197241,0.0984587157200059,0.144715624878408,0.173208349884474,0.201229163142765,0.263673565250855
750,177,"beta1",0.631914571495254,0.640903794927816,0.0828684765416458,0.43330754736877,0.587092510299797,0.640903794927816,0.687662755298025,0.764945072412788
750,178,"alpha0",0.166258380539319,0.16175593061289,0.0496111553379795,0.0965656229071656,0.128492595057741,0.16175593061289,0.193217029011446,0.281728393076832
750,178,"alpha1",0.17620047918994,0.171713336345575,0.0435194212726281,0.104213715885503,0.144352956549474,0.171713336345575,0.204761857306496,0.270478690594527
750,178,"beta1",0.677509003040354,0.684494492984609,0.0663644788899962,0.53335552443602,0.63805068544798,0.684494492984609,0.725279492186957,0.782691016621555
750,179,"alpha0",0.10108586425723,0.089586340763308,0.0606002778759187,0.0328716180526098,0.0669829148484469,0.089586340763308,0.114347536593475,0.276209160596681
750,179,"alpha1",0.148726665700097,0.145116268508811,0.0360555535355462,0.0916994478068338,0.123819171598201,0.145116268508811,0.16744201479633,0.235303358835693
750,179,"beta1",0.767459530652926,0.780459884601789,0.0747766905341544,0.538584891200184,0.746517209788923,0.780459884601789,0.810606556029831,0.859404805218112
750,180,"alpha0",0.138124960748872,0.119688513133203,0.078082902597049,0.0518803547757228,0.0903263286312545,0.119688513133203,0.160174897336593,0.425483128096757
750,180,"alpha1",0.140236547217719,0.137018262315351,0.0413167921102507,0.0679327450595826,0.111423530121117,0.137018262315351,0.164451356923922,0.234155739069627
750,180,"beta1",0.718223645172525,0.740223305894064,0.103091798959498,0.387236070253302,0.67473697223835,0.740223305894064,0.786368334429331,0.8521652703002
750,181,"alpha0",0.356660218456829,0.358783569951888,0.17396116279936,0.102155039051551,0.197585065771723,0.358783569951888,0.499979468761808,0.667263653695711
750,181,"alpha1",0.119372331991974,0.11338352694682,0.0507979296133427,0.0405903519869981,0.0825196796989031,0.11338352694682,0.14894708243475,0.234471846833151
750,181,"beta1",0.470589130053965,0.467232142872015,0.227570355693366,0.0858106150876029,0.276941726717883,0.467232142872015,0.681462780040366,0.818500365089734
750,182,"alpha0",0.500749469227747,0.518360268158955,0.127478134141023,0.250905378254815,0.400512827964998,0.518360268158955,0.594674466930721,0.732644966881965
750,182,"alpha1",0.148517068715582,0.142073953271876,0.0543385615012775,0.0635022628700881,0.109816116585274,0.142073953271876,0.179967368302818,0.276888977941792
750,182,"beta1",0.286188745241803,0.262882097950439,0.157152945793417,0.0226971797068565,0.159151861502484,0.262882097950439,0.409120704601727,0.596195673608253
750,183,"alpha0",0.115367060691066,0.0989838667631255,0.0734926758480769,0.0355581802647607,0.0617088409147075,0.0989838667631255,0.150331093149061,0.319159276203892
750,183,"alpha1",0.0970357065687428,0.0931861071657975,0.0364028725248342,0.0377291614042917,0.0712094622254043,0.0931861071657975,0.118421925225618,0.17851296449362
750,183,"beta1",0.790282756516143,0.804793005900328,0.0988978489171458,0.520857278675044,0.742566687627187,0.804793005900328,0.861926543261603,0.91514085860949
750,184,"alpha0",0.22996229454548,0.21951129965513,0.105552825744775,0.0748848208060917,0.143426108439557,0.21951129965513,0.304843264418284,0.440775552249675
750,184,"alpha1",0.0774003988904722,0.0745789189179272,0.0292873563392493,0.0318993158803848,0.056581428577475,0.0745789189179272,0.0936874961402425,0.142109778452117
750,184,"beta1",0.647241399885731,0.65766429828473,0.134169334032922,0.37274879778281,0.554471341969676,0.65766429828473,0.754645849591575,0.851554422447441
750,185,"alpha0",0.113198026911503,0.0987364459915868,0.056868186019108,0.0453194622993636,0.0762577733539319,0.0987364459915868,0.137777518255697,0.247438897149858
750,185,"alpha1",0.063644250955953,0.0600137784414549,0.0290978552623294,0.0200254999195603,0.0431913699752148,0.0600137784414549,0.0790430510023487,0.127072316768907
750,185,"beta1",0.803195077637986,0.820220061469775,0.0821657485014668,0.621877373396236,0.760859227560855,0.820220061469775,0.857533087617113,0.912988766900323
750,186,"alpha0",0.157986240127005,0.153340345863626,0.051513541781265,0.0845350477980173,0.122215917582027,0.153340345863626,0.181765789783513,0.280959096811219
750,186,"alpha1",0.16193954525029,0.159495173160237,0.0403068979369164,0.092425221379199,0.133021852174884,0.159495173160237,0.187708162191604,0.246811303771557
750,186,"beta1",0.701517582860879,0.705917425255782,0.065135491221152,0.559947828211824,0.666323985444722,0.705917425255782,0.744743782480272,0.810426805050576
750,187,"alpha0",0.200898114726798,0.159658851058534,0.133256662487114,0.064113359090132,0.101184099095455,0.159658851058534,0.246036345127483,0.55872891312271
750,187,"alpha1",0.0667274581117611,0.0619183363187004,0.0314409938700348,0.0225025874589009,0.0445422965167353,0.0619183363187004,0.0814507286412699,0.14384660457209
750,187,"beta1",0.732540944969409,0.775145571092223,0.148673437549004,0.332208360441116,0.670440792046787,0.775145571092223,0.842505147812013,0.903021186544666
750,188,"alpha0",0.149208411415607,0.137881248050967,0.0676752880197058,0.058852371576748,0.104218797100015,0.137881248050967,0.176000970397351,0.328913857645545
750,188,"alpha1",0.115567909540141,0.111370877727008,0.0349158525152382,0.0596618571514972,0.0903528311457897,0.111370877727008,0.135537959358181,0.196555768292441
750,188,"beta1",0.73381463706199,0.745492627018743,0.0854015067126461,0.517304641873963,0.692278342164858,0.745492627018743,0.79261023362198,0.863358012977444
750,189,"alpha0",0.301806921052148,0.233701303488873,0.176404707603598,0.109539700261422,0.184148482573338,0.233701303488873,0.353979822043231,0.750898694186752
750,189,"alpha1",0.115308949367714,0.110522391042677,0.0390351009198874,0.0522124667123811,0.087188358027148,0.110522391042677,0.139270566661753,0.200042847447493
750,189,"beta1",0.593449972625918,0.659569260690167,0.185750867207747,0.130967633096368,0.516434321842407,0.659569260690167,0.726518763558575,0.809355363112358
750,190,"alpha0",0.104125057554678,0.0831758000846021,0.0669272630825348,0.0417240325914492,0.0635615958383979,0.0831758000846021,0.112022389971152,0.302055557071553
750,190,"alpha1",0.11263686304465,0.109293717102417,0.0312347527359802,0.0618430644889986,0.0910648479215897,0.109293717102417,0.129851748284402,0.182982038051645
750,190,"beta1",0.795234734615266,0.818958382568485,0.0841739567492854,0.568959765767381,0.778739289526938,0.818958382568485,0.845712637896153,0.887016628860703
750,191,"alpha0",0.301904529249058,0.289084320767716,0.0918959244152859,0.163325249394277,0.232972458334741,0.289084320767716,0.358464919378488,0.507358019424069
750,191,"alpha1",0.129298502094108,0.12590712912903,0.0413979091661805,0.0582592264322943,0.0988342504862765,0.12590712912903,0.157549759025421,0.214734585021253
750,191,"beta1",0.499268280099202,0.511071702003148,0.125898162775208,0.228545926175914,0.418859515620846,0.511071702003148,0.591906154027383,0.702505896374541
750,192,"alpha0",0.143454916556174,0.124069424626023,0.0699078177194529,0.0535189303341781,0.0911936648728867,0.124069424626023,0.187818145107006,0.307658054553734
750,192,"alpha1",0.122653429111763,0.118411101052713,0.0390022165827257,0.0614784482464422,0.0964200035928122,0.118411101052713,0.143086150223177,0.211580252588129
750,192,"beta1",0.728540817298797,0.752697230069682,0.0976976935575322,0.499505081797418,0.668297138732223,0.752697230069682,0.802296319591894,0.866103291341823
750,193,"alpha0",0.263452175138538,0.224948616133556,0.139471176368404,0.0825391329374252,0.164504565644329,0.224948616133556,0.333301783533632,0.593995440478451
750,193,"alpha1",0.137825789645101,0.132535536484784,0.043111872511875,0.0648230310864836,0.106850304854774,0.132535536484784,0.165841757600702,0.231192515079663
750,193,"beta1",0.598882316014575,0.634572347156436,0.164469932330156,0.194744556660171,0.508349481509345,0.634572347156436,0.719910511087195,0.834405985359747
750,194,"alpha0",0.212548073135473,0.208167959078108,0.0772450115085949,0.088274691635905,0.160672805291865,0.208167959078108,0.255114033849615,0.374571393524892
750,194,"alpha1",0.138140874044189,0.134478016670897,0.0386766178824574,0.0728415551095785,0.111338949178464,0.134478016670897,0.161675245441048,0.221226372274391
750,194,"beta1",0.669719033159733,0.672413128462977,0.0893728092691263,0.493071362074898,0.616257235131144,0.672413128462977,0.728480127226566,0.826043325293785
750,195,"alpha0",0.183178370123854,0.137284385068352,0.159718292975181,0.0395629481035741,0.0778579221177593,0.137284385068352,0.213973203325874,0.710146893423625
750,195,"alpha1",0.0997981844820946,0.0951197906232378,0.0437815533961163,0.0331641880025877,0.067172970234679,0.0951197906232378,0.127587986920596,0.195111369168904
750,195,"beta1",0.715582457555343,0.755738763423599,0.186671512958688,0.120472513036755,0.667628995643738,0.755738763423599,0.848150005185382,0.912400510209267
750,196,"alpha0",0.0646334510987638,0.0509448610738068,0.0540328623800849,0.0228455399652786,0.0382355560651775,0.0509448610738068,0.0737874020355785,0.18766448075132
750,196,"alpha1",0.123551815579669,0.119323761356387,0.0366561679304937,0.0674879176528755,0.0991288104938413,0.119323761356387,0.142281653593881,0.203854262444283
750,196,"beta1",0.831150717382257,0.843933221547681,0.0692707544250175,0.656090878239522,0.811242455358518,0.843933221547681,0.870340347832224,0.907394048135168
750,197,"alpha0",0.16806687099306,0.157892395033462,0.0731719678706163,0.0651659623420017,0.115498549026456,0.157892395033462,0.20648120715024,0.317149783407948
750,197,"alpha1",0.128326601461691,0.126244826056474,0.0374405046288956,0.0624532144652459,0.102184251206155,0.126244826056474,0.152201718729503,0.209654695903125
750,197,"beta1",0.722312646867343,0.731713454686076,0.0847119987682024,0.557246933320697,0.674206279304815,0.731713454686076,0.783371041544893,0.849200234214014
750,198,"alpha0",0.194715047979433,0.187419633195798,0.057707744930261,0.103071823825473,0.153615891391049,0.187419633195798,0.226400323827385,0.331676194365372
750,198,"alpha1",0.178768780795434,0.176195226274193,0.0377790605988082,0.110692809585143,0.152176044848299,0.176195226274193,0.202116421248298,0.258474355275414
750,198,"beta1",0.653741931716838,0.659439861908831,0.069385865766897,0.50048573209524,0.613092746406865,0.659439861908831,0.699730963422599,0.776229787916769
750,199,"alpha0",0.127499684362388,0.120426718894836,0.0601851128317317,0.0384187195378452,0.0930180294071758,0.120426718894836,0.151025775048991,0.262556360312349
750,199,"alpha1",0.117029975255037,0.114398853024549,0.0318981352376531,0.0613739439391249,0.0950835016626902,0.114398853024549,0.136100317138047,0.18684649381417
750,199,"beta1",0.756356632116967,0.763322746168795,0.0747039846137187,0.608381190018213,0.721438156932838,0.763322746168795,0.800665183326434,0.874898700239971
750,200,"alpha0",0.0638625309854623,0.0431981191429387,0.0643154295622321,0.0238779198051523,0.0344697698603293,0.0431981191429387,0.0572855708704676,0.259982395100637
750,200,"alpha1",0.0947005050513649,0.087020307676543,0.0362260475966942,0.0477139441830638,0.0711461963840889,0.087020307676543,0.108345720229428,0.192078991133362
750,200,"beta1",0.83214290924086,0.863653115232391,0.10214316996457,0.512692529959617,0.830343593915339,0.863653115232391,0.885481287626849,0.916015949678854
750,201,"alpha0",0.230058218460073,0.188240420024539,0.13381006194374,0.0755567357789628,0.139303697560589,0.188240420024539,0.283265098508971,0.583938769823814
750,201,"alpha1",0.0744622901498274,0.0690851780845652,0.0375278220663292,0.0202377057141929,0.0496623406606435,0.0690851780845652,0.0915886013837622,0.168992737757792
750,201,"beta1",0.704009575525841,0.74481810787368,0.136905503037082,0.320433686749658,0.647593445170681,0.74481810787368,0.79700294822395,0.867655981109727
750,202,"alpha0",0.204775666385957,0.182665872019985,0.112228673410045,0.0544182765959125,0.109092897888211,0.182665872019985,0.284169215500753,0.43351399092438
750,202,"alpha1",0.104380380300915,0.0992091724978595,0.0378567540100367,0.0448952972299425,0.0773513223285675,0.0992091724978595,0.128299228215485,0.189796707217808
750,202,"beta1",0.674918294394388,0.69755659994494,0.143318609883629,0.388702040011642,0.571362218755003,0.69755659994494,0.798679140169094,0.874067658900159
750,203,"alpha0",0.142932811181486,0.123965413050159,0.0800629032571095,0.0462422364090649,0.0789975297065539,0.123965413050159,0.18276515448182,0.343314731895968
750,203,"alpha1",0.123272142168187,0.115869137970514,0.0463630816687555,0.0528339014356937,0.0906576525683789,0.115869137970514,0.146128433876627,0.232962510761484
750,203,"beta1",0.709028672267569,0.735135723011956,0.124759945942635,0.424897697906367,0.641236380018104,0.735135723011956,0.807570312479638,0.87414577254808
750,204,"alpha0",0.30149001729653,0.286133293180688,0.131480648957078,0.117680036898832,0.193457756363983,0.286133293180688,0.394496055060954,0.601242967131229
750,204,"alpha1",0.114433928267729,0.108814891499026,0.0452557854170099,0.0411298801446673,0.082373293984023,0.108814891499026,0.141739920102354,0.219534287986361
750,204,"beta1",0.523689102076135,0.537050070317221,0.172178504905394,0.149390582930042,0.396513479829334,0.537050070317221,0.663127982115895,0.800744043093528
750,205,"alpha0",0.179725163301831,0.135131707187637,0.114996622058249,0.0628747185068186,0.0984559357069697,0.135131707187637,0.219174722338443,0.484327051418454
750,205,"alpha1",0.0774507096085573,0.0714578960836844,0.0366508542430257,0.0236466393965426,0.0521335391623942,0.0714578960836844,0.0962142046772683,0.168294915365805
750,205,"beta1",0.732442794956132,0.779651688308111,0.143253711295567,0.335245907394197,0.673044798923025,0.779651688308111,0.832967473776591,0.896568020880698
750,206,"alpha0",0.173713949046581,0.120493071092669,0.143319934118884,0.0481276512295571,0.0912984241637688,0.120493071092669,0.175750480168282,0.583565789519353
750,206,"alpha1",0.0590553167253832,0.0550107471290164,0.0309285840047213,0.012269082007715,0.0372239284633191,0.0550107471290164,0.0760275409772739,0.130006854358258
750,206,"beta1",0.767351698309777,0.819565066878873,0.1534577503554,0.338377563287199,0.745682023033283,0.819565066878873,0.863372265602951,0.923353217982672
750,207,"alpha0",0.162627891955048,0.157147103093148,0.0577679853277413,0.0739291300363568,0.124126605746115,0.157147103093148,0.192060005669196,0.298279037246322
750,207,"alpha1",0.129984335963263,0.126242472619785,0.0356590228908896,0.0696298237186667,0.106213571587754,0.126242472619785,0.150013441241715,0.20834755733192
750,207,"beta1",0.717391958993305,0.722177038540985,0.0723670993515444,0.563353987471618,0.676531414937486,0.722177038540985,0.766546874225015,0.844962496315306
750,208,"alpha0",0.331022145250991,0.279070834287096,0.171908578649418,0.128070005714143,0.201747453513556,0.279070834287096,0.408203900207764,0.753690240832914
750,208,"alpha1",0.14250125144139,0.138233213457736,0.0449711842679508,0.0653702522532137,0.10966331097096,0.138233213457736,0.170940084574891,0.243107905389621
750,208,"beta1",0.511404307776623,0.556804615039562,0.198765901506222,0.0489582373075303,0.414564693366472,0.556804615039562,0.659112486815151,0.774760886429463
750,209,"alpha0",0.173017497572104,0.132683480756898,0.129108119198028,0.0636644979310927,0.103169895305084,0.132683480756898,0.183374268950319,0.628405834297643
750,209,"alpha1",0.141101148709482,0.137101614714703,0.0409713505162033,0.0759381668278621,0.110791796137003,0.137101614714703,0.165098137291162,0.234560827617528
750,209,"beta1",0.657201149560504,0.707159743833166,0.174889092955752,0.046614511610258,0.626101478755473,0.707159743833166,0.761533991780097,0.828151918500141
750,210,"alpha0",0.107501972627255,0.0986066842280015,0.0569875423415895,0.0388773585849659,0.0748375555953686,0.0986066842280015,0.125984015337119,0.239154283839097
750,210,"alpha1",0.10745990594195,0.103688287371913,0.0337295447486303,0.0532143616789661,0.0828432366123746,0.103688287371913,0.127527644776656,0.18221866654602
750,210,"beta1",0.792879648323695,0.801887498942568,0.0701871786942608,0.616641950700275,0.761308728262729,0.801887498942568,0.83766251705826,0.891687329767177
750,211,"alpha0",0.174697385004382,0.159440342863559,0.0676053724797981,0.0806045386506552,0.127830208469008,0.159440342863559,0.20663498759398,0.353927457934146
750,211,"alpha1",0.181742794112381,0.178574523058044,0.0432896419304394,0.107408492550885,0.150658979582086,0.178574523058044,0.208329610478303,0.276319141763496
750,211,"beta1",0.635155426781611,0.649230798392471,0.0932770482981931,0.398993697629129,0.584535995819135,0.649230798392471,0.6997889696768,0.780088334694496
750,212,"alpha0",0.17598007911822,0.165376555250672,0.077513906983227,0.0622883150287167,0.113724122643086,0.165376555250672,0.225879102619291,0.346359417970658
750,212,"alpha1",0.130643633755177,0.126875528298782,0.0365635879439873,0.0702988925424876,0.104066749954371,0.126875528298782,0.153868881327601,0.212427356333251
750,212,"beta1",0.726087675753297,0.736419073700729,0.0856167534566161,0.53409618555231,0.669058200005251,0.736419073700729,0.791811241346054,0.855729332633501
750,213,"alpha0",0.200903888813084,0.156670081752322,0.13431586255453,0.0706182964105906,0.113000799677222,0.156670081752322,0.233118550787602,0.601011742780153
750,213,"alpha1",0.0780518791653429,0.0743646284602245,0.0274237316656745,0.0341535201774675,0.0590493872977611,0.0743646284602245,0.0935557012391454,0.142485944519019
750,213,"beta1",0.714966428583945,0.763329624087654,0.149595890402423,0.290798767685421,0.672232140977983,0.763329624087654,0.813272762288253,0.871832416463766
750,214,"alpha0",0.293178898053226,0.206299060553904,0.198047047278881,0.0623098977041375,0.133883483883227,0.206299060553904,0.428213082287126,0.702454012965004
750,214,"alpha1",0.103139472329329,0.0999240101731884,0.0381831364074018,0.0367368849746443,0.076975255337495,0.0999240101731884,0.12594042512551,0.189778158747828
750,214,"beta1",0.532738012638007,0.640292048444498,0.25985315690146,0.0252685533870116,0.344960425465143,0.640292048444498,0.741226684243737,0.866960753781395
750,215,"alpha0",0.140973054515086,0.133147858703346,0.0492527133105844,0.0720529614320821,0.107485386407636,0.133147858703346,0.1651477686072,0.262729425995978
750,215,"alpha1",0.151562470312544,0.149077208094699,0.0351793123294553,0.0895392927070649,0.126643808824771,0.149077208094699,0.172531400323075,0.227220514416339
750,215,"beta1",0.719497648567015,0.72569653875277,0.0678051338770436,0.558518174180021,0.682470751601863,0.72569653875277,0.766852975900584,0.82516266310848
750,216,"alpha0",0.110073822785034,0.0982497936448691,0.0724603047950227,0.0389226979309124,0.0703029854925051,0.0982497936448691,0.127704545254733,0.288770259319715
750,216,"alpha1",0.0956321434376001,0.0911930715485521,0.031553794590321,0.0466068609190433,0.0730485366517558,0.0911930715485521,0.113561239681341,0.165698663464391
750,216,"beta1",0.79819508594689,0.813058268780005,0.0860868010456482,0.590665648215378,0.770145680356242,0.813058268780005,0.847085738883054,0.901571270304416
750,217,"alpha0",0.346078636517018,0.317293196974894,0.191858204605635,0.0900323889219153,0.16560394398939,0.317293196974894,0.491276592209621,0.721117500494674
750,217,"alpha1",0.0789199069994291,0.0735824268219071,0.0362366779167108,0.0227560217367725,0.0524469904700031,0.0735824268219071,0.100408283806551,0.160408875187031
750,217,"beta1",0.551442397600924,0.578368330238686,0.217828471819654,0.1348346183112,0.377034293142984,0.578368330238686,0.754729916283925,0.857008684702379
750,218,"alpha0",0.182475323179257,0.160811870449087,0.0859263197915088,0.0719745915588203,0.12457262762529,0.160811870449087,0.216458982368672,0.435571242940311
750,218,"alpha1",0.148106242889114,0.146612103407634,0.0393095472125995,0.0763139836011534,0.120705269115534,0.146612103407634,0.173784240928735,0.229365345951488
750,218,"beta1",0.656287699671903,0.677391746720405,0.114482918926237,0.34552401453328,0.605843520544936,0.677391746720405,0.733037345585118,0.823231222378246
750,219,"alpha0",0.175242864394735,0.154641846546557,0.0794351872015388,0.0805257728099229,0.116825573784251,0.154641846546557,0.21068181545635,0.37683666924636
750,219,"alpha1",0.107712624828869,0.102332247791332,0.0364314452959885,0.0521878773069306,0.0798882364882169,0.102332247791332,0.129982344277523,0.189949043250954
750,219,"beta1",0.716490099037035,0.742096760015605,0.0993667043824294,0.475805732141029,0.669621621545722,0.742096760015605,0.786575473619982,0.842948717782918
750,220,"alpha0",0.121709742318759,0.0987759185407893,0.0771520709735466,0.05187022805157,0.0753315493939679,0.0987759185407893,0.13903562554588,0.407592666261382
750,220,"alpha1",0.086216866744395,0.081966930996328,0.031512128648557,0.0375517186011336,0.0653574910784373,0.081966930996328,0.101836453215804,0.159535602127716
750,220,"beta1",0.783225428550938,0.808667308874548,0.100069213702281,0.440024475611491,0.754496799547723,0.808667308874548,0.846628480214854,0.891450619063065
750,221,"alpha0",0.100881989481484,0.0862688156547722,0.0622673296050103,0.0503338290887264,0.0713063515331584,0.0862688156547722,0.110252856120141,0.258393346219493
750,221,"alpha1",0.125177371453104,0.121754348529415,0.0323681877106819,0.0750187390845964,0.102819039659002,0.121754348529415,0.142324006625778,0.199985993869319
750,221,"beta1",0.77872938391733,0.795174704014337,0.0827298648342047,0.532173184472167,0.760683889916451,0.795174704014337,0.82224184644632,0.86108047252747
750,222,"alpha0",0.134495743644157,0.110671090310409,0.0737882501522994,0.0569918501618167,0.0863772620829854,0.110671090310409,0.156811827560159,0.35108718025588
750,222,"alpha1",0.107831514380256,0.104528626858979,0.0352180232900953,0.0507139873393175,0.0825993230230517,0.104528626858979,0.128139577782399,0.185115034167978
750,222,"beta1",0.759328177912711,0.781692524119387,0.0924078144041898,0.50776163829887,0.722252540026118,0.781692524119387,0.822083465204227,0.873252954193875
750,223,"alpha0",0.0876883909978895,0.0783700358961409,0.0486574936465458,0.037069410222817,0.0625988190249275,0.0783700358961409,0.100906801768977,0.193111855105773
750,223,"alpha1",0.112759476481329,0.110699450305156,0.02938338377692,0.0649346304450574,0.0922664266251755,0.110699450305156,0.130063680466932,0.177232640120625
750,223,"beta1",0.800023382157474,0.81026020461346,0.0659940854603744,0.653148573945861,0.778306325190256,0.81026020461346,0.835812989440267,0.881272750799372
750,224,"alpha0",0.16174806830655,0.141814216284225,0.082006612205083,0.0664378443204025,0.112717669706626,0.141814216284225,0.182611640296189,0.377283186123859
750,224,"alpha1",0.124998727425135,0.122108942040624,0.0368441001334711,0.0606323874272727,0.0996603631764099,0.122108942040624,0.146532288911467,0.207112635383235
750,224,"beta1",0.727330783130773,0.743114662106487,0.09068737060868,0.502908839712174,0.69368705874262,0.743114662106487,0.787157350842771,0.848929036359686
750,225,"alpha0",0.0620174376000373,0.052555864977206,0.038382508703884,0.0261315515347095,0.0403593702678472,0.052555864977206,0.0716345321170089,0.179491711945926
750,225,"alpha1",0.0973013753251824,0.0951650161092923,0.0279061896065533,0.0517499928577333,0.0778831788932087,0.0951650161092923,0.113831710642771,0.159124219141924
750,225,"beta1",0.84331876675919,0.852393553601258,0.0542192964367568,0.70172029855367,0.825220509333441,0.852393553601258,0.876188898443203,0.908199108109593
750,226,"alpha0",0.0925158906312604,0.0787689534063001,0.0619878177062949,0.0277878016872842,0.0543560166001452,0.0787689534063001,0.108728272156474,0.285946228876642
750,226,"alpha1",0.112587587246295,0.106360359403285,0.0371117916234791,0.0593455923737862,0.0866831246236751,0.106360359403285,0.13112921068429,0.204921357328702
750,226,"beta1",0.799614348041725,0.819153585516241,0.0845004811354863,0.53266528867609,0.772936982018125,0.819153585516241,0.853701744548122,0.895916737639377
750,227,"alpha0",0.298113350402784,0.268674706632242,0.166688480089903,0.0864450524912209,0.150584227076158,0.268674706632242,0.401930189865927,0.659756610248031
750,227,"alpha1",0.0841065031429083,0.0798170932214165,0.0371856092283452,0.0277000368380145,0.0572177610785274,0.0798170932214165,0.105132705039443,0.164093126751164
750,227,"beta1",0.592734197803026,0.61630619917179,0.194650605717877,0.176699731819023,0.462525746922011,0.61630619917179,0.764207417473464,0.857268130219256
750,228,"alpha0",0.0935643707788469,0.0819098620221978,0.0537490045086039,0.0378138127233535,0.0622604973146382,0.0819098620221978,0.110966748591138,0.23594395259163
750,228,"alpha1",0.135834381122645,0.130119098884305,0.0404700932884595,0.0733939991060525,0.107598332706495,0.130119098884305,0.157707910470287,0.232307762423653
750,228,"beta1",0.776154975329519,0.789980485418033,0.0774539382471989,0.576126648520973,0.746278781811447,0.789980485418033,0.823376259309807,0.87532923289538
750,229,"alpha0",0.232410586796496,0.225710796271235,0.0857519602914662,0.104762372812957,0.163232981054964,0.225710796271235,0.28642780265115,0.429573820983446
750,229,"alpha1",0.13440934121237,0.128487813331407,0.0475672578271183,0.0606224990149518,0.101638158387421,0.128487813331407,0.159887334775324,0.248537245710784
750,229,"beta1",0.604742988246834,0.609729096452587,0.118472383981143,0.347288387993169,0.533024115577849,0.609729096452587,0.696545886421187,0.801230935297414
750,230,"alpha0",0.101769982435226,0.0883891667172517,0.0651851988788919,0.034051358721164,0.0673384520834966,0.0883891667172517,0.117191240452485,0.287771270222843
750,230,"alpha1",0.0738297558871938,0.0708127530035586,0.0251730168843531,0.0346437871667112,0.0561163140938207,0.0708127530035586,0.0878512861568087,0.127990662665199
750,230,"beta1",0.817746853404035,0.832176206181394,0.0827714787255971,0.612545040391995,0.788560227261157,0.832176206181394,0.866459667327491,0.91392759934533
750,231,"alpha0",0.16802026798604,0.158510100712887,0.0613561377494536,0.0735145908859445,0.127090660140497,0.158510100712887,0.199967810991716,0.308713036983809
750,231,"alpha1",0.186189944663799,0.182182792886574,0.0474627749021705,0.103262671771651,0.152605729298331,0.182182792886574,0.216071801527502,0.289099922200987
750,231,"beta1",0.668607649725545,0.677430349660696,0.0850009292670388,0.484095780168128,0.619450613445629,0.677430349660696,0.729239760581993,0.809894810490229
750,232,"alpha0",0.126814179150481,0.122827064829025,0.0465185979455491,0.0598097296548442,0.0957272218072889,0.122827064829025,0.150337414346972,0.209141730810591
750,232,"alpha1",0.197984309663353,0.193426669799299,0.0436442522127404,0.127751672147237,0.169232895431911,0.193426669799299,0.223106521725976,0.284784671419535
750,232,"beta1",0.692259408296295,0.697080440788946,0.0688168072673274,0.565867960687753,0.655010101688579,0.697080440788946,0.737382681615863,0.804156065339951
750,233,"alpha0",0.130465459479829,0.112806458372841,0.0765611949381793,0.0462794634590926,0.0779453211438954,0.112806458372841,0.1590283336778,0.35330320059267
750,233,"alpha1",0.0973203291908233,0.0901759345270188,0.0385436213333679,0.0400802622862163,0.0702567104791277,0.0901759345270188,0.117439385695935,0.189321498296685
750,233,"beta1",0.762164454824448,0.784164157009654,0.109186380328767,0.461462256807481,0.712674905447074,0.784164157009654,0.840537932827085,0.895980138204754
750,234,"alpha0",0.125646786754652,0.111810432208618,0.0660330640423927,0.0483689046545604,0.0838607611386608,0.111810432208618,0.146808860938899,0.30873934632844
750,234,"alpha1",0.106871760744138,0.103251203134953,0.0346410676941277,0.0523022776964887,0.0820809900429273,0.103251203134953,0.127541213600868,0.185532806642796
750,234,"beta1",0.785252972915516,0.797987364410731,0.0760925447374242,0.604408645756332,0.753042828959269,0.797987364410731,0.836075946115186,0.886835394499912
750,235,"alpha0",0.116146606443471,0.105798181014852,0.0514217181115143,0.0521619312141624,0.0830128908884001,0.105798181014852,0.135816816980321,0.237189440175541
750,235,"alpha1",0.157613065178231,0.152673927318314,0.0455020358650071,0.0833157571707751,0.126478941426128,0.152673927318314,0.182520518940889,0.260488179828719
750,235,"beta1",0.734817973332626,0.746425439216551,0.0802551053363094,0.551567707094775,0.698698141094761,0.746425439216551,0.786767459267619,0.855209648230148
750,236,"alpha0",0.198074711218287,0.17824399616094,0.0943999245967888,0.0695504255073001,0.123969536618218,0.17824399616094,0.255276533263789,0.426492726905621
750,236,"alpha1",0.0831814073112867,0.0797140930643586,0.0333326777169676,0.0280547160594447,0.0595838356358398,0.0797140930643586,0.103304768131426,0.152802680339726
750,236,"beta1",0.707515012344876,0.725881548543313,0.10734213243901,0.472109245353971,0.630467760506945,0.725881548543313,0.791995228492837,0.873883206900927
750,237,"alpha0",0.121464846570189,0.112704534881409,0.0507575151589468,0.0578281962520287,0.0854537079947956,0.112704534881409,0.148058017101989,0.222954659289504
750,237,"alpha1",0.120502963454892,0.117751918800392,0.0334704603671267,0.0636872208616402,0.0969525175985058,0.117751918800392,0.141073758474445,0.196093037565451
750,237,"beta1",0.754424943005965,0.764097554826712,0.0707000175187778,0.613119228934174,0.713907177439685,0.764097554826712,0.805407410909967,0.856934006421831
750,238,"alpha0",0.0552708817256243,0.0472764018553754,0.044657947819385,0.0240391742227706,0.0347841352171799,0.0472764018553754,0.0606287148143471,0.12381022895168
750,238,"alpha1",0.106405277581607,0.104500086106524,0.0287561777012972,0.055693096114179,0.0865677370464755,0.104500086106524,0.123642870888195,0.164895425022515
750,238,"beta1",0.847848536852153,0.85753693975614,0.0571573182440079,0.735361747187946,0.834188109054626,0.85753693975614,0.876778331578547,0.908218041093969
750,239,"alpha0",0.0631304929534478,0.0572391889813436,0.0404534552646195,0.0265031222223619,0.0447037212187405,0.0572391889813436,0.0723312266092236,0.135861386948531
750,239,"alpha1",0.101723004625271,0.0989521920171214,0.0300426578876622,0.0541549872538818,0.0823635909830973,0.0989521920171214,0.11654953456008,0.165646024228324
750,239,"beta1",0.83993637601106,0.848217064021027,0.0558438757156493,0.732817964599528,0.824184900949797,0.848217064021027,0.868418509026703,0.903625577382728
750,240,"alpha0",0.229848328134143,0.212877927224298,0.0910322099093654,0.0948648469118859,0.158944502282222,0.212877927224298,0.290705162467782,0.43875898189558
750,240,"alpha1",0.133260595749989,0.129863958928635,0.0387090093156438,0.068751140000824,0.106347775084966,0.129863958928635,0.157238644610409,0.218094854222934
750,240,"beta1",0.653248601211467,0.667972365353975,0.101694715839396,0.416593486925464,0.586494030314764,0.667972365353975,0.729515043129738,0.816439939898477
750,241,"alpha0",0.0872038199941366,0.0650211044850034,0.0663340470858096,0.0265269785266167,0.0454996929337335,0.0650211044850034,0.111939121296638,0.247894610438871
750,241,"alpha1",0.0652687590697803,0.0604267952701858,0.032785558499298,0.0163625372439369,0.0429416317699999,0.0604267952701858,0.0827665162579292,0.135674915143704
750,241,"beta1",0.841624622400903,0.871095195157186,0.0930779079016546,0.649815810239457,0.80097348864817,0.871095195157186,0.902545919939234,0.940490221446407
750,242,"alpha0",0.14499332509656,0.135274599182115,0.0590241915062216,0.0669271053158965,0.102222868293684,0.135274599182115,0.175260389128118,0.279315412795716
750,242,"alpha1",0.125746981992382,0.123177308221468,0.0322459255395654,0.0691099933601603,0.103437582018496,0.123177308221468,0.145961118199574,0.194282381113092
750,242,"beta1",0.754910383397942,0.762358294772919,0.0685419012369254,0.608884744254227,0.715492633526021,0.762358294772919,0.805938384271237,0.857410018639702
750,243,"alpha0",0.164491896178596,0.151116745493506,0.0618971515157686,0.0854529808014346,0.125796998781879,0.151116745493506,0.190419164569626,0.296088998849618
750,243,"alpha1",0.119283038802836,0.115807875489093,0.0323292044528265,0.0651032814309001,0.0963119332104983,0.115807875489093,0.139044244545899,0.191504327687772
750,243,"beta1",0.726788514962884,0.735447222945921,0.0729777202184686,0.548419531753622,0.691437893187209,0.735447222945921,0.774838006021252,0.836329192923441
750,244,"alpha0",0.129268310237612,0.106506718181034,0.0745358455293336,0.055618444875321,0.0860493294864133,0.106506718181034,0.138039385814334,0.358550267644719
750,244,"alpha1",0.101171320739256,0.0981940634199608,0.0338792279556751,0.0436446227853455,0.0775112447278901,0.0981940634199608,0.121230257750085,0.177428415702979
750,244,"beta1",0.756617757035306,0.783118842991011,0.0995960738544627,0.45889344838028,0.733162246880091,0.783118842991011,0.817760139830217,0.871572771999103
750,245,"alpha0",0.149036256549463,0.0848039939158027,0.137326811581704,0.0359022788272166,0.0566864694477893,0.0848039939158027,0.186384346383134,0.487049230356517
750,245,"alpha1",0.0501957160506267,0.0439726357353553,0.0297416574599479,0.0109840818242085,0.0295657379270078,0.0439726357353553,0.063738890698902,0.125428514507764
750,245,"beta1",0.780964662721748,0.859495400504536,0.173544903379608,0.361786330858395,0.723481546160023,0.859495400504536,0.901436734437554,0.936437966048366
750,246,"alpha0",0.0710760262150749,0.0654005427611861,0.0340936994954442,0.0378630298413896,0.05328328438781,0.0654005427611861,0.0804373634463779,0.129225506102605
750,246,"alpha1",0.15920584747226,0.157714431959924,0.0331564626421276,0.10161424584864,0.136516619045616,0.157714431959924,0.179498131324985,0.231812419761149
750,246,"beta1",0.769722369383676,0.775533776726202,0.0511003911671238,0.676674533984392,0.74784757914563,0.775533776726202,0.799758766151279,0.842102597601854
750,247,"alpha0",0.0841483090352578,0.0790118112500553,0.0412516360835667,0.0447080209073255,0.0644993856211435,0.0790118112500553,0.0939511324386749,0.148763442500481
750,247,"alpha1",0.141259240764886,0.138980327338233,0.0294462089091729,0.0917518062351679,0.120471219378708,0.138980327338233,0.1593232119584,0.206976314067695
750,247,"beta1",0.789068449318121,0.79443136810228,0.0502387784525404,0.70516236024575,0.76824637496098,0.79443136810228,0.818379289527561,0.852891357926215
750,248,"alpha0",0.135875698439635,0.11976398281651,0.0762136876381132,0.0628237744379855,0.0986266467261391,0.11976398281651,0.145503031097124,0.435571247940349
750,248,"alpha1",0.117663318880455,0.114668871594063,0.0371354970005048,0.0565593431824903,0.090989870614774,0.114668871594063,0.139441358685475,0.198793950176072
750,248,"beta1",0.747485969011332,0.762254615671389,0.0870536271564337,0.439293000495835,0.72622043979867,0.762254615671389,0.794671033795135,0.852686078139114
750,249,"alpha0",0.083623404828068,0.0672533487098663,0.0690965040182178,0.0274593756470216,0.0546867375828187,0.0672533487098663,0.0862140080171579,0.384975836757438
750,249,"alpha1",0.0840094606567689,0.0805305735104596,0.0310628972460509,0.0377289627337634,0.0652470418017003,0.0805305735104596,0.0984298306945479,0.141765120921231
750,249,"beta1",0.820554446788368,0.840567812253163,0.0974672775030455,0.43282400308352,0.808152188101618,0.840567812253163,0.867117845221277,0.911106025669148
750,250,"alpha0",0.120987504762982,0.10412877915724,0.0678365855430058,0.0556898327064283,0.0828358520484032,0.10412877915724,0.13238850359422,0.370123538176059
750,250,"alpha1",0.078959553909892,0.0756597467980483,0.0264751800477711,0.0377407966795393,0.0596338791424051,0.0756597467980483,0.0946122792912249,0.13931394376567
750,250,"beta1",0.810700269825038,0.82681352801742,0.0746585128433628,0.544155904666982,0.788395299239248,0.82681352801742,0.855142317089687,0.895680998690114
750,251,"alpha0",0.115635299675732,0.104089608412854,0.0656624539880759,0.0377991830733184,0.0726242781547333,0.104089608412854,0.136131461163679,0.27510826816872
750,251,"alpha1",0.106447148673719,0.101767691024144,0.0371169989527572,0.0472446048212569,0.0806135040561583,0.101767691024144,0.126463754831089,0.194044721687104
750,251,"beta1",0.775889925221059,0.79032691454453,0.0928983026421681,0.558504946597484,0.736274654672599,0.79032691454453,0.838313861147428,0.901985347776401
750,252,"alpha0",0.273729972697061,0.269036143702484,0.110898836012019,0.0791277902831251,0.191675122874284,0.269036143702484,0.353603923314143,0.499885655335714
750,252,"alpha1",0.126878181440005,0.12159025137813,0.04213865433668,0.0608463049138957,0.0963175752677798,0.12159025137813,0.151534096321328,0.225205965052347
750,252,"beta1",0.563023845266223,0.564691760958538,0.143606742400721,0.292654722870211,0.457501624612994,0.564691760958538,0.663212684000418,0.831701545997226
750,253,"alpha0",0.516911913903935,0.550282353511852,0.218054372493262,0.138002677818139,0.334367043489058,0.550282353511852,0.683666457382916,0.884668119393944
750,253,"alpha1",0.0987112867570521,0.0947009786560396,0.0409041593087963,0.0305506532851556,0.0702237897961257,0.0947009786560396,0.123058851053902,0.190670214806329
750,253,"beta1",0.420312103248308,0.377437823568579,0.219511354051348,0.0642345301838903,0.25431204143187,0.377437823568579,0.597048461768676,0.817678868706841
750,254,"alpha0",0.0867735709122235,0.0753136443672566,0.0564509286454082,0.0311607408507527,0.0578342534811713,0.0753136443672566,0.09859503633308,0.241721849447665
750,254,"alpha1",0.0775081242524208,0.074305606733416,0.025698016062705,0.0361321752455558,0.0590962716430697,0.074305606733416,0.0929433889005777,0.13574918800285
750,254,"beta1",0.838495012980859,0.848618455109389,0.0697749051856999,0.656560568774566,0.818440843767773,0.848618455109389,0.878075678832703,0.919143968364456
750,255,"alpha0",0.195354920687665,0.190253069027887,0.0678037721894637,0.0755504306517466,0.145575356360041,0.190253069027887,0.237975509543012,0.338285584632641
750,255,"alpha1",0.174268882596423,0.17016414559164,0.050820466402389,0.0865568058125875,0.137728924320872,0.17016414559164,0.206243666454015,0.284768063788262
750,255,"beta1",0.646857408278731,0.650405439486355,0.0934126787706729,0.467401976356293,0.58131535338028,0.650405439486355,0.712071554043799,0.825924459169781
750,256,"alpha0",0.100377035905838,0.0945835023272561,0.045053831616805,0.0409384700416739,0.0762843339711436,0.0945835023272561,0.114994620598747,0.195906618199906
750,256,"alpha1",0.167494664068923,0.16517109939138,0.0391225609722837,0.0984398899319854,0.140538400144924,0.16517109939138,0.191302321874603,0.249903946755901
750,256,"beta1",0.742563993668643,0.747403180572044,0.0604645388091528,0.609539284653224,0.715448026494568,0.747403180572044,0.777468066316206,0.839670680341283
750,257,"alpha0",0.126079633217083,0.0965847603982809,0.0980682855285182,0.0335222351297574,0.0720023386642778,0.0965847603982809,0.141518277860475,0.480603434808047
750,257,"alpha1",0.113613530873089,0.109538336444187,0.0379881457201769,0.0549301367773538,0.086844619966059,0.109538336444187,0.132801117078488,0.205178530870912
750,257,"beta1",0.773515120646724,0.803745066256349,0.109592658978795,0.398949435472926,0.741167397025528,0.803745066256349,0.84045965949604,0.89705361496394
750,258,"alpha0",0.0691399110056643,0.0629372678498047,0.0410901968798623,0.0323606184990763,0.0481198428932785,0.0629372678498047,0.0793271942093818,0.129473192943997
750,258,"alpha1",0.136831515202813,0.132782140910888,0.0376538639273795,0.0755788207811487,0.110928615114015,0.132782140910888,0.157191680521341,0.219341973035622
750,258,"beta1",0.805565321280789,0.812158586443457,0.0595909000382774,0.698583144374525,0.78337969541923,0.812158586443457,0.84022296877937,0.88188823299904
750,259,"alpha0",0.133877188513471,0.115979898479473,0.0691827249347775,0.0528265263205273,0.0855837593548475,0.115979898479473,0.161302523387011,0.318363891544537
750,259,"alpha1",0.114781826690909,0.11002815636449,0.0377405935015268,0.0563288080961787,0.0869300443690784,0.11002815636449,0.135809345005849,0.201811299938424
750,259,"beta1",0.751097798631649,0.774227889519093,0.09501104668226,0.507581555281682,0.706628611380983,0.774227889519093,0.818730721449094,0.870207928952633
750,260,"alpha0",0.0737506715342139,0.0675939985898028,0.0402198880388077,0.0353312631820318,0.0519737287147869,0.0675939985898028,0.0853875800346357,0.147742918400469
750,260,"alpha1",0.0926198495125931,0.0890312702814926,0.0286542119290436,0.0459686845909395,0.0726393753212416,0.0890312702814926,0.108939075567036,0.15290542048812
750,260,"beta1",0.84538129318294,0.851731597336088,0.0530580157983116,0.74854061822433,0.823247205372255,0.851731597336088,0.876508121214937,0.914344451884845
750,261,"alpha0",0.106492123645614,0.0718851721006374,0.119425027213529,0.0327717927870737,0.0483484446691441,0.0718851721006374,0.1068335366334,0.560576005968113
750,261,"alpha1",0.082597761448592,0.0792592180277216,0.0296054556232917,0.0361716360021947,0.0612753230830694,0.0792592180277216,0.0999742005615086,0.149132948601437
750,261,"beta1",0.800849185332614,0.842474911360374,0.143079213720232,0.267075737920806,0.785593707078026,0.842474911360374,0.875718100430438,0.912901693814767
750,262,"alpha0",0.209626957490419,0.182980022719589,0.114455595420198,0.0792282215260857,0.127404841963842,0.182980022719589,0.263023094758291,0.563248056074797
750,262,"alpha1",0.11284065977657,0.109447065329578,0.0376672975140706,0.0518540481827983,0.085329794543448,0.109447065329578,0.136095357504157,0.196487664623862
750,262,"beta1",0.666227826926046,0.692412744803782,0.13757235165596,0.252126625919664,0.596684235440567,0.692412744803782,0.76885502427992,0.841548877422578
750,263,"alpha0",0.105936566086974,0.0923497306114175,0.0628662873237829,0.0506125127722412,0.0756375011161097,0.0923497306114175,0.117713979890546,0.285517244931931
750,263,"alpha1",0.0999150948861027,0.0959807951610626,0.0291320199767655,0.0537359537805611,0.0793109665171991,0.0959807951610626,0.117063925232322,0.163261629508458
750,263,"beta1",0.799297293562928,0.81223146750463,0.0726050388984236,0.633347792819925,0.780060852298219,0.81223146750463,0.83842320189386,0.880213419067662
750,264,"alpha0",0.243078728137296,0.203648500704921,0.144612211988974,0.101019423514907,0.157798070631051,0.203648500704921,0.26391875906774,0.726103507598529
750,264,"alpha1",0.147671343992534,0.146350340135846,0.0389990391165735,0.075482361002423,0.120419521221333,0.146350340135846,0.173691798396909,0.22745870148019
750,264,"beta1",0.656874585808595,0.68710516354305,0.132553628980736,0.238290108183327,0.624094799849182,0.68710516354305,0.739839951650224,0.812348378504675
750,265,"alpha0",0.157126896821477,0.137259331223227,0.0805887891316561,0.0626142909541831,0.101447146910198,0.137259331223227,0.186721632428852,0.394688239417137
750,265,"alpha1",0.069649799257156,0.0649627985717419,0.0342293419745926,0.020693865829491,0.0484627354510707,0.0649627985717419,0.0855264977791491,0.137636176490685
750,265,"beta1",0.779404824488012,0.799166346406835,0.0953519942596203,0.504065822065638,0.743263637467572,0.799166346406835,0.843915642954335,0.905575251827669
750,266,"alpha0",0.154679596258585,0.137392824273494,0.0763559057942509,0.0681286255661135,0.11431498806186,0.137392824273494,0.173418259180587,0.390786949741415
750,266,"alpha1",0.138894422706204,0.136154473937226,0.0329870015742784,0.0816810659345165,0.115647990509847,0.136154473937226,0.159822886997521,0.208232452868133
750,266,"beta1",0.739612508762165,0.752983903343238,0.0756964624484252,0.526074721727795,0.714315740289839,0.752983903343238,0.784679012651506,0.840132978947584
750,267,"alpha0",0.252083474242279,0.233643171328319,0.105897272629293,0.0991336768122078,0.17909395328534,0.233643171328319,0.305080365478279,0.554509618869864
750,267,"alpha1",0.149444489350499,0.145749461045447,0.046077898907598,0.0656025151546939,0.119160960288424,0.145749461045447,0.177944042579841,0.245939216736391
750,267,"beta1",0.554910217010714,0.575738759045811,0.146368451182026,0.157079802142066,0.469259158893037,0.575738759045811,0.656883670450295,0.787630993212019
750,268,"alpha0",0.0746241206038192,0.068568732374855,0.0366577760366928,0.0395954032805751,0.0548559254039396,0.068568732374855,0.0822421885712781,0.156932164833827
750,268,"alpha1",0.111630933487255,0.108000917305084,0.0307304137711747,0.0658313135831487,0.091472674754362,0.108000917305084,0.126353917704332,0.179289837241838
750,268,"beta1",0.82554512598178,0.832802286817158,0.0516805673109673,0.711554724354398,0.808037457168132,0.832802286817158,0.854302832117786,0.888512938618361
750,269,"alpha0",0.146910083066863,0.143349813463808,0.0534016312255052,0.0602591301747514,0.11279511852636,0.143349813463808,0.171035813544709,0.291386680447994
750,269,"alpha1",0.185775049614846,0.183673671288803,0.0443595374044518,0.106978266906748,0.155625644148175,0.183673671288803,0.212013712221021,0.281451198372757
750,269,"beta1",0.683660067836456,0.689007724872733,0.0745504056767004,0.498596125503391,0.645731312625712,0.689007724872733,0.733257735370388,0.809457041902553
750,270,"alpha0",0.130228583821826,0.121509740819792,0.0497804388939526,0.066022724585609,0.0932072150134351,0.121509740819792,0.157713112146951,0.241263535733311
750,270,"alpha1",0.118392821362884,0.114377273161239,0.0386058951319787,0.0542302214278096,0.0913457262554948,0.114377273161239,0.141980897965519,0.203726358473509
750,270,"beta1",0.752744304959705,0.75732628595564,0.068689012046239,0.60884706672259,0.711127619740551,0.75732628595564,0.803412755334218,0.863179719099561
750,271,"alpha0",0.12403978832682,0.112069932135087,0.0647528221202151,0.0552514339944555,0.0875286096707378,0.112069932135087,0.140275500528433,0.30843092216065
750,271,"alpha1",0.142801323857999,0.13962714869916,0.0358730935255999,0.0833432068841784,0.118203969915022,0.13962714869916,0.163606287268019,0.224059118572568
750,271,"beta1",0.751373121156685,0.765036595867432,0.0795071893139368,0.542167650177662,0.725360672908209,0.765036595867432,0.798315863609294,0.848736674110529
750,272,"alpha0",0.180642204491374,0.159300808216343,0.0855611171103398,0.0781076512481446,0.119162336752643,0.159300808216343,0.218926101847335,0.428508641025497
750,272,"alpha1",0.121212916613194,0.117522778488231,0.0352493308000264,0.0635033761317017,0.0952908057884285,0.117522778488231,0.143571680424341,0.199851363401273
750,272,"beta1",0.700700309858549,0.721393101081519,0.10384099018321,0.42173722868846,0.650522689340958,0.721393101081519,0.776015435736924,0.838724956019891
750,273,"alpha0",0.125819612751932,0.115525307768115,0.0632837469531752,0.0508125135695197,0.0906338351078682,0.115525307768115,0.148764056501736,0.251831816712024
750,273,"alpha1",0.176425360951061,0.173169542822492,0.0385953301222584,0.109662197128067,0.149054641406796,0.173169542822492,0.201195182178184,0.260904198624718
750,273,"beta1",0.712740566733412,0.72344357675147,0.0792467837197264,0.554880692592345,0.675374653694754,0.72344357675147,0.763320140127994,0.824022322739791
750,274,"alpha0",0.117130464178894,0.0674733039780192,0.141849576101785,0.0222866635181416,0.0433434133177693,0.0674733039780192,0.128301712088373,0.685853373754811
750,274,"alpha1",0.0433640421749183,0.0392096990183985,0.0245117890418378,0.0130481986826811,0.0278983706883574,0.0392096990183985,0.0526618885704575,0.0998965056879884
750,274,"beta1",0.856561691607682,0.901311175601511,0.135823372958661,0.302750907175033,0.844997779625274,0.901311175601511,0.929383829193822,0.952744053211579
750,275,"alpha0",0.174360329864985,0.163692405170703,0.0628560548586171,0.0860539335150196,0.131342427929039,0.163692405170703,0.205673405655453,0.342569217825071
750,275,"alpha1",0.138960330211147,0.135659042735551,0.0388568376590426,0.0739059761297868,0.111148695990592,0.135659042735551,0.163395467858708,0.224106806243486
750,275,"beta1",0.691487457937618,0.702371910584343,0.0846671873471959,0.473139706497168,0.646310761360452,0.702371910584343,0.750516279603026,0.821403213772058
750,276,"alpha0",0.339880265001306,0.298110140420898,0.172884192803779,0.113575200542341,0.203755118616961,0.298110140420898,0.443048615628479,0.700553079024948
750,276,"alpha1",0.095294820551858,0.0931608849098377,0.0373696336597765,0.030734229675612,0.0674573421853646,0.0931608849098377,0.120679383073679,0.172808241178508
750,276,"beta1",0.486302499011302,0.532522170243342,0.211889376750576,0.0638763984500432,0.350850706661508,0.532522170243342,0.65481287645804,0.781690820473338
750,277,"alpha0",0.263914371978608,0.23210210501486,0.138610556478079,0.104766090836799,0.163741544525411,0.23210210501486,0.313257744796842,0.697427651788657
750,277,"alpha1",0.120734157795126,0.116940992077073,0.0362719468335035,0.0621561512803406,0.0951879664003232,0.116940992077073,0.141064711703375,0.201945952006197
750,277,"beta1",0.574381442959792,0.607810651191776,0.17358418476672,0.0508842963481813,0.501639892910396,0.607810651191776,0.703117421870616,0.794921913691661
750,278,"alpha0",0.17907481316949,0.164975522390974,0.0712144278078723,0.0804077061289627,0.123248348135238,0.164975522390974,0.223762308232871,0.363782587873053
750,278,"alpha1",0.138588803228476,0.135699974653029,0.0382937826201482,0.0709952330110073,0.112143522822697,0.135699974653029,0.161792829273085,0.220774712391339
750,278,"beta1",0.670394651353479,0.680825603731992,0.0968409236977426,0.453349444270484,0.608720752399663,0.680825603731992,0.743328043614061,0.823349717305872
750,279,"alpha0",0.099863996045625,0.0780811913551517,0.0619206723192209,0.0392338765417951,0.060735538283354,0.0780811913551517,0.111994199063969,0.266120562770313
750,279,"alpha1",0.0757748316966491,0.0725726829717412,0.0253056377713941,0.0340347157062458,0.0582880869604359,0.0725726829717412,0.0904224916311535,0.129849073474451
750,279,"beta1",0.81934132646298,0.840168229719355,0.0761401072406766,0.62988546055092,0.796645141756625,0.840168229719355,0.870745103479045,0.907498328130494
750,280,"alpha0",0.11910672826384,0.109350203549103,0.0559230681182447,0.0475738559148197,0.0826527314833118,0.109350203549103,0.143323943898848,0.273053936382811
750,280,"alpha1",0.0871750255107277,0.0837198227166927,0.0331681036053118,0.0335722906036964,0.0648006405554792,0.0837198227166927,0.10457452097117,0.16677760588971
750,280,"beta1",0.798899853174401,0.808718834400535,0.0716221199937491,0.64189037772145,0.767007663364756,0.808718834400535,0.844883350811864,0.900343690544512
750,281,"alpha0",0.12039089356663,0.0695212400183845,0.127013635742346,0.0342242317878736,0.052812460963272,0.0695212400183845,0.108862413020905,0.515502567627086
750,281,"alpha1",0.0861782230658442,0.0804717388823581,0.035846981513093,0.0352509710407772,0.0619456801901599,0.0804717388823581,0.102562370253959,0.177185504570992
750,281,"beta1",0.786197111520458,0.846157939309082,0.159725916744366,0.29834694559864,0.783640318723127,0.846157939309082,0.877455786096867,0.918631507093028
750,282,"alpha0",0.119924462896506,0.105669607239756,0.0593617387603516,0.0596091441038521,0.0883372589815444,0.105669607239756,0.13223183889705,0.276415371683587
750,282,"alpha1",0.119491260437063,0.115742636218284,0.0345609621763302,0.0651659795938288,0.095522116678504,0.115742636218284,0.137012531092334,0.207802617772673
750,282,"beta1",0.76963262082167,0.785070223282946,0.0763885646360877,0.58574795247055,0.747314532647905,0.785070223282946,0.814867584896668,0.860438464736604
750,283,"alpha0",0.232744640582384,0.200823907793784,0.122241814705838,0.0836912903263974,0.140949667937988,0.200823907793784,0.294918346247777,0.523872725497321
750,283,"alpha1",0.129655933151406,0.121762484376413,0.046588806335633,0.0613478262796199,0.0965439853594052,0.121762484376413,0.153555499944777,0.245294206327527
750,283,"beta1",0.648328374701379,0.68507292558154,0.146595261720282,0.296682946627107,0.56740264913747,0.68507292558154,0.75856653796515,0.841173697120053
750,284,"alpha0",0.0982074278653032,0.0931123925662442,0.0417747528008552,0.043441198686362,0.0749307474993551,0.0931123925662442,0.112611830175493,0.169154803604527
750,284,"alpha1",0.157832838307203,0.156344734420196,0.0335619403094395,0.0994254688756693,0.134365858545886,0.156344734420196,0.179054192904722,0.227467961740633
750,284,"beta1",0.755449211507531,0.761784991168626,0.0538975564297413,0.657091448386027,0.729922488643041,0.761784991168626,0.788821424526533,0.836211449660126
750,285,"alpha0",0.192301518822193,0.164569148996808,0.102652727784648,0.0618960466746394,0.115580913191908,0.164569148996808,0.24607947176944,0.455372002621782
750,285,"alpha1",0.0762775193597456,0.0724097217798637,0.0314253742867633,0.0238365605571487,0.0538671455934012,0.0724097217798637,0.0952345059012792,0.145678781478719
750,285,"beta1",0.698503891024901,0.727926192254431,0.130628220999611,0.370013025114914,0.632449651893877,0.727926192254431,0.796097880187279,0.874625576521277
750,286,"alpha0",0.112909177018392,0.0948045304491894,0.0612056204844887,0.0484166981832527,0.074238991777499,0.0948045304491894,0.132971517773471,0.246650698391643
750,286,"alpha1",0.102920925780531,0.100427106020513,0.033060563199617,0.0443563305546724,0.081117804879742,0.100427106020513,0.122775622880237,0.174306085060444
750,286,"beta1",0.784380292342804,0.802610649988282,0.0806030655191278,0.60256811846768,0.745108649882848,0.802610649988282,0.837511108735547,0.88970043480207
750,287,"alpha0",0.142621077690399,0.126261615946412,0.0661756374406315,0.0526421502268875,0.094317914853723,0.126261615946412,0.185556066733372,0.282668156564563
750,287,"alpha1",0.138180393072813,0.132972045432762,0.0444391410204923,0.0678157193930736,0.105337523032289,0.132972045432762,0.165965915107093,0.236444237992518
750,287,"beta1",0.736206705215606,0.753920518984781,0.0891171581160721,0.555359379789055,0.675773674593468,0.753920518984781,0.800842361162022,0.87024793143138
750,288,"alpha0",0.274724931545728,0.252348722765133,0.124739536041647,0.0850089759398639,0.181027610693615,0.252348722765133,0.34512865261527,0.551512658188927
750,288,"alpha1",0.123866686130302,0.121223999538887,0.0440394552782799,0.0489388364554315,0.0929309212032535,0.121223999538887,0.150429595909683,0.21768905468774
750,288,"beta1",0.612395242707736,0.627549620951814,0.138591208975153,0.316857495946407,0.535951305494306,0.627549620951814,0.712617492774798,0.837201355028579
750,289,"alpha0",0.0672672706874506,0.0554153649898224,0.0531495721257879,0.0263627271106036,0.0433692919577612,0.0554153649898224,0.0712667543764583,0.215470014988802
750,289,"alpha1",0.143487364062224,0.138873092412799,0.0355106180443764,0.0867301894620473,0.119254042496724,0.138873092412799,0.16298172292584,0.223768163786362
750,289,"beta1",0.792725181608584,0.807407255185958,0.074527347740381,0.582362799090861,0.780332667639095,0.807407255185958,0.831448472130306,0.868322943447575
750,290,"alpha0",0.129079049645656,0.120380342162921,0.062830845232786,0.0593569097712363,0.084870820772794,0.120380342162921,0.155908040603928,0.254596243476798
750,290,"alpha1",0.123511514623117,0.120015588450245,0.0345412481715064,0.0645837332594923,0.0989067051755093,0.120015588450245,0.144792704657239,0.199961549405348
750,290,"beta1",0.737874272150151,0.74943783556645,0.0887493946594328,0.563274513645306,0.694976820949394,0.74943783556645,0.798443126926008,0.857149170797626
750,291,"alpha0",0.218692012811086,0.209932677507418,0.084903144043677,0.0752809734964532,0.160056842931048,0.209932677507418,0.270296854630807,0.41618939609032
750,291,"alpha1",0.13079033064749,0.126175844987799,0.0407935281948322,0.0635095029488992,0.102010078822385,0.126175844987799,0.153399011545467,0.223814111889713
750,291,"beta1",0.660828885382421,0.668905130300655,0.104489433692468,0.425618834178324,0.597380005323118,0.668905130300655,0.727406378707707,0.850107300421673
750,292,"alpha0",0.143218636582429,0.136180959124062,0.0566606740333784,0.0646881499778189,0.102107801588301,0.136180959124062,0.171855074067142,0.283981952859171
750,292,"alpha1",0.156556164985552,0.15253254003528,0.037488018816841,0.0942492018496818,0.130172807198683,0.15253254003528,0.178491104486979,0.244204689521193
750,292,"beta1",0.711755514723032,0.720233922776586,0.0763554990479603,0.527486578563292,0.668902705698978,0.720233922776586,0.766694343196754,0.824897864650962
750,293,"alpha0",0.358537476474624,0.307956641519221,0.189494739369579,0.124135231459291,0.217586705691314,0.307956641519221,0.45557760475125,0.814823116418373
750,293,"alpha1",0.119432999786252,0.11480784986782,0.0415996311075856,0.0514217235863166,0.0899815185411485,0.11480784986782,0.143416188795736,0.217943207853394
750,293,"beta1",0.571519011659683,0.614073319926732,0.188553214427457,0.137767798870201,0.472450793579339,0.614073319926732,0.716102878865605,0.824972447216314
750,294,"alpha0",0.185544189172706,0.17358052680508,0.0796299403040123,0.0661528321472571,0.129771248123462,0.17358052680508,0.223087529959545,0.399300284898857
750,294,"alpha1",0.168842515074247,0.16626687178562,0.0463855895829748,0.0895478968897813,0.135551575017931,0.16626687178562,0.197584792297001,0.269351531214395
750,294,"beta1",0.629695702889334,0.639135235374552,0.113264286979006,0.347230269840936,0.567168043776089,0.639135235374552,0.711355435846746,0.815175824574861
750,295,"alpha0",0.416828193698821,0.398104143115917,0.244264151129962,0.084205275946955,0.191838326697736,0.398104143115917,0.596880340537256,0.878401866979138
750,295,"alpha1",0.102430403986562,0.096112138471211,0.0422936495218995,0.0375527250114314,0.0714988155761368,0.096112138471211,0.126730762143964,0.202964067599808
750,295,"beta1",0.473951508358539,0.48477869192518,0.268160936184514,0.0171064972033507,0.248704816111591,0.48477869192518,0.722022165224776,0.856301975417674
750,296,"alpha0",0.284977391520887,0.258540196954074,0.113073507820178,0.140655979516392,0.201169752614709,0.258540196954074,0.342538745600306,0.581506852374228
750,296,"alpha1",0.124891681750135,0.120619194216922,0.0361056845741324,0.0668759778751736,0.100179921849255,0.120619194216922,0.145152985330319,0.204931673355629
750,296,"beta1",0.654303967816561,0.674357897450534,0.101599776096307,0.403016009373659,0.601510337831053,0.674357897450534,0.72952997895786,0.796479130228968
750,297,"alpha0",0.180765153234877,0.168020972194776,0.0706019644060609,0.0800856635433125,0.133837317545693,0.168020972194776,0.209916485426758,0.359959653902238
750,297,"alpha1",0.142315256922739,0.137404436714585,0.040847548692149,0.0777128479463345,0.114220113783617,0.137404436714585,0.164498515155528,0.239853159443334
750,297,"beta1",0.657018823862347,0.670658337109667,0.0962587370130538,0.428966616170183,0.607318618814285,0.670658337109667,0.726293558392985,0.803378307024451
750,298,"alpha0",0.366683765436341,0.353060592370241,0.129804578352788,0.153674040927047,0.269599167123685,0.353060592370241,0.440183947667211,0.685071552337567
750,298,"alpha1",0.193207645062001,0.189870652285521,0.0522467989207588,0.100165489173119,0.155353497962985,0.189870652285521,0.228249231877322,0.302599906694839
750,298,"beta1",0.441410297456672,0.448885730154103,0.147573749331518,0.107351447897833,0.353215774683316,0.448885730154103,0.547351880268883,0.689855566774284
750,299,"alpha0",0.093932194486458,0.0776625470567677,0.06570778958705,0.0307670484582206,0.056320607277013,0.0776625470567677,0.10562961926627,0.334624695925011
750,299,"alpha1",0.128071108510226,0.125006813444907,0.0370409293082455,0.0645003005642071,0.101489433917734,0.125006813444907,0.152418836482794,0.206342169746545
750,299,"beta1",0.789104262778094,0.806607823990869,0.0790749739752682,0.526905345633686,0.768897410180001,0.806607823990869,0.836660723402724,0.883092004198567
750,300,"alpha0",0.133252496615542,0.117870132409691,0.0669517549114047,0.0599456468883653,0.0946176145553691,0.117870132409691,0.15123274410062,0.313832598090613
750,300,"alpha1",0.112412599916954,0.110030528241364,0.0326945172667516,0.0553413476962135,0.0885263050917993,0.110030528241364,0.134146033319599,0.184067937131866
750,300,"beta1",0.76161807103546,0.776280553267673,0.0801781215133074,0.544184463377018,0.730597624558159,0.776280553267673,0.811064725685011,0.86902394471881
750,301,"alpha0",0.0777072846678931,0.0684030753164209,0.0387407094976406,0.0355786092892939,0.0540777220008925,0.0684030753164209,0.0882914781361865,0.170486610523558
750,301,"alpha1",0.130670229085198,0.127053969168767,0.034844306357295,0.0730893983813064,0.106479101182559,0.127053969168767,0.151149710920228,0.207867324454389
750,301,"beta1",0.777894483227267,0.78960894406612,0.0660137837737278,0.62182098405051,0.750540236407222,0.78960894406612,0.821327330314544,0.86690563724467
750,302,"alpha0",0.208751982834946,0.198231346678188,0.071077411780174,0.106026869237788,0.164460351410385,0.198231346678188,0.234920521521127,0.415892159969177
750,302,"alpha1",0.134168307185325,0.130891217318246,0.0394475978692249,0.0661016485787719,0.104945642899805,0.130891217318246,0.158751449446546,0.216160676613145
750,302,"beta1",0.668009537929682,0.675202543622156,0.08177791878048,0.449107335927868,0.631704325852655,0.675202543622156,0.720675132059386,0.801992114825684
750,303,"alpha0",0.157203528777563,0.147997795108484,0.0564092624387982,0.0829612204123804,0.118504459000325,0.147997795108484,0.184741824062743,0.276953923415507
750,303,"alpha1",0.150159476495916,0.146473001338408,0.0394691904766909,0.0862520897315777,0.122262173830328,0.146473001338408,0.173257739041086,0.239616877468071
750,303,"beta1",0.696771865610491,0.708836990555007,0.0781310963635199,0.541099808034875,0.654888509614523,0.708836990555007,0.750289671782285,0.808952562739444
750,304,"alpha0",0.146222384698966,0.139194492563355,0.0543040674028397,0.0674115344936611,0.109877724356706,0.139194492563355,0.171653999228258,0.250825702856888
750,304,"alpha1",0.140127549157267,0.137482353783826,0.0383245909032864,0.0761792523645401,0.112302390595884,0.137482353783826,0.162764583947092,0.226655429638683
750,304,"beta1",0.708213887990284,0.718296355850596,0.0749875770161154,0.567460072863223,0.664453372765278,0.718296355850596,0.76058810010353,0.82242923232689
750,305,"alpha0",0.0528705428941699,0.0337340909664501,0.0703133306682518,0.0206497288617934,0.0269644918789837,0.0337340909664501,0.0472800409322734,0.384327101149049
750,305,"alpha1",0.0590713729339647,0.0531923099892819,0.0296815358422564,0.0240614180620345,0.0417492559431146,0.0531923099892819,0.068477672687028,0.131455491411714
750,305,"beta1",0.888547913976687,0.912339117799588,0.0925959678163909,0.502931032439138,0.887406692952432,0.912339117799588,0.92680796505405,0.950250536702525
750,306,"alpha0",0.0985586200649617,0.0902957542736445,0.0517641960168026,0.0483247083042723,0.0718668415347546,0.0902957542736445,0.111101949682584,0.172348046944105
750,306,"alpha1",0.114806159750522,0.111208829258848,0.0322038517509381,0.0657077040639562,0.0933633739058537,0.111208829258848,0.130986246112057,0.189492260147017
750,306,"beta1",0.803305451809525,0.811661526249927,0.0623799959136811,0.682522059676639,0.782956120988112,0.811661526249927,0.837021423884542,0.878504886037774
750,307,"alpha0",0.0874616190484393,0.0844585417365682,0.0399829931193171,0.0314806554375196,0.0601891064013922,0.0844585417365682,0.108314408851267,0.159163068965371
750,307,"alpha1",0.0823891080343067,0.0802111530816564,0.0249342444690334,0.0431432709801569,0.0647895924760239,0.0802111530816564,0.0964477404430063,0.135287847220276
750,307,"beta1",0.830682226572669,0.83538609388545,0.0521688503970404,0.73579251129462,0.800480321343124,0.83538609388545,0.867162392705514,0.909309096947967
750,308,"alpha0",0.135775182640859,0.131213459669203,0.0716356486183934,0.0349026684310118,0.0901483541533042,0.131213459669203,0.16835686289866,0.338360934353572
750,308,"alpha1",0.138429571968122,0.136593961936991,0.044795933314839,0.060421286102622,0.106332804349527,0.136593961936991,0.16764871794048,0.231810523183601
750,308,"beta1",0.709411951388124,0.712949426430762,0.110422965063836,0.435029063930999,0.645718532142878,0.712949426430762,0.782998666453838,0.887570766032115
750,309,"alpha0",0.277407227347164,0.246763783216122,0.111492296747455,0.130919622514777,0.193396103949207,0.246763783216122,0.342956194545134,0.535076209668781
750,309,"alpha1",0.226585859736577,0.222753977209023,0.0513096615739997,0.139052377493324,0.189465302704751,0.222753977209023,0.259309634574093,0.335321164630092
750,309,"beta1",0.550304189728133,0.573000250534524,0.114682817428139,0.298438615956839,0.480236515430816,0.573000250534524,0.636432807791467,0.722241051073995
750,310,"alpha0",0.166967728650002,0.140059393831696,0.0922530876254612,0.0758970192438831,0.118578221348869,0.140059393831696,0.17305718400272,0.470754834509488
750,310,"alpha1",0.0987575382157711,0.0947827236679573,0.0320895221837754,0.0505773528176422,0.0760411402998129,0.0947827236679573,0.116486210563943,0.174456032816216
750,310,"beta1",0.73084723046721,0.761887544698678,0.109961638201936,0.369309965432054,0.710464314038927,0.761887544698678,0.79449440541451,0.849308806159227
750,311,"alpha0",0.185260447992424,0.159947247555991,0.099588519250653,0.0657792544918084,0.11628755074637,0.159947247555991,0.227407957579382,0.466699637671281
750,311,"alpha1",0.130040180865634,0.124958958006594,0.0431711798494717,0.0610131708014375,0.0999565848109727,0.124958958006594,0.153457015595007,0.230289612373967
750,311,"beta1",0.647966293667289,0.682172145501744,0.146421597371251,0.244353038660861,0.575998510603259,0.682172145501744,0.752766611369878,0.834872494710997
750,312,"alpha0",0.22335985842521,0.210736806048867,0.0896473134591144,0.0934257859239494,0.159476616231293,0.210736806048867,0.275441734164706,0.455048764989552
750,312,"alpha1",0.13202955315418,0.129429563832294,0.0410811514096274,0.059165909321147,0.103557100827339,0.129429563832294,0.157823451080224,0.219196896127333
750,312,"beta1",0.656558049234205,0.666612505393061,0.107229533111555,0.398937472622072,0.591214244539618,0.666612505393061,0.73528472902634,0.833809928151296
750,313,"alpha0",0.189960086292122,0.14933499777671,0.109522428456081,0.0784213683854966,0.114705948256316,0.14933499777671,0.226879746567703,0.495907716913961
750,313,"alpha1",0.0813583574563318,0.0777098346534676,0.0332459859575509,0.0269031796610148,0.0578451273918055,0.0777098346534676,0.102770319013956,0.151913120567307
750,313,"beta1",0.710184372810806,0.751581584129124,0.132759896538105,0.353694056164493,0.664383716117815,0.751581584129124,0.800625463905586,0.861439511486758
750,314,"alpha0",0.166975192153117,0.153061094846576,0.0816149860122711,0.0723228095106697,0.114273385802132,0.153061094846576,0.192730591312012,0.457696545627832
750,314,"alpha1",0.14641985008556,0.142568590782223,0.0399224319180042,0.0765337626812703,0.118241765271047,0.142568590782223,0.170815899217589,0.235141165558468
750,314,"beta1",0.673480766539579,0.689878227028443,0.105966418010947,0.336273641123706,0.628515619042907,0.689878227028443,0.743563665610114,0.820717303123107
750,315,"alpha0",0.129677747686134,0.107180387728949,0.0793882614797599,0.0328689524180539,0.0706550214503743,0.107180387728949,0.164020561041888,0.333283280881067
750,315,"alpha1",0.108691837491767,0.104708683065411,0.0397688108743841,0.04818543171205,0.0801232755693822,0.104708683065411,0.130437682831557,0.199320446262042
750,315,"beta1",0.745189176697318,0.768585428822397,0.115334872433063,0.457779941359,0.68564019741396,0.768585428822397,0.834284503066399,0.895642256094609
750,316,"alpha0",0.15576859486594,0.14544298391187,0.0670004168575966,0.0685621229229554,0.1122669816065,0.14544298391187,0.181687333901033,0.305067651005055
750,316,"alpha1",0.14594854914701,0.142403428537323,0.0366338923207487,0.0861292586482406,0.120355655999269,0.142403428537323,0.167328177754191,0.226472704442949
750,316,"beta1",0.712323593613834,0.72285915142232,0.0791775259023335,0.538536558281999,0.674525363254844,0.72285915142232,0.765438560656107,0.82568270311171
750,317,"alpha0",0.159023968781397,0.139957181633784,0.0798858470118078,0.0582271322290872,0.0909385919842981,0.139957181633784,0.213556883117482,0.34141896382904
750,317,"alpha1",0.115723456947895,0.112374138496893,0.0396086991507992,0.0527908401938579,0.0858097141572515,0.112374138496893,0.139604549837934,0.203967465888832
750,317,"beta1",0.723149159561576,0.742301016208425,0.106708763218488,0.488985054252569,0.642476583155485,0.742301016208425,0.812528419863793,0.86853494673595
750,318,"alpha0",0.136437146910128,0.130919908010387,0.047487058408746,0.0647976511807682,0.103156503707548,0.130919908010387,0.161869422203861,0.233699796477465
750,318,"alpha1",0.197847661540541,0.195923819057361,0.044584091881178,0.114039635699428,0.166634752521468,0.195923819057361,0.227962645288347,0.286776367175641
750,318,"beta1",0.689543307506492,0.692029688177601,0.0702056337361894,0.547549949836606,0.644342911542698,0.692029688177601,0.739763430931765,0.81641688630803
750,319,"alpha0",0.120663622314325,0.106746587079695,0.0665112088862804,0.0373682736533777,0.0815483977861837,0.106746587079695,0.142332546043921,0.280698328491723
750,319,"alpha1",0.1062818422741,0.10172415214198,0.0327444079330442,0.057652125234683,0.0841384320100377,0.10172415214198,0.121909935900025,0.186883221577393
750,319,"beta1",0.783239133205813,0.798985447276301,0.0824015746709534,0.593433615711914,0.75555101223837,0.798985447276301,0.833050982956427,0.888959812730833
750,320,"alpha0",0.124493212599992,0.112462680725105,0.064747221312395,0.0461559271426498,0.0800812741843989,0.112462680725105,0.157413178309318,0.265252296873176
750,320,"alpha1",0.125200942837514,0.121985874461851,0.035821205404213,0.0654563514168769,0.0998622457250199,0.121985874461851,0.146474908180521,0.204617909071373
750,320,"beta1",0.756009569486073,0.768260417854514,0.0844806682752905,0.579824839514181,0.707597229785695,0.768260417854514,0.817323344267443,0.873014606983312
750,321,"alpha0",0.121642539744472,0.105630039032287,0.0713456866241027,0.0378911087794321,0.0753927596625325,0.105630039032287,0.143324270576106,0.331085829168687
750,321,"alpha1",0.0979512834888941,0.0936751553287886,0.0338276329837623,0.0453561953944697,0.0731943125010665,0.0936751553287886,0.119341022597685,0.172928825178
750,321,"beta1",0.781458609877753,0.799416699133577,0.0880687250658033,0.535293850730133,0.746220725315342,0.799416699133577,0.839964517592654,0.898779349600738
750,322,"alpha0",0.118997166223133,0.109760946291836,0.0645430283182419,0.0433017351249232,0.0667419748176994,0.109760946291836,0.152123651890903,0.285379678406441
750,322,"alpha1",0.100146360620895,0.0964500111868792,0.03648118739256,0.0417788891868761,0.0740886809230418,0.0964500111868792,0.122692308378875,0.179349720816929
750,322,"beta1",0.747938427815124,0.760994032388359,0.0993018389419936,0.530501536012501,0.689236657248909,0.760994032388359,0.828746100158683,0.881778020004417
750,323,"alpha0",0.224446612553966,0.158896739183263,0.149436093406099,0.0571742461163668,0.118639089907284,0.158896739183263,0.306689487996561,0.581155339754417
750,323,"alpha1",0.0890177189394474,0.0835372980392326,0.0350619728530861,0.0345425699263326,0.0653699133940122,0.0835372980392326,0.106666897352351,0.17008938238018
750,323,"beta1",0.692787540221851,0.760304567011791,0.166786482008964,0.297588930588824,0.597507706383209,0.760304567011791,0.812320549323957,0.876490884381077
750,324,"alpha0",0.104032316769354,0.0983316743042715,0.0451362798366496,0.034250836251847,0.0746908155673781,0.0983316743042715,0.125051629954552,0.215065715577011
750,324,"alpha1",0.141563411897621,0.13838818181536,0.0456936232072017,0.063533109474322,0.108977572394028,0.13838818181536,0.171147756070577,0.240007055177389
750,324,"beta1",0.747019845341879,0.75414030182893,0.0792858377424197,0.575172102645685,0.701620197357032,0.75414030182893,0.797961006725025,0.890956073153757
750,325,"alpha0",0.131750103175819,0.120355426054079,0.0591066732958781,0.0616542413323889,0.092584984345237,0.120355426054079,0.155048561335052,0.281172867982858
750,325,"alpha1",0.133830581499151,0.128876716955017,0.0370068033351639,0.0754049454979246,0.106367865634655,0.128876716955017,0.156940100895238,0.216617887837552
750,325,"beta1",0.728211561280455,0.745086479263024,0.0869598537909455,0.51623709326293,0.68835869908743,0.745086479263024,0.789869147346418,0.841494057718493
750,326,"alpha0",0.230186885324611,0.201155270372387,0.104420681103842,0.106856522673104,0.153481035250672,0.201155270372387,0.272238043693872,0.512049526637722
750,326,"alpha1",0.203650182865808,0.201689021031987,0.0449677827076662,0.124490815437206,0.170067399189939,0.201689021031987,0.23463708443237,0.295929523107848
750,326,"beta1",0.612686298251501,0.635527544651293,0.109539603630002,0.329555395791715,0.558559540224878,0.635527544651293,0.690897767195386,0.764844812626465
750,327,"alpha0",0.168891085707002,0.150084886619048,0.0717404127545698,0.0773927827053083,0.114763869657894,0.150084886619048,0.216054100392562,0.336481136412265
750,327,"alpha1",0.138991474670469,0.134299144964322,0.0476222052503785,0.0568933698375341,0.107294277277173,0.134299144964322,0.167279468607837,0.247006832624672
750,327,"beta1",0.677873039475169,0.695301387719691,0.105975099019635,0.448616452382682,0.601840981497659,0.695301387719691,0.758427239545108,0.845154122104518
750,328,"alpha0",0.188310799697884,0.165280644339967,0.0921596381692969,0.0667586970126487,0.121322456539137,0.165280644339967,0.240659599318523,0.429422258052046
750,328,"alpha1",0.0996036353898598,0.0947060353330979,0.0356155297732226,0.04417584942887,0.0738208715617358,0.0947060353330979,0.120973521022899,0.180074695391738
750,328,"beta1",0.712219992352221,0.735951679917878,0.110573308334286,0.441064871372471,0.645493650935367,0.735951679917878,0.79306237005086,0.871586783497297
750,329,"alpha0",0.26284255994418,0.235160712651253,0.114916617726402,0.114959603250535,0.172746237496191,0.235160712651253,0.32585253364888,0.545862047523022
750,329,"alpha1",0.149731658350013,0.144663483037352,0.0473566550183598,0.0653906489896026,0.116254694120305,0.144663483037352,0.179108248274775,0.250890098436406
750,329,"beta1",0.567776129146228,0.593828271423773,0.144063203306902,0.232886868119168,0.474080799088844,0.593828271423773,0.679427948074398,0.783693664595734
750,330,"alpha0",0.221628176292632,0.213045572700381,0.0707723755553925,0.111836155588941,0.16859724729693,0.213045572700381,0.263701217176513,0.386313352469629
750,330,"alpha1",0.179753426767618,0.17537424163216,0.0461487308027109,0.102101114832638,0.147247836365475,0.17537424163216,0.207147183411409,0.283039489083407
750,330,"beta1",0.607494658421531,0.617031958686144,0.0941046464359158,0.389954482884861,0.551245072746958,0.617031958686144,0.675890491387636,0.758868733557258
750,331,"alpha0",0.127337919877551,0.11888345491948,0.0503778272923077,0.0626981651253791,0.0948901624398579,0.11888345491948,0.148490606385296,0.240693936172187
750,331,"alpha1",0.141098757700052,0.137625142350477,0.0331945819779481,0.0836898848673463,0.117710386163746,0.137625142350477,0.162195243750345,0.214265312067382
750,331,"beta1",0.751539787043145,0.75930307870653,0.0600485926784146,0.62770178274088,0.719516756430402,0.75930307870653,0.792261118809588,0.838740839243926
750,332,"alpha0",0.143291262395696,0.124219345485044,0.0800642379775538,0.0590917797330667,0.0959851207601706,0.124219345485044,0.164321577236493,0.437214360677813
750,332,"alpha1",0.101307958549909,0.0984020587019546,0.0309286175753011,0.0517700720630686,0.080377215522352,0.0984020587019546,0.119357052079174,0.164437100130703
750,332,"beta1",0.761271313557452,0.781215255262698,0.0923454546948537,0.442833519161878,0.732266037672693,0.781215255262698,0.818397605294526,0.867596189044463
750,333,"alpha0",0.10002208580725,0.0910155591837389,0.0531346940389698,0.0450845984342041,0.0724201984022938,0.0910155591837389,0.111481602293655,0.225165641674616
750,333,"alpha1",0.162489905153392,0.159333031824014,0.0367453996898314,0.0988269838764606,0.136208357622123,0.159333031824014,0.184370149813471,0.244133924314084
750,333,"beta1",0.764259896722695,0.773469590274042,0.0628423562459824,0.605398621147728,0.742153239383024,0.773469590274042,0.800370308068483,0.847280952302404
750,334,"alpha0",0.184806827195329,0.170756663133089,0.0684378854043951,0.0942291864083172,0.138718468381127,0.170756663133089,0.216492318705998,0.364674071317787
750,334,"alpha1",0.158496764988172,0.157621600273519,0.0450139991722763,0.075781323767354,0.125712831297071,0.157621600273519,0.188414486395677,0.250180002813918
750,334,"beta1",0.667802363891417,0.67756707109476,0.0879671931342176,0.460634495733408,0.617326372318571,0.67756707109476,0.73166048163447,0.804306868670661
750,335,"alpha0",0.173448761885932,0.157843315884296,0.0729920934542017,0.0604327844951593,0.123096520287654,0.157843315884296,0.218230369206469,0.330923119203193
750,335,"alpha1",0.16142390907752,0.157182835900385,0.0411917167498076,0.0941352780290897,0.131663038291644,0.157182835900385,0.186007514177785,0.256931696508983
750,335,"beta1",0.651136872226953,0.670002209366813,0.10501734156439,0.407347521602476,0.590498022519036,0.670002209366813,0.723961105082606,0.816896164900332
750,336,"alpha0",0.0882000426672607,0.0690359657088649,0.070400632654152,0.0293343830627399,0.050269129514596,0.0690359657088649,0.0982520462715985,0.293410464048732
750,336,"alpha1",0.110141702083921,0.105621732519161,0.034808522977543,0.0562036710355593,0.0866058286859897,0.105621732519161,0.127874019139462,0.195962915771564
750,336,"beta1",0.792092268584098,0.816400237997041,0.0995456828847154,0.508838707547462,0.765877050961511,0.816400237997041,0.850071878673895,0.897964101871506
750,337,"alpha0",0.104562503511225,0.0872526415078193,0.0695654273235514,0.0344454679682776,0.0620078321305366,0.0872526415078193,0.119346641431272,0.304740327985685
750,337,"alpha1",0.115340145986684,0.110947806264074,0.0368528526363206,0.056273349829763,0.0902244441146058,0.110947806264074,0.135710348536044,0.191632244350147
750,337,"beta1",0.78701284784188,0.803504989700005,0.0883382107159197,0.559032996850523,0.760985362788444,0.803504989700005,0.840670026852105,0.898682445658627
750,338,"alpha0",0.104851986395745,0.0986074225553867,0.0434508701169878,0.0474124198231867,0.0746960960647375,0.0986074225553867,0.128028903625924,0.196650947266729
750,338,"alpha1",0.139194328359558,0.135730253555069,0.0379462498255377,0.0726654045103183,0.112541292028005,0.135730253555069,0.162350765270731,0.221910144979048
750,338,"beta1",0.737924327834375,0.744582156264738,0.0685847827774149,0.595923218640394,0.698915346644836,0.744582156264738,0.78481189139037,0.850470415718727
750,339,"alpha0",0.120834447107916,0.115236378260946,0.0588298535594047,0.0406769978084578,0.0768955797212704,0.115236378260946,0.155142057453482,0.23434162701389
750,339,"alpha1",0.0535695230803222,0.0489524414902162,0.0297952934244306,0.0116296003020041,0.0334242680467646,0.0489524414902162,0.0680110804609632,0.122588751152732
750,339,"beta1",0.801476394651111,0.810165037585759,0.0868936148195631,0.635856647262137,0.748737036153404,0.810165037585759,0.864705265666488,0.926339010032171
750,340,"alpha0",0.179127737307805,0.16293161666627,0.0778886188492314,0.0675158836286975,0.128590452174699,0.16293161666627,0.211960630073143,0.388318026700737
750,340,"alpha1",0.11592478844583,0.113171431551359,0.0373530536662359,0.0518091070933573,0.0895150298041855,0.113171431551359,0.139852750856698,0.197473107261261
750,340,"beta1",0.707246485364599,0.72155126136945,0.098634289370469,0.456037006873559,0.662094312930319,0.72155126136945,0.770863744034438,0.873064015383174
750,341,"alpha0",0.189840028220025,0.164785005025903,0.105799056214965,0.0478320092401578,0.113554011307107,0.164785005025903,0.24131443081478,0.455222565375823
750,341,"alpha1",0.098454211751731,0.0935974310444152,0.0338064300815518,0.0454699221233946,0.0751606576040879,0.0935974310444152,0.117262156805575,0.176240972146223
750,341,"beta1",0.740853623556797,0.764572172452301,0.112542910718613,0.470200641536002,0.684569194180769,0.764572172452301,0.824870908246207,0.894255442444809
750,342,"alpha0",0.152406040498585,0.120699418372762,0.0996333803616546,0.0406182653721961,0.0817702880876733,0.120699418372762,0.186100044896984,0.414926221744589
750,342,"alpha1",0.105871038791627,0.102364780547452,0.0361563772446008,0.0461304836206124,0.0804471749123482,0.102364780547452,0.127469155668481,0.188104840586887
750,342,"beta1",0.739728504990081,0.772808260536535,0.122879482403352,0.423694238963517,0.684102817277315,0.772808260536535,0.828792499356089,0.888970758284521
750,343,"alpha0",0.132655043768334,0.121128036021025,0.0586724374807501,0.051788586835127,0.0942188795495034,0.121128036021025,0.157284929591515,0.267517222219249
750,343,"alpha1",0.146932292552227,0.144352335978864,0.0437845856149006,0.0719828545141959,0.115003369438481,0.144352335978864,0.174249768795932,0.241516546887422
750,343,"beta1",0.723646690874083,0.731393793158799,0.0864708069280055,0.534246955142719,0.67907571852451,0.731393793158799,0.78171877699801,0.860820641784241
750,344,"alpha0",0.0447744693853319,0.0391939076474327,0.0387975450274915,0.0197610594091948,0.0320123847233131,0.0391939076474327,0.0474981496431586,0.0908350565202924
750,344,"alpha1",0.129117486754844,0.126543904118387,0.0289455028127459,0.0808483137864837,0.109446037313576,0.126543904118387,0.145918347947356,0.191891455539759
750,344,"beta1",0.835083069065887,0.841308973601117,0.0533810732904572,0.762444084346321,0.820830281839091,0.841308973601117,0.859967060239716,0.89180363944602
750,345,"alpha0",0.246300631236198,0.230921423343393,0.0839720309125044,0.119104573583031,0.186468969164903,0.230921423343393,0.291588344485612,0.456497211409611
750,345,"alpha1",0.0991410413874441,0.095333911759481,0.0375113630106686,0.033940653971769,0.0727807385761845,0.095333911759481,0.124104456037231,0.178716588782654
750,345,"beta1",0.61328364482184,0.629612652911154,0.109846777895689,0.341109519023205,0.552222552430851,0.629612652911154,0.69035646087709,0.787047532894723
750,346,"alpha0",0.312032040998859,0.309548639690268,0.101546537040158,0.153863546729512,0.224198420518145,0.309548639690268,0.386174500130581,0.517032558078062
750,346,"alpha1",0.115026088812859,0.11168009332756,0.0391164918610897,0.0485714901763155,0.0872970803130314,0.11168009332756,0.139227908798068,0.200070905957152
750,346,"beta1",0.559240905591522,0.558279090960628,0.114136656979,0.346630608785618,0.471044585482414,0.558279090960628,0.654179965347778,0.749922484501845
750,347,"alpha0",0.242377063749187,0.228435887537301,0.111276323482583,0.0909443758536988,0.147414855633243,0.228435887537301,0.320303971441735,0.479102191842967
750,347,"alpha1",0.132963918192206,0.129482195430246,0.0444154558848606,0.0574311307985303,0.101773239767564,0.129482195430246,0.158611809832955,0.233373001000551
750,347,"beta1",0.613574073627203,0.627647657327713,0.140052330661383,0.327858451570814,0.511191098852065,0.627647657327713,0.732780506264923,0.827609192690405
750,348,"alpha0",0.234809525873876,0.213580656003249,0.118884115656666,0.073285336254928,0.137842345588762,0.213580656003249,0.327631383861173,0.490463354925772
750,348,"alpha1",0.160630345820408,0.151799418138566,0.0596116915814946,0.0690460211011269,0.118203845538316,0.151799418138566,0.195502643070153,0.296845832026239
750,348,"beta1",0.648352723983508,0.668111980430814,0.139720581840021,0.363448270898513,0.540628430093597,0.668111980430814,0.763445464550735,0.85451952701887
750,349,"alpha0",0.396479070409804,0.394619583254022,0.163046002348627,0.0993814549295581,0.276557524337693,0.394619583254022,0.526390860574233,0.688529300933173
750,349,"alpha1",0.112824820702248,0.107058862272352,0.0490375543180337,0.0323683451377909,0.0769957216941739,0.107058862272352,0.141888276259922,0.223990574805486
750,349,"beta1",0.474746961707948,0.462296249690895,0.189346858844833,0.160150154924643,0.327449379159933,0.462296249690895,0.609539519693468,0.841771160939648
750,350,"alpha0",0.0968082116762093,0.0803481138671191,0.0691355411440458,0.0333832221836885,0.0576530725509635,0.0803481138671191,0.108919688429497,0.344672753168779
750,350,"alpha1",0.0985109945188237,0.0923596879092524,0.0361826714039524,0.0457406594923952,0.0730095099795536,0.0923596879092524,0.116036080750441,0.190154464063033
750,350,"beta1",0.786802004835964,0.810430610522027,0.107117309566164,0.414848813062881,0.761276976135728,0.810430610522027,0.850129212562554,0.901750565636131
750,351,"alpha0",0.121627102330615,0.111370975403891,0.0622379941534926,0.0634748645221173,0.0886005376796058,0.111370975403891,0.133106611470406,0.274393831718197
750,351,"alpha1",0.0905650694231522,0.0875871394960443,0.0286693042297923,0.0415318996430433,0.0705518293097703,0.0875871394960443,0.107823172578172,0.154518686116884
750,351,"beta1",0.787851178271722,0.798730064528906,0.0739038661688377,0.617328909672788,0.766359480815924,0.798730064528906,0.829380098161838,0.872289300879097
750,352,"alpha0",0.0990580370733463,0.0927048423333852,0.0373197034807101,0.0558776578723149,0.0751970790522578,0.0927048423333852,0.114801656023801,0.172573457250959
750,352,"alpha1",0.134328021783581,0.13120929993331,0.0327024435423603,0.0796611420451546,0.111038235446063,0.13120929993331,0.153535309894222,0.206967596709409
750,352,"beta1",0.75173655752525,0.759870034404626,0.0590193618561724,0.629443572832239,0.72491212882749,0.759870034404626,0.7884297620649,0.833959860294073
750,353,"alpha0",0.0919467648852379,0.0748034736691238,0.0587886915128582,0.0392670913169008,0.0571749098283308,0.0748034736691238,0.102654089497452,0.264491274855597
750,353,"alpha1",0.130599310392583,0.124176633398732,0.0445607724604124,0.0644130306916665,0.0994376739439863,0.124176633398732,0.153305952463723,0.235249307270399
750,353,"beta1",0.772397422928026,0.797006209910776,0.0968068738409368,0.502754183409378,0.743686108289557,0.797006209910776,0.832399564219386,0.881834826118932
750,354,"alpha0",0.109388523504313,0.0897170686165379,0.0685025666203556,0.033256074492801,0.0626651980400958,0.0897170686165379,0.13054204236951,0.291959612378366
750,354,"alpha1",0.110818730733811,0.105816197597364,0.0337618725132173,0.0595084744830386,0.0865676600764836,0.105816197597364,0.129135765887459,0.18995094605267
750,354,"beta1",0.778577629289649,0.805958359150352,0.0939368703275353,0.530697277913707,0.745108732839495,0.805958359150352,0.842786796542085,0.889365336261487
750,355,"alpha0",0.130593009473952,0.114159367523666,0.0659380006173604,0.0609402280210864,0.0884635829609758,0.114159367523666,0.150568579482066,0.355115320025881
750,355,"alpha1",0.139649696152864,0.134691717309778,0.0367440019491134,0.082708165347696,0.114630783519793,0.134691717309778,0.158427603419035,0.232435962323751
750,355,"beta1",0.732162739672536,0.75081068318058,0.0877262332353882,0.438790147025045,0.70306937142502,0.75081068318058,0.787154926543718,0.837205652054571
750,356,"alpha0",0.13702226017462,0.125236181871977,0.0687354891331296,0.0509949818631811,0.0834873823837123,0.125236181871977,0.169971586568992,0.30511740927246
750,356,"alpha1",0.125495146445238,0.121298884543211,0.0382613166069404,0.0630369080618858,0.099589366456103,0.121298884543211,0.146255063889754,0.206100463121543
750,356,"beta1",0.751577758436993,0.763368884679051,0.0843327322251381,0.571411007459911,0.710545547024675,0.763368884679051,0.812083436235303,0.873306086097595
750,357,"alpha0",0.142057643995221,0.114169349083798,0.0853590403385032,0.0546182813703984,0.0828948394685218,0.114169349083798,0.175677452713906,0.397578640482868
750,357,"alpha1",0.158424336568831,0.15475711806794,0.0401424253912575,0.0909221350730761,0.130274495828711,0.15475711806794,0.182450626956536,0.246658034020294
750,357,"beta1",0.726720772407227,0.750322563111192,0.0943984367697426,0.46062113229848,0.688782337289652,0.750322563111192,0.791167888228781,0.84362043286693
750,358,"alpha0",0.219236124884209,0.176217507796992,0.138749130762813,0.0708321553293742,0.113682882913486,0.176217507796992,0.286382527193241,0.581605511174472
750,358,"alpha1",0.125629059309559,0.123251817662908,0.0378535380327329,0.0583533316007947,0.100621780287312,0.123251817662908,0.147439803688491,0.205786045804463
750,358,"beta1",0.654415065272553,0.695559207339223,0.156318075714,0.263613216916768,0.573760205445475,0.695559207339223,0.773823554828968,0.853708966762842
750,359,"alpha0",0.192832959465432,0.182276275193805,0.0818883140978906,0.0848096754693947,0.143433400329382,0.182276275193805,0.227625686413368,0.378816323854229
750,359,"alpha1",0.147795143697406,0.143803295386852,0.0391693495221454,0.0824984042813751,0.120274505116208,0.143803295386852,0.17075725032871,0.23643735854592
750,359,"beta1",0.678150973925271,0.684966826894859,0.0931001092643526,0.482104892776858,0.629736902188046,0.684966826894859,0.740664541376125,0.823279115235491
750,360,"alpha0",0.175305754180723,0.150151487583556,0.100087425458704,0.0722699949411679,0.114354057211692,0.150151487583556,0.19113019540667,0.506358253559724
750,360,"alpha1",0.0887571452686829,0.0823201266547797,0.0395849891459158,0.0343392139454909,0.0623231537134069,0.0823201266547797,0.105618547596011,0.192875702883762
750,360,"beta1",0.750732468799169,0.777125781384469,0.113338533167781,0.373946668988778,0.722347591760502,0.777125781384469,0.82002778887635,0.877791241954274
750,361,"alpha0",0.239496876978112,0.237338766970909,0.098733521029772,0.0824922122126279,0.154905565468524,0.237338766970909,0.310252791815794,0.441609957839203
750,361,"alpha1",0.145754923469524,0.138835732859354,0.0522938477016536,0.0617475699440291,0.107025088573022,0.138835732859354,0.180456214784527,0.259738083523576
750,361,"beta1",0.567539638146822,0.564379931305707,0.150341905148867,0.269528544214189,0.459683332277433,0.564379931305707,0.6967654549862,0.819224402503654
750,362,"alpha0",0.178337541237934,0.155323403897868,0.0919571142651052,0.0797310839445735,0.119998184746788,0.155323403897868,0.209756618553398,0.494263845521593
750,362,"alpha1",0.111661157209399,0.107541313399417,0.0319716400800065,0.0604204887440105,0.0891935407927107,0.107541313399417,0.130579084138867,0.184237261656824
750,362,"beta1",0.716882024941379,0.743034575134228,0.101822688916219,0.360222382947216,0.677375463963817,0.743034575134228,0.781857211193344,0.834915972081354
750,363,"alpha0",0.108234104347078,0.0968767121399243,0.0588974470970112,0.0463083581579654,0.0755214291602849,0.0968767121399243,0.121787629854012,0.235547966113711
750,363,"alpha1",0.126179306494309,0.124062315665909,0.0346514627631586,0.0655364653491693,0.101614148302667,0.124062315665909,0.147618932403577,0.200849176508818
750,363,"beta1",0.776662092682579,0.788884668976121,0.0708610012791832,0.608347849119439,0.748093929824681,0.788884668976121,0.821528254200419,0.871996030630829
750,364,"alpha0",0.130963330311154,0.10679977159733,0.0742710491136024,0.0512160447579639,0.0790835618364558,0.10679977159733,0.163317431615113,0.330245344958349
750,364,"alpha1",0.049612819767362,0.045177636623768,0.0266493631234808,0.0128909759930217,0.0325529723029953,0.045177636623768,0.0622028409937713,0.100215885095365
750,364,"beta1",0.812902240419412,0.833665884749165,0.0854049253506531,0.586377475609328,0.773079632326503,0.833665884749165,0.872647865252,0.913634328367785
750,365,"alpha0",0.109235855748111,0.0988137526054012,0.0551832504483378,0.0442606087884955,0.0734206371289304,0.0988137526054012,0.12866117004884,0.247253115327066
750,365,"alpha1",0.121210850540986,0.118048594458288,0.0406558417058609,0.0540873272445745,0.0926737470504825,0.118048594458288,0.144911517238802,0.21388992546178
750,365,"beta1",0.758659765857981,0.772629822892097,0.0834357473695686,0.555635365176883,0.722545103600182,0.772629822892097,0.810117563312657,0.872805544199916
750,366,"alpha0",0.0998245261189461,0.0906183426617272,0.0497155282306281,0.0435070862116252,0.069434930346288,0.0906183426617272,0.117193864851965,0.195834179614088
750,366,"alpha1",0.179243398222464,0.172513119023335,0.0413809609663842,0.113584324075178,0.150964963729437,0.172513119023335,0.201892575075865,0.274285907299693
750,366,"beta1",0.741188506203768,0.754094928735267,0.071321773951238,0.581817495306127,0.70826916623887,0.754094928735267,0.787697692410984,0.837265306411122
750,367,"alpha0",0.205730421928268,0.170722344978582,0.0995418286478117,0.0889368516371663,0.138333636829737,0.170722344978582,0.251446255084408,0.481757637760095
750,367,"alpha1",0.155142469805146,0.151095765943373,0.039681096633469,0.0872509863331658,0.127126931063796,0.151095765943373,0.180141633839912,0.240669963213223
750,367,"beta1",0.64876163439316,0.68334969194724,0.115357199304136,0.349379422893893,0.592533630026178,0.68334969194724,0.72927082857125,0.80283163799141
750,368,"alpha0",0.524559907538274,0.516635826540514,0.186533622776985,0.172076829567191,0.376415270396854,0.516635826540514,0.691533472556651,0.825030117965859
750,368,"alpha1",0.0735418998985867,0.0674184264974619,0.0413545644800086,0.00996539282452368,0.0432932004713086,0.0674184264974619,0.0975871305499475,0.168548807002984
750,368,"beta1",0.333915190567428,0.335373131752895,0.213507090273866,0.0195437425147468,0.132430340067361,0.335373131752895,0.498134121731564,0.768230637742707
750,369,"alpha0",0.227811127869684,0.219154931928602,0.0849596992338599,0.09013090075738,0.171720658176491,0.219154931928602,0.275171761547494,0.422375279865074
750,369,"alpha1",0.151475789043452,0.147882711779735,0.0456840265136755,0.0711011246848732,0.119246633063028,0.147882711779735,0.180257530107039,0.248437511126108
750,369,"beta1",0.590321793268314,0.595123048567198,0.115326719903372,0.356649150427414,0.518242650667875,0.595123048567198,0.668127002001737,0.801481775484265
750,370,"alpha0",0.298116938362467,0.294982406191464,0.109974209524335,0.107206090417612,0.218681032201334,0.294982406191464,0.379802585596906,0.514938380754271
750,370,"alpha1",0.168343813845032,0.166093688057844,0.0513781375419582,0.0773020320709493,0.131188166046839,0.166093688057844,0.202636622847212,0.276178972519269
750,370,"beta1",0.508885292159077,0.500448484175997,0.144185671089746,0.267828538336006,0.396913539573886,0.500448484175997,0.614339398862903,0.778803958778194
750,371,"alpha0",0.118633096843031,0.10853905846517,0.0489582154832694,0.0558406464521356,0.0852273804654954,0.10853905846517,0.141854964543713,0.241506507832471
750,371,"alpha1",0.127619723349292,0.124194391763021,0.0321918709636429,0.0741553125902201,0.104934492777177,0.124194391763021,0.147214056763847,0.199478439806785
750,371,"beta1",0.747157261457098,0.757328839909157,0.0695921283311407,0.575921069277472,0.712818113978784,0.757328839909157,0.795264943523284,0.845413698080298
750,372,"alpha0",0.32949010052221,0.301017540158739,0.14175619804505,0.111947642317524,0.20824488624223,0.301017540158739,0.443791916242858,0.612871217809594
750,372,"alpha1",0.136690081061217,0.129719642654099,0.0490057682765469,0.0567750580398979,0.101275792375915,0.129719642654099,0.167599792639706,0.24980958217788
750,372,"beta1",0.501985987508276,0.539670132440561,0.181048875385747,0.170713384769572,0.344954305205705,0.539670132440561,0.64906718903022,0.789548828324348
750,373,"alpha0",0.282361385724054,0.220598461847108,0.17894080987434,0.0816114991984011,0.14216253558976,0.220598461847108,0.380513677022368,0.732194953310013
750,373,"alpha1",0.107832043068616,0.103215212455181,0.0398692676544125,0.0412941588160671,0.0793905404912168,0.103215212455181,0.131539098913665,0.194220865877807
750,373,"beta1",0.605261444477169,0.668047753855258,0.201372774862192,0.120479341686758,0.492186064271317,0.668047753855258,0.76363596732129,0.858794464361332
750,374,"alpha0",0.421481144073415,0.409685513174678,0.216924297223058,0.0739725790742796,0.249583088835487,0.409685513174678,0.58307069677018,0.841967281924246
750,374,"alpha1",0.11228295475543,0.107833489209126,0.0451757208913052,0.0329561958126866,0.0797285738692775,0.107833489209126,0.139891226631711,0.211874913863676
750,374,"beta1",0.491877039710303,0.503811942459155,0.221070852654776,0.0519663397142134,0.328538146665436,0.503811942459155,0.669343627431862,0.847722493023658
750,375,"alpha0",0.201739393103929,0.0459446581263153,0.231857104162782,0.0215586772008432,0.0335707879935657,0.0459446581263153,0.440004843901817,0.66010889917647
750,375,"alpha1",0.0766523277606042,0.0681627580504723,0.0384530864901217,0.0259305659492519,0.0489552123786186,0.0681627580504723,0.0948704437170801,0.174638117297298
750,375,"beta1",0.667090364349012,0.876296268133418,0.322241052359843,0.0401932264523134,0.314842738063592,0.876296268133418,0.904761779908086,0.936403620693895
750,376,"alpha0",0.400153268402768,0.372665448505257,0.21097084097073,0.0991023112527766,0.249834156632393,0.372665448505257,0.506693653668089,0.922983239679962
750,376,"alpha1",0.098972952592436,0.094766431759111,0.0444373945549502,0.022476678975027,0.0668843464060076,0.094766431759111,0.124945206477552,0.199215161021648
750,376,"beta1",0.550665871919667,0.56542571715285,0.204877007647005,0.0565000845855811,0.453368119457723,0.56542571715285,0.701950350583704,0.869429698435358
750,377,"alpha0",0.208647029700564,0.18797512534414,0.0974101779120563,0.0867904210779985,0.134535161958684,0.18797512534414,0.247680125071509,0.459950806006347
750,377,"alpha1",0.094181626595485,0.092387514788703,0.0335394156816631,0.033576705738624,0.0713582279034102,0.092387514788703,0.115671332581037,0.161458693579995
750,377,"beta1",0.668155641964683,0.691043418319413,0.118519745588921,0.37087103611805,0.612963969802128,0.691043418319413,0.755416104535352,0.83104878601695
750,378,"alpha0",0.180453748488601,0.162472238215528,0.0889837192421002,0.0585820735307575,0.107689681514484,0.162472238215528,0.241054511389493,0.386721956279947
750,378,"alpha1",0.102086248125433,0.0982558192515804,0.0448561689555988,0.0264517017572111,0.0692966264540762,0.0982558192515804,0.128217527309842,0.199851690345193
750,378,"beta1",0.701127546825168,0.726110694255219,0.12615135965078,0.431188699787653,0.609365084949224,0.726110694255219,0.799317231949327,0.893082694145261
750,379,"alpha0",0.121403933818796,0.110001895872243,0.0579837590714578,0.0497125447115026,0.085122208214478,0.110001895872243,0.142213546387489,0.269654771117014
750,379,"alpha1",0.174674048586048,0.170836304305701,0.0410943554437848,0.104058468708856,0.145340488711176,0.170836304305701,0.200763276166224,0.262975732212807
750,379,"beta1",0.722273198566314,0.731910798749636,0.0747464834576478,0.541738490601713,0.687993559034082,0.731910798749636,0.771344900479343,0.833595688261448
750,380,"alpha0",0.332067807071318,0.332594339491019,0.136968546688186,0.101877898369045,0.214727311156382,0.332594339491019,0.436917296695897,0.575825555019774
750,380,"alpha1",0.0956082066241643,0.090561308184361,0.0451124363600072,0.0213177752985755,0.0634637974013901,0.090561308184361,0.122518950000201,0.198747760627724
750,380,"beta1",0.453807009658144,0.453529555635021,0.200278596982001,0.115025528944955,0.296532956506766,0.453529555635021,0.616506989316527,0.814019123830412
750,381,"alpha0",0.26728768736786,0.23183842787584,0.164619767601996,0.0692999634105003,0.127643736245569,0.23183842787584,0.363026876832688,0.676012821415804
750,381,"alpha1",0.0900912891908318,0.086071816356156,0.0386185249598038,0.0286441259150852,0.0616318749682382,0.086071816356156,0.114082141104069,0.176137222970398
750,381,"beta1",0.624953598666979,0.662012814005931,0.186481078957161,0.190974485978788,0.51182371954695,0.662012814005931,0.780538702069676,0.865370970981765
750,382,"alpha0",0.160149641877982,0.150537347780938,0.0559891342221019,0.083457812568777,0.119960115639828,0.150537347780938,0.188220821463924,0.29672187241816
750,382,"alpha1",0.172512994902583,0.168404053802704,0.0389541840560855,0.106642978504338,0.144908357183944,0.168404053802704,0.196802447787402,0.257875426011837
750,382,"beta1",0.661524963431205,0.67330162816387,0.0763491208313095,0.484352140713804,0.620064014960897,0.67330162816387,0.714917884560756,0.778484753133657
750,383,"alpha0",0.1358779198717,0.116949666467981,0.092752948108502,0.028195993862403,0.0698622481781904,0.116949666467981,0.16652993935323,0.38887395988308
750,383,"alpha1",0.104409078190986,0.0981671539172528,0.0407496954763025,0.0437890733207348,0.0744460130738421,0.0981671539172528,0.128488105030164,0.197794323110655
750,383,"beta1",0.759177588039422,0.785685817018563,0.121895214454726,0.464279520400131,0.697925627152181,0.785685817018563,0.848431913897968,0.918799230251794
750,384,"alpha0",0.167939961431282,0.166772041018674,0.0675761550999849,0.061682969148748,0.115237846577106,0.166772041018674,0.209639647938517,0.30868116638864
750,384,"alpha1",0.128569270368109,0.12192367403433,0.0461596458102267,0.0565648901156168,0.0947001112285345,0.12192367403433,0.157379643665678,0.236364453249502
750,384,"beta1",0.679866306633264,0.678061708895529,0.104733236585385,0.463109754527583,0.609078880741336,0.678061708895529,0.759738831780215,0.859859027825836
750,385,"alpha0",0.098069194000418,0.0906072713475126,0.049833496271689,0.0420842743633815,0.0656829616754992,0.0906072713475126,0.115935739082564,0.198674480317762
750,385,"alpha1",0.101265021704809,0.0983065847928433,0.0350708773172886,0.0440525707551308,0.0770351993543282,0.0983065847928433,0.1210114259079,0.175273859831747
750,385,"beta1",0.799466383693965,0.808395829033137,0.0702006355678629,0.658545258283248,0.769762130722515,0.808395829033137,0.842850552184107,0.89452147176551
750,386,"alpha0",0.231571981400199,0.211193300808746,0.0822819484936217,0.116290489284335,0.176231622314199,0.211193300808746,0.269298060971183,0.453028923853582
750,386,"alpha1",0.218220861049656,0.213888878080363,0.0518891978089597,0.121621005102642,0.183217423573297,0.213888878080363,0.249253329828498,0.331522449971642
750,386,"beta1",0.551103788009615,0.573247820213792,0.108831952189399,0.29172245202536,0.49109378739852,0.573247820213792,0.626322568762873,0.722361240802371
750,387,"alpha0",0.237805591213463,0.218458707652627,0.112088632945549,0.0966209527737867,0.147667063342193,0.218458707652627,0.299125564115991,0.529326317064157
750,387,"alpha1",0.111889404795066,0.106187497816012,0.044530753351087,0.041070034908953,0.0798617543488167,0.106187497816012,0.137809550152281,0.212280799266238
750,387,"beta1",0.613693974230282,0.637687706595923,0.147569010956386,0.233646201300865,0.529970544093505,0.637687706595923,0.730688384425076,0.817787873882485
750,388,"alpha0",0.154334435686211,0.137978584284035,0.083276804481508,0.0425337315601329,0.103651660519533,0.137978584284035,0.182199346603933,0.417533193558382
750,388,"alpha1",0.150716993087524,0.149387914212867,0.0427582134053626,0.0709741706496083,0.122382951918886,0.149387914212867,0.177579804599856,0.242160450807143
750,388,"beta1",0.675957036852671,0.687336882268321,0.115365235386612,0.338898169506665,0.626458342716253,0.687336882268321,0.751302224120885,0.849412395397622
750,389,"alpha0",0.316886728024946,0.278600292519334,0.14683639041246,0.125104538872957,0.198713163114066,0.278600292519334,0.409604672684528,0.647010172842212
750,389,"alpha1",0.189590605591259,0.185407024960269,0.0477362531342807,0.107346821036447,0.155753750342425,0.185407024960269,0.219222212830441,0.298264185922457
750,389,"beta1",0.46622580401135,0.512485412511756,0.187545548259261,0.0600449551628135,0.346779330575617,0.512485412511756,0.608496517018934,0.726697918455447
750,390,"alpha0",0.0902483670403849,0.0748739307629034,0.0707496453028697,0.0260415243642217,0.0535336233729935,0.0748739307629034,0.102970703093641,0.340709946689377
750,390,"alpha1",0.103500458175419,0.0973969194186141,0.0393947892739947,0.0496422113163437,0.0776017799325615,0.0973969194186141,0.120970479627844,0.20428260574985
750,390,"beta1",0.815279160060172,0.833161290611686,0.0923023857746313,0.518458178091352,0.793576605927999,0.833161290611686,0.868412319260105,0.910710779020708
750,391,"alpha0",0.0589782305597002,0.0543948168734455,0.03783923484212,0.0215753192448382,0.0413404369899503,0.0543948168734455,0.06728896207446,0.13539940315063
750,391,"alpha1",0.125841904446611,0.123340829915806,0.0306500522422608,0.0736551662349637,0.104291105320229,0.123340829915806,0.144670324762805,0.194923768061422
750,391,"beta1",0.815697946506401,0.823515086739438,0.0562025936803766,0.69392241353427,0.796284195529564,0.823515086739438,0.846954285821952,0.887978367401321
750,392,"alpha0",0.158521408975717,0.131099825919922,0.0955947271175718,0.0506328634885078,0.0919973872372093,0.131099825919922,0.192387863940707,0.436932811272791
750,392,"alpha1",0.106729820865565,0.102570754020028,0.0358337559627073,0.0507718112735694,0.080126117360441,0.102570754020028,0.128518014267649,0.187645604258313
750,392,"beta1",0.722717413568048,0.756839749499041,0.124515409485232,0.399285840460731,0.66398922578736,0.756839749499041,0.812446560839639,0.879095904219878
750,393,"alpha0",0.126315359330538,0.110763340270016,0.0802843241036723,0.0479814754142275,0.0903917485146582,0.110763340270016,0.137789241147766,0.44911034907956
750,393,"alpha1",0.123571177785945,0.121045316930333,0.033947682527338,0.0609031931617766,0.100091675819915,0.121045316930333,0.144709645640884,0.196699355129729
750,393,"beta1",0.753663273503234,0.767467894832028,0.0972968666069294,0.386030716503399,0.732161897217051,0.767467894832028,0.803282354905423,0.868666678478402
750,394,"alpha0",0.341453715861486,0.317850168172507,0.123520300249891,0.153588700766278,0.24874408798012,0.317850168172507,0.425287491790307,0.622188549445624
750,394,"alpha1",0.102244467723022,0.100166880624676,0.0355362263547077,0.0373138412860242,0.0768062586229057,0.100166880624676,0.125785182440106,0.174237961838768
750,394,"beta1",0.553210209886173,0.571148425373964,0.125125865522337,0.285912037174921,0.466672491276415,0.571148425373964,0.646081563901894,0.773885089564931
750,395,"alpha0",0.137021571486893,0.127785027199538,0.0687649864228141,0.039095214542776,0.0886646214092289,0.127785027199538,0.169443274178523,0.295091524737742
750,395,"alpha1",0.153132217215925,0.147798081733718,0.0448545603259064,0.0813237262248168,0.121955298699643,0.147798081733718,0.17690702046008,0.263666759829595
750,395,"beta1",0.725695513206162,0.7364913245798,0.0936556714084372,0.504610985170296,0.677386705170477,0.7364913245798,0.794052453188718,0.863815289034983
750,396,"alpha0",0.0680838373060207,0.0556568322503024,0.0532158287301032,0.0228326754782787,0.0378877408232761,0.0556568322503024,0.077824995025849,0.213754668584268
750,396,"alpha1",0.0582816855511297,0.0527007766653518,0.0322182345160672,0.0142429892060439,0.0354608659032862,0.0527007766653518,0.0734221058129754,0.139619508882191
750,396,"beta1",0.85720745435186,0.87784906257498,0.0881715054079665,0.617022194383177,0.833522653121669,0.87784906257498,0.909963862837479,0.948120309283154
750,397,"alpha0",0.0981961693352802,0.0911431517141974,0.0434874497432049,0.0457007889389998,0.0718724395187319,0.0911431517141974,0.114285676784498,0.18855412228105
750,397,"alpha1",0.134373376302523,0.131036826180532,0.035313334578399,0.0761002660474024,0.108919347014554,0.131036826180532,0.156685340570568,0.206998322114886
750,397,"beta1",0.768400937274717,0.776445444646133,0.0655884851132801,0.636213680462677,0.740749917717216,0.776445444646133,0.807194859756971,0.861360513277176
750,398,"alpha0",0.305197497420592,0.273165883023544,0.136222296599147,0.110376881633847,0.199180873709729,0.273165883023544,0.404935443915551,0.609148619897805
750,398,"alpha1",0.134199887054781,0.12947127827614,0.0494735642164003,0.0562992508416372,0.0966869501442309,0.12947127827614,0.165298895118838,0.243622883018027
750,398,"beta1",0.50309834198258,0.542112811916223,0.192244282927264,0.0981510929673519,0.351807822970514,0.542112811916223,0.659547752925186,0.787230765540203
750,399,"alpha0",0.157902778749276,0.123976324602428,0.111422405618567,0.0517147822725015,0.0868750565403973,0.123976324602428,0.180745147222363,0.500966515139658
750,399,"alpha1",0.11686733937461,0.110958472711959,0.0410505404859474,0.0550321489008077,0.0875334409746858,0.110958472711959,0.138315977001108,0.217526924669888
750,399,"beta1",0.730174050818986,0.768958195450886,0.132664930800842,0.336300655864494,0.695410531963231,0.768958195450886,0.815671886815937,0.875778206547329
750,400,"alpha0",0.126082990636217,0.115181092461385,0.0625141293678856,0.0496121672202712,0.0873881178628791,0.115181092461385,0.149781519567841,0.300167724849552
750,400,"alpha1",0.159058921129884,0.15584764441094,0.0434416712117208,0.0851709840552313,0.126550577708182,0.15584764441094,0.187214331132759,0.25653958548201
750,400,"beta1",0.743960801114959,0.753782966282786,0.0761801861124488,0.576524424931847,0.707597019934735,0.753782966282786,0.79202531119543,0.859319595379398
750,401,"alpha0",0.0978850732470038,0.086132474338071,0.0568507242866311,0.0472386590814653,0.06910275289253,0.086132474338071,0.111136204653208,0.209477118367816
750,401,"alpha1",0.112102883226441,0.107914024846088,0.0331514786427169,0.060353331365354,0.0897259413097166,0.107914024846088,0.129274004234905,0.190378597753177
750,401,"beta1",0.808292175344308,0.820928998129485,0.069065605025412,0.65586494131633,0.790062696998477,0.820928998129485,0.844721917499515,0.88247807264887
750,402,"alpha0",0.110773317480222,0.0965525288581174,0.0711109375545491,0.0470436986200338,0.0764193459245698,0.0965525288581174,0.11875493083636,0.406397781125742
750,402,"alpha1",0.106477359152987,0.104014850083121,0.0316677235098932,0.0533841953503134,0.0855290208405762,0.104014850083121,0.123645145743076,0.175670057119558
750,402,"beta1",0.775716753263839,0.790014247462241,0.0934256575995348,0.407360754352197,0.755640390123187,0.790014247462241,0.825019196762039,0.883463348219871
750,403,"alpha0",0.192743579992677,0.119585896827837,0.193209042928181,0.048879626982435,0.0902596029190747,0.119585896827837,0.181345520829293,0.793252576872603
750,403,"alpha1",0.137189154545353,0.132378556357519,0.0393632145962885,0.0727010474620836,0.110303621236119,0.132378556357519,0.159543158736256,0.22436094640393
750,403,"beta1",0.662241037752296,0.738574920688726,0.217347870130724,0.0259359437887316,0.652923952677018,0.738574920688726,0.786725069399443,0.856609162009544
750,404,"alpha0",0.0740105980398318,0.0589340569355839,0.0515910720777014,0.0232285495910158,0.0445004950582726,0.0589340569355839,0.0818379530537886,0.223585619320041
750,404,"alpha1",0.0777748778358348,0.0746280270209813,0.0327576148697117,0.0252175266278449,0.0559896786241034,0.0746280270209813,0.0958645154198704,0.147279364415727
750,404,"beta1",0.84554358435469,0.862414852070961,0.0721852970780916,0.658994999105729,0.823902129523802,0.862414852070961,0.88878445722073,0.93491605593799
750,405,"alpha0",0.149927140404444,0.139092441613727,0.0584950332232419,0.0757150611621109,0.113744138954888,0.139092441613727,0.169363288457154,0.316102891726314
750,405,"alpha1",0.16304806353571,0.160155468373517,0.0396533405961405,0.0953115467511867,0.134191353172211,0.160155468373517,0.188455087920154,0.24763650927053
750,405,"beta1",0.702854045108897,0.715514008558657,0.0705896702012384,0.510627549376514,0.670236948212846,0.715514008558657,0.750610343095123,0.800527971191087
750,406,"alpha0",0.119843015392909,0.0981106366345252,0.0860890765242982,0.0458326104597329,0.0773599790385794,0.0981106366345252,0.129025461539452,0.468019276346092
750,406,"alpha1",0.081308550703323,0.0765027141814772,0.0317716763418133,0.0308918416734964,0.0597965332444395,0.0765027141814772,0.0988331103000372,0.154350713552077
750,406,"beta1",0.770619223468212,0.798771105521538,0.116940520603861,0.288742094599707,0.750700959356839,0.798771105521538,0.831744498286786,0.891710771086032
750,407,"alpha0",0.231654457546535,0.217145574708959,0.109344599087408,0.0810214530351991,0.154447091769487,0.217145574708959,0.283786201984846,0.553848067865746
750,407,"alpha1",0.15594327636981,0.152492279344857,0.0454933631157542,0.0792541990194885,0.123293801760212,0.152492279344857,0.183225715812143,0.257032331896559
750,407,"beta1",0.619202732710897,0.636986734677038,0.125975234931465,0.295083660173422,0.549471015230082,0.636986734677038,0.712053792854682,0.804132564088311
750,408,"alpha0",0.166930972293908,0.143910570500165,0.0974500770259036,0.0518045679824639,0.0987633214694574,0.143910570500165,0.205432299999576,0.457484559111482
750,408,"alpha1",0.160830980227677,0.156701365546932,0.0526214078312669,0.0731475271594491,0.122404264789589,0.156701365546932,0.193123827901866,0.27566636083784
750,408,"beta1",0.674108130207725,0.695005312218541,0.130220612500838,0.315383157498373,0.611608095330838,0.695005312218541,0.763091053065044,0.865690254859546
750,409,"alpha0",0.10574336836682,0.0957737642323163,0.0509323866998942,0.0493759755119847,0.0754293878875476,0.0957737642323163,0.12287156079399,0.204399350566279
750,409,"alpha1",0.10964948578325,0.104338714634292,0.0358334030370972,0.0546797578579252,0.0840446366700942,0.104338714634292,0.12958307524346,0.197711380193156
750,409,"beta1",0.81248198389105,0.824815739033796,0.0640980476312284,0.673621802127767,0.785324267055982,0.824815739033796,0.853763814439449,0.897413470228449
750,410,"alpha0",0.121025104994525,0.047919740318235,0.187920624570545,0.0238317560991739,0.0358984368933988,0.047919740318235,0.0754415918111663,0.701133477583512
750,410,"alpha1",0.0730155565473325,0.0664512099714408,0.0348626361341089,0.0261697221920397,0.0501046663584748,0.0664512099714408,0.0877581071100009,0.168619144899727
750,410,"beta1",0.789825682160439,0.877705258534196,0.23758824550441,0.0785197599708077,0.837338484415226,0.877705258534196,0.904243576669353,0.93858216551666
750,411,"alpha0",0.116256714862848,0.102926797674975,0.0634235329818869,0.048521554135172,0.0737918657567069,0.102926797674975,0.138412083830327,0.262260611044536
750,411,"alpha1",0.120618407050976,0.116698601847732,0.0383721045272782,0.0595483233034105,0.093995495263413,0.116698601847732,0.140064578645905,0.210431496641044
750,411,"beta1",0.75814075952254,0.773572100863342,0.0907019386447137,0.561300019337344,0.720859726444122,0.773572100863342,0.820208673363052,0.869064192436837
750,412,"alpha0",0.21704797737867,0.146378589616635,0.179583947073507,0.0701432757392564,0.108243076206649,0.146378589616635,0.221803226217652,0.732691654376543
750,412,"alpha1",0.113596243731528,0.108671610174879,0.0369806454635802,0.0559107817873182,0.0877166549979145,0.108671610174879,0.133982263853267,0.199688064224367
750,412,"beta1",0.679808882842056,0.751571215697211,0.185360041292192,0.158943405630938,0.660526009222141,0.751571215697211,0.795981483758644,0.850634788375102
750,413,"alpha0",0.12091277889112,0.105381292178653,0.0627069956519441,0.0556387832352244,0.0851563491747748,0.105381292178653,0.134532625417232,0.33494995548974
750,413,"alpha1",0.0952826640798385,0.0932907241105773,0.0306998842986306,0.0410818457153666,0.0733889235657292,0.0932907241105773,0.115204926432382,0.160174184457472
750,413,"beta1",0.774317970179222,0.788255137722825,0.0769907846728582,0.537903276673409,0.747118884578841,0.788255137722825,0.822431764446999,0.87399742237541
750,414,"alpha0",0.0889090888646279,0.0750722641674429,0.0557557528497809,0.0387903463915115,0.0573425052071529,0.0750722641674429,0.100318287912522,0.216047808582156
750,414,"alpha1",0.133340778990046,0.128946239491013,0.0364469388269312,0.0754913169781251,0.108211259335116,0.128946239491013,0.152693600860722,0.2177752467051
750,414,"beta1",0.78811903524665,0.804684997203126,0.0763828862983447,0.609975275016822,0.766580520244266,0.804684997203126,0.832332449060664,0.876759261409098
750,415,"alpha0",0.0877388162926599,0.0801177266452904,0.0435623501662512,0.0346165375460391,0.0614426819630059,0.0801177266452904,0.0999093065117621,0.176626818744965
750,415,"alpha1",0.111264756309878,0.10809537087005,0.0319006140445599,0.0590262281632755,0.0880512977125923,0.10809537087005,0.13007547655572,0.178807099424865
750,415,"beta1",0.799738817813681,0.809400446036386,0.0642661657719179,0.671668763536612,0.771748978590542,0.809400446036386,0.841332030999925,0.887056364763294
750,416,"alpha0",0.127031584603346,0.114064444487697,0.0721816467472084,0.0213504764443736,0.0772936167011207,0.114064444487697,0.160986572194958,0.291371028679106
750,416,"alpha1",0.118529518664312,0.113551290243038,0.0424123358276487,0.0515048765942554,0.0877476472517376,0.113551290243038,0.143413122131723,0.220279926751114
750,416,"beta1",0.754946890214474,0.770240355145859,0.102507211740513,0.524743682014115,0.698014084401108,0.770240355145859,0.822199925824963,0.920053492651201
750,417,"alpha0",0.211776810232998,0.163653433347725,0.135167479449246,0.0546941349486378,0.0972235884407419,0.163653433347725,0.306040909958878,0.508428183214571
750,417,"alpha1",0.11628840854359,0.110827641697264,0.0397672558741138,0.0564726706112719,0.0878170847328861,0.110827641697264,0.137363945230185,0.213268254015615
750,417,"beta1",0.625827390413012,0.686692981278483,0.188939130007898,0.209282195887642,0.487107736732887,0.686692981278483,0.78269953717323,0.858618696081267
750,418,"alpha0",0.101031518284006,0.085357686664038,0.0684705127952638,0.0336756804125459,0.0624945248190677,0.085357686664038,0.117591241892498,0.372094735323943
750,418,"alpha1",0.0975838873824057,0.0944245157542193,0.0334564319976986,0.04441476289701,0.0756205678883678,0.0944245157542193,0.11443730236206,0.172687134898731
750,418,"beta1",0.799696464793814,0.81661909053178,0.0910247911316397,0.474094604258807,0.774352038443922,0.81661909053178,0.853268343497101,0.906160559829084
750,419,"alpha0",0.23862955248856,0.220787741982019,0.0901170644159858,0.112270876418446,0.174562924255922,0.220787741982019,0.287673453840442,0.45906320836915
750,419,"alpha1",0.11595737802587,0.111457609316783,0.0424282078909597,0.048643250811256,0.0842733898037109,0.111457609316783,0.141682452195029,0.206881494902234
750,419,"beta1",0.638747225487599,0.655822823411759,0.108113769167112,0.387006648832849,0.577285264998575,0.655822823411759,0.716025043430214,0.799888135526538
750,420,"alpha0",0.0907679765599443,0.0860218361937237,0.0429565870044223,0.0368508265941779,0.0656008016076172,0.0860218361937237,0.106788710442993,0.168259931757882
750,420,"alpha1",0.145139408768829,0.142307042697364,0.0355814975512044,0.0846299719280903,0.120538777722299,0.142307042697364,0.166164118473294,0.224412695590958
750,420,"beta1",0.775912955392654,0.781836776170769,0.0616367453930276,0.655657625015423,0.747494246477611,0.781836776170769,0.815620081173005,0.866523340836594
750,421,"alpha0",0.222790543014983,0.164441207463908,0.173908828504018,0.0370532838534371,0.087666124970615,0.164441207463908,0.30435542795572,0.635445376708221
750,421,"alpha1",0.120780760327995,0.115554893820349,0.0495233053346855,0.041309542098202,0.0853136177126851,0.115554893820349,0.149492348479242,0.233591931537339
750,421,"beta1",0.629964816014082,0.698092191739173,0.227191920130873,0.122185932092654,0.51829296959694,0.698092191739173,0.807739159265198,0.903290755765227
750,422,"alpha0",0.139015446769593,0.121505353542393,0.0668373177977669,0.0647722856079388,0.0999552876459146,0.121505353542393,0.152738615988868,0.369598937428556
750,422,"alpha1",0.122931150781351,0.11919308338208,0.0393417933958822,0.0613147469212246,0.0952618098584676,0.11919308338208,0.144264855722818,0.21345331403285
750,422,"beta1",0.709103845353783,0.730316810170199,0.0963972938013089,0.417682910958393,0.682566487131135,0.730316810170199,0.768227641871917,0.838164636173712
750,423,"alpha0",0.147107002082125,0.130330555282764,0.0669227858056011,0.0632178681466325,0.100337448373217,0.130330555282764,0.175299657669262,0.311254879031221
750,423,"alpha1",0.130022473174203,0.124360392679744,0.0417226115192096,0.0655243335708014,0.100962804020936,0.124360392679744,0.152875709613952,0.228378011004123
750,423,"beta1",0.734008263491727,0.749327724027425,0.0851829493156025,0.530988508336005,0.690501754855599,0.749327724027425,0.79390980544831,0.857285478855915
750,424,"alpha0",0.131199699762985,0.0783567106576735,0.16386395945984,0.0345513298266377,0.0543591045869615,0.0783567106576735,0.108186297883167,0.686945751178472
750,424,"alpha1",0.0694944332817012,0.0679743468622922,0.0274152786010357,0.0224728466841447,0.0515966340281837,0.0679743468622922,0.0844872929563032,0.126169377393823
750,424,"beta1",0.798597601241639,0.850765662623127,0.164171019095743,0.23710859466719,0.815464458579493,0.850765662623127,0.876662069423503,0.911962777445405
750,425,"alpha0",0.302493717989762,0.281758267388252,0.106731213688163,0.143145241363113,0.223964491191523,0.281758267388252,0.36184455138549,0.548034307046133
750,425,"alpha1",0.214045153044155,0.21041035057703,0.0554730454147276,0.117843300299371,0.173706223072745,0.21041035057703,0.249686268444102,0.333979489326911
750,425,"beta1",0.485299014373375,0.50277597138479,0.134891559332149,0.204582664292053,0.406052956554726,0.50277597138479,0.584948473410084,0.706123692406568
750,426,"alpha0",0.105016308935815,0.0972098497131824,0.0562873722237923,0.0361205490185036,0.0665836431788765,0.0972098497131824,0.130217768671446,0.256177195175276
750,426,"alpha1",0.103568673406992,0.101234307669834,0.0278803089945594,0.0556393519257727,0.0838949661724483,0.101234307669834,0.121478347054754,0.162099485397483
750,426,"beta1",0.799285784482865,0.809865748597915,0.0655426692458387,0.637462709673245,0.767080952522608,0.809865748597915,0.844219485131034,0.89292515422741
750,427,"alpha0",0.207739024590019,0.194778759181241,0.078675062333467,0.0841764236203578,0.149688888677535,0.194778759181241,0.25360725601041,0.379106668156328
750,427,"alpha1",0.0851137317142426,0.0815549096388694,0.0318285962801691,0.0331256683913331,0.0634108397636511,0.0815549096388694,0.102297645347181,0.15648549244993
750,427,"beta1",0.704357757331348,0.71712458519619,0.0947747233386312,0.508247970452472,0.643683515589949,0.71712458519619,0.772506746835918,0.861950333762307
750,428,"alpha0",0.190603948144597,0.110239479996065,0.18129238452086,0.0544421503386105,0.0792921133138333,0.110239479996065,0.223399614718732,0.725258573385189
750,428,"alpha1",0.105592382130419,0.0967241560780261,0.0445774651215975,0.0439911300107001,0.0751092519898443,0.0967241560780261,0.126821491387006,0.217353269357579
750,428,"beta1",0.69921676713779,0.789023568322159,0.215803659867179,0.0815432801286697,0.646496218907154,0.789023568322159,0.836243898281453,0.888593449831885
750,429,"alpha0",0.116483269310303,0.108656469848342,0.0511715964840297,0.0540404783526368,0.0862251582070291,0.108656469848342,0.134363870705915,0.211133658423546
750,429,"alpha1",0.133899348528384,0.130300815014516,0.0339870612492735,0.0780517009313411,0.10978007057146,0.130300815014516,0.153954286349595,0.207018473180128
750,429,"beta1",0.761991951891573,0.771810140482487,0.0671119859332166,0.636161095882412,0.733160854992788,0.771810140482487,0.804159935386897,0.853878463918679
750,430,"alpha0",0.455109855780941,0.437202553358128,0.153637504631621,0.217503903686623,0.346212087491045,0.437202553358128,0.52743463320366,0.83843360452505
750,430,"alpha1",0.143492661928373,0.13929420253399,0.0473440848067131,0.0606064832279194,0.112535523609261,0.13929420253399,0.170554246933795,0.247029949375806
750,430,"beta1",0.454201900053023,0.463343950696765,0.144873049196263,0.120074405425718,0.376381091660518,0.463343950696765,0.560905370737549,0.689538244368054
750,431,"alpha0",0.13672577042213,0.117621795474878,0.07488209509734,0.0651151689899445,0.0954641862179458,0.117621795474878,0.153258305567616,0.310877417382082
750,431,"alpha1",0.126395073115955,0.120150358053678,0.0388120585375705,0.0698820893219534,0.0990372273973339,0.120150358053678,0.146202732895699,0.220645805487529
750,431,"beta1",0.735366277015844,0.758923754783571,0.0988055067614475,0.493551269594185,0.707780185835966,0.758923754783571,0.794128987119061,0.842178594630565
750,432,"alpha0",0.0970793913554654,0.0798414076741448,0.0612294648425697,0.0380819659013724,0.0602990234943603,0.0798414076741448,0.111173044161782,0.242491782227795
750,432,"alpha1",0.0951610920911125,0.090846076002543,0.031853369872766,0.0440678576388092,0.0724692220867705,0.090846076002543,0.112863633511086,0.167147978698296
750,432,"beta1",0.805250310399007,0.822957687133056,0.0814413187652167,0.594856198374434,0.778836682380998,0.822957687133056,0.858020991839158,0.897898440309346
750,433,"alpha0",0.153005873253444,0.14317249683192,0.0559073694099992,0.0694052191370796,0.115633137812952,0.14317249683192,0.178057991497566,0.290859940243306
750,433,"alpha1",0.153716859090927,0.150266795081488,0.0359786616383221,0.094045044283833,0.128923177230841,0.150266795081488,0.175316723772352,0.234044188111418
750,433,"beta1",0.710855321781149,0.721259120900548,0.0706353905113667,0.537843928461637,0.675696375914138,0.721259120900548,0.757533466006951,0.823198186120438
750,434,"alpha0",0.12157552092907,0.109068182984671,0.0658990036594584,0.05250977428411,0.0811847980906772,0.109068182984671,0.144077152070341,0.255374565004855
750,434,"alpha1",0.119674198017521,0.114464529085143,0.0378155405992807,0.0591245215034141,0.0937972232196116,0.114464529085143,0.140440166241428,0.21058529153287
750,434,"beta1",0.744901037416681,0.75967520450986,0.0922374896576916,0.564189832049199,0.701936137038956,0.75967520450986,0.805633476794563,0.86519610175204
750,435,"alpha0",0.112670816835417,0.100410642936055,0.062309519840591,0.042225477567578,0.0762177188620942,0.100410642936055,0.125559414156827,0.321543285029304
750,435,"alpha1",0.121301729771839,0.115851864903367,0.0367073623045245,0.0655553265675818,0.0951421046357389,0.115851864903367,0.141033012695797,0.203763779271787
750,435,"beta1",0.76514132943445,0.781861536995272,0.0874276204240129,0.494568946444864,0.739412246615301,0.781861536995272,0.818108635486049,0.874416582855456
750,436,"alpha0",0.0945042177899141,0.087250179709035,0.0427098110765989,0.0480357678507223,0.0736652074927641,0.087250179709035,0.106359067664363,0.165938466284414
750,436,"alpha1",0.165113065972877,0.160859698408688,0.0412620796882789,0.0988564845365029,0.136249993719938,0.160859698408688,0.187899143867837,0.256654396773217
750,436,"beta1",0.740715440485079,0.747683855823658,0.0665225392777496,0.61154280371153,0.713802972918487,0.747683855823658,0.778258063847756,0.834612325076797
750,437,"alpha0",0.104468991846303,0.0893227493768992,0.0607220556867367,0.0377254429780946,0.0681628904977696,0.0893227493768992,0.124612567068634,0.246045934904039
750,437,"alpha1",0.0817854262195461,0.0780887894181913,0.0309915953123149,0.0326638548765095,0.0616025251205448,0.0780887894181913,0.0971191646949085,0.146823360340208
750,437,"beta1",0.805637079994201,0.821102562312963,0.0823302921116499,0.610758634004639,0.775422015099893,0.821102562312963,0.85576121905662,0.910971366489182
750,438,"alpha0",0.214965575449431,0.172454808446198,0.124598439161855,0.0695990997404762,0.120294253231096,0.172454808446198,0.294333653448908,0.559121661778874
750,438,"alpha1",0.0781909274310181,0.0744402350677161,0.0370856321367694,0.0174646327542375,0.0515393509902224,0.0744402350677161,0.0999972193916773,0.160929022609639
750,438,"beta1",0.687546781247839,0.729309915624424,0.146781280155352,0.295808847047598,0.593796384711796,0.729309915624424,0.800861148779797,0.871210993029994
750,439,"alpha0",0.22235398559065,0.19658646776791,0.100735425630158,0.0782599495389254,0.155016480891072,0.19658646776791,0.267708149704425,0.491458223422187
750,439,"alpha1",0.109553234902097,0.106315258496845,0.0354741010395372,0.0476512192707064,0.0856201146526738,0.106315258496845,0.130240556223648,0.18867143042309
750,439,"beta1",0.686289012923777,0.70902335755906,0.109532102332137,0.39668788692422,0.632485322269575,0.70902335755906,0.75791012910443,0.85191173431407
750,440,"alpha0",0.198574645311469,0.186657326147752,0.0847298777013837,0.0777935429672743,0.132618278601942,0.186657326147752,0.246467277350276,0.398266735920084
750,440,"alpha1",0.135004034498963,0.130061523483475,0.0443867992978726,0.0625211415165249,0.102146818843104,0.130061523483475,0.163196490155719,0.234929535646308
750,440,"beta1",0.658284669718806,0.669404108401692,0.114860108849976,0.391820472147448,0.588155479187128,0.669404108401692,0.747752628117554,0.835023077620294
750,441,"alpha0",0.273462643132222,0.223628438432245,0.159984917282754,0.0688529753500952,0.139763015194607,0.223628438432245,0.415579004745704,0.60180319381493
750,441,"alpha1",0.105631611986638,0.0996885095003674,0.0402856823127328,0.0416716032764334,0.077006272523102,0.0996885095003674,0.130026262918465,0.196144004168388
750,441,"beta1",0.605131282350141,0.653084629212605,0.187998364095042,0.23809925793309,0.440149393551445,0.653084629212605,0.758996014185194,0.864211030165955
750,442,"alpha0",0.158288486078539,0.141084496915644,0.0761165239991068,0.0668957905894731,0.105844127141775,0.141084496915644,0.181779495796861,0.36606321181522
750,442,"alpha1",0.200132536159517,0.19568972240097,0.0511480474723932,0.1124818850038,0.162624438109833,0.19568972240097,0.236056929149012,0.304599412388931
750,442,"beta1",0.658763587022468,0.676938429391371,0.103652094578715,0.398546700349727,0.607092768333826,0.676938429391371,0.733951168552866,0.808522042640335
750,443,"alpha0",0.188882910744445,0.176195603680124,0.0785734808479459,0.0677272041175827,0.135536617976606,0.176195603680124,0.225215578028797,0.39124455012557
750,443,"alpha1",0.129783192592645,0.126691978894914,0.0450276343228635,0.0530331781686764,0.0970326320780299,0.126691978894914,0.158172542049025,0.225947182196288
750,443,"beta1",0.650505448015349,0.660300232319406,0.111961513295661,0.376555894411681,0.59349788759902,0.660300232319406,0.726696193007606,0.845147398727058
750,444,"alpha0",0.148761630419979,0.121763817262364,0.0954119925005645,0.0575674883285431,0.0903557213710991,0.121763817262364,0.168607007985101,0.472032894386795
750,444,"alpha1",0.11232778873729,0.110487771933802,0.0344791427421483,0.0525926463574969,0.0872769832096832,0.110487771933802,0.134171555265323,0.185971122796641
750,444,"beta1",0.752679607075991,0.775965627132446,0.0959502234079388,0.459461610254674,0.725416853361791,0.775965627132446,0.81406823061325,0.861912968885237
750,445,"alpha0",0.15496325246365,0.150784941368893,0.0591912991954458,0.0614092257318981,0.114097673739665,0.150784941368893,0.185846471147384,0.278128216961687
750,445,"alpha1",0.167069567164204,0.162648878780953,0.0449678320689176,0.0918851758418183,0.135380091918642,0.162648878780953,0.193873679431827,0.26653565676983
750,445,"beta1",0.698188937086996,0.70594592214647,0.0767954100710067,0.532785511528671,0.652354950221158,0.70594592214647,0.753505304158098,0.82163761576133
750,446,"alpha0",0.209141015583257,0.198558667911782,0.120589501744421,0.0338635144367415,0.132809199507553,0.198558667911782,0.268031090872233,0.473113283520904
750,446,"alpha1",0.134034220481176,0.132816610719191,0.0589148120232989,0.0250295190676556,0.0956295270389152,0.132816610719191,0.171718757977523,0.253405621853574
750,446,"beta1",0.596804266623046,0.602375896072073,0.194440491173559,0.20602243214264,0.4760581044955,0.602375896072073,0.713751601188834,0.923687860754747
750,447,"alpha0",0.440174400860124,0.456683756491792,0.127674883597172,0.146965601628833,0.374148030775914,0.456683756491792,0.531403739093903,0.637160390320546
750,447,"alpha1",0.177223158229626,0.172389431547247,0.0588901345422888,0.0783277498930427,0.133859019768573,0.172389431547247,0.213908701262921,0.304205409914287
750,447,"beta1",0.297361544061925,0.272655212941414,0.181318693514588,0.0297112079112502,0.162551238374773,0.272655212941414,0.389027518090105,0.733361255821956
750,448,"alpha0",0.587301167311528,0.677333387137449,0.253319043130837,0.160182782835448,0.312946454111085,0.677333387137449,0.805000080190734,0.921988342073247
750,448,"alpha1",0.114109889369507,0.109955269733033,0.0437059118154595,0.043643797094191,0.0826181522786802,0.109955269733033,0.140046080547724,0.212907935844194
750,448,"beta1",0.324758941709792,0.224412283770741,0.259221599249218,0.0171607944171952,0.0993071987182043,0.224412283770741,0.605359315836972,0.778438451314132
750,449,"alpha0",0.0911886689409421,0.0672951019588385,0.0826939644988166,0.0346867023263662,0.052342326944289,0.0672951019588385,0.0921761153614,0.425629522750745
750,449,"alpha1",0.0895655631777972,0.0827838664151676,0.0353986803945677,0.0417357801282053,0.0657048849747255,0.0827838664151676,0.104704749647322,0.187114620210138
750,449,"beta1",0.817453123580075,0.84901962681546,0.110862747175411,0.383000003615613,0.80515039951219,0.84901962681546,0.875526963288934,0.907532813982963
750,450,"alpha0",0.264610253538676,0.243487864034169,0.116440084456918,0.0808953162719737,0.182000304936549,0.243487864034169,0.330200509361012,0.525208930535139
750,450,"alpha1",0.101069283907464,0.0967641156664803,0.0390415799302443,0.0357038039523588,0.0729804378504655,0.0967641156664803,0.124763711516051,0.187409235205973
750,450,"beta1",0.620075600815323,0.643076020481335,0.14061941074232,0.299641496519284,0.542165202875731,0.643076020481335,0.716070754986671,0.849383061534331
750,451,"alpha0",0.107310827390245,0.0790671943835559,0.0848379187546389,0.0300268085794942,0.0574254156903862,0.0790671943835559,0.119748783352459,0.346427773473684
750,451,"alpha1",0.0622222322009125,0.057419977404239,0.0286657292373967,0.0194421733907313,0.0429779212289247,0.057419977404239,0.0765773022296864,0.131317127696661
750,451,"beta1",0.833543350296302,0.865216258006647,0.102721744848276,0.553924568491476,0.811157795274612,0.865216258006647,0.896591058130341,0.940009123795683
750,452,"alpha0",0.170823749126994,0.165350130781306,0.0564531800109289,0.0768883208949053,0.131491672153332,0.165350130781306,0.205191762119469,0.288644438524681
750,452,"alpha1",0.151833459176564,0.147782047736646,0.0411815584827857,0.0807472781325645,0.122468851659355,0.147782047736646,0.17709671579122,0.24449074721817
750,452,"beta1",0.685224791224133,0.690601695991296,0.0760935674822992,0.52977436587849,0.635705355819661,0.690601695991296,0.739039584630891,0.816424312234651
750,453,"alpha0",0.166471375693901,0.139696621120395,0.0973692138480918,0.0645793515683491,0.109763812278368,0.139696621120395,0.188096453511263,0.506588726978408
750,453,"alpha1",0.100444464823335,0.0976308062896519,0.0338663428793547,0.0435302545267403,0.0764162795448096,0.0976308062896519,0.121419092774802,0.174249788771803
750,453,"beta1",0.737568609308582,0.762338964890145,0.112954393750316,0.369636501609874,0.70766738363007,0.762338964890145,0.805470290593551,0.876113036628971
750,454,"alpha0",0.12588783402908,0.121541533037785,0.0492773716840894,0.0554367322071906,0.095191675617518,0.121541533037785,0.148609628736433,0.222316480040785
750,454,"alpha1",0.131227812217309,0.129483710515711,0.0364366732668266,0.0677622426332684,0.105610940979875,0.129483710515711,0.154996687545866,0.207798018213097
750,454,"beta1",0.753833172055624,0.756772186283675,0.066336159252944,0.628086312566808,0.716430312622002,0.756772186283675,0.798490106535932,0.868860974336404
750,455,"alpha0",0.10275001413439,0.0698984280287676,0.0870681935507755,0.0319075260517699,0.0558456323938302,0.0698984280287676,0.102372414879133,0.379098484473602
750,455,"alpha1",0.105339806069401,0.0979576337368591,0.0393827189871123,0.0499810804763437,0.0773438024228462,0.0979576337368591,0.124274958495685,0.202988420369673
750,455,"beta1",0.796404645958733,0.834713588590726,0.11376619414584,0.459089267827805,0.787726033405327,0.834713588590726,0.863037100855644,0.905131285590165
750,456,"alpha0",0.100707006965781,0.0925349114184031,0.0469053809251009,0.0424813264067888,0.0752460877531381,0.0925349114184031,0.117889658818458,0.187265579308587
750,456,"alpha1",0.130676950849799,0.127409821411009,0.0368224059577465,0.0681537521262575,0.104477194277959,0.127409821411009,0.153269889904747,0.208620194504574
750,456,"beta1",0.787433658121197,0.795286120279023,0.0622168618561147,0.665699895189601,0.756467453822133,0.795286120279023,0.827356026166086,0.880194598269998
750,457,"alpha0",0.118808371704377,0.108616554348046,0.0585332468523197,0.0474838812238659,0.0790188255369837,0.108616554348046,0.142810984252779,0.259999332388045
750,457,"alpha1",0.134699725183419,0.130257229632379,0.0387295033232655,0.0698435749688,0.107391318634967,0.130257229632379,0.157415114462131,0.223532631140037
750,457,"beta1",0.750103891487332,0.760184470570878,0.0791495151038263,0.563488228223599,0.713724844602882,0.760184470570878,0.8019006079169,0.865976795444451
750,458,"alpha0",0.180837117771086,0.166281827424748,0.0887803401161871,0.0546834205626226,0.108635430231453,0.166281827424748,0.246234897452965,0.377575169296342
750,458,"alpha1",0.110957648638733,0.104291914013275,0.0431666821424633,0.0453265601239378,0.0797765877325788,0.104291914013275,0.135598359851779,0.211390092520912
750,458,"beta1",0.704773498941442,0.716446207372914,0.118581725092545,0.453145220284992,0.621913619757219,0.716446207372914,0.801015203739061,0.883502270930777
750,459,"alpha0",0.0870950322199208,0.0644943192943163,0.0777170863094969,0.0313945008084906,0.0514153296235653,0.0644943192943163,0.0863395259537281,0.388242570646287
750,459,"alpha1",0.120132715658671,0.114847539431017,0.0367152869474766,0.0650387738880378,0.0950632155191327,0.114847539431017,0.137725679419143,0.208425530819225
750,459,"beta1",0.80896457632892,0.833215579674999,0.0917913877476738,0.445334533247176,0.796140036141285,0.833215579674999,0.857957582050685,0.894197814907558
750,460,"alpha0",0.139532494191233,0.11904316585378,0.0803085179427946,0.0485668755115832,0.0852805855293328,0.11904316585378,0.169594929948031,0.366660985656417
750,460,"alpha1",0.11602521463747,0.111440956381839,0.0362753458396642,0.0559706677726599,0.0901855078736423,0.111440956381839,0.137483170858654,0.197762492034819
750,460,"beta1",0.727517491355482,0.748239126520293,0.108009454684276,0.436091956637983,0.681238913197945,0.748239126520293,0.804710576824036,0.86902332495207
750,461,"alpha0",0.0880078320628384,0.0763176262966432,0.0453012260646638,0.0336389377343933,0.0582346046181031,0.0763176262966432,0.107742521669455,0.196027920800979
750,461,"alpha1",0.129766548547728,0.125932245231343,0.0358517168041672,0.0712971987845345,0.104386178692762,0.125932245231343,0.15003960608208,0.209451912060819
750,461,"beta1",0.774043663953329,0.788715144275263,0.0753269672057377,0.593757395225887,0.738650304556218,0.788715144275263,0.826559960413747,0.874140988224708
750,462,"alpha0",0.205889270717819,0.180195244741919,0.100707057261353,0.0803117903065691,0.139626956491173,0.180195244741919,0.233535107128506,0.482768359202467
750,462,"alpha1",0.15316102320148,0.147195877396872,0.0435232233571941,0.0804100460375234,0.122800910728216,0.147195877396872,0.17974950572198,0.25735441024015
750,462,"beta1",0.656931333317175,0.6833319136691,0.11672475000524,0.331234957755731,0.611662370715519,0.6833319136691,0.733169233785781,0.818353513295651
750,463,"alpha0",0.0932344464429603,0.085318510654375,0.0484715028058728,0.042748654486711,0.0645904637913566,0.085318510654375,0.106650402622592,0.230204074075638
750,463,"alpha1",0.121080570137785,0.119565164370745,0.0277644391139259,0.0718700373175992,0.102079026588899,0.119565164370745,0.138650284739681,0.178554711035254
750,463,"beta1",0.796247346258587,0.803607172533678,0.0570146971048014,0.663929084917146,0.773426194522005,0.803607172533678,0.830477513232721,0.874437142722949
750,464,"alpha0",0.112052663936258,0.102177507050854,0.0492390967515357,0.059848725958012,0.0830256581197771,0.102177507050854,0.124976586085217,0.248539493838508
750,464,"alpha1",0.122469167510183,0.119131546464578,0.037763693975269,0.0599705154680615,0.0955110094611399,0.119131546464578,0.144169242033246,0.207114056137219
750,464,"beta1",0.746324354786961,0.760166974862449,0.0774780322537414,0.552441838528832,0.71491778657639,0.760166974862449,0.79497484218883,0.849084662651353
750,465,"alpha0",0.091530968233776,0.0524399350141791,0.133103419649961,0.024472064447722,0.0402635803483337,0.0524399350141791,0.0696335622962182,0.595012847670448
750,465,"alpha1",0.107028223094454,0.102228288041007,0.0381036298223689,0.049090544618318,0.0824906414911257,0.102228288041007,0.125185905393445,0.201238131551139
750,465,"beta1",0.796604014693793,0.84165371169633,0.171299343030167,0.127051135842695,0.810466172860964,0.84165371169633,0.869489845422608,0.914690318029588
750,466,"alpha0",0.0775109389100841,0.0708283522859684,0.0352609094341477,0.0363246803289693,0.0578170612246568,0.0708283522859684,0.089716092380892,0.138715274133561
750,466,"alpha1",0.127611826586254,0.124394384462288,0.031411858353567,0.0777728320111687,0.10505969616307,0.124394384462288,0.146634050384616,0.199381131536716
750,466,"beta1",0.802402673820755,0.809871532920224,0.0524726788963382,0.697003858192686,0.776601290641727,0.809871532920224,0.836632752826253,0.875983096823261
750,467,"alpha0",0.251885679471746,0.16675256776213,0.201636295000034,0.0532167197814174,0.0933474634193695,0.16675256776213,0.361468361971392,0.698004976206018
750,467,"alpha1",0.0899303964899659,0.0868289091986341,0.0340179895771541,0.0369843578407901,0.0650601785474655,0.0868289091986341,0.109433520191275,0.169656554058182
750,467,"beta1",0.597886752912708,0.708873869517252,0.261148297313943,0.0449449126791377,0.444010842981322,0.708873869517252,0.8033569143458,0.876854968496876
750,468,"alpha0",0.194640326343616,0.159120081883167,0.11859381112012,0.0822155809322164,0.121091097863758,0.159120081883167,0.217800784567273,0.568800352664243
750,468,"alpha1",0.119157771276302,0.116414737161068,0.0410878608004391,0.0458767748323554,0.0911700584242461,0.116414737161068,0.145160452157861,0.205041764185113
750,468,"beta1",0.653814544403707,0.693245017170314,0.144674742905495,0.212017670216301,0.600673232719031,0.693245017170314,0.751462520727149,0.819028621284978
750,469,"alpha0",0.0812334487968801,0.0744969237842586,0.0410188859236718,0.0319851704709787,0.0556083665860067,0.0744969237842586,0.0977162207856818,0.168262955570871
750,469,"alpha1",0.123949229684092,0.120717999638669,0.0356791479181692,0.0664290115287275,0.099127966705567,0.120717999638669,0.144634199725307,0.201182481568374
750,469,"beta1",0.796339033009793,0.80467322206374,0.0642066640466173,0.6627549213419,0.766322282726262,0.80467322206374,0.837086317221903,0.888933874392716
750,470,"alpha0",0.17096325990853,0.144753418976623,0.0910465940842203,0.0628463515797832,0.109273593911384,0.144753418976623,0.208277879932303,0.42083454820644
750,470,"alpha1",0.120204699331621,0.117712775601792,0.0385384467387038,0.0556087225233207,0.0918452943936466,0.117712775601792,0.14437390070711,0.205331640052445
750,470,"beta1",0.719886854444358,0.74364072396877,0.108860688530688,0.442324919448447,0.66432334855754,0.74364072396877,0.795996775877382,0.870858020630673
750,471,"alpha0",0.131576963135528,0.113098437779794,0.0861425290525432,0.0538814624665291,0.0797496131899304,0.113098437779794,0.154409884110037,0.472869049743331
750,471,"alpha1",0.107703206482701,0.10262848351015,0.037764047466512,0.0499505174545109,0.0802848438571868,0.10262848351015,0.127825955064796,0.196293891743091
750,471,"beta1",0.781968942841192,0.800854461302657,0.0952293244233977,0.426080228424967,0.751598343487554,0.800854461302657,0.841602886890007,0.888864991494249
750,472,"alpha0",0.075861443356991,0.0600698821044199,0.0606383190302551,0.025940670309846,0.0368917710945307,0.0600698821044199,0.0920561006106886,0.297988009689561
750,472,"alpha1",0.050903771562308,0.0471833153721132,0.027843684465606,0.0118992315154727,0.0323948087781104,0.0471833153721132,0.063907926916889,0.113710815807622
750,472,"beta1",0.861216991308057,0.882644430809003,0.0895263343775003,0.563110027520438,0.834993181719713,0.882644430809003,0.918420400378982,0.948442500979985
750,473,"alpha0",0.185303954535911,0.176279323250986,0.0679035266337444,0.0667172207634135,0.14238385687502,0.176279323250986,0.219575142114921,0.348208484392253
750,473,"alpha1",0.203546508065729,0.199406349698118,0.0504220243494745,0.118695321553643,0.168613967624935,0.199406349698118,0.234536189095262,0.315235957151135
750,473,"beta1",0.647820602767187,0.652713987695322,0.0832840368413711,0.467016961597758,0.598600160312966,0.652713987695322,0.701057447844217,0.808417000034261
750,474,"alpha0",0.152754372485301,0.116107018360791,0.0943468529109594,0.0479100318722717,0.082258209301463,0.116107018360791,0.198801380934327,0.379509575792609
750,474,"alpha1",0.0811606277703517,0.078876740384152,0.0276349821712457,0.0335098759125076,0.0623489486166622,0.078876740384152,0.0978428726168468,0.143019448424546
750,474,"beta1",0.768776337395055,0.803308329036983,0.1091061414863,0.516435609027225,0.707896290029326,0.803308329036983,0.850673858566376,0.903743776774254
750,475,"alpha0",0.087610757709253,0.0780563821952283,0.0536315069131113,0.0364394419886421,0.0594245098004097,0.0780563821952283,0.101263310732597,0.191687649954755
750,475,"alpha1",0.158215722584527,0.154154998814337,0.0391426084564907,0.0913066226388093,0.130263797836579,0.154154998814337,0.182666329175094,0.240896298521391
750,475,"beta1",0.769577889568979,0.778439836496423,0.0714444853049474,0.630589861307189,0.73978959046438,0.778439836496423,0.81166276345619,0.865294557480995
750,476,"alpha0",0.189125738030705,0.163762615441362,0.104832960701137,0.0687025598176187,0.110428363940569,0.163762615441362,0.230521996797035,0.481162264488821
750,476,"alpha1",0.0635788577192505,0.0592399202988749,0.030346590521235,0.0189554337033371,0.0426860844535137,0.0592399202988749,0.0793993488825112,0.129523445599072
750,476,"beta1",0.702932972638193,0.730860201491691,0.132871700338037,0.357821875411991,0.64535526710815,0.730860201491691,0.800653960239179,0.868695857311879
750,477,"alpha0",0.206547212229949,0.188708589526404,0.0901426213731569,0.0775788331433845,0.14340236237159,0.188708589526404,0.249920599830477,0.422622822554847
750,477,"alpha1",0.0914965499626786,0.0844974572246931,0.0384897018251337,0.0359603975207686,0.0641897232959257,0.0844974572246931,0.111105796710069,0.183273755306113
750,477,"beta1",0.720443740725885,0.739723306498961,0.103323452016966,0.466165878489925,0.671802640771579,0.739723306498961,0.79364010281953,0.868003197800371
750,478,"alpha0",0.147687019185002,0.139186726560135,0.0662858631064199,0.0467050781755516,0.098630343473766,0.139186726560135,0.184074162770632,0.281674502092323
750,478,"alpha1",0.186428514603552,0.180114955368157,0.0533104422190517,0.101318813396162,0.14656390460012,0.180114955368157,0.219985149888304,0.305538422036034
750,478,"beta1",0.678330558979543,0.690860890585702,0.101927158447824,0.467275166131378,0.611745115301479,0.690860890585702,0.753624281189936,0.840095085392646
750,479,"alpha0",0.102292851226697,0.0959371959390179,0.0425699558258964,0.0447499926189821,0.0770770161056958,0.0959371959390179,0.118002486899105,0.200610718244323
750,479,"alpha1",0.133748523049741,0.129908947641352,0.0356496580861036,0.0758202865698363,0.10896188929453,0.129908947641352,0.154162825204156,0.215692395526859
750,479,"beta1",0.772804913996038,0.779615630432723,0.0625556847399843,0.632118149571968,0.746025621862444,0.779615630432723,0.811632091100288,0.866959879659476
750,480,"alpha0",0.203555106700884,0.185506227948761,0.0960727846576076,0.068032098341583,0.128646916655336,0.185506227948761,0.271053628238401,0.40467889521706
750,480,"alpha1",0.113925327394958,0.109527561083941,0.0385921296002066,0.0518571945666456,0.0863258155777762,0.109527561083941,0.137328806145775,0.200735358894515
750,480,"beta1",0.696609111909031,0.712511031423484,0.109145267765143,0.470689456967488,0.618622469310577,0.712511031423484,0.784731842488709,0.855433744882038
750,481,"alpha0",0.22856303029516,0.212676778249401,0.0782144711810972,0.115808828568784,0.175144900249373,0.212676778249401,0.264908184727006,0.423200665281155
750,481,"alpha1",0.152637393142485,0.148055253276276,0.0444274905503003,0.078639941642384,0.122227406065848,0.148055253276276,0.17838636446622,0.254069512483254
750,481,"beta1",0.588182173767261,0.605692878496106,0.105465379709067,0.346060675133637,0.530484894131347,0.605692878496106,0.662629758789605,0.749164438536067
750,482,"alpha0",0.274485550270579,0.244927978870193,0.172705691343923,0.0481074905765472,0.113248165055111,0.244927978870193,0.399342487414768,0.614226944719002
750,482,"alpha1",0.133284186349161,0.129077161664087,0.0570396583599308,0.0410580065322334,0.0907199518115174,0.129077161664087,0.169940434827603,0.25404344608413
750,482,"beta1",0.586451812813059,0.604587443655272,0.214983491831772,0.192243505029861,0.413664653257644,0.604587443655272,0.78796848538456,0.895704597171203
750,483,"alpha0",0.235931839056084,0.225425127668174,0.112148821816401,0.059553867795542,0.148631955893384,0.225425127668174,0.318591760764427,0.466214288942338
750,483,"alpha1",0.108032957632175,0.10194811868548,0.0437490823432537,0.0407771280243301,0.0736776112231655,0.10194811868548,0.136243178624805,0.205173155647352
750,483,"beta1",0.6237791329223,0.623299164242135,0.149372649997417,0.33804310986935,0.508368913675163,0.623299164242135,0.745191539169485,0.868752252557751
750,484,"alpha0",0.177202903033319,0.144789055382847,0.106913017231441,0.0613816134180818,0.106087772327933,0.144789055382847,0.208841057414328,0.522745440308198
750,484,"alpha1",0.114775497650582,0.109713162291064,0.0364713846073817,0.0563860703062038,0.0894173406992863,0.109713162291064,0.135133325900084,0.19733092401243
750,484,"beta1",0.718470641365584,0.74960120990421,0.116475850791287,0.367295482545261,0.673809279177005,0.74960120990421,0.794467680589656,0.862753892885896
750,485,"alpha0",0.21590898129252,0.130091615514156,0.213902711154658,0.0423503204443929,0.0899243877221616,0.130091615514156,0.1949079391545,0.812004386992812
750,485,"alpha1",0.0738300664161757,0.0682291058005172,0.0351170741757059,0.0210376564904656,0.049379731174679,0.0682291058005172,0.0919006201955826,0.158596502439763
750,485,"beta1",0.696382734898885,0.791510235125471,0.244837514743093,0.0339079940996484,0.703377530037163,0.791510235125471,0.846996468581415,0.908122907900617
750,486,"alpha0",0.164161970196422,0.147940004234074,0.0788940816997895,0.0525274094739605,0.114486196158329,0.147940004234074,0.19803383885473,0.356939690649435
750,486,"alpha1",0.124343589907475,0.119653568719825,0.0354185338098186,0.0668334663558948,0.0977596319408447,0.119653568719825,0.14744995144883,0.201130761737332
750,486,"beta1",0.739127726338194,0.754988674781534,0.0873688984073632,0.528502971007805,0.693946569769864,0.754988674781534,0.800532080756846,0.86602490659358
750,487,"alpha0",0.111060538919271,0.092641356596231,0.0711576208673289,0.0392123868601471,0.0681754483354771,0.092641356596231,0.125210696385363,0.342189371334109
750,487,"alpha1",0.128025519691834,0.123854640216152,0.0389814388499453,0.0633039678812984,0.100024283965958,0.123854640216152,0.152473806955148,0.210562670906665
750,487,"beta1",0.774104124343679,0.792597480997678,0.0883553618684611,0.517803427798762,0.745954412154475,0.792597480997678,0.829695110248324,0.886754881373182
750,488,"alpha0",0.166248207342187,0.102864290195053,0.141342261510177,0.0407554242562883,0.06982761021939,0.102864290195053,0.21636543279936,0.552402652726949
750,488,"alpha1",0.0897097865449104,0.0825904327821857,0.0393721305276599,0.0315120056617594,0.061008798242471,0.0825904327821857,0.111835612816696,0.177705662909467
750,488,"beta1",0.771273316136752,0.828524250099562,0.148293180624801,0.383415688631667,0.708199364011832,0.828524250099562,0.877017275996869,0.921588163765975
750,489,"alpha0",0.0836911637765884,0.0705074911195597,0.0659245360802012,0.0251387869277059,0.0489322404112841,0.0705074911195597,0.0916616094407859,0.296541729449969
750,489,"alpha1",0.0698672314963802,0.0668299652147277,0.0298197594929117,0.0268434736989014,0.0506818344066665,0.0668299652147277,0.0838034580032263,0.130139271380055
750,489,"beta1",0.844136745273398,0.859537644349179,0.082599820314971,0.626367307033883,0.824024042246398,0.859537644349179,0.890175531483074,0.930288648893312
750,490,"alpha0",0.122211459671019,0.114766265063605,0.0565409715000399,0.0466153780987839,0.0838171212194462,0.114766265063605,0.14882559966371,0.257464985255359
750,490,"alpha1",0.103861538130269,0.099702264095208,0.0319887961226487,0.0544351262390348,0.0828414256213908,0.099702264095208,0.11914420978744,0.180256207178437
750,490,"beta1",0.781249433849108,0.790245396334313,0.0719131837245339,0.603992286083896,0.749895223798988,0.790245396334313,0.828686060355774,0.879284598636559
750,491,"alpha0",0.134992838146256,0.116123127921501,0.0916871385450744,0.041614579240659,0.0723451279484592,0.116123127921501,0.160418270077801,0.426746998536231
750,491,"alpha1",0.0983273231546833,0.0938184272870027,0.0397236848271365,0.037537119318226,0.0699378285832815,0.0938184272870027,0.120878846711567,0.187399823852943
750,491,"beta1",0.760253047808317,0.779879735990342,0.116868528236907,0.398747162360184,0.713168572258546,0.779879735990342,0.840783266214126,0.904186028423076
750,492,"alpha0",0.162420082646415,0.130131355778408,0.12070115632888,0.0643718611617973,0.102643553067799,0.130131355778408,0.171555361955789,0.64018617722089
750,492,"alpha1",0.0752129275292954,0.0714137776063916,0.0294921638102059,0.0278511394224496,0.0561487516216851,0.0714137776063916,0.090644535429798,0.142551369645605
750,492,"beta1",0.757251041964574,0.791911158182095,0.129716736367784,0.255208477942636,0.739966751598166,0.791911158182095,0.825094742742361,0.873814226895579
750,493,"alpha0",0.12964873622963,0.104442098797657,0.103773760252607,0.0492912374079358,0.076484417856776,0.104442098797657,0.137620212671547,0.529622547277803
750,493,"alpha1",0.164953416391238,0.160091237722401,0.0444770363355329,0.0923451707914643,0.134132560218967,0.160091237722401,0.190795792543912,0.26449228117171
750,493,"beta1",0.729922532322692,0.756115737915146,0.115141171135011,0.303477265007074,0.710672680933875,0.756115737915146,0.791897282085275,0.852295961107193
750,494,"alpha0",0.172534121011299,0.111939004315053,0.144260758218728,0.0432040470564074,0.0786708916852583,0.111939004315053,0.197269321096017,0.562086422123289
750,494,"alpha1",0.0828617420306618,0.0759825514142215,0.0383697570403592,0.024974211424576,0.0552954359198705,0.0759825514142215,0.104987049524478,0.171657299985912
750,494,"beta1",0.734719819468808,0.806474387834707,0.178136769092434,0.273009490327395,0.680530847701275,0.806474387834707,0.854188875093813,0.913324764792342
750,495,"alpha0",0.144306632602831,0.116156460644302,0.093895703462321,0.0540720493485835,0.0854567656610373,0.116156460644302,0.17314627958283,0.430357929595915
750,495,"alpha1",0.118135209377182,0.112291227640131,0.04079482729001,0.0602570095937965,0.0901380659932715,0.112291227640131,0.138226179739558,0.2107172240012
750,495,"beta1",0.744241585438055,0.776275812560811,0.114930935402135,0.422147627413604,0.706072857718736,0.776275812560811,0.818386545194114,0.873374909992953
750,496,"alpha0",0.204328808968844,0.165071570599897,0.128701354409335,0.0536081336382912,0.114834376189658,0.165071570599897,0.248793868431228,0.546007661872436
750,496,"alpha1",0.0927484423401593,0.0883419664012693,0.0418661762534539,0.0209727190381226,0.0631665396958836,0.0883419664012693,0.117336310885826,0.18218510975173
750,496,"beta1",0.667654061947267,0.70991533945327,0.164304354399923,0.246429582936925,0.613169808296781,0.70991533945327,0.775626708441177,0.890250846116233
750,497,"alpha0",0.187898290399584,0.155377275436809,0.121277644879013,0.0541442784596784,0.0980807380494657,0.155377275436809,0.234914233029334,0.519605803901189
750,497,"alpha1",0.117929187823678,0.112496425839945,0.0534257735820755,0.0334558554178208,0.0812913726062153,0.112496425839945,0.145447924174343,0.244423971965184
750,497,"beta1",0.678378836133052,0.715468336471959,0.162761151290665,0.268671799894361,0.608485580601059,0.715468336471959,0.796687023161537,0.890024131650943
750,498,"alpha0",0.164133942075611,0.148881898808804,0.0663385475933058,0.0864444783378863,0.116609144007941,0.148881898808804,0.190623596385844,0.350841639323929
750,498,"alpha1",0.104133237483863,0.102054541793969,0.0316116749872217,0.0488091345552056,0.0816763580041756,0.102054541793969,0.123439428380408,0.171108102260058
750,498,"beta1",0.732369516060822,0.746362221278803,0.0779999272338736,0.52558652859528,0.697267978863679,0.746362221278803,0.785938106862207,0.841956146971632
750,499,"alpha0",0.119845368208825,0.108126541163872,0.0699874561187765,0.0530053836106779,0.0860055368082403,0.108126541163872,0.130599412824309,0.326355793628672
750,499,"alpha1",0.111908582938153,0.107836896439871,0.0301030229329545,0.06423225650317,0.0918503759067871,0.107836896439871,0.128550674045499,0.178774337631391
750,499,"beta1",0.784529385325375,0.797832894378345,0.0793724474925112,0.561612490124768,0.765544203168309,0.797832894378345,0.82579004186487,0.873613952014456
750,500,"alpha0",0.199934787997227,0.142618784699119,0.149617126146347,0.0657225704471898,0.10426414407404,0.142618784699119,0.234680879538079,0.681856606006947
750,500,"alpha1",0.0881250720026885,0.0834556832293435,0.0357172880867232,0.0283020566024073,0.0643265065721752,0.0834556832293435,0.107478987634229,0.169218172948244
750,500,"beta1",0.685813929138259,0.748495755381048,0.17623146897964,0.158179686507975,0.626188987562648,0.748495755381048,0.804104731737833,0.86777893802055
1000,1,"alpha0",0.0858620123440344,0.0760513748023996,0.0396887470452751,0.0363673390119295,0.0598381403316584,0.0760513748023996,0.106152077531264,0.163261287021412
1000,1,"alpha1",0.12192220532682,0.119867430315411,0.0290793144205086,0.0718708560773712,0.102329698841366,0.119867430315411,0.139643370140041,0.182113164642329
1000,1,"beta1",0.805301735122244,0.813146698154689,0.0535071898296776,0.700011645081686,0.77691062415884,0.813146698154689,0.841395594795566,0.880769843587982
1000,2,"alpha0",0.12311283672298,0.102859054538407,0.0817004079708804,0.045658805327602,0.0779319862790474,0.102859054538407,0.136505247886481,0.397206828509405
1000,2,"alpha1",0.112982486652408,0.108422027408477,0.0323524523020579,0.0605912007152789,0.090990260233268,0.108422027408477,0.129295093235796,0.189619905702619
1000,2,"beta1",0.765136820423303,0.787216750183729,0.100458186545329,0.448032263384978,0.739310979898428,0.787216750183729,0.826573259000402,0.878433286326829
1000,3,"alpha0",0.0654693075289447,0.0579109098755531,0.0367185344392211,0.0334032061723318,0.0470969915647152,0.0579109098755531,0.0739106334480765,0.15297072011725
1000,3,"alpha1",0.119603833486128,0.116880739639144,0.0266659903447295,0.0777892115350282,0.102052624754507,0.116880739639144,0.132962943493128,0.180960491642208
1000,3,"beta1",0.818033917552562,0.825924900418582,0.0535505710261099,0.711195520751564,0.802409164564863,0.825924900418582,0.847329713191499,0.880852384945477
1000,4,"alpha0",0.40488281355746,0.358996256856394,0.185293567035286,0.145989838272294,0.259549535555207,0.358996256856394,0.524869917291592,0.822852713651377
1000,4,"alpha1",0.0635628652324062,0.0602905775221154,0.0323685531923958,0.0105275001956382,0.0416128587640084,0.0602905775221154,0.0813489110744155,0.13791514864252
1000,4,"beta1",0.528414001138331,0.569116515496744,0.191892094911217,0.107096628350398,0.408504140991124,0.569116515496744,0.682034606428837,0.791872669494922
1000,5,"alpha0",0.0750779393645254,0.0715615748496209,0.0371777058086945,0.0302871757838872,0.0558469017405961,0.0715615748496209,0.0875984269493203,0.129743472686257
1000,5,"alpha1",0.112706770890746,0.111309268574176,0.0280444904636407,0.0650346195211495,0.0934472676759908,0.111309268574176,0.129277950588985,0.168390245142476
1000,5,"beta1",0.810444523048662,0.815159730442713,0.056922457456416,0.708481693810388,0.786361350628539,0.815159730442713,0.84316676773279,0.892761617786514
1000,6,"alpha0",0.0824703268185889,0.0624920879767152,0.0789159440988591,0.0301587828282211,0.0502989887858426,0.0624920879767152,0.0815392476609936,0.427157114077878
1000,6,"alpha1",0.0818486050971234,0.077588649157621,0.0267725833160909,0.0442118534398817,0.0643847349965671,0.077588649157621,0.0949335005221707,0.139424294423394
1000,6,"beta1",0.830563248219496,0.855265331649979,0.102598248304976,0.386508033237145,0.823312303339012,0.855265331649979,0.87733588029873,0.911024655756891
1000,7,"alpha0",0.129383678304941,0.11801033766477,0.0526108843010036,0.0683586106010372,0.094212857278842,0.11801033766477,0.146778443789962,0.266739925347613
1000,7,"alpha1",0.137262167664969,0.133407471746109,0.0358821089036419,0.0788224975598051,0.111759393144959,0.133407471746109,0.15813134316787,0.218526827504029
1000,7,"beta1",0.710768331958399,0.727056113757108,0.0847147799730076,0.492478123130066,0.67280943949215,0.727056113757108,0.768538904419913,0.826249568817533
1000,8,"alpha0",0.0884625063765727,0.0733716218591112,0.0554973939826956,0.0336290643852157,0.058221613351212,0.0733716218591112,0.100122112147859,0.261131206119337
1000,8,"alpha1",0.106804997042983,0.102924092923252,0.0297596362576136,0.0590376516911411,0.0859444700439247,0.102924092923252,0.123175116035608,0.176875936627457
1000,8,"beta1",0.806793758094018,0.82378441710938,0.0745335682563507,0.58853628797469,0.786505921137522,0.82378441710938,0.851823325882046,0.893640686466036
1000,9,"alpha0",0.118615693713885,0.107320125172975,0.0570349678930656,0.0560536575387924,0.0895798298837169,0.107320125172975,0.134749842055341,0.249904123364073
1000,9,"alpha1",0.116054682992129,0.113026570237892,0.0304633845159201,0.0664551048609727,0.0956564257468806,0.113026570237892,0.133651851499801,0.18005666836341
1000,9,"beta1",0.75315677792297,0.766602690944314,0.0792283773487707,0.581627041651838,0.725613361162618,0.766602690944314,0.798132166983404,0.84700983505516
1000,10,"alpha0",0.166464103627865,0.156839002450761,0.0529353203696226,0.0932696619930393,0.131165122614571,0.156839002450761,0.190882280601852,0.284716311361628
1000,10,"alpha1",0.170855322917732,0.168364740749512,0.0356967234405076,0.106154011773708,0.14563407358316,0.168364740749512,0.195528748871615,0.243734842521884
1000,10,"beta1",0.652708796494009,0.660318911863535,0.0774720902192814,0.476378776780246,0.61138571369976,0.660318911863535,0.705795758018047,0.777267418030713
1000,11,"alpha0",0.1039979451958,0.0996581470854825,0.0497545545701939,0.0363574547014849,0.0810395210629226,0.0996581470854825,0.117829339628819,0.18574162238881
1000,11,"alpha1",0.131124254894818,0.129668480893733,0.0302764887869337,0.0778394754467256,0.110252452980299,0.129668480893733,0.149523066981269,0.195423913729003
1000,11,"beta1",0.77206548291176,0.777452553327914,0.0624335821439891,0.654618826079905,0.745449720070966,0.777452553327914,0.808187230622877,0.8721934448004
1000,12,"alpha0",0.214925408912534,0.207347442725919,0.0738614854190379,0.106501517310751,0.164228704679456,0.207347442725919,0.249245287239189,0.421766529913439
1000,12,"alpha1",0.145816998690823,0.142420550022625,0.0349938230714538,0.0863973107016532,0.12121734035862,0.142420550022625,0.167670238196922,0.221950372053484
1000,12,"beta1",0.64240461957533,0.65032961538333,0.0878550210716355,0.414181968730646,0.596158442701549,0.65032961538333,0.704057684250124,0.779541997013224
1000,13,"alpha0",0.085292089872394,0.0793587789011714,0.0466437049506153,0.0375683401702508,0.0631325655753914,0.0793587789011714,0.094907310301302,0.145058784456317
1000,13,"alpha1",0.125945450419236,0.124196765016701,0.028889305920222,0.0763937401622471,0.106856692587449,0.124196765016701,0.14180089871408,0.188092922400963
1000,13,"beta1",0.791370471195371,0.797903624522825,0.0631248878036784,0.69741429537475,0.772178849517348,0.797903624522825,0.823655737322086,0.870018568442613
1000,14,"alpha0",0.0947285712893026,0.0888107644821534,0.0443869750352751,0.0426144036153604,0.0713069154582513,0.0888107644821534,0.108720454587083,0.163334716433007
1000,14,"alpha1",0.120554885740697,0.118286743869277,0.0273017454345258,0.0746176866710178,0.102173603891751,0.118286743869277,0.136092970832228,0.177730954578668
1000,14,"beta1",0.78375915837972,0.791632994601013,0.0596315516659411,0.688521474916611,0.761138529414814,0.791632994601013,0.817002134074338,0.862528300979726
1000,15,"alpha0",0.150912170313336,0.14231095123819,0.0598933922075411,0.066272304667645,0.110374414944107,0.14231095123819,0.177205665299231,0.294718266057245
1000,15,"alpha1",0.136878877946719,0.134060332629626,0.0340063354180221,0.0783227485642526,0.112677092440207,0.134060332629626,0.15843801020801,0.210009741897192
1000,15,"beta1",0.732855934897703,0.738908742318365,0.0723599420439134,0.572041766008723,0.696056464430663,0.738908742318365,0.781331207042091,0.849253724889976
1000,16,"alpha0",0.103826586564925,0.0937968955262746,0.0517271430822578,0.0406858193373702,0.0696932048508907,0.0937968955262746,0.125133138047203,0.231575284847605
1000,16,"alpha1",0.0907907066915735,0.0874619282071853,0.0274762454683306,0.0486771861779007,0.0723558593404242,0.0874619282071853,0.104794372170534,0.152943058224195
1000,16,"beta1",0.801649521598858,0.813878362950071,0.0709091996608877,0.626888856448222,0.768219034644112,0.813878362950071,0.850369609616593,0.89609023422718
1000,17,"alpha0",0.169985249609762,0.156268220805647,0.059496951431745,0.0909303791980297,0.126558037862249,0.156268220805647,0.201002692435807,0.313474150122419
1000,17,"alpha1",0.129923647070306,0.127611192394899,0.0359841646431907,0.0676278144248394,0.104872254575166,0.127611192394899,0.151807579993395,0.209405625380189
1000,17,"beta1",0.719535507029179,0.728840973231905,0.0717214850201745,0.560980313092417,0.678186008745976,0.728840973231905,0.772120058482559,0.826050972281615
1000,18,"alpha0",0.150122911313883,0.138444310396338,0.0679064011100347,0.0628453197891849,0.0976931143431639,0.138444310396338,0.189198183687571,0.299176771797155
1000,18,"alpha1",0.0994765755213414,0.0956224966516495,0.0300700268812501,0.052793380369244,0.0789277097965058,0.0956224966516495,0.116209296171573,0.165935710399277
1000,18,"beta1",0.730285129358995,0.744308990276362,0.0911534964979159,0.53585697491377,0.674238764420519,0.744308990276362,0.798652777736014,0.860864566283806
1000,19,"alpha0",0.105727509818312,0.0998731337624925,0.0427640545135802,0.0469323953298693,0.0773359458163987,0.0998731337624925,0.129172751206847,0.180203626093044
1000,19,"alpha1",0.103348635209752,0.10032058434851,0.0279004017628674,0.0590441672488965,0.0842536833026529,0.10032058434851,0.11890348962873,0.163315019441261
1000,19,"beta1",0.79054496489248,0.79702062275213,0.0599110457359281,0.666585100526512,0.755555877715909,0.79702062275213,0.83237497183763,0.881295152957942
1000,20,"alpha0",0.159950760652851,0.154515739342687,0.0543675636063795,0.0782050361416187,0.118046860928307,0.154515739342687,0.192920743948842,0.270918234951925
1000,20,"alpha1",0.120993106288394,0.118604106412212,0.0281542438870285,0.0713230691812018,0.102224648592854,0.118604106412212,0.13737426683254,0.183419476024374
1000,20,"beta1",0.74910117460218,0.754458616644292,0.0595255442826052,0.627784017772376,0.712520820131848,0.754458616644292,0.793824226434647,0.840217660151093
1000,21,"alpha0",0.241440419645101,0.202310919874177,0.122003700948431,0.0964220732317013,0.152981089390289,0.202310919874177,0.298600458134583,0.560543200549576
1000,21,"alpha1",0.115045777026122,0.112009942452598,0.0332520708385183,0.0591586679061626,0.0922940671380355,0.112009942452598,0.134594157770359,0.193129207706064
1000,21,"beta1",0.629157692338079,0.664040872092467,0.14355152481987,0.266932585795837,0.560623948286119,0.664040872092467,0.735282302192946,0.815517389285855
1000,22,"alpha0",0.20929109611677,0.196452646130778,0.0692151166166573,0.105194870805016,0.159245650011721,0.196452646130778,0.249688237458026,0.371230628377915
1000,22,"alpha1",0.138437714429929,0.137112830896606,0.0357626958728771,0.0744670675804933,0.112647340339664,0.137112830896606,0.162128868096339,0.211946412089285
1000,22,"beta1",0.684283793643404,0.690766967979662,0.0785466970320368,0.511386672859665,0.635028463992376,0.690766967979662,0.743637808735957,0.815244225300647
1000,23,"alpha0",0.15087005634403,0.138020530322497,0.0645931251017492,0.0728282368992927,0.10894831838182,0.138020530322497,0.180139467235456,0.308561042562022
1000,23,"alpha1",0.141034128754242,0.137710884491282,0.0347753606383187,0.0846273391602311,0.116067317845727,0.137710884491282,0.161473636946968,0.218545961087819
1000,23,"beta1",0.713586467607235,0.72687064785208,0.0857352551214565,0.517574447881258,0.66931164592793,0.72687064785208,0.77287075666272,0.828717280280566
1000,24,"alpha0",0.239501617339307,0.231645518206873,0.114167612703541,0.0724573880575963,0.139689520889932,0.231645518206873,0.332739124086757,0.458530117741629
1000,24,"alpha1",0.143800027797451,0.139898771903248,0.0428464474028687,0.0705895008774428,0.112302051543882,0.139898771903248,0.170610397907936,0.233866776884699
1000,24,"beta1",0.614943975362403,0.622745119425448,0.146514471905852,0.346700666866717,0.492093265297966,0.622745119425448,0.742183734138805,0.842886003602081
1000,25,"alpha0",0.183593854747319,0.148354041887679,0.0959205863169518,0.0812583383842205,0.116252636917191,0.148354041887679,0.235571107677754,0.433909354626371
1000,25,"alpha1",0.107503191183123,0.101671228645037,0.0379491678656379,0.0495064945139417,0.0808820531418303,0.101671228645037,0.127509998080306,0.198993119295054
1000,25,"beta1",0.685331406083631,0.728674011016989,0.13167213278795,0.362197673704825,0.610918331671195,0.728674011016989,0.778769000473097,0.842361566430121
1000,26,"alpha0",0.136750195969638,0.125501960598033,0.0627215246192551,0.068308484431022,0.102069795736185,0.125501960598033,0.15286130299781,0.269987667367116
1000,26,"alpha1",0.110770452671957,0.107744943065516,0.0323127738024402,0.0582173377149946,0.0887380670909942,0.107744943065516,0.128122397412056,0.177655898097015
1000,26,"beta1",0.752178011835241,0.764625643240466,0.0820498944049956,0.568130988743601,0.723668877197653,0.764625643240466,0.799595729456417,0.857344357345011
1000,27,"alpha0",0.0893143036609964,0.0789111618829646,0.0562428124243317,0.0342157211942233,0.0589235884821636,0.0789111618829646,0.10354017516134,0.301476114091777
1000,27,"alpha1",0.0858698175195321,0.0837640163387348,0.0250144210351539,0.0451906778511027,0.0692086610511878,0.0837640163387348,0.100060688793396,0.138244070814363
1000,27,"beta1",0.832602630124349,0.842636175491003,0.0643360542387625,0.647586913523446,0.811905905020237,0.842636175491003,0.869933900813163,0.907687773094624
1000,28,"alpha0",0.124447140715457,0.110450432099642,0.0638459586962366,0.0486651643242412,0.0845712417851889,0.110450432099642,0.141980173529449,0.306453311449611
1000,28,"alpha1",0.126000564231142,0.122566325046451,0.0341511769572285,0.0686932768251674,0.102001585909272,0.122566325046451,0.146212651122068,0.204933235810248
1000,28,"beta1",0.756924694418724,0.77380813438035,0.0820724541188444,0.545643697620481,0.730642946843123,0.77380813438035,0.804982143200777,0.866358670804454
1000,29,"alpha0",0.0807554230748901,0.0738571835178279,0.0428320335697533,0.0402557184438183,0.0605656288370284,0.0738571835178279,0.0904949319348504,0.150120613265397
1000,29,"alpha1",0.0769125532448023,0.0748802828568254,0.0196656758639662,0.0452292507417285,0.0636040338307699,0.0748802828568254,0.0880949461898698,0.117686669403846
1000,29,"beta1",0.846595168346249,0.853502708742778,0.0499129763592675,0.759859799577074,0.831612079027712,0.853502708742778,0.871965010247443,0.900629025564833
1000,30,"alpha0",0.104332755444731,0.0864079998936805,0.068610661937124,0.045016085077042,0.0645309797476341,0.0864079998936805,0.117520892593712,0.343088701050908
1000,30,"alpha1",0.103287665030481,0.0988046636018201,0.0299902396767385,0.0571514685793028,0.0839965177174835,0.0988046636018201,0.117915807002321,0.170182074252536
1000,30,"beta1",0.802516433847215,0.821170182508338,0.0836238124552194,0.511783102508667,0.779513424291559,0.821170182508338,0.851877129945328,0.889575220896717
1000,31,"alpha0",0.108806907958395,0.0989467798172831,0.0502724077808188,0.0503579273394307,0.079148784348107,0.0989467798172831,0.124477651874573,0.21291120383563
1000,31,"alpha1",0.151837220222863,0.149281923832425,0.0339605582907029,0.0933785810323792,0.128387997396379,0.149281923832425,0.170851167337988,0.227933252750697
1000,31,"beta1",0.735885393741983,0.745774676787299,0.0724159842448838,0.584966367716785,0.707849815732042,0.745774676787299,0.77990711574189,0.832761703898599
1000,32,"alpha0",0.15729223725127,0.14893737458226,0.0516758613539104,0.0839027374642934,0.12044080540154,0.14893737458226,0.186066234250313,0.27323262931557
1000,32,"alpha1",0.151478420972696,0.148621279184897,0.0361729384203411,0.0890901788135521,0.125785231458454,0.148621279184897,0.173864288149573,0.230396306038286
1000,32,"beta1",0.676625413969006,0.684069984506943,0.0721811959378064,0.521251441965281,0.634601037309271,0.684069984506943,0.726885548875583,0.796379568434249
1000,33,"alpha0",0.164242473128574,0.108077445779279,0.119391544983504,0.0435126675926452,0.0805722658104425,0.108077445779279,0.245947100114062,0.454489733847865
1000,33,"alpha1",0.102181351073448,0.0969973171666034,0.0304009646183616,0.05748214258127,0.0807833304515203,0.0969973171666034,0.117830661902393,0.176983020939848
1000,33,"beta1",0.724016517861318,0.789565541965467,0.145669574827251,0.386987742484098,0.620467270622681,0.789565541965467,0.827833734866954,0.876966777552175
1000,34,"alpha0",0.19416834631094,0.183591587435553,0.0668601209974751,0.0921324591581622,0.144356553276147,0.183591587435553,0.233990044442753,0.343370430134491
1000,34,"alpha1",0.183271833658807,0.179557934378461,0.0397442837038258,0.11697544956759,0.15488238525115,0.179557934378461,0.207950386415807,0.269921751585592
1000,34,"beta1",0.629703044127397,0.63966564883251,0.0890098228761767,0.44495847648953,0.572478604398806,0.63966564883251,0.696804746923129,0.770915510988468
1000,35,"alpha0",0.244208015491571,0.229663464631829,0.101433836089918,0.0853929211176211,0.166934927262531,0.229663464631829,0.312963016080467,0.471233376632528
1000,35,"alpha1",0.0588859393373978,0.0553176416721973,0.029118668469042,0.0136537861980943,0.0382827509747327,0.0553176416721973,0.0751660439438734,0.126114836859602
1000,35,"beta1",0.641218152291933,0.656461613225758,0.130404673876949,0.357447342019556,0.551882928471309,0.656461613225758,0.742340444385925,0.851442522572898
1000,36,"alpha0",0.206836236186079,0.190972263813875,0.0853650838873934,0.0864201128733369,0.137828877593286,0.190972263813875,0.26171684984312,0.404487754854844
1000,36,"alpha1",0.115456299467811,0.112054242058476,0.0336957530952313,0.0617326324017117,0.0920419996291903,0.112054242058476,0.134170100174164,0.189402282831934
1000,36,"beta1",0.652269730305791,0.671426610192107,0.112600939241402,0.409663582385581,0.578815773207451,0.671426610192107,0.737645365674311,0.818479043593729
1000,37,"alpha0",0.778055925578753,0.818562097810595,0.170075547079511,0.404646633702383,0.667072782563519,0.818562097810595,0.913063188477375,1.01108136876886
1000,37,"alpha1",0.132410846473272,0.127226868754233,0.044769419059038,0.0604470375475523,0.101189565500845,0.127226868754233,0.15753892747053,0.234803879354762
1000,37,"beta1",0.188090534159084,0.136645498336003,0.155034478958466,0.0107192340231817,0.062745144580375,0.136645498336003,0.287812948878391,0.533689706764175
1000,38,"alpha0",0.151113438261009,0.141011564319016,0.0694693846307781,0.065142731424746,0.0975679279747943,0.141011564319016,0.185011700459354,0.338009608081932
1000,38,"alpha1",0.153517516129982,0.15062482574014,0.0384982795926117,0.0850451075414324,0.127921537723188,0.15062482574014,0.176535912806378,0.236022040564289
1000,38,"beta1",0.726114216071644,0.733680787707429,0.0808222272508308,0.527200536900382,0.680863301893699,0.733680787707429,0.785453263517173,0.850612754073155
1000,39,"alpha0",0.0979740961682806,0.0919827800345301,0.041067318610235,0.0475707758329843,0.0752096531750948,0.0919827800345301,0.112139615499743,0.176889100900709
1000,39,"alpha1",0.101690980707366,0.100037870344885,0.0252942601779505,0.0592895324154122,0.083678921343644,0.100037870344885,0.116427694783406,0.15550723573995
1000,39,"beta1",0.805001383251812,0.811504990117192,0.05406084808509,0.692582991447096,0.781089242598413,0.811504990117192,0.838004551480806,0.882557943919535
1000,40,"alpha0",0.122529347433196,0.0974764675340982,0.0883025312676571,0.0461523387229755,0.0708366531875539,0.0974764675340982,0.143453406221454,0.459235347158918
1000,40,"alpha1",0.0989678182480603,0.0923778772869243,0.0337734789307793,0.0511782075834777,0.0762379759240695,0.0923778772869243,0.115980802641772,0.182152083416741
1000,40,"beta1",0.75824942876834,0.790720198513843,0.126488374159259,0.29018304030407,0.728065706273541,0.790720198513843,0.834685449064761,0.88254914308142
1000,41,"alpha0",0.121177467195904,0.0955596594819284,0.0988396261355507,0.0505799783223835,0.0744906647876143,0.0955596594819284,0.123092882235855,0.49837737407954
1000,41,"alpha1",0.109382295721203,0.106189839976345,0.030076004252316,0.061273890553932,0.0883383659336643,0.106189839976345,0.125468666886532,0.178997251991899
1000,41,"beta1",0.774515554378274,0.801428665350001,0.110621618810068,0.363620418438183,0.764574769200816,0.801428665350001,0.829937664806774,0.869542347963064
1000,42,"alpha0",0.100492654330346,0.0872093732389157,0.0583838990230254,0.0428428283675787,0.0664647829878834,0.0872093732389157,0.111841939685462,0.266843004480965
1000,42,"alpha1",0.128292005239302,0.122960250770333,0.0349286109374941,0.076243236459334,0.105233787942982,0.122960250770333,0.145156373910754,0.213364028450064
1000,42,"beta1",0.78829807630056,0.80576166223911,0.0750227787329709,0.569831945186876,0.766706611703261,0.80576166223911,0.83433850836355,0.875025792381293
1000,43,"alpha0",0.0941583828289516,0.0909007393272232,0.0485379822283507,0.0341331214141671,0.0642015304866073,0.0909007393272232,0.115187606759908,0.183300447388511
1000,43,"alpha1",0.131530671313909,0.129497181193091,0.0326821032377398,0.0757276625017784,0.107565551011732,0.129497181193091,0.152635089881578,0.202931385886888
1000,43,"beta1",0.792555465557634,0.795345863662323,0.0616065311161482,0.682863951050483,0.759608373474522,0.795345863662323,0.832981837458816,0.884783668728722
1000,44,"alpha0",0.145778878542349,0.136059702610772,0.0749808418791642,0.0355279194952463,0.0923939650156665,0.136059702610772,0.186223975575465,0.310445005749003
1000,44,"alpha1",0.0946974428995444,0.0907245925452382,0.0336577225611686,0.0437582597112746,0.0715569077316384,0.0907245925452382,0.112922765862107,0.165520036667552
1000,44,"beta1",0.749222997799156,0.760637173053781,0.102089586119787,0.522618146091925,0.688642685931747,0.760637173053781,0.821558684718653,0.905779813716421
1000,45,"alpha0",0.137076062145126,0.125339057972955,0.0599496277635357,0.0619677997269869,0.0947426882952152,0.125339057972955,0.166671520295278,0.296077921858597
1000,45,"alpha1",0.137231383170388,0.13319006246731,0.0365987979042036,0.0800842268552219,0.111827998886575,0.13319006246731,0.156655387313478,0.224895796299007
1000,45,"beta1",0.73656432175139,0.749188917151276,0.0784936205894484,0.545904520399857,0.698251258434798,0.749188917151276,0.791455367075911,0.8468817423031
1000,46,"alpha0",0.102221871198306,0.092165773596104,0.0550138425465849,0.0400578039985559,0.0723451069598819,0.092165773596104,0.118459353605723,0.232170476270441
1000,46,"alpha1",0.0713177896134127,0.0681044982613577,0.026130386037521,0.0298313224969435,0.0540010448314554,0.0681044982613577,0.0852851615918023,0.131748469712045
1000,46,"beta1",0.822706228706312,0.835738408826137,0.0709519117743964,0.664683283613253,0.798655256499733,0.835738408826137,0.862925310645658,0.91008296538271
1000,47,"alpha0",0.172182269019244,0.119891546130745,0.150090863671746,0.0450115923963213,0.0876780738794067,0.119891546130745,0.178160120706825,0.68698737978766
1000,47,"alpha1",0.0694468281661801,0.0648191927525595,0.0334982664104203,0.0213995433359556,0.0462611620698464,0.0648191927525595,0.0859942422122306,0.145843394529171
1000,47,"beta1",0.722338404773494,0.791835900735448,0.196176040040026,0.0542715519796639,0.710197020249478,0.791835900735448,0.835361562951226,0.897428103415933
1000,48,"alpha0",0.132089585071961,0.125548545886387,0.047708339777413,0.0522171186894648,0.102749833103128,0.125548545886387,0.156937255689501,0.229481672467713
1000,48,"alpha1",0.0688151955225119,0.0668847350271662,0.0239765090903648,0.0275831661924226,0.0524122074591415,0.0668847350271662,0.0836202938845762,0.117858949951067
1000,48,"beta1",0.786336442644595,0.790454169369037,0.0631715679916346,0.661565874751641,0.75220164423178,0.790454169369037,0.825627912993727,0.892382511201245
1000,49,"alpha0",0.205419437319744,0.19740931584692,0.0834978283806447,0.0886988429343299,0.141751828509341,0.19740931584692,0.250698413362818,0.420573072077534
1000,49,"alpha1",0.101532834496918,0.0980311584755951,0.0330773491939661,0.046871569344401,0.0776166346616995,0.0980311584755951,0.121569817017543,0.177949884447089
1000,49,"beta1",0.648181643525204,0.662211778568132,0.119078007469125,0.348076007603481,0.583349253462405,0.662211778568132,0.734307789686225,0.826849382910848
1000,50,"alpha0",0.0786331846681776,0.0699641922092489,0.0506381643926426,0.0359234438739234,0.0534063268189269,0.0699641922092489,0.0874366621676857,0.192852999806315
1000,50,"alpha1",0.0918027524715965,0.0882582881058573,0.0265572709275941,0.0531070418504265,0.0749661770956685,0.0882582881058573,0.103646701747439,0.15032510000664
1000,50,"beta1",0.840620487764079,0.849967732208091,0.0632987934376368,0.695524166452941,0.824753956080735,0.849967732208091,0.873286271869022,0.909731446323088
1000,51,"alpha0",0.13476335481932,0.127121269828019,0.0515625797827453,0.0654439232425171,0.101195219387123,0.127121269828019,0.159381577991001,0.234766939002029
1000,51,"alpha1",0.150606793707693,0.148169545543456,0.0334016266425922,0.0926717180063641,0.126858401409647,0.148169545543456,0.172177879282434,0.220503030829571
1000,51,"beta1",0.732386092200497,0.738166873607431,0.0605465462384515,0.611673006174412,0.6984003471324,0.738166873607431,0.774673806127718,0.824025743427624
1000,52,"alpha0",0.183392730999836,0.160983197908364,0.0884236729385887,0.0773938706042099,0.126210563376153,0.160983197908364,0.207655756689022,0.432950548349829
1000,52,"alpha1",0.137515421525286,0.134420148550215,0.0355507725660304,0.0785437673450363,0.112206938890206,0.134420148550215,0.157335338534742,0.217163628151592
1000,52,"beta1",0.695144349896545,0.719345163002758,0.105496358763683,0.41410691111459,0.659637467166898,0.719345163002758,0.763735860862536,0.836713865060427
1000,53,"alpha0",0.165279133646155,0.148490730241462,0.0680452634622701,0.0824005592888518,0.119485547581899,0.148490730241462,0.187550821609248,0.351402867410821
1000,53,"alpha1",0.13603287621228,0.129432918363231,0.038414260696533,0.0793828009330952,0.109997118521123,0.129432918363231,0.155135090065183,0.222659027807265
1000,53,"beta1",0.711181665411874,0.731801397114739,0.0900187600676066,0.48503798881106,0.680371460946774,0.731801397114739,0.770865438595975,0.825803250236703
1000,54,"alpha0",0.178050954932554,0.160965762459115,0.0923844802404821,0.0729144206852951,0.113428947778185,0.160965762459115,0.211912864953387,0.474162778710954
1000,54,"alpha1",0.11972919049677,0.116880749802307,0.0352090132092379,0.0616276964451692,0.094000182356635,0.116880749802307,0.141793899983363,0.196137667279933
1000,54,"beta1",0.68931938170741,0.70693119049182,0.120043197651012,0.329135922449262,0.63938575835477,0.70693119049182,0.776013950298546,0.843818462539145
1000,55,"alpha0",0.154599250932584,0.137566361629373,0.0714002887488407,0.0686479106644856,0.109274024879229,0.137566361629373,0.178174172954407,0.377836320382801
1000,55,"alpha1",0.0950978518301299,0.0918431009066021,0.0294602590785018,0.0479993140030027,0.0741582410654815,0.0918431009066021,0.112094614773358,0.161990936036137
1000,55,"beta1",0.745680581121108,0.764553232866704,0.0912791213497533,0.484693606160864,0.709615010394033,0.764553232866704,0.803160827224164,0.872801196408082
1000,56,"alpha0",0.0845051969534315,0.0705276458822907,0.0504436694607642,0.0335845302571724,0.0557884740928237,0.0705276458822907,0.0942274809573206,0.200276735728732
1000,56,"alpha1",0.100726176869532,0.0969244913584192,0.0296213305425058,0.0559103196037468,0.0787938328754939,0.0969244913584192,0.117985196860152,0.167986877152877
1000,56,"beta1",0.808658132615485,0.828165039951554,0.0745306187646891,0.633990487019728,0.783009132738644,0.828165039951554,0.854888812499204,0.900784756424325
1000,57,"alpha0",0.113192237438325,0.0974581459090365,0.057745021050992,0.057037151359364,0.0806866890017567,0.0974581459090365,0.126098330986283,0.266846304055769
1000,57,"alpha1",0.083259559424179,0.0806338121506487,0.0224528942330591,0.0465408639512121,0.0678055774040045,0.0806338121506487,0.0961365099989164,0.133701796274424
1000,57,"beta1",0.796934291884168,0.814623638179523,0.0711001554413334,0.602999212595451,0.77535835620727,0.814623638179523,0.840572779317614,0.878540036123317
1000,58,"alpha0",0.272751953135985,0.25676125191388,0.119166982484435,0.0921222843350116,0.185624826917753,0.25676125191388,0.343456154890248,0.55082773396558
1000,58,"alpha1",0.126039976160917,0.122596993663192,0.037793234608338,0.0616182425614877,0.0985956107184172,0.122596993663192,0.151037942938162,0.206504067255338
1000,58,"beta1",0.608399886012766,0.61825085449404,0.134458032172114,0.300820091214122,0.525461184359104,0.61825085449404,0.702926991396843,0.832998263675854
1000,59,"alpha0",0.301100823254674,0.284315697686342,0.12617579239055,0.100081824504655,0.20381321641394,0.284315697686342,0.384559554459895,0.563078285079502
1000,59,"alpha1",0.141251939551118,0.138235717741541,0.0434034035575676,0.0667441181751967,0.110867856004594,0.138235717741541,0.166540833684322,0.239489051025341
1000,59,"beta1",0.516661738538332,0.535108041175832,0.165267764644572,0.18188390840307,0.406253265743171,0.535108041175832,0.636003261093143,0.808263486073249
1000,60,"alpha0",0.123172074195126,0.109441503073641,0.0597664727952582,0.0512685479677631,0.0848961095774214,0.109441503073641,0.145431911067057,0.28568874684829
1000,60,"alpha1",0.138163759308542,0.133580303952583,0.0373208143271259,0.0809888329305353,0.113020727927076,0.133580303952583,0.158671536190077,0.215106937812425
1000,60,"beta1",0.747999664141474,0.763401741225177,0.0814496390444082,0.548098401147717,0.718339229262392,0.763401741225177,0.799198048071889,0.855872628878333
1000,61,"alpha0",0.160888670563438,0.149410981428136,0.0607236062525676,0.078295233542799,0.11993205540919,0.149410981428136,0.186522702110393,0.315154024500469
1000,61,"alpha1",0.148487687321949,0.143235182100317,0.0380939051534737,0.0859703456745937,0.121361853721451,0.143235182100317,0.171050063686212,0.234163937796175
1000,61,"beta1",0.68793384651617,0.701316703296239,0.0860252807374867,0.474200314052897,0.6472357155865,0.701316703296239,0.747132068603736,0.812263085598875
1000,62,"alpha0",0.144679763191354,0.11266769043043,0.11650344665148,0.0505305131030507,0.0825863951545391,0.11266769043043,0.148445531839541,0.560803812864093
1000,62,"alpha1",0.0769419673019431,0.0741212216892487,0.0295068678490298,0.0282533965381403,0.0564370664321068,0.0741212216892487,0.0936325730825891,0.142303635195379
1000,62,"beta1",0.771153188503414,0.806847889889081,0.13879524377826,0.286089311954382,0.75745762615466,0.806847889889081,0.846756136368427,0.90162300774554
1000,63,"alpha0",0.134072964668473,0.121112137218667,0.0627233214888311,0.06074698479157,0.0972170580119222,0.121112137218667,0.155598438201269,0.301038424090691
1000,63,"alpha1",0.13121051894676,0.127733003280004,0.031708415523656,0.0804965825009853,0.107989123397388,0.127733003280004,0.151278392517902,0.204387145310154
1000,63,"beta1",0.742776274218559,0.756430754560529,0.0782502718799768,0.52996576681109,0.713258467971319,0.756430754560529,0.791345794220313,0.843439035329851
1000,64,"alpha0",0.194967983528175,0.146511074187557,0.108416558998274,0.0860420829008981,0.113686232255416,0.146511074187557,0.265451998110659,0.459838251234094
1000,64,"alpha1",0.0701047310189363,0.0674792195435343,0.0308062486619598,0.0198431244042912,0.0501001183294165,0.0674792195435343,0.0863415884279359,0.133643385834129
1000,64,"beta1",0.700181315242472,0.750646382710623,0.1383546005935,0.357586543245781,0.619069791515109,0.750646382710623,0.801134609154086,0.864621294325421
1000,65,"alpha0",0.150428902838395,0.135352075963509,0.0801352091676616,0.0658429054034381,0.105455021626524,0.135352075963509,0.169236118187145,0.454821747242318
1000,65,"alpha1",0.12491452368495,0.122202393163474,0.0318916682743267,0.0731695280111405,0.101693246849939,0.122202393163474,0.14393965285513,0.196642218279904
1000,65,"beta1",0.733233273220587,0.748388044435379,0.0904388166121366,0.421733721398194,0.704628071875798,0.748388044435379,0.786162804711436,0.845407910339225
1000,66,"alpha0",0.0918133956986337,0.0730078123291517,0.0596882497617712,0.0317596724677746,0.0556205890323638,0.0730078123291517,0.108629143296256,0.244357976580472
1000,66,"alpha1",0.0873827354279016,0.0830258506149511,0.0298752017456209,0.0445801117393325,0.0667697030822214,0.0830258506149511,0.103178634883095,0.154504648266961
1000,66,"beta1",0.826525439631532,0.845784332398064,0.0769134739547228,0.636809598962509,0.797730657943244,0.845784332398064,0.877518366894559,0.915365760665303
1000,67,"alpha0",0.122636290517016,0.11050761495907,0.0518711631190137,0.0614213157315721,0.0880755208232607,0.11050761495907,0.144465228228552,0.265379823310263
1000,67,"alpha1",0.105020095806318,0.102443761418138,0.0275711973307316,0.060931553920402,0.0853553151884851,0.102443761418138,0.121028656837424,0.165365083990575
1000,67,"beta1",0.775740988980016,0.789151958664309,0.0669912837906372,0.60714428251036,0.743551773428962,0.789151958664309,0.819865696493803,0.863631528271323
1000,68,"alpha0",0.183953316511339,0.157868823259723,0.0969595281372981,0.065694113464697,0.111069169654576,0.157868823259723,0.239948158277063,0.413658990396471
1000,68,"alpha1",0.138834130151401,0.13665218748456,0.0387596734888074,0.0736041924657275,0.110068545146449,0.13665218748456,0.163654873429472,0.220913849912834
1000,68,"beta1",0.682567534895696,0.707296670788924,0.120477166271027,0.407152638675085,0.603979769763795,0.707296670788924,0.775730595332276,0.851291045141917
1000,69,"alpha0",0.0801242647586363,0.0735617223115235,0.0428540286121872,0.0414841318224558,0.0593959699285839,0.0735617223115235,0.0926708399848997,0.131989793954553
1000,69,"alpha1",0.103281589091851,0.100677931881473,0.0251969097480385,0.0632472237514324,0.0862483884887736,0.100677931881473,0.116836251379251,0.156717167648875
1000,69,"beta1",0.8286889649972,0.835074000073826,0.0532086148928631,0.751388959572258,0.810077214965743,0.835074000073826,0.857344373499404,0.890014037874788
1000,70,"alpha0",0.0906499813534681,0.0770658764043576,0.0577198173212383,0.0372040839557342,0.0605259849582412,0.0770658764043576,0.102358610851371,0.248091554422842
1000,70,"alpha1",0.0964921050267138,0.0930704732160983,0.0272476055972029,0.0542387323881969,0.077153613498636,0.0930704732160983,0.11115172267449,0.161028605722516
1000,70,"beta1",0.821815728194163,0.8368840904826,0.0710047264027314,0.636314975743798,0.79813727987239,0.8368840904826,0.863332345890289,0.90376782405221
1000,71,"alpha0",0.149780233019343,0.126017009332813,0.0762658282631818,0.0590553792884787,0.0917656302660723,0.126017009332813,0.199860768022671,0.327564316033472
1000,71,"alpha1",0.0807408140301371,0.078864666937562,0.0331901617880679,0.0249405353314642,0.0571038896129035,0.078864666937562,0.100905161130167,0.148343713590343
1000,71,"beta1",0.747771923596249,0.766736591684325,0.104903718988182,0.517628713209126,0.676136150178205,0.766736591684325,0.831041951518487,0.897918478301865
1000,72,"alpha0",0.0570376139721172,0.0514542321511919,0.0338457134476834,0.0276781805513297,0.0422912082787426,0.0514542321511919,0.0628886713991311,0.112579941731581
1000,72,"alpha1",0.104595103521852,0.102160862022365,0.0260676099796351,0.0650422295052346,0.0864297579663409,0.102160862022365,0.118471225535344,0.158535629986507
1000,72,"beta1",0.840328097854374,0.848270992241338,0.0507861073160117,0.74714701366655,0.82351582440112,0.848270992241338,0.868391922680869,0.897387135499864
1000,73,"alpha0",0.0766106616490026,0.0685311005441031,0.0434242528682154,0.039324023142655,0.0549423721123749,0.0685311005441031,0.0853153241532655,0.180383313640696
1000,73,"alpha1",0.0839655342841521,0.0808138953273742,0.0249359077459811,0.0470147330497875,0.0671823345650914,0.0808138953273742,0.0968390139009963,0.135636614256206
1000,73,"beta1",0.830405285640054,0.840978646071401,0.0599155161898252,0.686920164123305,0.81306185581746,0.840978646071401,0.862354235489613,0.894686442977523
1000,74,"alpha0",0.139788604364724,0.134571012350118,0.0504895365103607,0.0594724863688572,0.107947721796274,0.134571012350118,0.167734853688247,0.239214151245476
1000,74,"alpha1",0.12015936690847,0.117203863809554,0.0319219979393982,0.0647278781568395,0.0983668316520917,0.117203863809554,0.139667711481225,0.189698248995067
1000,74,"beta1",0.713952590863521,0.719417570423059,0.0741394486785658,0.57088683907319,0.670522627127511,0.719417570423059,0.766194483315152,0.828266973797056
1000,75,"alpha0",0.129102054933753,0.10751633255134,0.0862892848680114,0.0542832573668755,0.0803113108248455,0.10751633255134,0.143051106710327,0.44201138042507
1000,75,"alpha1",0.08847776998079,0.0861260782270503,0.0290634702285391,0.0415132016449351,0.0674537280165375,0.0861260782270503,0.105419773290366,0.151804560416358
1000,75,"beta1",0.760552821786678,0.785777629747277,0.111814859704958,0.365311828690012,0.737222553154937,0.785777629747277,0.825663414455746,0.874858386350209
1000,76,"alpha0",0.165107949366671,0.148918747951011,0.0926480619633596,0.0499518110323721,0.115915301140057,0.148918747951011,0.191220867969414,0.512414710957418
1000,76,"alpha1",0.12777469766915,0.125470388744276,0.0328717651181463,0.0740283734594097,0.10500661780749,0.125470388744276,0.146426845206199,0.197452874214416
1000,76,"beta1",0.716175288569834,0.733124662068763,0.106236416145878,0.33025529684911,0.682839855064258,0.733124662068763,0.773089409266383,0.85518133183654
1000,77,"alpha0",0.0943390243725757,0.0839093764667406,0.0484404473972281,0.0442210431919027,0.067357999582039,0.0839093764667406,0.103559270755333,0.224097983632482
1000,77,"alpha1",0.08083414429961,0.0779247991579953,0.0253787966517686,0.0420294674431481,0.0636709931492673,0.0779247991579953,0.0949334981847913,0.12930919152665
1000,77,"beta1",0.821325486031934,0.832964037915415,0.0644413208282643,0.660350988535777,0.803096535527742,0.832964037915415,0.856824687447474,0.899161464850285
1000,78,"alpha0",0.11594173120494,0.111720704983836,0.0506386450606342,0.0481402402359805,0.079358305920481,0.111720704983836,0.141380070013559,0.218488992995263
1000,78,"alpha1",0.116532524431635,0.114071675484193,0.0318156936404435,0.0637348851225648,0.0931043100810169,0.114071675484193,0.136072905088749,0.184214246000119
1000,78,"beta1",0.759042502751658,0.764796116348356,0.0749378422216237,0.602541712021536,0.717279586968102,0.764796116348356,0.814433025873849,0.871967430630728
1000,79,"alpha0",0.150887173952098,0.145731991466123,0.056917323411671,0.0606214012461309,0.109212656530561,0.145731991466123,0.18233581767495,0.27325470815041
1000,79,"alpha1",0.116249647296774,0.112876415612454,0.029735020853549,0.0694782543901779,0.0950617151573981,0.112876415612454,0.132755057095907,0.182454776349278
1000,79,"beta1",0.74522510057182,0.75094067693349,0.0681588937461431,0.602101586011388,0.705277144111308,0.75094067693349,0.793485043567652,0.852413964055015
1000,80,"alpha0",0.164725719592844,0.137864352102047,0.0896438960867873,0.0464215965755932,0.103598553628579,0.137864352102047,0.216348171095301,0.402921965832405
1000,80,"alpha1",0.103361794943402,0.0991762740446035,0.0345966946187443,0.0479960039219293,0.0782173449932117,0.0991762740446035,0.124081223109185,0.181036581531807
1000,80,"beta1",0.744658479127498,0.769027296447773,0.106034949345327,0.484221327656122,0.686378889095178,0.769027296447773,0.820315519588419,0.899145242046318
1000,81,"alpha0",0.160263715186682,0.144008214818394,0.0760241231644168,0.059899749070546,0.10503564623625,0.144008214818394,0.194009871739549,0.365261853255425
1000,81,"alpha1",0.11237684315713,0.109450121524278,0.0353151987304238,0.0537142591973435,0.0863452645660128,0.109450121524278,0.134523379403103,0.186326681658637
1000,81,"beta1",0.73560632450614,0.751879401059267,0.0950190063649179,0.505883571912223,0.687100261489552,0.751879401059267,0.799259344344748,0.878064749129602
1000,82,"alpha0",0.138355780118747,0.119435924616854,0.0681173816820164,0.0544404860715677,0.0964302203570482,0.119435924616854,0.165110278611128,0.325163757324484
1000,82,"alpha1",0.125322762477301,0.122625208517667,0.0321980540207952,0.068627928611936,0.102582418053995,0.122625208517667,0.1457588653636,0.19398723609589
1000,82,"beta1",0.750442012571842,0.769241785895357,0.0802341137047312,0.545132770272316,0.711328301571672,0.769241785895357,0.804654781140407,0.860308740394751
1000,83,"alpha0",0.144144375181178,0.125805187113551,0.0744542650781593,0.0585975914376848,0.0892813781855624,0.125805187113551,0.172990006550898,0.349136672936659
1000,83,"alpha1",0.0965327238179652,0.0932627095621948,0.0309617337035663,0.0496468792920922,0.0743823140646682,0.0932627095621948,0.112818849490385,0.164060262434507
1000,83,"beta1",0.75956234550351,0.779508497312826,0.0954970125857792,0.518104785070026,0.717870202698146,0.779508497312826,0.829396519186845,0.879869886826865
1000,84,"alpha0",0.584980619309341,0.589575489780459,0.219256041930512,0.211314049084424,0.397543046330337,0.589575489780459,0.785014931752519,0.920048064129387
1000,84,"alpha1",0.109510008654483,0.10597465149276,0.0389222264561249,0.0420924293113362,0.0830651029533867,0.10597465149276,0.132338046374511,0.193049259773419
1000,84,"beta1",0.33802032126766,0.335055833194184,0.215718739854131,0.0257102488034511,0.13585233531103,0.335055833194184,0.52235407397326,0.722180069928326
1000,85,"alpha0",0.190738326371119,0.177329926909541,0.0805887628736199,0.0665146295888887,0.134965771050106,0.177329926909541,0.225996164248624,0.387247981959937
1000,85,"alpha1",0.107882178282379,0.104344749078283,0.0336418423552892,0.0533721137154073,0.0844703037641898,0.104344749078283,0.127744726721766,0.180567306798501
1000,85,"beta1",0.700781218417964,0.714881455281966,0.102536431000019,0.452351375738914,0.652624386316934,0.714881455281966,0.768659041543093,0.868388372881019
1000,86,"alpha0",0.112151120810313,0.0674875903114854,0.150113479158326,0.0274070212587443,0.0505386879923828,0.0674875903114854,0.099092739401669,0.719924525375681
1000,86,"alpha1",0.0690556112710827,0.0650240846322118,0.0256307844293562,0.0324247429314124,0.0514362600041628,0.0650240846322118,0.082392810716699,0.126539523873685
1000,86,"beta1",0.821013310913844,0.867144652072557,0.160096727109803,0.195209469726791,0.819381076131661,0.867144652072557,0.893975991116253,0.931019970730461
1000,87,"alpha0",0.333141735004251,0.20643408592356,0.261639947163099,0.0519700605521656,0.12280291420076,0.20643408592356,0.543744946345998,0.886687564047241
1000,87,"alpha1",0.100451545756919,0.0948672028141262,0.0470523979574794,0.0289660784017189,0.062643656532475,0.0948672028141262,0.132177845408867,0.204968333931076
1000,87,"beta1",0.613379910195813,0.729438482469625,0.260007183696224,0.0833732334912125,0.386828605023565,0.729438482469625,0.820470621130103,0.920229772766396
1000,88,"alpha0",0.163834762181217,0.138822362718907,0.0916588084603086,0.0405175959112805,0.0970051120705728,0.138822362718907,0.210015232102485,0.393695291526558
1000,88,"alpha1",0.128088001628011,0.124201054415079,0.0388383393502378,0.0671174994112436,0.0997618308181368,0.124201054415079,0.151754668081703,0.213262121173219
1000,88,"beta1",0.71693663863777,0.741555885009716,0.114299161427332,0.438243380452893,0.658470740991291,0.741555885009716,0.800103490341605,0.881052144534068
1000,89,"alpha0",0.0862074254917941,0.0779612684165744,0.0510072634694837,0.0369832447828717,0.0572715252495937,0.0779612684165744,0.0986825436586375,0.242801210284272
1000,89,"alpha1",0.117653364273351,0.115370164412558,0.0319214559809078,0.0670096478157361,0.0957354219005192,0.115370164412558,0.13483313329403,0.192858069159671
1000,89,"beta1",0.801506957279077,0.809221001879329,0.0711742678824618,0.600345161794737,0.778591354546245,0.809221001879329,0.845167271737553,0.891123986656734
1000,90,"alpha0",0.122996565252576,0.109056701599079,0.0610790488787113,0.0486931952178907,0.0818621683741319,0.109056701599079,0.150640456093941,0.26508066133715
1000,90,"alpha1",0.113200644126407,0.109348212012043,0.032803537183919,0.0605795018574664,0.0900296487954433,0.109348212012043,0.131147971070722,0.188218275151446
1000,90,"beta1",0.774715943904688,0.790274311985812,0.0757539811834199,0.602162688518445,0.735855157452879,0.790274311985812,0.827119232956734,0.873990208915344
1000,91,"alpha0",0.158703367487085,0.150116383287406,0.0674318955746228,0.0582419401732894,0.112068486584578,0.150116383287406,0.193945388097861,0.313973566518436
1000,91,"alpha1",0.152840365566591,0.150240680546164,0.0376784064766981,0.0864969457758948,0.125661956255398,0.150240680546164,0.177400986128811,0.232957895920852
1000,91,"beta1",0.696901093944522,0.700793902496471,0.0902772783146816,0.499204029508187,0.64583420592217,0.700793902496471,0.762247057630695,0.846201239472722
1000,92,"alpha0",0.104670923925011,0.0992496739827979,0.0454261989002413,0.055147995613115,0.082251630963734,0.0992496739827979,0.116495943149712,0.191844460468467
1000,92,"alpha1",0.121754122058182,0.118511735224759,0.0295531982509525,0.0739940716931178,0.10064261504362,0.118511735224759,0.138043017913404,0.193086401031994
1000,92,"beta1",0.784668321162935,0.792045287454009,0.0569545518143686,0.661904411319508,0.76257119372367,0.792045287454009,0.817585856542371,0.857036172347035
1000,93,"alpha0",0.155722721330423,0.137437347382491,0.0815978794483187,0.0617494202132352,0.106427097883951,0.137437347382491,0.175484062517051,0.41814310916246
1000,93,"alpha1",0.0802895867754308,0.076618169891126,0.029624887434411,0.035234024360975,0.0600403365331983,0.076618169891126,0.0951132029908666,0.150967286052434
1000,93,"beta1",0.755094155770957,0.776868678507461,0.100603770952624,0.444014741271454,0.725119083206811,0.776868678507461,0.81745746428405,0.881552051037477
1000,94,"alpha0",0.138868628199388,0.107843177934729,0.10500743528562,0.0478514526664642,0.0826796398585172,0.107843177934729,0.142184564546958,0.513062786811917
1000,94,"alpha1",0.0637591299315728,0.0613222217291951,0.0247037606220762,0.0255403810318495,0.0468289863801237,0.0613222217291951,0.0771048561530428,0.118485104263008
1000,94,"beta1",0.777592385652571,0.816711722040013,0.133498524647547,0.280009079484491,0.761149841815983,0.816711722040013,0.850155498176178,0.902613601359412
1000,95,"alpha0",0.0736020711461513,0.0614251772728324,0.0454895732870553,0.0273991677714862,0.0437156019722262,0.0614251772728324,0.0878133116013055,0.187017115184421
1000,95,"alpha1",0.0874625303483333,0.0843861885730206,0.0258293031850774,0.0470698461175293,0.0694469581662628,0.0843861885730206,0.101639270202509,0.144317524203773
1000,95,"beta1",0.833825628547328,0.849634386190107,0.0645086689848925,0.675379628194597,0.808590171590231,0.849634386190107,0.875226120883733,0.911626256105787
1000,96,"alpha0",0.291713034468052,0.261839056207645,0.122329730497042,0.133058561448816,0.205444124586218,0.261839056207645,0.349766368055785,0.632208575740303
1000,96,"alpha1",0.100592079820518,0.0981390102690199,0.0338303302580461,0.041922280557711,0.0758670541438169,0.0981390102690199,0.121685809129739,0.171704755479115
1000,96,"beta1",0.623695142167475,0.649443873246196,0.128061392835128,0.28088701651447,0.557655494964566,0.649443873246196,0.715639018686166,0.798926487477872
1000,97,"alpha0",0.21569491518085,0.171017596409869,0.118147976412775,0.0806284372959562,0.120503608879769,0.171017596409869,0.298406484930744,0.484606213294959
1000,97,"alpha1",0.0888477536959713,0.0832675354575982,0.0326530947113377,0.0392411274848122,0.0657644464299672,0.0832675354575982,0.10722270929337,0.168102574166458
1000,97,"beta1",0.712110091594003,0.754926142137833,0.131633774622119,0.426735758561631,0.616401406748069,0.754926142137833,0.817411023957355,0.872973156580483
1000,98,"alpha0",0.101154460301445,0.0947149969942517,0.0403304606179919,0.049691828727219,0.0767366216449775,0.0947149969942517,0.117065578599324,0.197778908586468
1000,98,"alpha1",0.128061994750079,0.123781398573776,0.0338087233455032,0.0711835493234966,0.1051434773866,0.123781398573776,0.147523439273177,0.202418479233943
1000,98,"beta1",0.764973218328186,0.772555166561953,0.0631537025327988,0.619578113686763,0.732962562408946,0.772555166561953,0.808527078687648,0.856469858346177
1000,99,"alpha0",0.178602056080742,0.162676373029851,0.0826585582312712,0.0652758656690045,0.112902643758433,0.162676373029851,0.229184059986608,0.375821823340053
1000,99,"alpha1",0.104282979764084,0.0993944426963817,0.0388274074017307,0.0446166833338117,0.0773009935536667,0.0993944426963817,0.123999095944789,0.200771302048971
1000,99,"beta1",0.686843153021111,0.711931595776193,0.120279866240277,0.400961051962504,0.617296923231132,0.711931595776193,0.780472508014781,0.860007836383754
1000,100,"alpha0",0.129832145328332,0.0960491878093861,0.0969716198266745,0.0549290583824778,0.0800125990866146,0.0960491878093861,0.127853622381305,0.459654822856159
1000,100,"alpha1",0.0929813157906872,0.0898979702049404,0.0291612342611686,0.0465826140806977,0.0728140934962155,0.0898979702049404,0.108981102511168,0.16161048112016
1000,100,"beta1",0.779574762552513,0.815220678440197,0.11268206366442,0.408520709972321,0.773912963423411,0.815220678440197,0.84160998854447,0.881414701650599
1000,101,"alpha0",0.0735763527907064,0.0635825151676122,0.046338387106165,0.0335208883285429,0.0530021754613515,0.0635825151676122,0.0785453573664977,0.184961978770805
1000,101,"alpha1",0.101446779343539,0.0992620921978264,0.0258981566604872,0.0583603208557143,0.0833882886391672,0.0992620921978264,0.115842820197998,0.158518768070463
1000,101,"beta1",0.817001226822566,0.829760066179147,0.0648873455818813,0.654767911674114,0.802089954015511,0.829760066179147,0.851419021132213,0.88435872689074
1000,102,"alpha0",0.130885655364552,0.116373399711405,0.072831801595175,0.043489866487857,0.0759685531355491,0.116373399711405,0.165161757560859,0.304996666967846
1000,102,"alpha1",0.116557153325675,0.110952820488966,0.0426063503104,0.0485695792250981,0.0849041177442266,0.110952820488966,0.143359464833637,0.213194798138651
1000,102,"beta1",0.76035091473806,0.775714063420013,0.100746296983033,0.537894162954554,0.700944232991734,0.775714063420013,0.836249487059651,0.8989461305767
1000,103,"alpha0",0.10559259999102,0.0895773075051688,0.0681012245780545,0.0385235677189032,0.0663287338217046,0.0895773075051688,0.118024206794435,0.303281376229378
1000,103,"alpha1",0.0947942672649843,0.0924992514397056,0.0253522920108155,0.0528902457898349,0.0773899711133767,0.0924992514397056,0.109483202445674,0.148676265922183
1000,103,"beta1",0.809482603430415,0.826872539937392,0.0747428856341846,0.601036553775123,0.790634250018098,0.826872539937392,0.853509453418021,0.886672902988607
1000,104,"alpha0",0.0879108586552053,0.0809157405080202,0.0421538051721454,0.0406948332962813,0.0652299742262102,0.0809157405080202,0.101085131041637,0.176791852204909
1000,104,"alpha1",0.118988038580756,0.115944134909887,0.0293012963704146,0.070896144600527,0.0988309525376293,0.115944134909887,0.135235495046334,0.184936377827523
1000,104,"beta1",0.802272983425115,0.811075739629945,0.0592328197425043,0.669579329746555,0.779507941648444,0.811075739629945,0.836513341674324,0.884054609558499
1000,105,"alpha0",0.165141165540203,0.155350155076306,0.0583631695097362,0.0770164400097196,0.124561336265855,0.155350155076306,0.197589897610645,0.299870302055727
1000,105,"alpha1",0.130221928805335,0.12669177694686,0.0352388775171172,0.0714601325867521,0.105815648459302,0.12669177694686,0.150286946689429,0.206825657426444
1000,105,"beta1",0.683673834096008,0.693967786877897,0.0862630713705479,0.482274912663906,0.634209417073479,0.693967786877897,0.743481711341033,0.823610022971859
1000,106,"alpha0",0.0798584124004019,0.0700495566243082,0.0495653295117808,0.0357959143441837,0.0574125593234381,0.0700495566243082,0.0888081473033517,0.20696473556673
1000,106,"alpha1",0.106344394137069,0.105123366868612,0.0253004697323993,0.0622239543098433,0.0888422990744195,0.105123366868612,0.121718331723087,0.158350767215162
1000,106,"beta1",0.81484789583961,0.824242354037049,0.063020209575252,0.667360118017704,0.795902192394523,0.824242354037049,0.847343474218751,0.88815215874297
1000,107,"alpha0",0.1214572847507,0.107868690916993,0.0682988636733303,0.0470353249808777,0.0829056025883778,0.107868690916993,0.141022110906816,0.291712334816829
1000,107,"alpha1",0.100785700085983,0.0978975023498193,0.0297692808571039,0.0502063866342212,0.0791246354981125,0.0978975023498193,0.118993042944179,0.16543095428088
1000,107,"beta1",0.780240083838186,0.795242751552679,0.081442582194954,0.587719822243363,0.747463228863032,0.795242751552679,0.832021828823459,0.883201597772578
1000,108,"alpha0",0.391957321141977,0.3517470759983,0.214495740835058,0.123729236096433,0.207581730603097,0.3517470759983,0.499439312614106,0.859709221786945
1000,108,"alpha1",0.0573109520022165,0.0535353891248926,0.0340269688121541,0.0075549195328783,0.0348219762464673,0.0535353891248926,0.0735425775148296,0.129566675228379
1000,108,"beta1",0.540018731178814,0.582936637705502,0.230494114518377,0.0312033903121724,0.431322111124182,0.582936637705502,0.737304757229123,0.835294136179642
1000,109,"alpha0",0.122115408616225,0.0956962175629902,0.0854861877420768,0.0431654429649854,0.0701586359337902,0.0956962175629902,0.138222978286582,0.376577175258185
1000,109,"alpha1",0.125471346517971,0.121667507989996,0.035342028992877,0.066816039341133,0.0989973682636946,0.121667507989996,0.145901793736835,0.203737907669756
1000,109,"beta1",0.751403745808729,0.779360433884466,0.108433647569497,0.44493159684415,0.717626373283987,0.779360433884466,0.821978050341088,0.870357881542629
1000,110,"alpha0",0.0871540722249291,0.0726142089820888,0.0626635786235266,0.0360668505546501,0.0572144425526429,0.0726142089820888,0.0926608917716424,0.25914237691271
1000,110,"alpha1",0.0727421903905797,0.070557040227363,0.025727202836141,0.0337140075300981,0.054918268411978,0.070557040227363,0.0856214416339459,0.129809811566948
1000,110,"beta1",0.841663285311373,0.857910424045236,0.0771221290656084,0.650378321734099,0.829204893381677,0.857910424045236,0.882636637079842,0.916144432045307
1000,111,"alpha0",0.136607228095379,0.132076929904725,0.0522073485301278,0.0620371675846565,0.0995916054831162,0.132076929904725,0.165136772643003,0.238154952383796
1000,111,"alpha1",0.120198323411786,0.116477711031488,0.0366320966308748,0.0613988142687221,0.094558154845141,0.116477711031488,0.140361045781765,0.207250223844849
1000,111,"beta1",0.756953323025243,0.763247838043658,0.0687187728892169,0.623006249133346,0.714646393309025,0.763247838043658,0.805357573187674,0.864676582093298
1000,112,"alpha0",0.21141642464151,0.172446317405879,0.138278642152703,0.0551137325237428,0.101581490607758,0.172446317405879,0.287329695722855,0.550286302647254
1000,112,"alpha1",0.080972627672076,0.0767860592192206,0.0374200234477294,0.0203306270267538,0.0552328464738469,0.0767860592192206,0.101334635845769,0.168857253581491
1000,112,"beta1",0.712178422012879,0.747200250795813,0.156988980880581,0.312418090920992,0.615557243652526,0.747200250795813,0.837277866912811,0.908336339534022
1000,113,"alpha0",0.119327535700617,0.108248950497634,0.0576343883363197,0.0535229288146349,0.0878798737406312,0.108248950497634,0.139860258019841,0.217487762685042
1000,113,"alpha1",0.124585913250267,0.122492965446144,0.028572497614942,0.0766141868710781,0.103946226517069,0.122492965446144,0.141788632628363,0.185781960740192
1000,113,"beta1",0.749332785127229,0.76286437421459,0.0772882203452677,0.613675056387102,0.714462442262867,0.76286437421459,0.796845850630319,0.853651908776093
1000,114,"alpha0",0.162806794906142,0.152174441727614,0.0630721053477548,0.0810681524573469,0.116595224103859,0.152174441727614,0.193813546450659,0.342393537290025
1000,114,"alpha1",0.142705620955992,0.139990209803642,0.0350679116840471,0.0816635535917895,0.118718960288274,0.139990209803642,0.164426955849996,0.218222224909141
1000,114,"beta1",0.683135661187313,0.694634064779289,0.0882652934991779,0.452442848130388,0.635115735702078,0.694634064779289,0.74735611876119,0.813940913968472
1000,115,"alpha0",0.242038583072312,0.210734559407645,0.123117639184121,0.10043964347427,0.162533892783781,0.210734559407645,0.275955396919252,0.604570685121108
1000,115,"alpha1",0.135298550180563,0.131856993136965,0.0391015819497444,0.0697849548106801,0.106683806126989,0.131856993136965,0.159807627274693,0.216557973257216
1000,115,"beta1",0.624434698490762,0.656611242021198,0.142098807449983,0.229721683265388,0.572862093759525,0.656611242021198,0.715013028740675,0.812628322510257
1000,116,"alpha0",0.250154484595262,0.23239150509292,0.11303580318156,0.0943454060101426,0.166016162136079,0.23239150509292,0.312344986463857,0.534219135954575
1000,116,"alpha1",0.076835528010748,0.074004953618024,0.0290069947220801,0.0305431188262312,0.055845911435485,0.074004953618024,0.0928512492162042,0.138746414190139
1000,116,"beta1",0.683324933910535,0.698827205958682,0.119206578378528,0.386483906799474,0.615173439942055,0.698827205958682,0.772661066227453,0.858519603660888
1000,117,"alpha0",0.130433446426488,0.103464710229178,0.0995763721076475,0.0459437930217378,0.0722290449345709,0.103464710229178,0.146500928149195,0.495830946846823
1000,117,"alpha1",0.0620291982422589,0.0578781750729184,0.0256216668983787,0.0237346265993443,0.0435156489686287,0.0578781750729184,0.0765809919519666,0.12115312693978
1000,117,"beta1",0.791877646122258,0.821122224488772,0.120037659846341,0.351801901860748,0.761619010298826,0.821122224488772,0.865169308843365,0.908803098542203
1000,118,"alpha0",0.0848298324441763,0.0684049812430818,0.0640483609087476,0.0329737857394247,0.0503805006938019,0.0684049812430818,0.0967140045683507,0.303118158363305
1000,118,"alpha1",0.120557001753678,0.118360158679146,0.0308384367927543,0.0694751407175653,0.0992306263987178,0.118360158679146,0.138101918292936,0.188769403611357
1000,118,"beta1",0.807217069120724,0.822966701695584,0.0760102346139636,0.581068889458382,0.782923555606714,0.822966701695584,0.852111951816163,0.889383967511135
1000,119,"alpha0",0.121676502376573,0.119237466367201,0.0496496028879726,0.0514915628445901,0.0836551203158771,0.119237466367201,0.149217501308854,0.222593189579937
1000,119,"alpha1",0.122222034220355,0.119248256141003,0.033589901887522,0.0665935693041463,0.0987243740171308,0.119248256141003,0.142072454784197,0.195294555090955
1000,119,"beta1",0.753046715315282,0.753919494212944,0.0724809713899507,0.610960069492514,0.707881538615044,0.753919494212944,0.808666110813702,0.866349091124312
1000,120,"alpha0",0.135110496422283,0.128703427837696,0.0484344687235515,0.0630187412813494,0.101935115377037,0.128703427837696,0.163641162647418,0.226505596493617
1000,120,"alpha1",0.117398099974774,0.113993343960954,0.0287282187853314,0.0694930526093588,0.097928382852751,0.113993343960954,0.134183616151204,0.18173451332793
1000,120,"beta1",0.741244624818585,0.749615510808875,0.0650226910239614,0.607032176553288,0.705464744235075,0.749615510808875,0.784192368945466,0.841118054773475
1000,121,"alpha0",0.117594656291238,0.0997009584560759,0.0736044237146001,0.0365588055430071,0.0759052543446921,0.0997009584560759,0.136702724375678,0.402237289821803
1000,121,"alpha1",0.094488941996714,0.0911921058869742,0.0305349677159132,0.046688818236718,0.072986136338827,0.0911921058869742,0.111971934981222,0.159064325618389
1000,121,"beta1",0.776976713378046,0.793764568586249,0.0967643999535241,0.417818502557003,0.74426585755114,0.793764568586249,0.83528147432351,0.897467867681778
1000,122,"alpha0",0.128353644323994,0.113616611904543,0.0685224754077504,0.0518427696648899,0.088666561605972,0.113616611904543,0.140983856750954,0.352301058165639
1000,122,"alpha1",0.109182438103052,0.107371683484487,0.0283956377045705,0.0616765028351327,0.0903957495664199,0.107371683484487,0.125217601918501,0.166729293982481
1000,122,"beta1",0.756385769991114,0.772374909229475,0.0841255174469123,0.495766686120287,0.731993743016343,0.772374909229475,0.806079504598655,0.863800049282059
1000,123,"alpha0",0.11629697997225,0.103976069909035,0.0589970046197624,0.0539851944733379,0.0805477376045161,0.103976069909035,0.134026277578358,0.247971617707894
1000,123,"alpha1",0.110294426972975,0.106836807292965,0.0300603642556728,0.0626281189832218,0.0889817058062379,0.106836807292965,0.128203861547904,0.172732391589335
1000,123,"beta1",0.776682057754106,0.790687301720985,0.0767261403157232,0.604777228814706,0.747687408762262,0.790687301720985,0.825425506467118,0.868807479780219
1000,124,"alpha0",0.283766952743727,0.271254641001786,0.103188763408841,0.110018603060135,0.209909838980274,0.271254641001786,0.349653413834267,0.512771327689849
1000,124,"alpha1",0.141938244908536,0.140283463179704,0.0351542883361164,0.0790519341542225,0.117898007672469,0.140283463179704,0.163660013931718,0.216887591293263
1000,124,"beta1",0.613762098262436,0.623230143635013,0.10671709962143,0.37782767956915,0.547754275262671,0.623230143635013,0.689198374858099,0.797431345940332
1000,125,"alpha0",0.175362339280676,0.159558521053539,0.0762693184088762,0.0840797042986699,0.134103591862397,0.159558521053539,0.189742150245495,0.390432201076154
1000,125,"alpha1",0.14351740554646,0.139774505489335,0.036739900416615,0.0832923253607639,0.118490068673886,0.139774505489335,0.163991856004623,0.227516517137817
1000,125,"beta1",0.699514839732581,0.715249351891071,0.0925366827226816,0.44130971547004,0.674861684275345,0.715249351891071,0.752595146461797,0.819349839056271
1000,126,"alpha0",0.203632684913979,0.190827217395669,0.0893657722377145,0.0689506522243364,0.132823443103474,0.190827217395669,0.257431182439541,0.397188747946605
1000,126,"alpha1",0.16716237742812,0.164675127302122,0.042584662861711,0.0928878099227714,0.136486133248384,0.164675127302122,0.194480431911747,0.258127624867868
1000,126,"beta1",0.624563464175649,0.64206555587209,0.12193386292137,0.366751696614679,0.543868307727088,0.64206555587209,0.719584821605292,0.820734561685792
1000,127,"alpha0",0.338582287409552,0.279272229042357,0.183761994493954,0.0932124787853355,0.21108296883384,0.279272229042357,0.46179013245152,0.771440009288073
1000,127,"alpha1",0.118624208008513,0.114044552447387,0.039648647930096,0.054341538823822,0.0899975050505204,0.114044552447387,0.142928339739226,0.210615089773474
1000,127,"beta1",0.56177668236956,0.620077575631755,0.192608286785164,0.142812280955441,0.419474234146681,0.620077575631755,0.700164528945507,0.835225243361567
1000,128,"alpha0",0.122179885142157,0.111949850329581,0.0616690736499806,0.0488357513204088,0.0865127993235479,0.111949850329581,0.140960761275634,0.24957618067992
1000,128,"alpha1",0.105507780580526,0.10278699096347,0.0310559227000758,0.0529511304078683,0.0836441962029968,0.10278699096347,0.124476718744857,0.172494079812156
1000,128,"beta1",0.775238660711476,0.787732973312382,0.0784834645733695,0.621951469541265,0.74362897806044,0.787732973312382,0.822614460012226,0.878632262670215
1000,129,"alpha0",0.128975664109697,0.100561514300873,0.116166653694869,0.0570778268160173,0.082543216885185,0.100561514300873,0.123609235840149,0.608739676026031
1000,129,"alpha1",0.107090223755396,0.102594052408506,0.0279748234121964,0.0661891117670277,0.0884817977881292,0.102594052408506,0.120252042409371,0.177757972837729
1000,129,"beta1",0.773551265503965,0.803700044690514,0.127572495361302,0.248133215641423,0.774421505941557,0.803700044690514,0.828951137406413,0.866116334199104
1000,130,"alpha0",0.149516104627654,0.135955015680283,0.0681418628837367,0.0768130357784501,0.11140866029046,0.135955015680283,0.168593351545785,0.372636000552734
1000,130,"alpha1",0.132994901884868,0.130464100223752,0.0309109341720933,0.0803893198916459,0.110592616677989,0.130464100223752,0.153400191102905,0.196928332050114
1000,130,"beta1",0.732169474915061,0.746074141224713,0.0772440239813094,0.495345912160953,0.7053415790464,0.746074141224713,0.777574803819273,0.828527774559874
1000,131,"alpha0",0.142308636891281,0.120034268130448,0.0954121440952188,0.0575386837473712,0.0936174732364697,0.120034268130448,0.150030214207461,0.505788920975806
1000,131,"alpha1",0.11289452391269,0.107837933377323,0.0380238927309541,0.0565552092724661,0.0875421220967332,0.107837933377323,0.131574983727523,0.20035451808635
1000,131,"beta1",0.736937530488969,0.763340630010711,0.120606121886572,0.296197637325939,0.714331968231557,0.763340630010711,0.80553530637954,0.858928848088009
1000,132,"alpha0",0.106028342710712,0.0997639495969088,0.0527191688658104,0.0377207083235564,0.0782483935749994,0.0997639495969088,0.123839162215791,0.204288208101319
1000,132,"alpha1",0.167302318895165,0.163466289640396,0.041829985003375,0.0974192349639015,0.139214097256253,0.163466289640396,0.190732758333377,0.262106159417467
1000,132,"beta1",0.724108160941043,0.732612489106495,0.0845397349618544,0.565683560867545,0.687186543561576,0.732612489106495,0.774368075529495,0.851316050939902
1000,133,"alpha0",0.179384889224335,0.175369171911451,0.0438425490259763,0.108682431893851,0.147933812568405,0.175369171911451,0.207138377605471,0.268242981712013
1000,133,"alpha1",0.185688058458384,0.182560249189439,0.0343429878763374,0.125435320056921,0.161894564672977,0.182560249189439,0.207410745246485,0.259672397671811
1000,133,"beta1",0.65808283048712,0.661085052060973,0.0533772448850409,0.553804981629103,0.623471248403154,0.661085052060973,0.695525560841726,0.754201607836252
1000,134,"alpha0",0.124933749437177,0.112724570757647,0.0666916453162651,0.0568153864205023,0.0877006786657987,0.112724570757647,0.140165805623516,0.378847159809715
1000,134,"alpha1",0.105257424705374,0.102203607729577,0.0309782226989797,0.0553075288467545,0.0845941467622067,0.102203607729577,0.121545306748103,0.173235849106703
1000,134,"beta1",0.753343554804486,0.767363733161323,0.0913457790115873,0.428514275362014,0.728761442766524,0.767363733161323,0.804852509888192,0.866259826881762
1000,135,"alpha0",0.108105025959721,0.0868598705880583,0.0793009998017518,0.0433512404865218,0.0681575059672434,0.0868598705880583,0.116034292671093,0.418027651442316
1000,135,"alpha1",0.0937808562403807,0.0894920769968339,0.0347440717585554,0.0406724237660818,0.0716933332062455,0.0894920769968339,0.109100739584704,0.176107098163547
1000,135,"beta1",0.800761481506671,0.824537231533718,0.0979053384992751,0.416198995516507,0.787596055347923,0.824537231533718,0.851905922547353,0.892165785081147
1000,136,"alpha0",0.0721467713638328,0.0508319228674152,0.0703990948860075,0.030102561710021,0.0411736803775386,0.0508319228674152,0.0730894188443809,0.339019803139645
1000,136,"alpha1",0.0770456880930108,0.073155069576574,0.0260972761084263,0.0386847124442963,0.0593306282254126,0.073155069576574,0.0897219700414224,0.138785020273513
1000,136,"beta1",0.841693658328821,0.867761935732389,0.0975397202250884,0.482034927204179,0.834969201193191,0.867761935732389,0.889980053750906,0.916831017354847
1000,137,"alpha0",0.157738058503697,0.151758751327845,0.0543910160696935,0.0757819882147629,0.117023868115095,0.151758751327845,0.191428146651823,0.273200738438912
1000,137,"alpha1",0.143524449547604,0.140476250077897,0.0427522805823811,0.0691622212975485,0.113523368578145,0.140476250077897,0.16954685767021,0.239949949000785
1000,137,"beta1",0.700144505097058,0.704504177762759,0.082253267331847,0.531254609234266,0.647715395133008,0.704504177762759,0.760191991538862,0.843038102368826
1000,138,"alpha0",0.0985855576762998,0.0596962899500437,0.131900763429946,0.021584084471409,0.0409280961664513,0.0596962899500437,0.0846615322147188,0.588915325258142
1000,138,"alpha1",0.059531262884477,0.054547590596127,0.0271315565134531,0.0238296922657683,0.0419965067604657,0.054547590596127,0.0704354211724926,0.122056066097129
1000,138,"beta1",0.824947746909612,0.874824520450416,0.170851438595249,0.200649959275119,0.835655854541257,0.874824520450416,0.90558548984171,0.940932899002735
1000,139,"alpha0",0.330953154397529,0.308969092773149,0.117861887522296,0.160777244065501,0.232289827617339,0.308969092773149,0.420843318009489,0.570148443421539
1000,139,"alpha1",0.175206920255023,0.172031741810512,0.0411454802373193,0.10219476774437,0.145701005353961,0.172031741810512,0.202471638631266,0.264206777970444
1000,139,"beta1",0.531483168543167,0.54929036887856,0.126616475135769,0.282833939680131,0.428173750498088,0.54929036887856,0.632806981657325,0.726629458781467
1000,140,"alpha0",0.167451634108094,0.15846638603227,0.0599191440001597,0.0784117718931637,0.12365195468992,0.15846638603227,0.197019959938315,0.320260564679243
1000,140,"alpha1",0.0993152230724601,0.0975548363882562,0.0314422024903827,0.0440814211584609,0.0773557504254797,0.0975548363882562,0.118213924289423,0.167010898273737
1000,140,"beta1",0.73098147861101,0.738985180810696,0.0747353984642265,0.546351626717882,0.688690770846218,0.738985180810696,0.783564238825628,0.85104201974094
1000,141,"alpha0",0.123440662212882,0.118251022073725,0.0432187183587674,0.0594769307817711,0.0957130240549694,0.118251022073725,0.144952291628656,0.208495853262308
1000,141,"alpha1",0.125340621895161,0.123714918818876,0.0290082906673048,0.0741262132692231,0.104238752920512,0.123714918818876,0.144792748925627,0.185342849621923
1000,141,"beta1",0.75390260220595,0.759595181921184,0.0577202924562202,0.639445354631355,0.723012510425198,0.759595181921184,0.792001213926755,0.847074602119266
1000,142,"alpha0",0.162028449314317,0.149402133445249,0.0670159853785018,0.076531678675119,0.118409787542998,0.149402133445249,0.188737583768172,0.320275429756071
1000,142,"alpha1",0.100173667706011,0.0964603389475592,0.0303475973919317,0.0521263527190549,0.0792277980122973,0.0964603389475592,0.117092355278715,0.165003678507308
1000,142,"beta1",0.773441239915754,0.785338246613211,0.0693966508350814,0.600057527685773,0.743038446171921,0.785338246613211,0.818885721426495,0.868771346180781
1000,143,"alpha0",0.123048201383592,0.0980521679955163,0.0723805596748884,0.0538381005987021,0.0766770112007222,0.0980521679955163,0.146440291237778,0.331226564196839
1000,143,"alpha1",0.0958010130905494,0.0925002586525313,0.0279480122917614,0.0503669096439412,0.0766023436778296,0.0925002586525313,0.112038317058895,0.158088306088392
1000,143,"beta1",0.789027918396302,0.811619797725299,0.0845475454698667,0.554776428473712,0.756504721738741,0.811619797725299,0.84617250746388,0.884440002789718
1000,144,"alpha0",0.124640195543492,0.114879103610948,0.0598885461398515,0.0541864238368405,0.0924651706746417,0.114879103610948,0.143069624463443,0.251598616192651
1000,144,"alpha1",0.124403642455977,0.122425424583367,0.0298687682280524,0.0723426966063354,0.103263548644403,0.122425424583367,0.143001171188792,0.188984163682245
1000,144,"beta1",0.75844213564485,0.766995295330784,0.0738951164878646,0.59847759445794,0.731544697661985,0.766995295330784,0.801957641675439,0.855331613865585
1000,145,"alpha0",0.0663164057809142,0.0452413141583057,0.0806069601824922,0.0205087395613264,0.0344607264696526,0.0452413141583057,0.0646700704340182,0.35446248210311
1000,145,"alpha1",0.0647964210353663,0.0606191621871388,0.0240910873349546,0.0315000805109796,0.0481588427194368,0.0606191621871388,0.0760451894781094,0.121030737585606
1000,145,"beta1",0.874249056971666,0.897392981018431,0.090648620702928,0.553042929317694,0.868177408434117,0.897392981018431,0.917163831331179,0.941570075865117
1000,146,"alpha0",0.148199073368089,0.130612812648705,0.078550427252228,0.0615727767692288,0.092438888987711,0.130612812648705,0.177793342708996,0.365659422107351
1000,146,"alpha1",0.111558193256963,0.106842022088482,0.0365452089379377,0.0543867591136557,0.086156094754725,0.106842022088482,0.131451966937094,0.192567310339279
1000,146,"beta1",0.728557908517973,0.751470902643234,0.109845135937641,0.451338346899282,0.684332747753934,0.751470902643234,0.804633812835876,0.865282092514632
1000,147,"alpha0",0.26697800781947,0.238086802759639,0.138880067892965,0.0622477404445304,0.162092336195799,0.238086802759639,0.370997182310219,0.577511460673415
1000,147,"alpha1",0.159146278949617,0.154244842937624,0.0488929482037741,0.080084633763459,0.12532511692479,0.154244842937624,0.187664882217322,0.269205897213323
1000,147,"beta1",0.546446608844446,0.576928352395321,0.18410744152729,0.161616272370311,0.410693588425202,0.576928352395321,0.684700369249292,0.846317482884593
1000,148,"alpha0",0.114212185383849,0.107622729472567,0.0395145515745043,0.0653543710505616,0.0901235917345823,0.107622729472567,0.129087416423191,0.19668207730317
1000,148,"alpha1",0.164327595811605,0.160999827222683,0.035415519886498,0.103968072482891,0.139157510100306,0.160999827222683,0.186382670210187,0.242705571434424
1000,148,"beta1",0.7289561008359,0.736388709313832,0.0586979135818954,0.609961830313206,0.700677937111449,0.736388709313832,0.765855469309367,0.822092288533947
1000,149,"alpha0",0.252790245509243,0.236433371642181,0.100759659799944,0.100190286384018,0.186132584314407,0.236433371642181,0.296418432214401,0.537050079886682
1000,149,"alpha1",0.152632474499052,0.150106016604603,0.0349719129647888,0.09034749497124,0.12871891637291,0.150106016604603,0.176146893962301,0.224611251630008
1000,149,"beta1",0.605657186079989,0.618736058217885,0.110162936939535,0.301376675636374,0.551492144096055,0.618736058217885,0.674641539742387,0.783267211242584
1000,150,"alpha0",0.285999615451785,0.249582809930531,0.139164883913418,0.110324803745464,0.182904086616997,0.249582809930531,0.36025312054236,0.641385076990531
1000,150,"alpha1",0.130364199002632,0.128005358292755,0.0372469608105993,0.0622941635285077,0.104139860906511,0.128005358292755,0.154869560288778,0.206716716513869
1000,150,"beta1",0.566074744509763,0.600719072123304,0.165034012153109,0.16262959126518,0.470513655217713,0.600719072123304,0.691105443001257,0.79208943832799
1000,151,"alpha0",0.088483691458067,0.0550246397136837,0.103770872656653,0.0172629866594575,0.0259512703708828,0.0550246397136837,0.100193814141507,0.449213016954554
1000,151,"alpha1",0.0485962206939188,0.044307192170795,0.0263934029564491,0.011468267318019,0.0285941660365833,0.044307192170795,0.0638464807041415,0.108341217983855
1000,151,"beta1",0.865581138205215,0.897594236453464,0.117351881925386,0.495291121545591,0.836294007678442,0.897594236453464,0.945145438917449,0.968047454277083
1000,152,"alpha0",0.208655254713244,0.196925263035516,0.0730173110690803,0.118809281300237,0.161688192626052,0.196925263035516,0.234771916932,0.448346894942795
1000,152,"alpha1",0.148115628674958,0.146255519849267,0.0342907643745455,0.0857389498670258,0.124627290434617,0.146255519849267,0.168195465184442,0.223706223233825
1000,152,"beta1",0.648665122280605,0.661700531881667,0.0819362840644164,0.410169977490487,0.613460332271635,0.661700531881667,0.699872388550171,0.767920324978413
1000,153,"alpha0",0.129246472528887,0.120710720158233,0.0544534055748708,0.0595312368606172,0.0971149018350816,0.120710720158233,0.148995777944764,0.251409963856458
1000,153,"alpha1",0.097550868985252,0.0941030474973231,0.0268478804097928,0.0550827699294639,0.0785529096638232,0.0941030474973231,0.112511303044651,0.158284768371261
1000,153,"beta1",0.771363564497801,0.781881469659385,0.0706279221612528,0.628980857340312,0.742570676812524,0.781881469659385,0.816328640484835,0.867788947991281
1000,154,"alpha0",0.0937934731054506,0.0850835863580078,0.04277795641797,0.0541878946187857,0.0709290912710246,0.0850835863580078,0.105523406910255,0.163459867213654
1000,154,"alpha1",0.147416362804567,0.144760294127898,0.0303943668049535,0.0970587296370263,0.12674750482205,0.144760294127898,0.16509255675066,0.213792023426776
1000,154,"beta1",0.7558256137728,0.763602141204685,0.062673373960784,0.64485451801493,0.733658054418959,0.763602141204685,0.79246636780682,0.830726519202322
1000,155,"alpha0",0.127030361991338,0.11672393298842,0.0637179784992314,0.042913314008151,0.0769837521862022,0.11672393298842,0.164490490616377,0.262391426968447
1000,155,"alpha1",0.121247530204056,0.11679629374919,0.0380592457692195,0.0575040571527347,0.0938809087212365,0.11679629374919,0.144810264870752,0.207659207430007
1000,155,"beta1",0.728946718825174,0.744302646612698,0.101714538975055,0.522820028624397,0.66221412305904,0.744302646612698,0.806891600652415,0.876873830407753
1000,156,"alpha0",0.131541467099958,0.115025267869242,0.0839769973904807,0.0379558175340574,0.0864383708125255,0.115025267869242,0.148342828186773,0.459883717522445
1000,156,"alpha1",0.164045063789921,0.15956157697359,0.0383071290077249,0.0997018748047201,0.137618613035186,0.15956157697359,0.186958033513637,0.253761760958983
1000,156,"beta1",0.724025612867521,0.739301511106675,0.0957394482387352,0.376511102741821,0.694576126943529,0.739301511106675,0.779772305484232,0.8431164509002
1000,157,"alpha0",0.0972829796420032,0.0897999601715964,0.0516557872575844,0.0469017204000185,0.0724355093702711,0.0897999601715964,0.107563442289823,0.177032791330333
1000,157,"alpha1",0.121401306954112,0.119241033665249,0.0274903612116754,0.0743833881173447,0.102226688893843,0.119241033665249,0.138057360803669,0.180570654248768
1000,157,"beta1",0.780118286005416,0.789687253937077,0.0650172315716865,0.658202141640296,0.759663070042747,0.789687253937077,0.8150253035461,0.855967996792066
1000,158,"alpha0",0.166841387006161,0.157744113982737,0.055027440519074,0.0852270182447493,0.130114055507275,0.157744113982737,0.191462419165462,0.299642221462321
1000,158,"alpha1",0.118466141723444,0.115362567125744,0.0342049415768718,0.0617982829836815,0.0939531666175476,0.115362567125744,0.139114836830102,0.195239944491588
1000,158,"beta1",0.70285368365221,0.714033505305217,0.0763016888989016,0.531027146900152,0.660745597059105,0.714033505305217,0.754094527176606,0.827459669355943
1000,159,"alpha0",0.194132982091382,0.177899953119378,0.0925447473244567,0.0648203614053513,0.124491721148739,0.177899953119378,0.245119481959722,0.407662924722599
1000,159,"alpha1",0.10725195516714,0.104628640574458,0.0352781505141382,0.0471825228061843,0.0828391055476734,0.104628640574458,0.127368941283368,0.188495842940133
1000,159,"beta1",0.696331557181424,0.711705459006139,0.113811771458109,0.452607124897645,0.629196938000232,0.711705459006139,0.779231828755205,0.870743285884138
1000,160,"alpha0",0.156736877545104,0.145641158957105,0.0684601847124277,0.062649274821719,0.10109623250522,0.145641158957105,0.19796902413194,0.310437266927997
1000,160,"alpha1",0.128860031741723,0.12344849077901,0.0394739045193748,0.067227922546901,0.10124936612647,0.12344849077901,0.150623681283341,0.223800548901175
1000,160,"beta1",0.699189347598893,0.713221736071677,0.101819576398305,0.477192659022393,0.633888022236143,0.713221736071677,0.780862789912284,0.845212544269457
1000,161,"alpha0",0.342655249333867,0.312804154351956,0.266085792091201,0.0459499111090988,0.0732957323898041,0.312804154351956,0.612290757019523,0.732332907366898
1000,161,"alpha1",0.0401970929603189,0.0359860486965227,0.0242713452641834,0.00541481000645915,0.0245461028910097,0.0359860486965227,0.0509603021740912,0.0954988885340141
1000,161,"beta1",0.509567709108441,0.539680482969128,0.355011607144174,0.00795649222233599,0.148172747908428,0.539680482969128,0.867102465070456,0.918507247081286
1000,162,"alpha0",0.168576750691856,0.13853665177668,0.087046020264705,0.0692341602355986,0.108360588239048,0.13853665177668,0.21016008158607,0.404367167772993
1000,162,"alpha1",0.111504213290744,0.108280666522382,0.0328392052934362,0.0564873666200105,0.0880147262393322,0.108280666522382,0.131723538418584,0.183997394138171
1000,162,"beta1",0.735438645103494,0.764718154437624,0.100802726033709,0.458806419627099,0.685651967559262,0.764718154437624,0.804067695018106,0.861067192940624
1000,163,"alpha0",0.174108691839352,0.160595252743589,0.0624751431227537,0.0987725078417747,0.131821725934934,0.160595252743589,0.200168427369131,0.331543382923456
1000,163,"alpha1",0.0978784407680419,0.0948189243113971,0.0257276703023518,0.0567033691828542,0.0800730439603202,0.0948189243113971,0.111789301358922,0.153523011039344
1000,163,"beta1",0.731611393397722,0.745376126294529,0.0731700819714082,0.546699813800998,0.698980068569161,0.745376126294529,0.780957256935861,0.82959988092317
1000,164,"alpha0",0.275357041501459,0.275367960488128,0.109879929904369,0.0989541646728064,0.196695525489135,0.275367960488128,0.347856032307698,0.496991065360373
1000,164,"alpha1",0.12753744420654,0.12416446108531,0.0379510442041329,0.0638135839703665,0.100678237465339,0.12416446108531,0.150817154406518,0.210062692289279
1000,164,"beta1",0.602878211903899,0.598967507983651,0.132374300762174,0.341691787862697,0.517943986961028,0.598967507983651,0.701986513108921,0.820185216746835
1000,165,"alpha0",0.181618208778435,0.173039725565771,0.062589589136903,0.0953949437135604,0.139745104651584,0.173039725565771,0.211422256816654,0.34213135475535
1000,165,"alpha1",0.138929535445914,0.134981648491029,0.0375144140691433,0.0781638664976122,0.112777599159954,0.134981648491029,0.160442994387423,0.222585759959459
1000,165,"beta1",0.674755578423243,0.684760056805593,0.0843309722234625,0.460997038467123,0.632672017359888,0.684760056805593,0.730999628883235,0.79912072994579
1000,166,"alpha0",0.215449699000547,0.210021530331659,0.0743828093879763,0.0960921099724699,0.15723129941245,0.210021530331659,0.262958341536658,0.385667663014072
1000,166,"alpha1",0.1036754486358,0.102243629223888,0.0349273420772816,0.0394023205552551,0.0807109000943675,0.102243629223888,0.124591941748458,0.174864077295315
1000,166,"beta1",0.65026347422267,0.650334074901529,0.102446270743369,0.432437044730351,0.585119556349722,0.650334074901529,0.725635567471513,0.838617338902123
1000,167,"alpha0",0.0969791235793421,0.0805501158646949,0.0615875877220815,0.044314794570314,0.0671429675688961,0.0805501158646949,0.105521280350993,0.27540236931083
1000,167,"alpha1",0.0993369612753618,0.0971522930687984,0.0268635391883252,0.0558535712626611,0.0797724429265223,0.0971522930687984,0.115649597945099,0.15687133716647
1000,167,"beta1",0.819736743074634,0.835115876322082,0.0662916219372298,0.638990690692534,0.804028053164193,0.835115876322082,0.856860988419311,0.887336864971103
1000,168,"alpha0",0.13359746434956,0.123563761662175,0.0525499186983666,0.0713782694104039,0.100984070768213,0.123563761662175,0.155211482292166,0.264582250974034
1000,168,"alpha1",0.0930754351686121,0.0910194242329743,0.0244395699594577,0.0522135951775653,0.0763245182547404,0.0910194242329743,0.107738192378614,0.144629315409752
1000,168,"beta1",0.755443339807968,0.76451127903946,0.0690172562404728,0.595882053813362,0.722943166955976,0.76451127903946,0.800101717397566,0.85171927241749
1000,169,"alpha0",0.372640796253429,0.342052664306528,0.166546330120607,0.0871623475871612,0.243892763206879,0.342052664306528,0.505651446574341,0.71575037555723
1000,169,"alpha1",0.11279436153656,0.110386130071686,0.0424884658998254,0.0375767756693773,0.0828853580113778,0.110386130071686,0.140149498758484,0.197724531308237
1000,169,"beta1",0.491822806537465,0.516798814027761,0.198371305744069,0.102263803201712,0.328587570560988,0.516798814027761,0.648898693009076,0.857206504141543
1000,170,"alpha0",0.0726072787629347,0.0635696895035532,0.0480421888029412,0.0232563399354146,0.0491117374662761,0.0635696895035532,0.0815883611841153,0.188147909773664
1000,170,"alpha1",0.108334406794493,0.105843017156863,0.0293378669248672,0.0594434125255209,0.0889884145430736,0.105843017156863,0.12517388237722,0.168907297997048
1000,170,"beta1",0.824896443478816,0.834491694247521,0.0637629546577006,0.67797354779934,0.807399947347725,0.834491694247521,0.859830048054465,0.902959103728319
1000,171,"alpha0",0.119915855055401,0.107105956475299,0.0653471719248404,0.0598925105544542,0.0898878908468575,0.107105956475299,0.132046689873971,0.237966085072507
1000,171,"alpha1",0.115829021723449,0.114261705162052,0.0274657042513037,0.0689835144521428,0.0974093020033676,0.114261705162052,0.131432873801753,0.174041340218211
1000,171,"beta1",0.77567154213295,0.785541739493406,0.0686805878811698,0.654453748309025,0.756309441388526,0.785541739493406,0.811572558602926,0.85365307595129
1000,172,"alpha0",0.159399423246975,0.140153677434517,0.0786552826874891,0.0624077564152882,0.099133823994724,0.140153677434517,0.198855628878229,0.362209063385443
1000,172,"alpha1",0.14022984524007,0.137658775857931,0.0363497839837143,0.0783110539993381,0.115008837662465,0.137658775857931,0.161385655671176,0.222380110851499
1000,172,"beta1",0.69728233240033,0.716846830694421,0.104159570717443,0.44872241108559,0.643424292804698,0.716846830694421,0.776192873563843,0.843198244146344
1000,173,"alpha0",0.0962879247124906,0.0903589173989763,0.0477663921297245,0.0498320091685455,0.0698228694363878,0.0903589173989763,0.110330584045253,0.166271678251493
1000,173,"alpha1",0.10754048249222,0.105538295462218,0.0305836989667595,0.0586506190645162,0.0866083150498927,0.105538295462218,0.124873141353172,0.169717292852612
1000,173,"beta1",0.798560826586283,0.806263038304767,0.0640185332661948,0.684000952330523,0.773739961823429,0.806263038304767,0.83601669194889,0.879325996927996
1000,174,"alpha0",0.250157236521181,0.210562626623765,0.119287892798558,0.114822860997829,0.165077124637721,0.210562626623765,0.287464503320205,0.531200458311795
1000,174,"alpha1",0.14477368138033,0.141005019654985,0.0391319236792597,0.0813244151925941,0.116278833516048,0.141005019654985,0.168029098958266,0.236125199278112
1000,174,"beta1",0.605111895943407,0.648614682312382,0.144537479974135,0.269102049208526,0.55603823461895,0.648614682312382,0.70812728393548,0.780037945714675
1000,175,"alpha0",0.146935569181874,0.137603261811881,0.062478474867406,0.0638398626432741,0.102375374482277,0.137603261811881,0.179180510524091,0.314911499612253
1000,175,"alpha1",0.0908842962670904,0.087359209035361,0.0287376904958124,0.04335569459492,0.0707446485015,0.087359209035361,0.107793129851734,0.157371239826264
1000,175,"beta1",0.753395312429934,0.761183338174584,0.0812809642500605,0.561823607666696,0.70917571136025,0.761183338174584,0.812858901651707,0.871736546262099
1000,176,"alpha0",0.0909577158707807,0.0757774369476372,0.0552652817281601,0.0386722244974354,0.0582716380098717,0.0757774369476372,0.106847850466272,0.240739126753864
1000,176,"alpha1",0.0607005270637528,0.0582616122316614,0.0247271601268839,0.021973098141857,0.0437810926569444,0.0582616122316614,0.0742376413092982,0.10946753517552
1000,176,"beta1",0.832360462146268,0.850574000796624,0.0729286420265437,0.632651151496875,0.808607968570641,0.850574000796624,0.876256537396139,0.911621836480351
1000,177,"alpha0",0.129165164832632,0.125472631010669,0.0455954491535473,0.0637217457677973,0.0990871665300913,0.125472631010669,0.149548236542198,0.225900459233156
1000,177,"alpha1",0.153409510928424,0.150730435520238,0.0351969997049667,0.0917460143473281,0.128411110447539,0.150730435520238,0.175221712386399,0.23118181710267
1000,177,"beta1",0.698061844798868,0.704093500645411,0.0727089161735102,0.54271213861917,0.658273122631227,0.704093500645411,0.746910134675287,0.81470959282603
1000,178,"alpha0",0.203156509995155,0.192899836073873,0.0875934117062567,0.0775112971788573,0.138761760826609,0.192899836073873,0.250320379064248,0.426704853163809
1000,178,"alpha1",0.0888938777620829,0.0859303893691234,0.0318934201398884,0.0382912124142498,0.0651226895413538,0.0859303893691234,0.109296357301519,0.155698184661164
1000,178,"beta1",0.736049378822762,0.746475351327534,0.0920900726216986,0.507996773879537,0.682546317926666,0.746475351327534,0.802916964818423,0.873282820016618
1000,179,"alpha0",0.155101393310626,0.13933583249541,0.087055816029779,0.0442048020455139,0.105089398298163,0.13933583249541,0.179361269425214,0.471248128372931
1000,179,"alpha1",0.106920320978492,0.105724273984817,0.0299953736198646,0.0531642960506575,0.0863525880385463,0.105724273984817,0.126088336967849,0.16850593174207
1000,179,"beta1",0.730530164849701,0.745157173007283,0.106578019644428,0.37264693016786,0.691469123487518,0.745157173007283,0.79594680727633,0.882862648845417
1000,180,"alpha0",0.100986186919254,0.095502513648082,0.0367944295349645,0.0578341075450618,0.0776801345066669,0.095502513648082,0.113928634953562,0.172840426798466
1000,180,"alpha1",0.118716049594567,0.116547324415274,0.0261539690251638,0.0755085370419505,0.100778186540418,0.116547324415274,0.133147999089048,0.174769378327015
1000,180,"beta1",0.78879697755583,0.796146726067862,0.0483367885133459,0.693875446099032,0.768029265796419,0.796146726067862,0.819058797243646,0.855305811604669
1000,181,"alpha0",0.158974794014191,0.123779751896181,0.129064242405682,0.0294483537779409,0.06180238328804,0.123779751896181,0.20692836555626,0.503860550864848
1000,181,"alpha1",0.0409342573677014,0.0370531280772786,0.0260135386393067,0.00775739524083558,0.0236043836263521,0.0370531280772786,0.0530793622689623,0.0934033897524675
1000,181,"beta1",0.777543638660815,0.82217116228333,0.160558366334764,0.356768434745229,0.713133725357502,0.82217116228333,0.900243403704992,0.950942169583057
1000,182,"alpha0",0.10837586650921,0.0948031128166671,0.062529959703985,0.0477673583739772,0.0726691405383774,0.0948031128166671,0.119202581036226,0.281637750824738
1000,182,"alpha1",0.0823687878775423,0.0784514891804255,0.0261733645872551,0.0431646596141875,0.0643435258217731,0.0784514891804255,0.0957612359714684,0.144063419844064
1000,182,"beta1",0.812427827255959,0.82656978060576,0.0760098269064802,0.6156097833776,0.794799225121176,0.82656978060576,0.856639017272476,0.894977601712569
1000,183,"alpha0",0.112599870759496,0.109176231425267,0.0495198460415975,0.0504026247910944,0.0825312312258618,0.109176231425267,0.132158514975593,0.219618600482445
1000,183,"alpha1",0.133454501450968,0.131870336066439,0.0293345094739443,0.0815457534117497,0.112600215274365,0.131870336066439,0.151270706718845,0.195566938792086
1000,183,"beta1",0.773882016842438,0.779159701239723,0.0569730696871693,0.654533731459968,0.747362155341243,0.779159701239723,0.809558408198261,0.857942571843898
1000,184,"alpha0",0.109358893907117,0.0484196820417993,0.148242275139997,0.0237972158107479,0.0353532111541289,0.0484196820417993,0.0892950132897727,0.564877808792821
1000,184,"alpha1",0.0475672105467492,0.0406755447943551,0.0314394445387586,0.0076866353087912,0.0262346703853961,0.0406755447943551,0.0603444853322026,0.131278498145287
1000,184,"beta1",0.832560757202615,0.905494534928066,0.185239666520133,0.272313159991176,0.845262957095373,0.905494534928066,0.932251828191884,0.958380866658478
1000,185,"alpha0",0.166921128908898,0.144160253516118,0.0832233457414339,0.0542880013149927,0.115788441274992,0.144160253516118,0.19942400710036,0.357913313115914
1000,185,"alpha1",0.0909205767306519,0.0883025746852881,0.0309655256654531,0.0393354607626025,0.0689737189295517,0.0883025746852881,0.109911773438149,0.157618613105498
1000,185,"beta1",0.725693560871518,0.747757685373875,0.105130398338375,0.488012000128467,0.682167253634644,0.747757685373875,0.790065208465887,0.883766493063949
1000,186,"alpha0",0.205704573540042,0.163116558704522,0.122233961072348,0.0760394460591144,0.120325651968014,0.163116558704522,0.257366349168336,0.522165914192223
1000,186,"alpha1",0.0538237051106575,0.0511540600677611,0.0253769695945419,0.0147662905786093,0.0361092398671639,0.0511540600677611,0.067727888282506,0.112594180247398
1000,186,"beta1",0.734258634046996,0.774605478941446,0.129817490904906,0.393482836755088,0.673701217789565,0.774605478941446,0.825836926966735,0.890248598462967
1000,187,"alpha0",0.172924605001044,0.165848373030924,0.0621368225688309,0.0844994426463156,0.128596094605032,0.165848373030924,0.203959537796745,0.305206601513985
1000,187,"alpha1",0.0939956276869357,0.0910487508194137,0.0293836546503134,0.0475675802856434,0.0737291951722769,0.0910487508194137,0.110117364483176,0.160254934728224
1000,187,"beta1",0.724002742472545,0.732778552948452,0.0755298104080704,0.560576840861634,0.680105900164033,0.732778552948452,0.777709979764306,0.84042983338314
1000,188,"alpha0",0.110785457709465,0.0993232846593427,0.0640294579005509,0.0445421400287295,0.0773394555030606,0.0993232846593427,0.128411921298347,0.229327762648631
1000,188,"alpha1",0.104022793152498,0.101537790880066,0.027989284724069,0.0576349399091257,0.0850699173119368,0.101537790880066,0.120285058471052,0.163849428523662
1000,188,"beta1",0.792605825744251,0.804304125433163,0.0719722155088955,0.638985311407978,0.765661840107389,0.804304125433163,0.834067832017019,0.885967624150034
1000,189,"alpha0",0.0870375833890251,0.0794619109445722,0.0428820611237926,0.0425514109529062,0.0635741597746836,0.0794619109445722,0.0960779119608861,0.183603220531478
1000,189,"alpha1",0.137348974859634,0.133933683357982,0.031470912913838,0.086944957589823,0.115588185258455,0.133933683357982,0.155023701284802,0.209158535294304
1000,189,"beta1",0.783831479292603,0.794656361337924,0.0624821161026358,0.626663557209948,0.760758643587176,0.794656361337924,0.820979985894006,0.861985835721042
1000,190,"alpha0",0.0956443698354293,0.0891316481395213,0.0480030646092564,0.0377959596814004,0.0688168665258567,0.0891316481395213,0.112691621033335,0.19118855909206
1000,190,"alpha1",0.133544986070447,0.130992247804001,0.0280422616478509,0.0857305394725326,0.114121517727685,0.130992247804001,0.149991994659389,0.193676582768486
1000,190,"beta1",0.785715747702277,0.791979922245039,0.0594066229210494,0.663042077406952,0.76098073525429,0.791979922245039,0.820525016664418,0.869174142555678
1000,191,"alpha0",0.185197135195264,0.176812429785132,0.0547699610870339,0.100964647295234,0.149079084217457,0.176812429785132,0.21153299631369,0.325091065287601
1000,191,"alpha1",0.165302798269835,0.163803539001242,0.0354890352224294,0.0994106037303289,0.140654116806975,0.163803539001242,0.188063211134478,0.238243967903259
1000,191,"beta1",0.657125655360907,0.664524002727198,0.0704455256938315,0.486599657743619,0.617540516504319,0.664524002727198,0.70514218654093,0.770018842180695
1000,192,"alpha0",0.135016483250071,0.128969818292041,0.0574877536818865,0.0560181739500081,0.0939113265093002,0.128969818292041,0.165384625713469,0.247251764674182
1000,192,"alpha1",0.107310456707249,0.105357283432833,0.0290740920500745,0.0575507182746417,0.0869958922450559,0.105357283432833,0.125014666207647,0.169210515538477
1000,192,"beta1",0.74621171951575,0.755368216456423,0.0774682711739401,0.59147196017187,0.703382406477703,0.755368216456423,0.798486513726215,0.862515168851059
1000,193,"alpha0",0.184831671404033,0.172777629301179,0.0686394934094193,0.0996261149573673,0.144267962125768,0.172777629301179,0.210158610922903,0.379090819487206
1000,193,"alpha1",0.146740003174038,0.144599346248461,0.0326715978018756,0.0902657451153389,0.123835486458435,0.144599346248461,0.166148508630564,0.219468325346895
1000,193,"beta1",0.698090757205671,0.708519139110435,0.0717876643773816,0.527010455876472,0.667234961171794,0.708519139110435,0.743249075881786,0.801279699045911
1000,194,"alpha0",0.175715836657399,0.157453410569398,0.101932381733858,0.0465064884585872,0.116340667329261,0.157453410569398,0.201601541746509,0.49171609474946
1000,194,"alpha1",0.120267842548308,0.117775140421938,0.0355884050294009,0.0615127009658977,0.0945732411876172,0.117775140421938,0.141401013187994,0.200483880090148
1000,194,"beta1",0.712233020180269,0.730576179463018,0.11656555328438,0.370479589307563,0.669619634978198,0.730576179463018,0.781433681738588,0.879645827132882
1000,195,"alpha0",0.324415953058017,0.321178367011664,0.134642644660141,0.0970963993170613,0.212758772326084,0.321178367011664,0.419830200577768,0.596118190636436
1000,195,"alpha1",0.157136124830145,0.153605581189511,0.0422488917423829,0.0854403708039593,0.126169136555212,0.153605581189511,0.182968942031864,0.249769316744122
1000,195,"beta1",0.560484052688489,0.554719577634466,0.143235093176218,0.288093069787875,0.461637709849593,0.554719577634466,0.681330847373218,0.812504169254601
1000,196,"alpha0",0.148195530942625,0.138536632981075,0.0585535944519122,0.0738533968155468,0.107542994923144,0.138536632981075,0.174424895480335,0.296274130943661
1000,196,"alpha1",0.129868515278818,0.127128856054256,0.0333848614684943,0.0726816258925379,0.106619302122907,0.127128856054256,0.150152453314115,0.2036841604287
1000,196,"beta1",0.73161282000871,0.740758984104285,0.0713189543063319,0.571413603320934,0.69530681099325,0.740758984104285,0.779226728838449,0.840558385047582
1000,197,"alpha0",0.0682400658592579,0.0551111640986279,0.0612919223711062,0.0248452632019064,0.0414621189421962,0.0551111640986279,0.0745893946475314,0.211076730474566
1000,197,"alpha1",0.0789662633791174,0.0764416162778092,0.0261428531693632,0.0381396858804566,0.0613102084441877,0.0764416162778092,0.0931043147111198,0.134317362338959
1000,197,"beta1",0.858352735330774,0.87296430476711,0.0726946845586671,0.688348405232852,0.841235628206176,0.87296430476711,0.895663686977113,0.929578918216182
1000,198,"alpha0",0.087448908733675,0.0799726077081064,0.046684797625648,0.0369069061577474,0.0628371289090416,0.0799726077081064,0.1004688380731,0.207846278934346
1000,198,"alpha1",0.116575079554528,0.114066366658068,0.0279023901516877,0.0710919154297737,0.0969848344248718,0.114066366658068,0.132709357772294,0.176495980136219
1000,198,"beta1",0.786530166086574,0.797401236400624,0.0680746301917541,0.62106687621301,0.761893479678466,0.797401236400624,0.825374811022164,0.870427504134704
1000,199,"alpha0",0.185523345278295,0.173191761954633,0.0661925692095569,0.0777809948671174,0.138739536649181,0.173191761954633,0.222612755503183,0.340297440150187
1000,199,"alpha1",0.108877347002226,0.105561676027178,0.0303263612653782,0.0580256113819127,0.0877716990996193,0.105561676027178,0.127625943856589,0.173802549398054
1000,199,"beta1",0.694477485559459,0.705838054310765,0.0823648671976477,0.49996762694644,0.645437887209792,0.705838054310765,0.752085024645589,0.828978421492242
1000,200,"alpha0",0.16783431082133,0.169616233775166,0.0551772445046448,0.077638735898588,0.134923783853096,0.169616233775166,0.19529860651602,0.264270056115996
1000,200,"alpha1",0.151245105924501,0.14926821303453,0.0336440387636694,0.0898676951349512,0.12794441278123,0.14926821303453,0.173008665037133,0.222221781490103
1000,200,"beta1",0.703115660317556,0.699084878982792,0.0668148342391353,0.591950015422705,0.662550203406659,0.699084878982792,0.743729957124553,0.828069611734844
1000,201,"alpha0",0.143613189935087,0.133885212526606,0.0673498005094749,0.0506593290234862,0.093773553924328,0.133885212526606,0.177693722285771,0.3036883229415
1000,201,"alpha1",0.101818021759223,0.0996095554337939,0.0300429524759918,0.0520100112270412,0.0800192375098405,0.0996095554337939,0.120616414618179,0.16421307045198
1000,201,"beta1",0.760293355754018,0.768398906109601,0.0844039910453519,0.565084299810899,0.715333856273083,0.768398906109601,0.824704440221859,0.881324197770063
1000,202,"alpha0",0.115114098671882,0.0990094019898079,0.0702327886487834,0.0385130605879411,0.0713275360978865,0.0990094019898079,0.13569723068043,0.346498649663292
1000,202,"alpha1",0.0926261267026022,0.0883134597390085,0.0326813753046557,0.0423621574253607,0.0697921325738798,0.0883134597390085,0.110342970031849,0.168849343621438
1000,202,"beta1",0.788321453232045,0.80864189532705,0.096015445363785,0.490867760855773,0.752434732039203,0.80864189532705,0.849052310809875,0.9079527656707
1000,203,"alpha0",0.0734934356515212,0.0606401202732569,0.0518404129827438,0.028687874167128,0.0443274330830451,0.0606401202732569,0.0848041429722327,0.206826855567171
1000,203,"alpha1",0.105068905560468,0.101479125878971,0.0309460504465906,0.0553843950503989,0.0828906652499318,0.101479125878971,0.123396617151011,0.173611398954507
1000,203,"beta1",0.819040256917686,0.833945812531076,0.0746855601266778,0.619674861904169,0.796886713987057,0.833945812531076,0.865201256674454,0.905325443262304
1000,204,"alpha0",0.0829014766907824,0.0752807610419385,0.0458551655058595,0.0327477717302684,0.0570016002322427,0.0752807610419385,0.0947960719559986,0.206250667030833
1000,204,"alpha1",0.100306969172304,0.0974404178517115,0.0279321219172119,0.0555182967031876,0.0814953704998871,0.0974404178517115,0.114950150610138,0.159806189096832
1000,204,"beta1",0.819639616160176,0.828399214196688,0.0633352230413148,0.652330061435612,0.796496108666144,0.828399214196688,0.858114283439102,0.901101966013552
1000,205,"alpha0",0.0765830694511467,0.0630961707506161,0.0653476040884333,0.0308112468846631,0.0475530555254772,0.0630961707506161,0.0788396920992454,0.326030251381486
1000,205,"alpha1",0.0752519537298511,0.071759392559567,0.0256947955940766,0.0372656456026912,0.0582963359363091,0.071759392559567,0.0875654494166843,0.135753416100515
1000,205,"beta1",0.854218431195637,0.871472653363876,0.0766680211503863,0.585293701695302,0.84208612854868,0.871472653363876,0.892748843763095,0.923964283708778
1000,206,"alpha0",0.0886912932323415,0.0726959409495485,0.0570992042000036,0.0355148146275917,0.054483167651042,0.0726959409495485,0.101766750570928,0.259176208833646
1000,206,"alpha1",0.109854852022729,0.104516750369783,0.0327197295583696,0.0613778017524325,0.0884632416432966,0.104516750369783,0.125233705909688,0.1919421322232
1000,206,"beta1",0.811049533021965,0.831424422384786,0.0761269005068856,0.584418757344466,0.790577364871326,0.831424422384786,0.858023957609801,0.894008506957453
1000,207,"alpha0",0.124924516823881,0.114110257915498,0.0549425185925774,0.0516564924828634,0.0870389043753435,0.114110257915498,0.149473715861749,0.248030855672155
1000,207,"alpha1",0.0892914837762135,0.0862745146293869,0.0283708423096789,0.0455231700127555,0.0698057524133334,0.0862745146293869,0.104906132447713,0.150201226441754
1000,207,"beta1",0.777781657810877,0.789787038673837,0.0750183983949789,0.611008351123624,0.740822643626917,0.789787038673837,0.828578891591521,0.885426747430793
1000,208,"alpha0",0.104158578429472,0.0924160984643296,0.061689334793124,0.0470345471884608,0.071672399225662,0.0924160984643296,0.115927941068328,0.320071822475282
1000,208,"alpha1",0.12832998527674,0.124438959257503,0.0327052925122316,0.0766969313998561,0.10548921722261,0.124438959257503,0.145377780923282,0.209710298055342
1000,208,"beta1",0.775023509858792,0.789133076983695,0.0785500699774555,0.488981826174058,0.752701583783184,0.789133076983695,0.820011454764508,0.863800367920206
1000,209,"alpha0",0.106453474579127,0.0946218792908487,0.0458083080100258,0.0569056370156952,0.0796236516612841,0.0946218792908487,0.120338306017949,0.214269413212602
1000,209,"alpha1",0.149963865966691,0.146451977374421,0.0333384847291234,0.0954233196760724,0.126627325573099,0.146451977374421,0.169148904572331,0.223823369414007
1000,209,"beta1",0.727935091230612,0.743596329615367,0.0728839604981518,0.548837862095287,0.702153955833812,0.743596329615367,0.772510698994538,0.821367193258936
1000,210,"alpha0",0.158457732225477,0.14784321151774,0.0590198697198941,0.0780654869353063,0.116498490554463,0.14784321151774,0.189136066470355,0.289973507640141
1000,210,"alpha1",0.13557804529664,0.132188010052759,0.0317146366995503,0.082068888840078,0.112764013119068,0.132188010052759,0.155167414898869,0.20442559295618
1000,210,"beta1",0.728175675572397,0.737454769587911,0.0730867058496269,0.565021767786155,0.686193016095133,0.737454769587911,0.780993826721982,0.837566445784886
1000,211,"alpha0",0.271730009969178,0.165902049641682,0.22867165539973,0.0767010849848613,0.120871918062382,0.165902049641682,0.34886368623225,0.868424328059168
1000,211,"alpha1",0.102651773475702,0.09860286743161,0.0347643613756513,0.0465057910344458,0.0776235377845166,0.09860286743161,0.123987460575732,0.17737822082351
1000,211,"beta1",0.638775726927572,0.743703127934305,0.237001344649425,0.0417381676611763,0.536765964721197,0.743703127934305,0.801353080244773,0.867898302583295
1000,212,"alpha0",0.131345811225688,0.107505066462083,0.0799701068146352,0.0455477362313407,0.079972943423874,0.107505066462083,0.153536988904656,0.367226016242985
1000,212,"alpha1",0.095288108938068,0.0911682751952526,0.0308128002405464,0.0472523860427388,0.073676497430776,0.0911682751952526,0.112475202369299,0.16469336494165
1000,212,"beta1",0.783328623451105,0.80931533823592,0.0956310202416167,0.519617817927091,0.745541957837122,0.80931533823592,0.848915714226608,0.896167812927104
1000,213,"alpha0",0.136304981364235,0.0788174827506687,0.145081460116637,0.0475553863626492,0.0648799961621739,0.0788174827506687,0.117362771111411,0.644473667153099
1000,213,"alpha1",0.0937922987517865,0.0883132438439316,0.0299102793132274,0.0526180592216977,0.0735761491556853,0.0883132438439316,0.107681295095539,0.171198914731723
1000,213,"beta1",0.766126643007984,0.829326338540605,0.169855321553036,0.18485432925105,0.776453093664803,0.829326338540605,0.855014391294704,0.88726136105185
1000,214,"alpha0",0.222887755274306,0.172817456739131,0.168117543990043,0.0685167137670422,0.119146072303224,0.172817456739131,0.235084719125583,0.735623198035676
1000,214,"alpha1",0.116224616325803,0.111346347630577,0.0349467333644078,0.063201957226463,0.090871229123659,0.111346347630577,0.136861571635419,0.195696543242294
1000,214,"beta1",0.69099562580781,0.739959542541591,0.169361169000462,0.19107738767502,0.667821952369835,0.739959542541591,0.797271543428272,0.863378671980418
1000,215,"alpha0",0.155429661951718,0.14885101544717,0.0746595612131076,0.0363100902151357,0.0989539124439598,0.14885101544717,0.20258285657145,0.306005819337982
1000,215,"alpha1",0.0977403460898999,0.0960416998429815,0.0330860364035727,0.0401954100190633,0.0738183111100273,0.0960416998429815,0.118130710208316,0.168437679382382
1000,215,"beta1",0.754765570725327,0.756722000549343,0.092130261007304,0.570088566003921,0.691091448224904,0.756722000549343,0.827711870175769,0.910059603974314
1000,216,"alpha0",0.104066094170836,0.0947141369270294,0.04768946613007,0.0533490437308295,0.078586428691916,0.0947141369270294,0.118172408954809,0.188238064230609
1000,216,"alpha1",0.113833277703613,0.111924886993398,0.0292753855711752,0.0660513117244609,0.0940593077753073,0.111924886993398,0.130178540036807,0.170989049145242
1000,216,"beta1",0.789367420906615,0.798772036532603,0.0631890538667936,0.66880165714279,0.765475706914806,0.798772036532603,0.825559284496176,0.86840633800848
1000,217,"alpha0",0.172539654859876,0.134844108002521,0.0986797668359877,0.0675664823301432,0.103794165920651,0.134844108002521,0.217114842698926,0.455968546665373
1000,217,"alpha1",0.0812067728806787,0.0784624774394926,0.0302695516106724,0.0281284943060989,0.0605446419750386,0.0784624774394926,0.100235203069596,0.145083370047565
1000,217,"beta1",0.703271756318198,0.74394100978264,0.134269802401286,0.325555859952171,0.637101787896026,0.74394100978264,0.799041346731222,0.863164314878415
1000,218,"alpha0",0.128894822249817,0.110951784291495,0.0842197645271763,0.0456322228533002,0.0812217479116223,0.110951784291495,0.145323787391147,0.447724058247272
1000,218,"alpha1",0.0881745735435322,0.0845457130700706,0.028133497138094,0.0436147541343248,0.0677851205667244,0.0845457130700706,0.104161855458639,0.151912222456697
1000,218,"beta1",0.788337672512065,0.804322739513538,0.0965713364639271,0.445827482292004,0.761145070074869,0.804322739513538,0.847936689342809,0.899993222632389
1000,219,"alpha0",0.185137298176269,0.130467848014318,0.147184620280071,0.0651982994417705,0.0990993790588998,0.130467848014318,0.196288403556186,0.659559143945254
1000,219,"alpha1",0.0775727149096298,0.0752489652481584,0.0278793036997662,0.0337878232119198,0.0589652281048315,0.0752489652481584,0.0919496989397845,0.13903744251243
1000,219,"beta1",0.719369131195699,0.780366516070442,0.167113737004812,0.208984753082031,0.693428850582726,0.780366516070442,0.822659549895785,0.870939893771188
1000,220,"alpha0",0.0872085720995405,0.077983140786724,0.0443585372837605,0.0434711971427332,0.0615837387281965,0.077983140786724,0.0992831961054904,0.198401520678279
1000,220,"alpha1",0.141113074570176,0.136834705532377,0.035652807415199,0.0851313106617881,0.115386626947597,0.136834705532377,0.161200865106635,0.223680554830404
1000,220,"beta1",0.780861645495592,0.792574845424083,0.0636577171444863,0.630485640358227,0.756756838847732,0.792574845424083,0.820992796174648,0.863597115597923
1000,221,"alpha0",0.136589969906469,0.132434345344459,0.0502096934719029,0.0650033596167694,0.106738464856502,0.132434345344459,0.159211239930429,0.236327109516482
1000,221,"alpha1",0.163601178174569,0.15996968059827,0.0331840011339654,0.108632140183006,0.139611450359449,0.15996968059827,0.184427594205058,0.238270832232519
1000,221,"beta1",0.729903564587048,0.733539715479964,0.0591104795488153,0.611309933866047,0.699673836736052,0.733539715479964,0.767313840951409,0.822890945444909
1000,222,"alpha0",0.0882474355472302,0.0786378593258956,0.050388490799478,0.0445698509877017,0.0630054618704491,0.0786378593258956,0.0992026178165314,0.169526707077444
1000,222,"alpha1",0.129761817547357,0.126885995110182,0.0320141045034609,0.0765766281133187,0.10825359222963,0.126885995110182,0.147199074377205,0.200899418184799
1000,222,"beta1",0.792988569228724,0.803158542869419,0.0659978359234899,0.678895342224929,0.77303080351502,0.803158542869419,0.829699225418753,0.864683866535579
1000,223,"alpha0",0.162096648898847,0.156415854102074,0.0651854220526711,0.0642443535168554,0.108570416781381,0.156415854102074,0.20433393132723,0.296749367945934
1000,223,"alpha1",0.164983740515257,0.162298821013714,0.0393799643359285,0.0960330048761669,0.137506722072792,0.162298821013714,0.188330049220885,0.255139921410147
1000,223,"beta1",0.654683609972324,0.659546293003568,0.0968461985791372,0.45931626706101,0.59250817611082,0.659546293003568,0.728572714174885,0.812657178701121
1000,224,"alpha0",0.110133206572471,0.0968230426663058,0.0719034709361282,0.0504437383021063,0.0751805205143507,0.0968230426663058,0.11826904273598,0.31881531631275
1000,224,"alpha1",0.0934694483170246,0.091561301501815,0.0290733800110863,0.0458309049495957,0.0737274154510161,0.091561301501815,0.110137947235063,0.152049945824276
1000,224,"beta1",0.805389870437925,0.818920356215075,0.0806711637008894,0.572798233032187,0.786363161875363,0.818920356215075,0.847397856138609,0.889838680073275
1000,225,"alpha0",0.142509153794177,0.137799978394094,0.0423380970671142,0.0805940479416565,0.111823648670586,0.137799978394094,0.167125693265474,0.231699095543734
1000,225,"alpha1",0.163024110100975,0.159213568025039,0.0386072334982627,0.100751546492333,0.134949944824339,0.159213568025039,0.187177105064314,0.247043795887516
1000,225,"beta1",0.677955774787958,0.683278699406577,0.0707882575686711,0.5348186932313,0.634059157434943,0.683278699406577,0.730825462070353,0.793103152060939
1000,226,"alpha0",0.118601333470639,0.103235323497506,0.0646691389745642,0.0512768440508352,0.0795043268912904,0.103235323497506,0.136283745653822,0.336554943203279
1000,226,"alpha1",0.143723801653304,0.139648386525355,0.0407346572221837,0.0791293859075968,0.113951199784167,0.139648386525355,0.168342202144705,0.23522376105041
1000,226,"beta1",0.73119025073132,0.751616584790915,0.0963001704430462,0.414822985164717,0.70059336248278,0.751616584790915,0.791180629613774,0.852610898968747
1000,227,"alpha0",0.0534634900695121,0.0436581117520091,0.0516088554814914,0.0217153947867393,0.0335836010535762,0.0436581117520091,0.0567460100867899,0.145779632062174
1000,227,"alpha1",0.0568371102749389,0.0548347078714233,0.0203425406278045,0.0239252000659655,0.0435827222598822,0.0548347078714233,0.0675079961167049,0.103181796431919
1000,227,"beta1",0.890900482543878,0.902502471527514,0.0634065853611179,0.765048030268349,0.88148520476927,0.902502471527514,0.920086767494239,0.946072643519894
1000,228,"alpha0",0.123950161810557,0.116355857360285,0.049633311658012,0.0598311936706277,0.0924311650444547,0.116355857360285,0.145111473999061,0.233975716549034
1000,228,"alpha1",0.146737530746048,0.144557776148602,0.0334475673290246,0.088501505907988,0.12260889260487,0.144557776148602,0.167962320805492,0.218018682154787
1000,228,"beta1",0.743721868558759,0.750758554957653,0.0639420407157661,0.603298067652525,0.712662640197443,0.750758554957653,0.78538635546096,0.842845233084572
1000,229,"alpha0",0.0909174682323051,0.0730900698320788,0.0704958047456476,0.0363599348759741,0.0553034266995903,0.0730900698320788,0.10330585344292,0.277062490095326
1000,229,"alpha1",0.0884785933751179,0.0861715402136505,0.026332751247456,0.0450818585519015,0.0709969580546936,0.0861715402136505,0.103740427617073,0.143950868094981
1000,229,"beta1",0.826162925110271,0.844235864722747,0.0783970578623147,0.636282206863159,0.805066385622297,0.844235864722747,0.869820222647045,0.905853834155495
1000,230,"alpha0",0.145932078946158,0.122586317188747,0.0812052304793503,0.065940223941061,0.0962810782458734,0.122586317188747,0.167587600669094,0.413724426357754
1000,230,"alpha1",0.119066013174612,0.116060051552241,0.0345782662987324,0.0614197675714394,0.0947049799046907,0.116060051552241,0.139074355252076,0.197351095905464
1000,230,"beta1",0.72440327917758,0.748240440565765,0.10753441743732,0.391927439038226,0.689970642248396,0.748240440565765,0.794286479902017,0.848854871807728
1000,231,"alpha0",0.135210341820523,0.123588354049448,0.0603067855714663,0.0550236399435495,0.0924498687835757,0.123588354049448,0.167374724504398,0.267730290078411
1000,231,"alpha1",0.15153746895058,0.147791760927792,0.0394681585407661,0.0856122033483925,0.124482580827931,0.147791760927792,0.174853725270237,0.24089126043823
1000,231,"beta1",0.716435690721291,0.729352913053964,0.0869400146539075,0.517294999404514,0.666388588878701,0.729352913053964,0.777438200980254,0.850000113102698
1000,232,"alpha0",0.212473957659532,0.186655739356721,0.101436311590516,0.0841648990752125,0.136416667143793,0.186655739356721,0.267341145240288,0.456612238747579
1000,232,"alpha1",0.169625817776664,0.162067806191221,0.0519412838493301,0.0882906306576561,0.132177261012328,0.162067806191221,0.200854722774994,0.286489527754191
1000,232,"beta1",0.586255405293496,0.61842994165186,0.15391849289012,0.241638600363472,0.493971536063013,0.61842994165186,0.705252641600122,0.796635871539371
1000,233,"alpha0",0.0896852040103145,0.0807270667567935,0.049766649775743,0.0420285817557832,0.0655121430846212,0.0807270667567935,0.0993315215493112,0.23006661583199
1000,233,"alpha1",0.0948901336174368,0.0919733241452275,0.0256018271239261,0.0550681093731506,0.07667783671629,0.0919733241452275,0.109237100661257,0.151898333340808
1000,233,"beta1",0.811849455246728,0.823874808695066,0.0672016227202998,0.641357184407774,0.793559983521485,0.823874808695066,0.849177367456277,0.88662593960089
1000,234,"alpha0",0.238688867293512,0.218346984627755,0.0997157896278255,0.108477590967913,0.175131603087984,0.218346984627755,0.275292672595557,0.52502106546712
1000,234,"alpha1",0.131575920015083,0.128258817531802,0.0372983650033394,0.0697452445160328,0.104737464646999,0.128258817531802,0.153426702614109,0.216874483909508
1000,234,"beta1",0.612057897303846,0.631777685431807,0.126104703689635,0.270262027270622,0.563059143196937,0.631777685431807,0.697588014371642,0.799236148249252
1000,235,"alpha0",0.11033452302101,0.0912304697607969,0.0830524743914749,0.0504551172696643,0.0733473642073417,0.0912304697607969,0.114714886057459,0.452655869562756
1000,235,"alpha1",0.0769223557588306,0.0745634402355038,0.0253211011216901,0.0386203253425435,0.0606292873518657,0.0745634402355038,0.0891937859649152,0.133081253139927
1000,235,"beta1",0.798324499994923,0.821020641661781,0.104656574872291,0.374977607326647,0.787821470100095,0.821020641661781,0.849188777773197,0.887045045692539
1000,236,"alpha0",0.102492865361919,0.0832196988030788,0.0754285580902308,0.0355588907256204,0.0650232337472294,0.0832196988030788,0.108846870389577,0.341683342512945
1000,236,"alpha1",0.0692833994584765,0.0661953997908439,0.0283456552277371,0.0260536990109452,0.0501250162919016,0.0661953997908439,0.0842428642984608,0.133904634514026
1000,236,"beta1",0.803977177120566,0.827378629468636,0.107358699730534,0.469245623506559,0.787228558144492,0.827378629468636,0.860972784422774,0.918065015867493
1000,237,"alpha0",0.0418868436102138,0.0322349393835255,0.0493865829111453,0.0160806790371804,0.0248418688076013,0.0322349393835255,0.0407127295144288,0.161997492243739
1000,237,"alpha1",0.0720457089600541,0.0694103270227454,0.0210920104381595,0.0406175005591809,0.0586392020746293,0.0694103270227454,0.0816837438720198,0.12031777912852
1000,237,"beta1",0.885957603162963,0.898469778054598,0.0653407717464724,0.744100032645042,0.882857536752453,0.898469778054598,0.911639969778694,0.931784275872284
1000,238,"alpha0",0.106388257712025,0.0942478641166823,0.0537860248416988,0.0505701639767212,0.0766690025605887,0.0942478641166823,0.121945742090874,0.265324860591363
1000,238,"alpha1",0.119506913432325,0.11530362326087,0.0305628848682153,0.0704673122331385,0.098365409528567,0.11530362326087,0.136049466873206,0.190775478707564
1000,238,"beta1",0.772419284413275,0.784386664277388,0.0711670545575076,0.566752457226235,0.747378203834101,0.784386664277388,0.814921130344476,0.860799283184924
1000,239,"alpha0",0.115198256614762,0.108190359998372,0.0454808964848754,0.0601740836838614,0.0854189898821797,0.108190359998372,0.134500567307192,0.208563138861127
1000,239,"alpha1",0.128583914004052,0.126910653161202,0.0297366305152191,0.0775021305755282,0.107610024838808,0.126910653161202,0.147120745757338,0.194177866170548
1000,239,"beta1",0.757241684530454,0.76317398638822,0.0620669709281845,0.627441265491732,0.728294244095756,0.76317398638822,0.798120552102336,0.845062150362962
1000,240,"alpha0",0.118592358676332,0.108257102836434,0.0488984172130861,0.0513410088035749,0.0864650372152698,0.108257102836434,0.139395120974081,0.2387555075045
1000,240,"alpha1",0.103824481046755,0.101907614878248,0.0286454565794694,0.0555567936654561,0.0835228928507354,0.101907614878248,0.120593007088126,0.165980741756858
1000,240,"beta1",0.767615610399928,0.778537872535107,0.069432641954511,0.614463602938615,0.731472763749023,0.778537872535107,0.814633209217695,0.874296847300542
1000,241,"alpha0",0.183989414999731,0.173758249870938,0.0615216103068452,0.0976122813749494,0.137578359798981,0.173758249870938,0.218387090913677,0.332108942344483
1000,241,"alpha1",0.151295111773921,0.149069836898671,0.0356507024576494,0.0895434615540618,0.12699031515713,0.149069836898671,0.172288720850212,0.228266087847443
1000,241,"beta1",0.694015923900816,0.700968550924144,0.0731887874739335,0.532686707303889,0.647450469926341,0.700968550924144,0.750257769931055,0.808313580716842
1000,242,"alpha0",0.110835150178858,0.100340456484706,0.0602750676105049,0.055421725595372,0.0830948880762721,0.100340456484706,0.121495387066381,0.203798836993525
1000,242,"alpha1",0.119237173979541,0.117098492097365,0.02617880512678,0.0754467488473047,0.101103110350096,0.117098492097365,0.134998972627897,0.176276979922164
1000,242,"beta1",0.784817888799724,0.795507636401799,0.0668680007586325,0.645247698201131,0.767002454139172,0.795507636401799,0.819124637910801,0.86105116993693
1000,243,"alpha0",0.161115521033902,0.145750083258979,0.0718425501901623,0.0720339418721658,0.119978157700531,0.145750083258979,0.178043460713272,0.400404056201234
1000,243,"alpha1",0.131083961615361,0.12668093573606,0.03432465123329,0.0757161186439244,0.106945885829653,0.12668093573606,0.151588573657209,0.208720882870572
1000,243,"beta1",0.699633368550308,0.717067805001715,0.0949275308861447,0.396206997894058,0.67027118754074,0.717067805001715,0.758275177821252,0.832994201938926
1000,244,"alpha0",0.155526935292038,0.14626375716759,0.0546022460662501,0.0783503008225651,0.119032332315781,0.14626375716759,0.181781102175932,0.282182570957894
1000,244,"alpha1",0.180280374004052,0.176852990651229,0.0396654935424951,0.11299849736868,0.153216677714239,0.176852990651229,0.203171933791101,0.268099153965337
1000,244,"beta1",0.663616372160571,0.67482219282829,0.0797817420745234,0.484710215772355,0.622549276068687,0.67482219282829,0.716668843551148,0.789773536275633
1000,245,"alpha0",0.104135063450839,0.0927437090423848,0.0516760555072606,0.0534839835060982,0.0762003285989274,0.0927437090423848,0.117251824378835,0.201719830420424
1000,245,"alpha1",0.121027850631697,0.118204872250007,0.0306186736538067,0.0697140236700802,0.0994491022798832,0.118204872250007,0.139987164102572,0.18930427718927
1000,245,"beta1",0.76504787434325,0.77814640434727,0.0690520262718419,0.642077709601377,0.7377274904029,0.77814640434727,0.804429627960154,0.851286220899829
1000,246,"alpha0",0.0810202431169162,0.0720519556663408,0.0528035881269159,0.025292652617622,0.0570976399644387,0.0720519556663408,0.0902527676771204,0.301720167167904
1000,246,"alpha1",0.0949103994676355,0.0934155713509918,0.0241967739507233,0.0523581408289951,0.0784381941171462,0.0934155713509918,0.108986916493082,0.148071980493514
1000,246,"beta1",0.826840759321321,0.835846807477427,0.0638227848879575,0.601636559218999,0.808956377925528,0.835846807477427,0.861206415596303,0.903326542573356
1000,247,"alpha0",0.122719494813445,0.106079166100555,0.0613258377510778,0.0530755577061733,0.0848062067554008,0.106079166100555,0.14103268465826,0.309126271715013
1000,247,"alpha1",0.118007636522202,0.114379355875502,0.0316283643746172,0.0670411691131973,0.0954432206009761,0.114379355875502,0.13598048668218,0.188437343856617
1000,247,"beta1",0.761904533647628,0.781355976175435,0.0788527016566056,0.543738087725612,0.731097932519488,0.781355976175435,0.812539437906828,0.861288645688567
1000,248,"alpha0",0.18138278892655,0.176364071197212,0.0521224504882832,0.0919683215500565,0.145810370485616,0.176364071197212,0.213715737412265,0.292451726317782
1000,248,"alpha1",0.141492424589527,0.139342063146137,0.0365563614271264,0.0764576483556285,0.115459755841466,0.139342063146137,0.164966462025941,0.2165121718704
1000,248,"beta1",0.681245730429849,0.686314874350903,0.067259612980867,0.554134507748244,0.636697801237893,0.686314874350903,0.728904793156935,0.799014134398553
1000,249,"alpha0",0.0990433601543418,0.090386419747941,0.0463817557240544,0.0524913112773457,0.0740903061368494,0.090386419747941,0.112857935965467,0.18734317736917
1000,249,"alpha1",0.139531119731032,0.136191034875418,0.0332394040364488,0.0876706273399788,0.117052038894139,0.136191034875418,0.156391651284114,0.21273613580724
1000,249,"beta1",0.772082068998234,0.780237542810815,0.063043214533974,0.63774423237519,0.749910627333577,0.780237542810815,0.808515615890024,0.848904068195187
1000,250,"alpha0",0.114602368626388,0.0965064077228112,0.0695869056289021,0.0584351627857326,0.0804431306240565,0.0965064077228112,0.12310447376174,0.370673803446753
1000,250,"alpha1",0.115701148679977,0.110508432863452,0.0336872072254473,0.0690876550589771,0.0940794134093839,0.110508432863452,0.129811976604475,0.196868500112993
1000,250,"beta1",0.792701378654559,0.81022027548802,0.0790991044479506,0.498992789164648,0.776637275617192,0.81022027548802,0.83499332476461,0.870813425952762
1000,251,"alpha0",0.146145472321763,0.137611678348626,0.0518829952746832,0.0822575436585445,0.112475975602695,0.137611678348626,0.167887260370438,0.248064893939242
1000,251,"alpha1",0.123094542462958,0.12034045374815,0.0302115020513511,0.0739823389487395,0.103259895627839,0.12034045374815,0.138448991438573,0.18668356635932
1000,251,"beta1",0.742745780456709,0.752218542677523,0.0649139638922572,0.601092790361387,0.713217886923657,0.752218542677523,0.783664150747188,0.835785021217653
1000,252,"alpha0",0.0710110765102888,0.061323720875916,0.0465879445471993,0.034975896198604,0.0491209281354803,0.061323720875916,0.0776823528633683,0.153252319761423
1000,252,"alpha1",0.0947368739264948,0.0926087436336993,0.0244582724283682,0.0547831060288849,0.0779882674078994,0.0926087436336993,0.108158010254815,0.148117589395724
1000,252,"beta1",0.833106995935141,0.845274762666529,0.0622271767196641,0.718384603139837,0.816143103239469,0.845274762666529,0.86630351661169,0.898672281583347
1000,253,"alpha0",0.0971197542211997,0.081639916145841,0.0558409135270591,0.0396670750565497,0.0633154281356476,0.081639916145841,0.115855006318849,0.25038179442865
1000,253,"alpha1",0.103984495138537,0.100994740771183,0.0286337796643728,0.0604343219123209,0.0849619752480054,0.100994740771183,0.117598488607132,0.172672770615546
1000,253,"beta1",0.800744491340964,0.818902202187958,0.0761133649526542,0.601201435018117,0.77420164236125,0.818902202187958,0.847988885581309,0.888012845292899
1000,254,"alpha0",0.06009531355791,0.0463374313658226,0.0600147561710275,0.0209644682841661,0.034025331585788,0.0463374313658226,0.0603435691133378,0.276116505767418
1000,254,"alpha1",0.0841898691415108,0.0800039754549356,0.0257553336312966,0.0478241183919718,0.0670459639002729,0.0800039754549356,0.0961399993169629,0.150481066707308
1000,254,"beta1",0.858105414976644,0.875240375193483,0.0766582735029332,0.580646933531439,0.853061976156847,0.875240375193483,0.893118652167897,0.921326899655439
1000,255,"alpha0",0.191314970169056,0.188692168959048,0.0685681213918793,0.0872917151224922,0.143723100796643,0.188692168959048,0.226000268364019,0.336818217301968
1000,255,"alpha1",0.184805278186956,0.181918356354923,0.0412069792243899,0.111926172020116,0.156200439395352,0.181918356354923,0.210274892132824,0.274796845057238
1000,255,"beta1",0.638515931438427,0.641810979860836,0.0897571168916812,0.44882141633057,0.588364269617078,0.641810979860836,0.700011194752773,0.78831651253912
1000,256,"alpha0",0.0930181624612141,0.084006686249739,0.055571946865585,0.0391211987090954,0.0654327235663794,0.084006686249739,0.105210473132816,0.249393112879073
1000,256,"alpha1",0.118364950093551,0.114872655478895,0.0312945743300006,0.0684181536285858,0.0980857905416487,0.114872655478895,0.134213200555904,0.18812347252086
1000,256,"beta1",0.783189529130784,0.795094027244385,0.0793676779977669,0.555799655885713,0.763526541540163,0.795094027244385,0.826477971673678,0.874149625644249
1000,257,"alpha0",0.128130082929373,0.11690420504756,0.0565844789752305,0.0556111638873428,0.0922838977430617,0.11690420504756,0.148013661032913,0.268833858726437
1000,257,"alpha1",0.106150713434378,0.103333990791351,0.0276378929099981,0.0600190370802813,0.0862897354198563,0.103333990791351,0.123120872372075,0.167982125164041
1000,257,"beta1",0.758854304666002,0.771134114216909,0.0725452029835138,0.587247700371507,0.728914238562792,0.771134114216909,0.805855841420998,0.85979176380044
1000,258,"alpha0",0.165796573122085,0.153840866291277,0.0670881737410676,0.0645358004773183,0.124440300995081,0.153840866291277,0.194314391280169,0.349716244748423
1000,258,"alpha1",0.127391800784924,0.125789109335223,0.0332941955243617,0.0697879190357273,0.103541762971005,0.125789109335223,0.148392695294242,0.19545756870551
1000,258,"beta1",0.728293292950469,0.737239335409088,0.0777264640437654,0.533014071586927,0.690193206035979,0.737239335409088,0.778110574502897,0.855781482464496
1000,259,"alpha0",0.0823182408032144,0.0759250515318296,0.0425098149788539,0.0375204822099629,0.0581760487142022,0.0759250515318296,0.0959187221699364,0.154853682968848
1000,259,"alpha1",0.109241829839302,0.10628660287817,0.0280305174769042,0.0663608138733492,0.0906643468197885,0.10628660287817,0.123781001210896,0.174454964935957
1000,259,"beta1",0.807965639744593,0.8157492175929,0.0594457948500295,0.700685907691339,0.787374814693311,0.8157492175929,0.842348484593921,0.881862200678546
1000,260,"alpha0",0.0815374484115921,0.0758961469146243,0.038602136169321,0.0348490219989365,0.0602243775748138,0.0758961469146243,0.0958626590007884,0.14029827462395
1000,260,"alpha1",0.130258342337413,0.127633386130351,0.0281071542740255,0.0851472288638397,0.110664380409303,0.127633386130351,0.14591020468634,0.195374608863939
1000,260,"beta1",0.806170144589922,0.81284761485355,0.0500393316138975,0.71962240329906,0.78285400413434,0.81284761485355,0.837092571413592,0.873789786715928
1000,261,"alpha0",0.194010508922039,0.182941251057799,0.0691165853973692,0.0966077345052077,0.143979621960241,0.182941251057799,0.232663602410765,0.359225847566855
1000,261,"alpha1",0.15565289173067,0.153610563419624,0.0377696244955096,0.0900956339395216,0.128255380073081,0.153610563419624,0.179218234086367,0.239306035600699
1000,261,"beta1",0.637317066071916,0.649380985641902,0.0918912337243912,0.409880586988679,0.583647062740159,0.649380985641902,0.703503442017131,0.776177182017456
1000,262,"alpha0",0.0825871694918531,0.0702379786658666,0.0545660494689391,0.0355563757345041,0.0537726684826637,0.0702379786658666,0.0909691252280102,0.225421995546318
1000,262,"alpha1",0.115467323452953,0.112752876052493,0.0309478576675489,0.0656187814677259,0.0936260589945726,0.112752876052493,0.132861077785337,0.187077365492653
1000,262,"beta1",0.802819011816104,0.818553386046316,0.0763446715012138,0.606495883024457,0.784754936308891,0.818553386046316,0.846952390571237,0.882906877792723
1000,263,"alpha0",0.610654762423714,0.641053340829984,0.134035495284295,0.353033471328512,0.491234825730959,0.641053340829984,0.71853677261941,0.81064665436393
1000,263,"alpha1",0.0988320151104787,0.0960457531542468,0.0406804660415038,0.0234217281333629,0.0699649180168248,0.0960457531542468,0.124231497387455,0.186165517271407
1000,263,"beta1",0.215520354851751,0.171975343962589,0.155072081380211,0.00820728612451245,0.0903411740642102,0.171975343962589,0.350294913485768,0.527350919118546
1000,264,"alpha0",0.139562445619527,0.123254551293293,0.0700858906057987,0.0421215882973667,0.0924734242876856,0.123254551293293,0.173134062705419,0.315188507631191
1000,264,"alpha1",0.104441808664773,0.100542052958114,0.0325365680789696,0.0535355228106023,0.0819776590762823,0.100542052958114,0.122706478993041,0.178440529274095
1000,264,"beta1",0.764101707342395,0.784144836332044,0.0871812079629182,0.553504697779752,0.717076973343016,0.784144836332044,0.824488146919801,0.889444480909716
1000,265,"alpha0",0.169560423129361,0.163902147166765,0.0687611009672478,0.0652769745842418,0.119698392407859,0.163902147166765,0.20997442382766,0.33299357963406
1000,265,"alpha1",0.0905693669820749,0.0877860174056423,0.0326218043440506,0.0371207549731528,0.068471187270128,0.0877860174056423,0.109182049567342,0.155809011032951
1000,265,"beta1",0.720482455309976,0.723437893432136,0.0944064275759124,0.507951745703505,0.663473938160322,0.723437893432136,0.789859083979964,0.880018275716877
1000,266,"alpha0",0.0836460793537869,0.0708267043192441,0.0582583276380507,0.0375895249551939,0.0554777692753627,0.0708267043192441,0.0909700794391477,0.242619701917908
1000,266,"alpha1",0.108660578464673,0.105781567818923,0.0272669470799595,0.0625626933392587,0.0894208186206245,0.105781567818923,0.125553855016906,0.165986849370688
1000,266,"beta1",0.810204459123396,0.825232125886933,0.0734222552145961,0.596954072262747,0.793046563954756,0.825232125886933,0.849253409148344,0.883807075489201
1000,267,"alpha0",0.0966909955071513,0.0840928583682628,0.049438784981574,0.0429953488128625,0.0645224725695744,0.0840928583682628,0.115162029268719,0.201593159030129
1000,267,"alpha1",0.0903914161512757,0.087340493457301,0.0265548923596482,0.0477425775275925,0.0727387893541808,0.087340493457301,0.105074244157999,0.146913407760433
1000,267,"beta1",0.813868051527551,0.826460008886423,0.0639436752388797,0.686469977303768,0.789241175185866,0.826460008886423,0.854453186586316,0.895069640560973
1000,268,"alpha0",0.115554779859439,0.0985329257414285,0.0644243477039788,0.0495425627963823,0.0730758888347497,0.0985329257414285,0.141641575466433,0.254355943786246
1000,268,"alpha1",0.069078886794615,0.0663289457746154,0.0244805379104456,0.0306463364603858,0.0523660808813968,0.0663289457746154,0.0826098809626956,0.119747789930044
1000,268,"beta1",0.798001530233796,0.814882335739471,0.0879850166353858,0.628513034526739,0.760699754236826,0.814882335739471,0.856012619414376,0.89840554510881
1000,269,"alpha0",0.0935877581673667,0.0856091844040819,0.0427390882375932,0.0486484537435301,0.0690672325011282,0.0856091844040819,0.106606276865257,0.19097209020923
1000,269,"alpha1",0.133139758811586,0.131317427658204,0.0288174505626686,0.0820263297099535,0.113278253173001,0.131317427658204,0.15109172367624,0.193403170688466
1000,269,"beta1",0.778025042701887,0.785471896503718,0.056564522379632,0.658335540633105,0.75355404322337,0.785471896503718,0.813206119517926,0.85426017590647
1000,270,"alpha0",0.0988189831713791,0.0874392521841364,0.0554559972887258,0.0357878289580412,0.0656941075364681,0.0874392521841364,0.116331140080273,0.212338281022592
1000,270,"alpha1",0.100446906349464,0.0972729203206611,0.0265693989169417,0.0587831223211043,0.081750629607998,0.0972729203206611,0.115866974631121,0.156405258671795
1000,270,"beta1",0.803221614074184,0.817095513531175,0.0724463090824268,0.659382116222522,0.770575676111372,0.817095513531175,0.851210426825483,0.894033792881403
1000,271,"alpha0",0.143528841064148,0.126538737848967,0.0776469290130849,0.0500355853977662,0.097284858605081,0.126538737848967,0.165422708048205,0.363502876826653
1000,271,"alpha1",0.0854926706073175,0.0825772140729438,0.0276127601362077,0.0397875045532243,0.0655996278931651,0.0825772140729438,0.101912619186637,0.146576210644989
1000,271,"beta1",0.776347689163572,0.793943877300473,0.0883410758588199,0.496533390338895,0.746334493719188,0.793943877300473,0.830646838785285,0.891061548979755
1000,272,"alpha0",0.111474926537744,0.105804011534504,0.0475303934412341,0.0530115806762608,0.088344366244595,0.105804011534504,0.125156831879128,0.178352804156388
1000,272,"alpha1",0.154715121013321,0.1524225579257,0.029441523744128,0.103929690227867,0.134519726767906,0.1524225579257,0.172188881414245,0.219139174346649
1000,272,"beta1",0.745982223566974,0.751718014044374,0.0583549370637686,0.649649959378531,0.72440755773153,0.751718014044374,0.778422991786217,0.826183296221439
1000,273,"alpha0",0.114185290525318,0.103881867246662,0.0644104474787231,0.0480227914386362,0.0798320153171098,0.103881867246662,0.130165971631009,0.235280562912898
1000,273,"alpha1",0.111736550334582,0.108559146268646,0.0323901107220883,0.0606780658819597,0.0887724350346001,0.108559146268646,0.129397280362153,0.185518499150501
1000,273,"beta1",0.758442038680479,0.771372883612833,0.0924974231952682,0.588982278558259,0.727608972742288,0.771372883612833,0.810727423166979,0.868311989618357
1000,274,"alpha0",0.137488413048029,0.125245970686126,0.0632602003125633,0.0534349132000192,0.0957854236535463,0.125245970686126,0.16462017602649,0.315644329373473
1000,274,"alpha1",0.123954714980933,0.121109635838354,0.0367205989987204,0.0624408602470952,0.0976712497449201,0.121109635838354,0.14697750369081,0.203262138808468
1000,274,"beta1",0.726656234903928,0.73920286970191,0.0931630409249994,0.458463751410591,0.679435760413082,0.73920286970191,0.790524808281598,0.867855298176123
1000,275,"alpha0",0.170204754911714,0.163616555069285,0.064043778435123,0.0815802570135516,0.121425135363089,0.163616555069285,0.202269238042486,0.341677685122909
1000,275,"alpha1",0.167085172553479,0.164360556294669,0.0403746124180709,0.0969571598774085,0.138633439792809,0.164360556294669,0.191095697251584,0.256379640859254
1000,275,"beta1",0.644656655308797,0.653620278163761,0.0959220930414649,0.399366752733805,0.591367659639289,0.653620278163761,0.714615016523592,0.790044381721459
1000,276,"alpha0",0.136776547353561,0.123615628812564,0.0741670258529976,0.060429050289836,0.0921982513657466,0.123615628812564,0.155692149680415,0.404716805631634
1000,276,"alpha1",0.115565794468387,0.11307857811409,0.0303711646288677,0.06195608933071,0.0941034844479418,0.11307857811409,0.135134250676044,0.180108895547757
1000,276,"beta1",0.758312302302688,0.772673009299077,0.0867344840675658,0.48681254686347,0.722055712940191,0.772673009299077,0.814098692415589,0.870038881301476
1000,277,"alpha0",0.0929640284193737,0.0865117496129141,0.0416374614120833,0.0473623435280315,0.0698892494185251,0.0865117496129141,0.104863194026992,0.168913660777617
1000,277,"alpha1",0.103870594546865,0.101443974533101,0.0270984516164039,0.0569321935811887,0.085228557124185,0.101443974533101,0.120244274899166,0.160766014047231
1000,277,"beta1",0.796363270233175,0.803743840206017,0.0582842929470339,0.694831354471273,0.771877266814708,0.803743840206017,0.831166874865791,0.876785610666162
1000,278,"alpha0",0.209642153126572,0.197649699407651,0.0727678617320957,0.100048179492704,0.154162032453624,0.197649699407651,0.258001373190179,0.376732477913626
1000,278,"alpha1",0.168432873271721,0.163329216452465,0.0429340881644294,0.0968501230347311,0.138067239791648,0.163329216452465,0.19537535749831,0.263146429798132
1000,278,"beta1",0.612590203780034,0.624957162556934,0.101264682355532,0.39789853406632,0.547179099182429,0.624957162556934,0.689686542724798,0.770594986750075
1000,279,"alpha0",0.291504189770038,0.28963553755068,0.0691123830729293,0.159888358049082,0.245846199470291,0.28963553755068,0.333658301203703,0.448176474139827
1000,279,"alpha1",0.193230621713142,0.191109735032288,0.0417438109809871,0.11685651499721,0.163396609328197,0.191109735032288,0.222070864131208,0.27664648615985
1000,279,"beta1",0.497059949822661,0.492594068929617,0.0893412785501002,0.298052060619603,0.440918626016766,0.492594068929617,0.558910849679091,0.667478614587716
1000,280,"alpha0",0.0925925177885146,0.0893526759254258,0.0445811316624288,0.0348493429148664,0.0705706386312683,0.0893526759254258,0.105148007553431,0.176197104147078
1000,280,"alpha1",0.156907075929075,0.15398001152831,0.0375702251733684,0.0929101043883236,0.12961783271064,0.15398001152831,0.179953030071956,0.236916108116231
1000,280,"beta1",0.756273722684932,0.761527041474754,0.0628107343514408,0.623750094167821,0.726060327285729,0.761527041474754,0.794753979619808,0.855707737543637
1000,281,"alpha0",0.210319678112495,0.176672685610774,0.112997750708734,0.0798984811081601,0.122452576354528,0.176672685610774,0.265595842216118,0.489613902528635
1000,281,"alpha1",0.0982370496137648,0.0926904537708961,0.0385099353098725,0.037919150392944,0.0708661941988641,0.0926904537708961,0.121261836381231,0.184751191264569
1000,281,"beta1",0.686572763899672,0.720481803614203,0.137805325934038,0.348085929126264,0.611795831198712,0.720481803614203,0.790214205585867,0.861986722608164
1000,282,"alpha0",0.163123159121417,0.15379517476068,0.0584682380327588,0.0851770644755793,0.125633099377143,0.15379517476068,0.190391858169856,0.310031174292637
1000,282,"alpha1",0.0999135802300293,0.0971438353079825,0.0274318609720238,0.0545139311367255,0.0807017926230119,0.0971438353079825,0.116930161762141,0.16014026155056
1000,282,"beta1",0.756367720630321,0.762237981927062,0.0649726715755998,0.60791950881391,0.724489279826955,0.762237981927062,0.800256258019543,0.852847605516927
1000,283,"alpha0",0.146367869445469,0.131322122120614,0.0671057020624406,0.047882431227428,0.0999277844223385,0.131322122120614,0.18756810795181,0.300229970636122
1000,283,"alpha1",0.125155078980141,0.122543877538542,0.0341992251480834,0.0655165935606947,0.100483984325224,0.122543877538542,0.147103891325636,0.194715656154524
1000,283,"beta1",0.729242159074806,0.7433685389449,0.0872305105183617,0.543767597421114,0.672396929480606,0.7433685389449,0.789803484213989,0.875516756743445
1000,284,"alpha0",0.0977451909241919,0.0901916030829101,0.0404301748505941,0.0482793352327785,0.0757491829716374,0.0901916030829101,0.108504235807806,0.185604190184586
1000,284,"alpha1",0.144001895899644,0.143187459644945,0.0287989463785212,0.0932610698798514,0.123518238381122,0.143187459644945,0.162954470472274,0.202832156028205
1000,284,"beta1",0.755981749528307,0.765570580661461,0.0574794615050379,0.625037701073203,0.732320791944068,0.765570580661461,0.791064976801609,0.837357222913439
1000,285,"alpha0",0.138796804370633,0.130820957537328,0.0545576747082176,0.0707307183005392,0.101870313390926,0.130820957537328,0.159812783865627,0.287275138889449
1000,285,"alpha1",0.116728244330554,0.114189245024361,0.029479673043725,0.0677672897551127,0.0954987068128554,0.114189245024361,0.134592716530104,0.184265808023637
1000,285,"beta1",0.750329141373181,0.758854778956708,0.0695969207157079,0.578376897619795,0.720800879537964,0.758854778956708,0.796844777276076,0.847886468437627
1000,286,"alpha0",0.15725867310662,0.136896754536366,0.0894274789800209,0.061335784907877,0.102586808920441,0.136896754536366,0.183646699859397,0.454556574420388
1000,286,"alpha1",0.107363741834125,0.10448834966238,0.0318123128993476,0.0546984511727055,0.0853870325278603,0.10448834966238,0.125082496134161,0.178368244613278
1000,286,"beta1",0.727169084307227,0.75077538353549,0.114472149639751,0.341179591050551,0.687918054498982,0.75077538353549,0.799952595587629,0.865897288817084
1000,287,"alpha0",0.120972153614956,0.109247834979491,0.0541922663556971,0.0633831594784907,0.0915113692309881,0.109247834979491,0.134575258966516,0.222993523609528
1000,287,"alpha1",0.118231593312275,0.11617001529213,0.0261898241785253,0.0740858334030284,0.100361950266468,0.11617001529213,0.133291083708771,0.17754167552815
1000,287,"beta1",0.768266987994602,0.780353277171568,0.0646566206895371,0.649070743388181,0.747426955600024,0.780353277171568,0.80511047050209,0.843849150859971
1000,288,"alpha0",0.165884207682156,0.15782092345917,0.0558792269764942,0.0986507803530838,0.133643175107116,0.15782092345917,0.183611974185761,0.300973208713949
1000,288,"alpha1",0.143406947516644,0.141223092926535,0.0296274507517573,0.0922289845114767,0.123063309605757,0.141223092926535,0.161011317092026,0.207531558353202
1000,288,"beta1",0.721206528559105,0.728616630493853,0.0596786603273485,0.586741960319577,0.699377341055491,0.728616630493853,0.756453914138636,0.805342739654785
1000,289,"alpha0",0.175213977499513,0.172771648756665,0.0444505147525441,0.0922874364892081,0.149166422117614,0.172771648756665,0.199290021192441,0.250850985251571
1000,289,"alpha1",0.207424641925693,0.20527708626232,0.0399298110911941,0.133029190271571,0.181019635044495,0.20527708626232,0.23244409026245,0.2935130404385
1000,289,"beta1",0.604687756780347,0.605884410016007,0.0653779155404609,0.490127860143549,0.567434910669626,0.605884410016007,0.645278416297021,0.72919012836024
1000,290,"alpha0",0.0996654807542032,0.0913639742719286,0.0457671768589732,0.0470238245524304,0.0743377986630632,0.0913639742719286,0.115079897492023,0.193077331797583
1000,290,"alpha1",0.124623293038095,0.121770963441339,0.030589522802333,0.0726354551094085,0.102964006527175,0.121770963441339,0.143168313209232,0.191472668160686
1000,290,"beta1",0.787887521278526,0.794992184793447,0.0590780665262778,0.669163572197331,0.761848272563304,0.794992184793447,0.824113315333976,0.871796172141151
1000,291,"alpha0",0.224330340365392,0.202504598425101,0.101796884115882,0.0804709133347318,0.149702676584557,0.202504598425101,0.28118360930806,0.476438449741222
1000,291,"alpha1",0.0952353500935711,0.0925275414817244,0.0306727157873681,0.0420066193560986,0.0738131804008575,0.0925275414817244,0.114043787194187,0.157868264917439
1000,291,"beta1",0.643119798103574,0.662753821857661,0.124612931016218,0.341041611806307,0.571105811595774,0.662753821857661,0.735527189606221,0.82718502711244
1000,292,"alpha0",0.132382032425094,0.119950754238956,0.0646108787345884,0.0633273305138995,0.094526897562963,0.119950754238956,0.149708452098695,0.343763970277407
1000,292,"alpha1",0.137234723363794,0.133116878575234,0.0334043959746666,0.0827290943589865,0.113576117755305,0.133116878575234,0.156817609056582,0.213435745338688
1000,292,"beta1",0.752313427999545,0.765357173766655,0.0756784214115388,0.514289936071161,0.724505803335369,0.765357173766655,0.798857706597856,0.847417435947984
1000,293,"alpha0",0.143018539529784,0.130851446893171,0.0665417789771012,0.0669693552791958,0.101405999025067,0.130851446893171,0.163044487309982,0.360464909584601
1000,293,"alpha1",0.123214913335378,0.121336091603133,0.0312431039832351,0.0675214250623806,0.101876107361308,0.121336091603133,0.142011400573781,0.194227012511665
1000,293,"beta1",0.739564403206872,0.750478232976933,0.0819645611287359,0.506583882539048,0.706986188000336,0.750478232976933,0.793182446086599,0.850804897101011
1000,294,"alpha0",0.178392263973549,0.169804390723621,0.0675616815880624,0.0847551308756653,0.133408117812378,0.169804390723621,0.210772237090842,0.320961153019797
1000,294,"alpha1",0.140299472848997,0.13832916364499,0.0325683544320689,0.0834219828455392,0.117742300880507,0.13832916364499,0.160486831072088,0.212069487699068
1000,294,"beta1",0.680637770118264,0.687892984083588,0.0851802538078553,0.498284755176325,0.632471363618592,0.687892984083588,0.738713177102773,0.820241523121147
1000,295,"alpha0",0.182463931640274,0.173045635226879,0.077555649042446,0.0692752168719446,0.121403211477611,0.173045635226879,0.226833342318433,0.391795785327225
1000,295,"alpha1",0.123530285877253,0.122219258804545,0.0297681577509171,0.0706595578319447,0.102666729117129,0.122219258804545,0.14291953812794,0.186410699602815
1000,295,"beta1",0.686047108916732,0.699495630927769,0.100053637374092,0.429249371575626,0.624178841207042,0.699495630927769,0.762459559003608,0.836136042234967
1000,296,"alpha0",0.218950279969684,0.207083840150722,0.0715322108226266,0.1022755383705,0.166110355151469,0.207083840150722,0.267564222899033,0.379249783557777
1000,296,"alpha1",0.137995443217448,0.13546057183988,0.0437278687275181,0.0626274045109038,0.105519933753917,0.13546057183988,0.166749508881786,0.227476973013685
1000,296,"beta1",0.625376923617897,0.633787680581063,0.100055669246523,0.427063660040627,0.555865264892031,0.633787680581063,0.697943433285549,0.809647402045041
1000,297,"alpha0",0.189713538901157,0.173724359651807,0.0783880512753976,0.0845577777113241,0.130181329097233,0.173724359651807,0.232799912525726,0.370263188995428
1000,297,"alpha1",0.138202340211096,0.135584189954125,0.0332823289793162,0.0793083134590671,0.114807608976855,0.135584189954125,0.15924949735284,0.208475096289676
1000,297,"beta1",0.666662558226904,0.680715520356313,0.0968639398969441,0.452238193915766,0.608957722887662,0.680715520356313,0.744029009684533,0.805431751485343
1000,298,"alpha0",0.111100522433707,0.101663153720523,0.0502228045122373,0.0481208832447934,0.0827760174599964,0.101663153720523,0.124619525232971,0.23386443320167
1000,298,"alpha1",0.112756313447425,0.110009298927582,0.0276999889897045,0.0677806916734915,0.0934033850842145,0.110009298927582,0.128639728231109,0.170602053725167
1000,298,"beta1",0.778897603831269,0.788728488079951,0.0637474490595727,0.635426363866472,0.754012521310761,0.788728488079951,0.817990919815548,0.86584896829186
1000,299,"alpha0",0.097702691175352,0.0893051739108979,0.0427917818870879,0.0460884723878731,0.0733324895745401,0.0893051739108979,0.108970205683843,0.202413149216658
1000,299,"alpha1",0.133894280055996,0.129802020746928,0.0326459337909706,0.0809933432631413,0.111355052986435,0.129802020746928,0.152478225987835,0.207360119741343
1000,299,"beta1",0.759238299965932,0.770824734232386,0.0646113554630486,0.605287130216837,0.733625918173416,0.770824734232386,0.799174338304738,0.84330714360166
1000,300,"alpha0",0.118617182574515,0.109858428768835,0.0489867841701843,0.0612630204591337,0.0890592233060069,0.109858428768835,0.135579840479413,0.21907685152234
1000,300,"alpha1",0.164286963071318,0.161630027480432,0.0340953727768588,0.103512240889601,0.140391123479672,0.161630027480432,0.186978159919482,0.236305153922222
1000,300,"beta1",0.725819305683352,0.734309536330821,0.0648781569024281,0.572206964401625,0.696562876575759,0.734309536330821,0.767222409582892,0.820976797437352
1000,301,"alpha0",0.0985783634020306,0.0809623331799242,0.0579889804749821,0.0411526280203255,0.0602436425465216,0.0809623331799242,0.120526338734786,0.242575470219238
1000,301,"alpha1",0.116038990808223,0.112975262952997,0.0303424905021328,0.0661195098859388,0.0946509275825832,0.112975262952997,0.133207984434445,0.182239978755285
1000,301,"beta1",0.801522909073545,0.819905859169987,0.0684403027696569,0.635040742340207,0.769799553765928,0.819905859169987,0.847528265787507,0.88203611568288
1000,302,"alpha0",0.139785421447662,0.135534898615715,0.050628335407129,0.0674825255435083,0.108026518228525,0.135534898615715,0.1626569937416,0.24707422800821
1000,302,"alpha1",0.150011294160837,0.148553669281878,0.0343484600478576,0.0888270396315411,0.125973867529063,0.148553669281878,0.172113402880259,0.222638992316834
1000,302,"beta1",0.730184067972901,0.732205660326942,0.0638774335245065,0.593552152792185,0.695355327734007,0.732205660326942,0.771206386017361,0.837821143857885
1000,303,"alpha0",0.172510969367886,0.168795807662907,0.0542597918345313,0.0750293014893489,0.135831764238393,0.168795807662907,0.208556503391263,0.279507543729633
1000,303,"alpha1",0.126534161999364,0.123997917858254,0.0388796683984723,0.0619033414185871,0.0983940424488607,0.123997917858254,0.149472136394927,0.212586968161838
1000,303,"beta1",0.694967284252506,0.698648609571744,0.0787611848763717,0.547919468552645,0.638818841757713,0.698648609571744,0.748167290515538,0.843309107460634
1000,304,"alpha0",0.0735951119006226,0.0486182930645651,0.0834696080490906,0.0252803398555488,0.0387070923248199,0.0486182930645651,0.0662737651515203,0.422972415771495
1000,304,"alpha1",0.0963595761217465,0.0883419650082535,0.0375598666085488,0.0471601602914254,0.0712438257697931,0.0883419650082535,0.110616335587809,0.192425603756725
1000,304,"beta1",0.843296855901063,0.873315834075059,0.100545742865375,0.450325541238166,0.834879708876077,0.873315834075059,0.893328411332124,0.923487771152789
1000,305,"alpha0",0.182253249882307,0.171646120476365,0.0666117715088821,0.0995985355825432,0.137293399482381,0.171646120476365,0.207641848926055,0.364870592832114
1000,305,"alpha1",0.0989713477552555,0.0946794319099552,0.0350156797389672,0.0431847204824127,0.0737904961922261,0.0946794319099552,0.119545527607323,0.180253147889519
1000,305,"beta1",0.715415327659772,0.727981098755911,0.0858752641303794,0.49676717421438,0.675384080821517,0.727981098755911,0.773582588107281,0.834853069836693
1000,306,"alpha0",0.117821574274413,0.107591690504565,0.0486554373632085,0.0571745989706085,0.0841050243637177,0.107591690504565,0.143350460240975,0.240701440014021
1000,306,"alpha1",0.110382826645623,0.107272277216727,0.0291730454317884,0.0642743917676078,0.0918840388657753,0.107272277216727,0.125634478710862,0.171823679518395
1000,306,"beta1",0.779930703762522,0.790195949640927,0.0619649488867366,0.641373403246413,0.748726737785858,0.790195949640927,0.821172788244308,0.86598689620289
1000,307,"alpha0",0.110187702297989,0.090205509192601,0.0808176685974208,0.0515433943367493,0.0740824846984633,0.090205509192601,0.113573400900938,0.458082961229744
1000,307,"alpha1",0.109352087260559,0.106834466098979,0.0276094369117225,0.0627454110389298,0.0904172490906691,0.106834466098979,0.125618310124308,0.169453906642639
1000,307,"beta1",0.780821496423628,0.801021352271257,0.0950933243349027,0.390337443099973,0.768975754998018,0.801021352271257,0.828268377644489,0.865146091701097
1000,308,"alpha0",0.143078910033239,0.129750440587725,0.056374015679486,0.0776664389419842,0.110781249741847,0.129750440587725,0.160810292101535,0.277047459003367
1000,308,"alpha1",0.128570135301556,0.125212698149791,0.0333640216175163,0.0759812529054675,0.105145190863669,0.125212698149791,0.146761356470346,0.201843765346713
1000,308,"beta1",0.726203457368031,0.738409037187189,0.0735993872680157,0.545979554433364,0.698228800465929,0.738409037187189,0.771600184036663,0.824160231864367
1000,309,"alpha0",0.115764875973296,0.101635374468008,0.0543334968555167,0.0493504499145979,0.0796155703864664,0.101635374468008,0.137278410059108,0.249357806970112
1000,309,"alpha1",0.107491228832234,0.104777099641213,0.0289951599514046,0.0589735913819706,0.0868447294020657,0.104777099641213,0.125237971641819,0.16993620943174
1000,309,"beta1",0.780415227302505,0.793292316668787,0.0678874986965559,0.61941673138944,0.749166681784077,0.793292316668787,0.827179212144356,0.874965250315319
1000,310,"alpha0",0.0959877984437165,0.0644594794356809,0.0897963820353261,0.0302028894447776,0.0493166596818285,0.0644594794356809,0.0937397290348716,0.390260312767816
1000,310,"alpha1",0.0854524789320706,0.0808690354606402,0.0306920118169653,0.0399984457565799,0.0643025636948662,0.0808690354606402,0.101328003028299,0.160431167593162
1000,310,"beta1",0.816912875473375,0.853776161323727,0.114552103363983,0.446646475851209,0.807920275308929,0.853776161323727,0.881435254082163,0.914860067071595
1000,311,"alpha0",0.0957022527136737,0.0842568127083451,0.0515017008389234,0.0363596648397121,0.0687564809630884,0.0842568127083451,0.107946652465636,0.210692613024141
1000,311,"alpha1",0.101865681926787,0.100003244208687,0.0272688575495971,0.0532930059396483,0.0833015788457966,0.100003244208687,0.117666189498068,0.159734240585367
1000,311,"beta1",0.794765237316213,0.807407783110437,0.0684203259007204,0.64509215175116,0.769377220074881,0.807407783110437,0.836304466394104,0.882063063586001
1000,312,"alpha0",0.136790246119097,0.131208511128623,0.0494647384372096,0.0577897649296611,0.107443486192808,0.131208511128623,0.159992531286847,0.23971804900483
1000,312,"alpha1",0.108140089248768,0.105780647852585,0.0278238913186348,0.0624781399935731,0.0890383919754742,0.105780647852585,0.123694200888697,0.172428029230813
1000,312,"beta1",0.772152194460448,0.778372219364374,0.057808746838445,0.659105457452509,0.740280952678008,0.778372219364374,0.809290595123323,0.865652580745103
1000,313,"alpha0",0.113343691166697,0.103167770450637,0.061291933119183,0.0551312381831566,0.0827090817221919,0.103167770450637,0.127103964527128,0.211519214292822
1000,313,"alpha1",0.125819837483665,0.122047467292705,0.0323563348514935,0.0734230935314055,0.10363528983333,0.122047467292705,0.143182649289992,0.200598479572325
1000,313,"beta1",0.773260992490668,0.784031723355137,0.0738690967363173,0.656373000593335,0.751559656477191,0.784031723355137,0.812245465380291,0.857720254218477
1000,314,"alpha0",0.129049123459305,0.102885743284879,0.0873773218534701,0.0471396098275176,0.0766397358343731,0.102885743284879,0.146681085440321,0.413474051956365
1000,314,"alpha1",0.110410053955799,0.108817411261919,0.0281704570107372,0.0615703500038715,0.0899256606202603,0.108817411261919,0.128287015612121,0.169749772096579
1000,314,"beta1",0.756197695760222,0.784752273884241,0.103489743220301,0.429213420210845,0.72427827958263,0.784752273884241,0.823424257816053,0.867216234935479
1000,315,"alpha0",0.16628725105498,0.154034246183746,0.0701150003056021,0.0592654258716749,0.11638030204985,0.154034246183746,0.203564447732065,0.333216287484136
1000,315,"alpha1",0.102739960736285,0.0995206446866625,0.0309688167516771,0.0516080096593209,0.0808832023313066,0.0995206446866625,0.122260787493593,0.168945021845342
1000,315,"beta1",0.735762815902389,0.747009364311819,0.0892195825607817,0.523061422764238,0.686304414030604,0.747009364311819,0.798264722566631,0.88176260930158
1000,316,"alpha0",0.141028456889687,0.106007151289966,0.117038362597286,0.0304713429947228,0.0741232774078246,0.106007151289966,0.150881157923154,0.528723571887649
1000,316,"alpha1",0.0808389527405161,0.0786271755363016,0.0300648311040376,0.028555907251744,0.0604014905474995,0.0786271755363016,0.0979915352144602,0.148654053620087
1000,316,"beta1",0.768026160189947,0.808009246063298,0.144230684390404,0.299486765311679,0.747338164567386,0.808009246063298,0.850148977435269,0.92670453744347
1000,317,"alpha0",0.223133443026806,0.16643812142915,0.149484242844461,0.0805827485714985,0.122683121428515,0.16643812142915,0.256270069164731,0.636659467779988
1000,317,"alpha1",0.0913582962083669,0.0867954750324824,0.0376776741498834,0.0344341506358817,0.0664032229341931,0.0867954750324824,0.110826867697694,0.177972715442791
1000,317,"beta1",0.665434220090356,0.726442133100754,0.180612664031782,0.177925864205914,0.620274057497006,0.726442133100754,0.785891442390986,0.85655712030377
1000,318,"alpha0",0.118024530758915,0.100608235639829,0.0618901763706611,0.0482783475604798,0.0726331635748979,0.100608235639829,0.145779621857836,0.278474390212996
1000,318,"alpha1",0.122315524179744,0.118926200033054,0.033332437950917,0.0682017457244456,0.0989739980328401,0.118926200033054,0.141921429822054,0.199284421402463
1000,318,"beta1",0.771099793889844,0.787638857196906,0.0783911646340441,0.584275740714959,0.728868890923291,0.787638857196906,0.827444938392087,0.87787942156612
1000,319,"alpha0",0.228627405868901,0.204719397312601,0.0959135293748027,0.103558742603441,0.157679911439035,0.204719397312601,0.277961272013321,0.481232412837515
1000,319,"alpha1",0.173203176424596,0.168787617717583,0.0433524406517627,0.100354665849673,0.143011733221489,0.168787617717583,0.198307902666613,0.270273688799205
1000,319,"beta1",0.617943447147694,0.643122088212914,0.112553478574877,0.340207300914208,0.556899249667045,0.643122088212914,0.699651341555398,0.781515702411177
1000,320,"alpha0",0.164840337679329,0.145706804639078,0.0863345930857203,0.0469564030009702,0.101231730024735,0.145706804639078,0.204837211997766,0.399963587525408
1000,320,"alpha1",0.139861681098688,0.133822888317605,0.0443926141707084,0.0683915674499313,0.109407328769398,0.133822888317605,0.164678309792464,0.248664217797633
1000,320,"beta1",0.694285663404546,0.720061797621919,0.121670371271479,0.378852474150831,0.635448952517137,0.720061797621919,0.781384867371587,0.875397258880113
1000,321,"alpha0",0.0728993557404183,0.066755567204718,0.034338966267309,0.0379230333607054,0.0555704635519337,0.066755567204718,0.0825833049945398,0.123219096810662
1000,321,"alpha1",0.148444870504463,0.146691036862289,0.0272998829428804,0.100100859308532,0.12942652900304,0.146691036862289,0.164887173376328,0.20612912612293
1000,321,"beta1",0.787525413650601,0.792273717423203,0.0445760063098531,0.715171854491604,0.768145688332452,0.792273717423203,0.814567200180136,0.850406168909409
1000,322,"alpha0",0.156337408161835,0.14869226640793,0.0717187471257517,0.0570949623746724,0.103652575114885,0.14869226640793,0.190525632501091,0.324164829024053
1000,322,"alpha1",0.111977227923657,0.109534099539015,0.0322522367329348,0.0585038409370841,0.0886515743108679,0.109534099539015,0.131523276388237,0.182434712476178
1000,322,"beta1",0.741991744185457,0.752882054376681,0.0880091385808038,0.545355033577887,0.696518591852259,0.752882054376681,0.803961586893222,0.872818350026614
1000,323,"alpha0",0.112521549129917,0.107465543755788,0.0473750895139742,0.0380342164030571,0.0819924265009825,0.107465543755788,0.135861335787823,0.222707280071924
1000,323,"alpha1",0.142070157881906,0.138755349234362,0.0338961277964663,0.0842003826468679,0.118753661715172,0.138755349234362,0.163248923890147,0.217205340746622
1000,323,"beta1",0.764391082232465,0.770840212577249,0.0605158303560979,0.636218061551273,0.729197428127144,0.770840212577249,0.803518371342764,0.867571905246193
1000,324,"alpha0",0.110226015052408,0.10495207701857,0.0541159435179885,0.0385731210595936,0.0727495982171474,0.10495207701857,0.135894507095607,0.225525298247892
1000,324,"alpha1",0.131316746754387,0.128799891075925,0.0356752433742716,0.0698462819996816,0.105127682200737,0.128799891075925,0.154878803207126,0.207405162979103
1000,324,"beta1",0.773292839518644,0.776078236056587,0.0739324554555959,0.617405357757519,0.732477092331749,0.776078236056587,0.825097710280548,0.887850173580494
1000,325,"alpha0",0.132289947070751,0.126597180963099,0.0450071932720241,0.06902680848217,0.103193396281683,0.126597180963099,0.153932209280808,0.220108924182351
1000,325,"alpha1",0.142957823968826,0.140219941030877,0.0336479164808976,0.0857459934862117,0.11931106868594,0.140219941030877,0.162513204338455,0.214354028720953
1000,325,"beta1",0.708585617108571,0.71372450422433,0.0678557692020796,0.571678896572416,0.67306587571527,0.71372450422433,0.753139293002635,0.813545557234963
1000,326,"alpha0",0.0651991121943664,0.0598792590524445,0.0387483073663739,0.0302374214918339,0.0495885525218521,0.0598792590524445,0.0733479873170049,0.107786499999136
1000,326,"alpha1",0.131188890969519,0.128176253101983,0.0268511818765256,0.0894612715902791,0.112985952304827,0.128176253101983,0.145184414695419,0.189573507059634
1000,326,"beta1",0.816360135140063,0.822899029864341,0.0498355265157066,0.742568185086927,0.800544935319945,0.822899029864341,0.841024705205531,0.873363668848524
1000,327,"alpha0",0.137356713621828,0.12465006761327,0.0685131063245022,0.0495466904072812,0.0888512213376306,0.12465006761327,0.168270545556461,0.315016794869221
1000,327,"alpha1",0.0954244406707099,0.0927767550745576,0.0305275186777565,0.0447143629593402,0.0745238227142513,0.0927767550745576,0.114024625423382,0.163869669044449
1000,327,"beta1",0.75362865097501,0.764554957197618,0.0930700743458141,0.525525457924753,0.705102356534417,0.764554957197618,0.820894165258107,0.889686485331575
1000,328,"alpha0",0.116038373079018,0.101020386751866,0.0564665703656736,0.0559933302900173,0.0803556046438805,0.101020386751866,0.130632207023089,0.277517830670422
1000,328,"alpha1",0.129280111072568,0.124937889438466,0.0367784130782447,0.0701201152332914,0.103317997838378,0.124937889438466,0.150332000705638,0.214893603020121
1000,328,"beta1",0.76061317806899,0.776298058984549,0.078758095596424,0.533704118527189,0.730798180540075,0.776298058984549,0.812881664219155,0.862678701863187
1000,329,"alpha0",0.0903784987991036,0.0795407567713183,0.0547425588832396,0.0461561433178981,0.0645412189763504,0.0795407567713183,0.0954270189234948,0.292284539478128
1000,329,"alpha1",0.106218153146181,0.102310289496546,0.0304798580723821,0.0628843595941604,0.0863064923111252,0.102310289496546,0.119999039763272,0.175104377210515
1000,329,"beta1",0.795741988614849,0.811444558365087,0.0821993459043074,0.521542583201014,0.779904081651429,0.811444558365087,0.837748805433867,0.875295973227512
1000,330,"alpha0",0.0865334203451361,0.0601272667519435,0.0859654547635582,0.0306772813018097,0.0464010245457858,0.0601272667519435,0.0865386559309242,0.404301284461165
1000,330,"alpha1",0.0666840245247078,0.0611222461387048,0.0295580226501476,0.0302893231607812,0.0483981752417447,0.0611222461387048,0.0770246680326086,0.143233688348534
1000,330,"beta1",0.850160295106971,0.880895709132446,0.1036819372827,0.475501560970663,0.838327316714323,0.880895709132446,0.903741909204545,0.933758720447059
1000,331,"alpha0",0.154864181378638,0.136820441886711,0.0749461944530694,0.067969987402757,0.108739967655082,0.136820441886711,0.18094606216778,0.359753968410684
1000,331,"alpha1",0.138877017466269,0.135684007450128,0.0331552360467206,0.0846852894832684,0.114586307676693,0.135684007450128,0.15959918749347,0.21007794265697
1000,331,"beta1",0.705664601220023,0.722501546306455,0.094619352535592,0.483110948435286,0.663483493906463,0.722501546306455,0.769299183636042,0.827159962936484
1000,332,"alpha0",0.160440619555727,0.146820765950379,0.067206954726988,0.067061895876393,0.104376999440735,0.146820765950379,0.211457374521573,0.295849598203569
1000,332,"alpha1",0.159920293742473,0.154912809982471,0.0426748427206515,0.0909871331149282,0.129345973765198,0.154912809982471,0.185643599463117,0.258897636295781
1000,332,"beta1",0.681244871579902,0.694695856248377,0.0983822328971615,0.484324600284968,0.609074511756983,0.694695856248377,0.760162837048662,0.828999169094822
1000,333,"alpha0",0.132373197936471,0.128245446806614,0.0468524754668353,0.0637595180983322,0.102798556631375,0.128245446806614,0.153356055252312,0.232336128748228
1000,333,"alpha1",0.129117364166837,0.126304240635057,0.0320438054933043,0.0734035178022429,0.107265849967786,0.126304240635057,0.147653365182979,0.20196661650706
1000,333,"beta1",0.741882500501144,0.746180245806176,0.0628223466211592,0.603363979100212,0.709821865661049,0.746180245806176,0.784073836167241,0.839029428128842
1000,334,"alpha0",0.179728793693679,0.166108178365027,0.0704329836246583,0.0925197938404912,0.136471290049231,0.166108178365027,0.201676755706836,0.415512303661688
1000,334,"alpha1",0.114152600770793,0.110353961239632,0.033592685104225,0.058606737263705,0.0913239786263753,0.110353961239632,0.133713596042201,0.186718076848837
1000,334,"beta1",0.706975639461094,0.720992766285044,0.0863931153214523,0.46076821140378,0.673812045834378,0.720992766285044,0.761567294792901,0.82564876975796
1000,335,"alpha0",0.142239660495229,0.133788440478506,0.0512496368241081,0.0791845086732504,0.110173243049656,0.133788440478506,0.16150314784776,0.264430588322392
1000,335,"alpha1",0.128587714276623,0.124313711954113,0.032051465329549,0.0791005308227097,0.105876764440843,0.124313711954113,0.14723260441184,0.199423535902237
1000,335,"beta1",0.743891811496334,0.753882362158987,0.0670751545602643,0.583602425039122,0.714817368779729,0.753882362158987,0.786647599132922,0.835673090172291
1000,336,"alpha0",0.100927170288808,0.0909358403291927,0.0609282664067067,0.0244389494816821,0.0615517075516466,0.0909358403291927,0.125061254810218,0.265667067686246
1000,336,"alpha1",0.0979827882354048,0.0924728256597004,0.0360984913586977,0.0466583518493092,0.0749648935705736,0.0924728256597004,0.113943377823689,0.175283026929301
1000,336,"beta1",0.798301174805249,0.81141301065504,0.0836045499223599,0.597758399281093,0.767334050496429,0.81141301065504,0.852219673708465,0.904215125832564
1000,337,"alpha0",0.0986522238275562,0.0901685209362809,0.0578985783967711,0.0482542115227894,0.0752426646955417,0.0901685209362809,0.108383794619417,0.214848902930296
1000,337,"alpha1",0.0943947235216459,0.0925392842202523,0.0227849810382906,0.0563502720300514,0.0785731901209293,0.0925392842202523,0.108630110565173,0.14157615977535
1000,337,"beta1",0.814293369713094,0.822206527265179,0.0619373696103108,0.683178842770273,0.801807628826212,0.822206527265179,0.84271025558254,0.880486792253852
1000,338,"alpha0",0.0999084073273793,0.088161950743964,0.0571216689029922,0.0365859409132135,0.0637523238216444,0.088161950743964,0.116754783045984,0.251869367435857
1000,338,"alpha1",0.130624891781555,0.126147491130485,0.0352398308386997,0.0795472313012967,0.107926112315918,0.126147491130485,0.146523582398009,0.210865580494641
1000,338,"beta1",0.777972483064198,0.792208990512562,0.07744006908398,0.578395032771192,0.749225444677612,0.792208990512562,0.826954650144282,0.876771914683678
1000,339,"alpha0",0.0582656582659957,0.0493570879403734,0.0442726118478196,0.0260785438990795,0.0405737859093352,0.0493570879403734,0.0635975630856773,0.155718223301506
1000,339,"alpha1",0.11571700945829,0.112753638622546,0.0266990341046147,0.0729069575795352,0.0977727018405756,0.112753638622546,0.130179646820606,0.17323785612586
1000,339,"beta1",0.835514544689801,0.843731292202869,0.0572201588944238,0.695908770729818,0.821297217690922,0.843731292202869,0.863817860673967,0.895590486683004
1000,340,"alpha0",0.151880928071004,0.14222359174254,0.0592008258760095,0.0666908605326564,0.10992731329287,0.14222359174254,0.181784129082218,0.290973334032842
1000,340,"alpha1",0.156784472167905,0.15345128387347,0.0351730778581337,0.0961839370528398,0.132097049060792,0.15345128387347,0.177887941977909,0.237464404281329
1000,340,"beta1",0.700662723251008,0.71084300895624,0.0759302783584231,0.527790904846459,0.660048932928688,0.71084300895624,0.752176586384629,0.823829330184777
1000,341,"alpha0",0.122626526625809,0.115847181566555,0.0424794898371863,0.0618949717589457,0.0949051783855934,0.115847181566555,0.141637182128211,0.224994677211356
1000,341,"alpha1",0.134139989047552,0.130709430580563,0.0299385017350671,0.0825605882838385,0.11318035762356,0.130709430580563,0.152551790247092,0.199517406670556
1000,341,"beta1",0.763356051213281,0.76948207584872,0.0536377010559351,0.638333092404354,0.735371346859721,0.76948207584872,0.799982869687556,0.846667262054518
1000,342,"alpha0",0.0381680996636662,0.0282316630999034,0.0472589777964823,0.0145333974263008,0.0220283069446196,0.0282316630999034,0.0394038068185927,0.138782888031436
1000,342,"alpha1",0.0590656674220652,0.0565832465518823,0.0199536152817072,0.0290395962244754,0.0460729756039534,0.0565832465518823,0.0688150020923404,0.102566131191449
1000,342,"beta1",0.900781286288978,0.91217575268096,0.064844735244457,0.761412968649666,0.893287822286683,0.91217575268096,0.929028134999682,0.948511685285348
1000,343,"alpha0",0.161366141579892,0.15338420334203,0.0483237081736012,0.0941331515789249,0.127211802514737,0.15338420334203,0.184588756378458,0.272004726640699
1000,343,"alpha1",0.142596183129998,0.139589520096961,0.0344508579937603,0.0847927233536749,0.118852130817607,0.139589520096961,0.162749607871078,0.215413160144055
1000,343,"beta1",0.699478126295939,0.707209666696875,0.0661946111408168,0.560546863532231,0.664636542140651,0.707209666696875,0.745795170661542,0.798113407344058
1000,344,"alpha0",0.0827556804369973,0.0732689996728823,0.0480788122217204,0.0417407721832482,0.0610730600619964,0.0732689996728823,0.0895322353106284,0.219512354375526
1000,344,"alpha1",0.0715471654053651,0.0691803449765837,0.0243624350335473,0.0364777290203389,0.0561592959908319,0.0691803449765837,0.0833729294030865,0.115155790560317
1000,344,"beta1",0.833119342105059,0.843700025165599,0.0665855743082786,0.656547488829884,0.82088963698731,0.843700025165599,0.865293006396402,0.895463048213188
1000,345,"alpha0",0.125218503340808,0.114032898897143,0.0547476057193779,0.0607821145070864,0.0902110180540496,0.114032898897143,0.145531290081722,0.266377226880868
1000,345,"alpha1",0.0958359690770864,0.0925356009452664,0.0274733738926556,0.0520615534351176,0.077296308560932,0.0925356009452664,0.110075766551796,0.157959336996897
1000,345,"beta1",0.787233829152109,0.799088555257431,0.0648870817346002,0.618347052772549,0.759273214170273,0.799088555257431,0.828295257748159,0.870814431797881
1000,346,"alpha0",0.12435580114173,0.119505701475565,0.0471595751997971,0.0565543428024231,0.0954574733324007,0.119505701475565,0.14379423964836,0.22856503603371
1000,346,"alpha1",0.154925717405244,0.153710135535195,0.0329777040105343,0.097316153183095,0.130967658043281,0.153710135535195,0.176623640171744,0.222571352365606
1000,346,"beta1",0.73265359758331,0.737701293908699,0.0602729079768064,0.599050616249715,0.702484796574394,0.737701293908699,0.77307897576075,0.825498126508661
1000,347,"alpha0",0.181726310755313,0.16748989493274,0.0690157111789014,0.0860692988351902,0.131543718366014,0.16748989493274,0.218156231324808,0.346345957846229
1000,347,"alpha1",0.119126425518062,0.117277178731213,0.0359032934008817,0.05676234247862,0.0932973072235624,0.117277178731213,0.142357572579526,0.192416410407084
1000,347,"beta1",0.723177962288823,0.73473215085808,0.0763093030285153,0.548531878751229,0.675266071026919,0.73473215085808,0.777458952325981,0.839638246761645
1000,348,"alpha0",0.307400651762766,0.276069512409883,0.144910280318858,0.0867376928252319,0.195798660350173,0.276069512409883,0.416795447423121,0.610148881327851
1000,348,"alpha1",0.130241586363992,0.125131674735004,0.0443863522910073,0.0583274017681751,0.0976278380431384,0.125131674735004,0.157615291241398,0.227480996423275
1000,348,"beta1",0.533523586964017,0.563025352808176,0.184920773433362,0.141292508063529,0.390123732316173,0.563025352808176,0.678814084024156,0.831319241676011
1000,349,"alpha0",0.0830986120462567,0.0750911557836162,0.0434354642845255,0.0391648255292219,0.0605773993875356,0.0750911557836162,0.0951745616151574,0.159393481562408
1000,349,"alpha1",0.123961121354167,0.121815081204205,0.0296635171066461,0.0773990872908347,0.102185994716663,0.121815081204205,0.140799278838919,0.188850015561154
1000,349,"beta1",0.796577256719988,0.805601514258863,0.0614779840973395,0.674852604728723,0.775569282251963,0.805601514258863,0.832326344769544,0.87175644090178
1000,350,"alpha0",0.125623203260405,0.115701213359764,0.0554947824308941,0.0541345810783317,0.0879545028778145,0.115701213359764,0.152034673706232,0.258593016525278
1000,350,"alpha1",0.0896214113028758,0.0864270357787496,0.0251337723996212,0.0498240446435208,0.071810249554426,0.0864270357787496,0.104490516518233,0.143616124724378
1000,350,"beta1",0.781209899095776,0.79092604269397,0.0678095644388392,0.632675296121542,0.747616819273259,0.79092604269397,0.828516882777008,0.874832852159761
1000,351,"alpha0",0.0994360843697787,0.089171418820836,0.0508077048232369,0.0480379749407445,0.0727120879906076,0.089171418820836,0.111604166962745,0.193766905006858
1000,351,"alpha1",0.100695141995992,0.0982628333217505,0.0262216797480297,0.0587375062868924,0.0829234423984314,0.0982628333217505,0.115077561386459,0.156182119611699
1000,351,"beta1",0.808107049401444,0.817636228317782,0.0607380461900803,0.685880712120199,0.788299760975522,0.817636228317782,0.843597844003092,0.879227176735972
1000,352,"alpha0",0.0917986393678016,0.0861594726965734,0.039262882703629,0.0441754552636789,0.0691982885761452,0.0861594726965734,0.107223062437437,0.151860755831299
1000,352,"alpha1",0.122398216978558,0.118793507883737,0.0304762328368434,0.0724602436537259,0.10142085264796,0.118793507883737,0.139373245446967,0.192101901608773
1000,352,"beta1",0.792682735771619,0.798087061370795,0.054528543774578,0.701177154001147,0.769800301363742,0.798087061370795,0.823992065347001,0.867171623824947
1000,353,"alpha0",0.203023434481354,0.188828671704047,0.0688526220183232,0.10389254166207,0.155284829433246,0.188828671704047,0.239631587294863,0.360405963674241
1000,353,"alpha1",0.156986782115941,0.154321644639812,0.0344498934199798,0.0966429709035744,0.132925419593213,0.154321644639812,0.178236368531134,0.231682473668986
1000,353,"beta1",0.655242179804204,0.67042567303326,0.0831653609389126,0.470417314152612,0.606075073590492,0.67042567303326,0.71290016692088,0.78968912947787
1000,354,"alpha0",0.0939360426297152,0.0737706719489594,0.0674298397041048,0.0229542777686782,0.0526564105651252,0.0737706719489594,0.117455190596361,0.290382902768534
1000,354,"alpha1",0.0788599488034956,0.0735783131503631,0.0323387205190612,0.031081046612543,0.0561522672415031,0.0735783131503631,0.0966870456304724,0.150553629100565
1000,354,"beta1",0.819271805148435,0.845754516868785,0.0961776159108876,0.567796356015995,0.775570474101455,0.845754516868785,0.88459921326848,0.928862073234356
1000,355,"alpha0",0.170867142874381,0.152193070525489,0.0730581164868132,0.0858333641796003,0.116538069555274,0.152193070525489,0.210467944730303,0.351007015069782
1000,355,"alpha1",0.0994062760357266,0.0974666769063804,0.0302820493556405,0.0466668334133394,0.0782042181449545,0.0974666769063804,0.118169480376922,0.164432732443494
1000,355,"beta1",0.738498042156216,0.75692481386678,0.0846962002712807,0.537678578809114,0.691115935387736,0.75692481386678,0.800090973084113,0.85027504190184
1000,356,"alpha0",0.0856321827785637,0.0779646476432603,0.0460040105977177,0.0411950130432508,0.0624664698074709,0.0779646476432603,0.0964771863962598,0.164407142500562
1000,356,"alpha1",0.134399157682186,0.131902643000861,0.0267684239254654,0.0911183228355173,0.115413300005701,0.131902643000861,0.150612406099106,0.1925021937422
1000,356,"beta1",0.792306946331132,0.80099962627835,0.0559500475200973,0.683352897892586,0.77290823183931,0.80099962627835,0.823847891360405,0.857116248775729
1000,357,"alpha0",0.0910292280534729,0.0813890732439914,0.0467417272423099,0.0517467395561049,0.0680571748594868,0.0813890732439914,0.100955231352046,0.177975008987554
1000,357,"alpha1",0.12363199531371,0.119759364533595,0.0319206363213308,0.0755877165192245,0.101049699681147,0.119759364533595,0.140762234840958,0.200315957113664
1000,357,"beta1",0.795910346201578,0.807115495023415,0.0631897482006425,0.666903357228201,0.775845534206513,0.807115495023415,0.831762407637294,0.867680279540567
1000,358,"alpha0",0.161500096375368,0.149978546050089,0.0575879416573146,0.0887278554394401,0.1223656286926,0.149978546050089,0.185811486425315,0.339215108106013
1000,358,"alpha1",0.131057960191431,0.128087686983108,0.0315086897018369,0.0781429597792652,0.109024962022537,0.128087686983108,0.149388922434396,0.200511610321452
1000,358,"beta1",0.72217595700669,0.736324508538058,0.0723360871468958,0.52060334088582,0.689876419001999,0.736324508538058,0.770078261476729,0.822251096611587
1000,359,"alpha0",0.164649421815639,0.148364765549024,0.0722944531284308,0.0723625458589367,0.120081115272984,0.148364765549024,0.191003213611252,0.390052600325882
1000,359,"alpha1",0.131345163594733,0.12581694206319,0.0367893072013011,0.0770236830964101,0.106634500793824,0.12581694206319,0.149340538498692,0.219575633339706
1000,359,"beta1",0.717804570434181,0.734429312239784,0.0921405311985752,0.430264955155769,0.680851836394293,0.734429312239784,0.778107506416982,0.83988854135401
1000,360,"alpha0",0.434544641142839,0.446359088943516,0.149547615053681,0.141768583884474,0.321023949968791,0.446359088943516,0.554484977793247,0.675550085969924
1000,360,"alpha1",0.185309358771092,0.184240747387026,0.0530891511241404,0.0892858150815588,0.146758975500699,0.184240747387026,0.220729897786544,0.296540580729262
1000,360,"beta1",0.366269075300671,0.337887212329831,0.183406563253849,0.0948096348363047,0.206130887021386,0.337887212329831,0.500947790890759,0.741357031246187
1000,361,"alpha0",0.142010721814691,0.129603736751035,0.0567688990696391,0.0638454852270957,0.101460765389218,0.129603736751035,0.169642224266451,0.27603683242876
1000,361,"alpha1",0.139471314923933,0.136683777775235,0.0342899230107097,0.0824766545114758,0.116079787365401,0.136683777775235,0.158797750708011,0.211796797325324
1000,361,"beta1",0.720316100523042,0.73440991031186,0.0776200911560046,0.543445361530716,0.682363758389981,0.73440991031186,0.774450381826649,0.836806010241733
1000,362,"alpha0",0.111321260998521,0.103185834140729,0.0413669513498992,0.0613884965837252,0.0855567028868718,0.103185834140729,0.126406822079818,0.205723206914296
1000,362,"alpha1",0.0896917113951915,0.0869880676062155,0.0259974130074727,0.0465598218490581,0.0721819960701375,0.0869880676062155,0.104813895973264,0.147886553741021
1000,362,"beta1",0.786566218507849,0.79545450277002,0.0586815546079734,0.65438458283592,0.762016894585642,0.79545450277002,0.825063480099346,0.865388002611966
1000,363,"alpha0",0.132919525260548,0.125748601181362,0.0514538148368681,0.078232925099216,0.100730346998354,0.125748601181362,0.147769854892912,0.238351930349375
1000,363,"alpha1",0.104779303865465,0.101793442068962,0.0273332644111597,0.0573711196147038,0.0857760519015482,0.101793442068962,0.12060654685311,0.16498296184544
1000,363,"beta1",0.754702751638098,0.763970949107437,0.0672496020346962,0.613827804745046,0.72915768922855,0.763970949107437,0.798405950167487,0.83843234722481
1000,364,"alpha0",0.134722196654356,0.127044048981145,0.0538134069953861,0.064091991510264,0.101529366330163,0.127044048981145,0.153522439345744,0.263502251864873
1000,364,"alpha1",0.119104534186234,0.116597927298215,0.0290480407236489,0.0690343226313269,0.0993436499102046,0.116597927298215,0.136020448497578,0.178968756473511
1000,364,"beta1",0.744951903733296,0.753570934296074,0.0700518634591704,0.58496839713632,0.713762259319311,0.753570934296074,0.790198638745489,0.842264272568042
1000,365,"alpha0",0.163252443871514,0.15878686867589,0.062958124743507,0.0603310295477427,0.1201856232854,0.15878686867589,0.196039021730258,0.284751687382733
1000,365,"alpha1",0.166881677436075,0.164499843208968,0.0373259049445891,0.101147733237218,0.141084544016329,0.164499843208968,0.189213857735441,0.248460217293336
1000,365,"beta1",0.696173697163594,0.699958570800721,0.07667727347878,0.548478263377746,0.65003372941226,0.699958570800721,0.747921561742227,0.829261578084014
1000,366,"alpha0",0.193172488777628,0.146226921816483,0.143500674768189,0.0676676008397835,0.103886467258595,0.146226921816483,0.21401925465378,0.640075598619076
1000,366,"alpha1",0.101292804156367,0.0972865289406348,0.0368761016809106,0.0418228946542898,0.0755458066388447,0.0972865289406348,0.121721484921031,0.182981789673984
1000,366,"beta1",0.717258949502037,0.766521658211357,0.159828210203369,0.235102133827629,0.687604350739369,0.766521658211357,0.817690180293239,0.874774258138674
1000,367,"alpha0",0.104512797556815,0.0991846039566977,0.0427534548494509,0.0565326261305699,0.0819494414296874,0.0991846039566977,0.118355550494988,0.167576161360174
1000,367,"alpha1",0.136063138392323,0.134013732289566,0.0287696277142216,0.0874068122328566,0.116334025392901,0.134013732289566,0.152148560980371,0.196152664533129
1000,367,"beta1",0.772067174430616,0.776775582870312,0.0541195482956559,0.68268578243655,0.750600463749755,0.776775582870312,0.803224193616157,0.843524760328678
1000,368,"alpha0",0.232437229891257,0.223427871658354,0.0795290609412336,0.109854627313456,0.169787848542048,0.223427871658354,0.286692117366811,0.416793717250623
1000,368,"alpha1",0.145495087893479,0.143119336014942,0.0388037139687598,0.0787956261656777,0.117894491898539,0.143119336014942,0.170237982005256,0.227527809407093
1000,368,"beta1",0.611934871903471,0.615111206900552,0.0996976971748642,0.398808251818931,0.542893451197557,0.615111206900552,0.686535570475573,0.781112026277548
1000,369,"alpha0",0.12433271278926,0.105244494544899,0.072546527627858,0.0460891652339793,0.0726527326870117,0.105244494544899,0.148049971623926,0.31642015699061
1000,369,"alpha1",0.0995106222434056,0.0944635480267779,0.0344336054467549,0.0450378695473033,0.075657079828752,0.0944635480267779,0.119135398013095,0.177481427031159
1000,369,"beta1",0.77296883486144,0.795400582195565,0.099144858107357,0.521960965743695,0.732451530423318,0.795400582195565,0.842067963109498,0.897405164261773
1000,370,"alpha0",0.113305191759714,0.10050139744945,0.0560376098135964,0.0460656008702115,0.0769737454690043,0.10050139744945,0.129879395553184,0.250107156370063
1000,370,"alpha1",0.124596372237905,0.121187655300139,0.0340204742859513,0.065832747543528,0.0996800714390001,0.121187655300139,0.146640746567207,0.195010219254133
1000,370,"beta1",0.749656799185924,0.76622221752196,0.0842264640390547,0.557614121838035,0.711608155719051,0.76622221752196,0.80482878895458,0.868192503200525
1000,371,"alpha0",0.0680513072496102,0.0539320499493558,0.062455177582385,0.0210596380480671,0.0394508808448162,0.0539320499493558,0.0700612962626448,0.296556542175987
1000,371,"alpha1",0.0928480787488243,0.0885357623480956,0.0285645887846036,0.0508857228483291,0.0736653783429119,0.0885357623480956,0.106633772806859,0.155479303844773
1000,371,"beta1",0.838833852163712,0.856157372819351,0.0820282800657652,0.558609388055921,0.823427834228273,0.856157372819351,0.883139817643668,0.913831269963445
1000,372,"alpha0",0.0857534685606939,0.0784570509531528,0.0411004649038701,0.0408852013988004,0.0610353620655501,0.0784570509531528,0.0984009677197702,0.172567063149646
1000,372,"alpha1",0.142516913264411,0.140494623297709,0.0319428015897968,0.0863804233515009,0.120537644701906,0.140494623297709,0.161089956027813,0.210826663412087
1000,372,"beta1",0.772934713774514,0.781639123030119,0.0610341353254908,0.644061481307596,0.747550299458763,0.781639123030119,0.812457518204651,0.857158159302787
1000,373,"alpha0",0.233551367337696,0.21503474180295,0.113698212368119,0.0768574603267519,0.142098513182171,0.21503474180295,0.309067031334476,0.479857338336989
1000,373,"alpha1",0.111472899489634,0.108001273404196,0.0382470115637366,0.0505938350883235,0.0847379481230161,0.108001273404196,0.132862698565376,0.199751918154325
1000,373,"beta1",0.617068628119244,0.636061938512577,0.156224118594938,0.279624950394781,0.508755011576072,0.636061938512577,0.741012525695517,0.846415392844951
1000,374,"alpha0",0.101608258142546,0.0880055898071722,0.0620764729530945,0.0290525057989972,0.0608321694179952,0.0880055898071722,0.132023881404569,0.238806506083928
1000,374,"alpha1",0.108519804195771,0.10565884656231,0.0313144124727936,0.0564532635297002,0.0863637827303025,0.10565884656231,0.126670071017307,0.175986283542852
1000,374,"beta1",0.806515701685556,0.81796426096652,0.0740991050146897,0.628950093195903,0.769161655875318,0.81796426096652,0.858055966118287,0.90852731290051
1000,375,"alpha0",0.151541733979644,0.138564133829178,0.0575511847742205,0.0726627647133638,0.113937322126633,0.138564133829178,0.172043451302302,0.314893559297068
1000,375,"alpha1",0.163772143551487,0.161071734267106,0.0369326321735788,0.0987922722067636,0.138181036996874,0.161071734267106,0.187278858651864,0.241476369368571
1000,375,"beta1",0.677168646574979,0.690015609194156,0.0819411375752254,0.46206232730679,0.641456446621133,0.690015609194156,0.732155961629379,0.799733432776218
1000,376,"alpha0",0.142597920222566,0.124268615481601,0.0724622862816727,0.0647829354543564,0.0974758093616357,0.124268615481601,0.161342877441922,0.358663224261162
1000,376,"alpha1",0.119786306429756,0.116413639628982,0.0315426156089461,0.0679271196409802,0.0975016022021025,0.116413639628982,0.138545882083627,0.190136656665289
1000,376,"beta1",0.734952415670267,0.752420744477987,0.0915127723475549,0.476389919324577,0.705918824458341,0.752420744477987,0.794182014564837,0.851659737958207
1000,377,"alpha0",0.100775502514725,0.0807277165495596,0.0666484564935454,0.0359673396147287,0.0603823667588737,0.0807277165495596,0.117066082824968,0.290812792446246
1000,377,"alpha1",0.106593642767881,0.103590250569699,0.0301230716563331,0.0570484148115889,0.0851664910929943,0.103590250569699,0.125064930458603,0.175263461461677
1000,377,"beta1",0.802432390408366,0.823227911611154,0.08383321236276,0.576355493820772,0.773828947136882,0.823227911611154,0.856580847897591,0.901576112498687
1000,378,"alpha0",0.224530869523135,0.221573232021279,0.0674227072722378,0.114773979671139,0.179450714328653,0.221573232021279,0.259386832578729,0.386513593964292
1000,378,"alpha1",0.183939077725607,0.181606637749615,0.0426744605844003,0.105285495246479,0.153788593279302,0.181606637749615,0.210508815713071,0.276259193047304
1000,378,"beta1",0.584420099941564,0.588121938716391,0.0964199520502317,0.374315154617509,0.526795026723794,0.588121938716391,0.651275969726533,0.755091996829484
1000,379,"alpha0",0.167203916427059,0.158114979998258,0.0606432888063431,0.0816093518064206,0.122023387452973,0.158114979998258,0.201747077084613,0.309793178617188
1000,379,"alpha1",0.104118018423224,0.101312238834736,0.0342283404477642,0.0432125959472116,0.0806879444804012,0.101312238834736,0.124389738656221,0.177526460994535
1000,379,"beta1",0.69907052253044,0.707184353691117,0.0885653185685547,0.501734667484211,0.647853384635994,0.707184353691117,0.762164283136654,0.842294988432701
1000,380,"alpha0",0.0686261716459437,0.0585111497601478,0.0588591637018191,0.0273696545308241,0.0437036956075068,0.0585111497601478,0.073365533843736,0.267640840321876
1000,380,"alpha1",0.0921380135734241,0.0898372745746887,0.0246297401819377,0.0521810541287147,0.0751086244071716,0.0898372745746887,0.106144030600649,0.144512096572015
1000,380,"beta1",0.838129237032024,0.851085575554936,0.0739840886370185,0.58857183685111,0.827442175688918,0.851085575554936,0.872035499521106,0.904820510396263
1000,381,"alpha0",0.0924566592964291,0.0838987338101981,0.0435208019521967,0.0452148203906566,0.068614187596767,0.0838987338101981,0.10288267400646,0.200360369571633
1000,381,"alpha1",0.109559448953383,0.105469724154754,0.0286538529107377,0.0664067014137708,0.0900848567278822,0.105469724154754,0.124362324704895,0.176814599331993
1000,381,"beta1",0.795828267359188,0.807665758014969,0.0629228835122469,0.6434072620413,0.777664647476878,0.807665758014969,0.832497749183588,0.868985711515857
1000,382,"alpha0",0.130181660387263,0.126240930365071,0.0482295804046736,0.0580674787008955,0.0945768421618403,0.126240930365071,0.156805741214146,0.229864977448037
1000,382,"alpha1",0.11478941870005,0.113351229434515,0.0307151333524177,0.0612061268008929,0.0933880078942861,0.113351229434515,0.132811265449307,0.181289185263101
1000,382,"beta1",0.762677634125097,0.765260892397213,0.0642026779011703,0.645444021930171,0.724067791505966,0.765260892397213,0.806540236552759,0.87027019920796
1000,383,"alpha0",0.120295913130201,0.102087702697746,0.0698308682397123,0.0557680312412383,0.0776090684245767,0.102087702697746,0.139798425928882,0.35485021457266
1000,383,"alpha1",0.101567447428697,0.0984017609820155,0.0324638991981734,0.0495207978801999,0.0791008306834697,0.0984017609820155,0.119459995190331,0.176580546247113
1000,383,"beta1",0.784697631028613,0.802944059410232,0.0871648453383673,0.501045225135571,0.75417492095251,0.802944059410232,0.84044324683929,0.883484374776671
1000,384,"alpha0",0.27551047192301,0.264341250302716,0.109192608444314,0.11348319163664,0.181209096226779,0.264341250302716,0.357513975844446,0.489386616923025
1000,384,"alpha1",0.114004771976919,0.111133362972986,0.0316211913432439,0.060046635511817,0.0917338235872505,0.111133362972986,0.132535374948851,0.182856057586473
1000,384,"beta1",0.583200837802058,0.594158360090569,0.136703589375691,0.317458409461034,0.483028405165965,0.594158360090569,0.697770507454134,0.797303163283486
1000,385,"alpha0",0.107807143911186,0.105427848088227,0.0357701204278057,0.0484821985677822,0.0877096391446649,0.105427848088227,0.123497462467185,0.171843598374791
1000,385,"alpha1",0.136580849955893,0.134735989988559,0.0305721384623096,0.0828444442796339,0.114761700224939,0.134735989988559,0.156697418604226,0.200401407695844
1000,385,"beta1",0.761036080482786,0.764989451880157,0.0535196355504598,0.662018712323308,0.730372203472671,0.764989451880157,0.793140253486042,0.857533791868006
1000,386,"alpha0",0.0674015979594634,0.0594285166856482,0.0379992579565589,0.0259758644518479,0.0434572565788678,0.0594285166856482,0.0814241849181774,0.149732425740468
1000,386,"alpha1",0.0944083470466354,0.0926779454173391,0.025115084685722,0.0508860464353368,0.0774714658845121,0.0926779454173391,0.109026786226005,0.14759554774105
1000,386,"beta1",0.835616871084217,0.842071854163748,0.0553110250500696,0.712609000050409,0.813701926213597,0.842071854163748,0.870847117383446,0.911545465575379
1000,387,"alpha0",0.332259278832981,0.292010680524934,0.17876914213253,0.100729365477144,0.178930486315339,0.292010680524934,0.458116667674793,0.762665939416763
1000,387,"alpha1",0.106892697946688,0.104043080203215,0.0380307327633433,0.0446275106593236,0.0797312318761292,0.104043080203215,0.129981883953471,0.188996228002783
1000,387,"beta1",0.532394602832956,0.572401984396095,0.208219889352102,0.0202117244982276,0.38831564676994,0.572401984396095,0.698475056714681,0.826557168490043
1000,388,"alpha0",0.169870761853233,0.156101286590746,0.0679109334573505,0.0727706036412578,0.125860877606125,0.156101286590746,0.198338582556411,0.355342688790978
1000,388,"alpha1",0.117891412430876,0.115445330765213,0.0339410579540715,0.0595934394702193,0.0942855402267642,0.115445330765213,0.137711957641181,0.195252578265818
1000,388,"beta1",0.696320892635255,0.709799535938393,0.0905678861746513,0.442436937019785,0.648863539752302,0.709799535938393,0.758666600049366,0.836185550707709
1000,389,"alpha0",0.0880000336299539,0.0730886573237365,0.0651192727735471,0.0437769482454998,0.0582282140850922,0.0730886573237365,0.0946592641825683,0.358942257645886
1000,389,"alpha1",0.117904663721574,0.114902105643662,0.0271997052325186,0.0764213093450707,0.0994915992764369,0.114902105643662,0.132075774965455,0.177774958053382
1000,389,"beta1",0.814732395172492,0.828714215736324,0.0704217950225685,0.522067769074563,0.801466509992868,0.828714215736324,0.849703197785169,0.879547197177622
1000,390,"alpha0",0.137674424236247,0.126827978922736,0.0682638125652752,0.0558025787318927,0.0860818565848004,0.126827978922736,0.16770826005325,0.301542818897928
1000,390,"alpha1",0.124476326913382,0.121806778297801,0.0340485379987766,0.0676951335366315,0.0998618986164411,0.121806778297801,0.144336861123046,0.199858870568122
1000,390,"beta1",0.73565400583837,0.750676564908608,0.0921126528482058,0.52670272196338,0.691685792281787,0.750676564908608,0.800756272487617,0.860424831093286
1000,391,"alpha0",0.0891015382301153,0.0726845080120618,0.0712199096686918,0.0354000932403452,0.054497554999427,0.0726845080120618,0.0970150254265227,0.398860513228287
1000,391,"alpha1",0.091244519238422,0.0880971117650203,0.026317970742011,0.0542332396553449,0.0742035443756095,0.0880971117650203,0.104039312096191,0.146828888243232
1000,391,"beta1",0.817068610848527,0.836466617146697,0.0894456643544627,0.433776994817338,0.799355827036779,0.836466617146697,0.861721890797699,0.896233705738753
1000,392,"alpha0",0.0456102291110798,0.037430602289092,0.0445878030298372,0.0187359812425706,0.0291013712770498,0.037430602289092,0.0483032956734278,0.152696886021601
1000,392,"alpha1",0.0971030820939998,0.0947452466906395,0.0257644463159518,0.0571305320723834,0.0807456255571321,0.0947452466906395,0.10988459753443,0.149774168566052
1000,392,"beta1",0.862702875513759,0.872106123276657,0.0588455922449356,0.723039508912939,0.850590290141659,0.872106123276657,0.889943045305688,0.918993778402159
1000,393,"alpha0",0.100480247041239,0.0906370822774517,0.054553029957182,0.0444602306666336,0.0686015639405449,0.0906370822774517,0.117545767258999,0.21980296549954
1000,393,"alpha1",0.125073106574842,0.122710959622477,0.0299102091081505,0.0756613610789035,0.104446646933196,0.122710959622477,0.142918361935545,0.191765255128174
1000,393,"beta1",0.778625468968377,0.789994507489158,0.0727019021029429,0.617901296589651,0.750834882229859,0.789994507489158,0.822833130718596,0.870353931199502
1000,394,"alpha0",0.282099749887207,0.27434719546451,0.101049262602825,0.10479714416785,0.209517867329312,0.27434719546451,0.355260085079715,0.48643477597442
1000,394,"alpha1",0.142863527152406,0.138883849488384,0.0407222306365006,0.0734495204279194,0.115037181805688,0.138883849488384,0.166723272121801,0.237099552627476
1000,394,"beta1",0.581429925973405,0.585375152897233,0.12026654650716,0.337072131042623,0.495745390953351,0.585375152897233,0.668161256095054,0.806814935515974
1000,395,"alpha0",0.135835209892982,0.11329616803892,0.0879239937682414,0.0687418436473829,0.0937296988352141,0.11329616803892,0.138664921099477,0.506352894861074
1000,395,"alpha1",0.0981700691490906,0.0956038320164885,0.0257047859349167,0.0565294322390474,0.0801101624409383,0.0956038320164885,0.11213414889582,0.154161321050287
1000,395,"beta1",0.766601578251767,0.789187048495499,0.0985573163326411,0.365348354805631,0.75513492579678,0.789187048495499,0.817511077120481,0.860424203156941
1000,396,"alpha0",0.240009742064942,0.203984538511915,0.141648856773822,0.0670638021559195,0.140091580055725,0.203984538511915,0.297224393300762,0.640081998922711
1000,396,"alpha1",0.123564365597643,0.119350609589267,0.04051845240243,0.0589289600477709,0.0947364335657405,0.119350609589267,0.147500567292071,0.217931745038436
1000,396,"beta1",0.61573584743539,0.655384570732722,0.176219584993754,0.15183839689118,0.538809550125863,0.655384570732722,0.742462934824709,0.856679571169122
1000,397,"alpha0",0.0998312081371801,0.0942938215360119,0.0427002411926154,0.0515524041642945,0.0779365711624518,0.0942938215360119,0.112862167551202,0.17352928232224
1000,397,"alpha1",0.12582224522151,0.123442957108388,0.0290475061350069,0.0751711444365754,0.106135018853264,0.123442957108388,0.142618456156678,0.188204114706875
1000,397,"beta1",0.769795982131173,0.776055697098596,0.0616992120583993,0.656775110589,0.746666498705376,0.776055697098596,0.804759010986433,0.852010132062118
1000,398,"alpha0",0.166528378326484,0.133586202588481,0.0944028831022242,0.0626834879548323,0.0948069461424378,0.133586202588481,0.21770318795346,0.404081875776095
1000,398,"alpha1",0.0804967127500327,0.0734950989431301,0.0384685525569755,0.0244487922687589,0.0516964055959286,0.0734950989431301,0.102403120884825,0.174026356726105
1000,398,"beta1",0.731402810834917,0.767442796446054,0.131465412945865,0.41615331815268,0.657858663455946,0.767442796446054,0.831290794504668,0.894817461954021
1000,399,"alpha0",0.085226527453138,0.0730915790998662,0.049304777432569,0.0302994546515039,0.0555333920530066,0.0730915790998662,0.102468176689394,0.19494011833684
1000,399,"alpha1",0.135856267109522,0.134532326962965,0.0325113718869703,0.0774742566977426,0.112541906326857,0.134532326962965,0.156188762102474,0.206690810650143
1000,399,"beta1",0.793656833150694,0.80520764787153,0.0638644766487226,0.651833710546828,0.765086089596319,0.80520764787153,0.834630724749981,0.878783522498959
1000,400,"alpha0",0.105723642710641,0.0922277332627947,0.0528916339757922,0.0529170064119955,0.0739655441143269,0.0922277332627947,0.118260820512518,0.258099367603086
1000,400,"alpha1",0.132343914922031,0.129384314874689,0.0318539561858717,0.0779053874291684,0.110540361891316,0.129384314874689,0.150598616691723,0.205835112150586
1000,400,"beta1",0.764330581996998,0.780154458284831,0.0728901154294731,0.563149608897631,0.739208918999085,0.780154458284831,0.809791610045346,0.855618301326299
1000,401,"alpha0",0.123424940765617,0.117544302536848,0.0474328606429026,0.061381926792256,0.0943888743050611,0.117544302536848,0.13964623095736,0.214439926023764
1000,401,"alpha1",0.164280546404802,0.162354522552565,0.0364283101554396,0.0978950631674794,0.138818584699214,0.162354522552565,0.187245606749053,0.240039733579506
1000,401,"beta1",0.714855954392411,0.719727388272081,0.0686606827599357,0.573630009266904,0.681946067447311,0.719727388272081,0.75867351316695,0.822392947255916
1000,402,"alpha0",0.0897884406026878,0.0740389707956842,0.0695081042246831,0.0341031780794617,0.0537159130541689,0.0740389707956842,0.0962218567995282,0.313329082629724
1000,402,"alpha1",0.0930021051504308,0.0895581529349851,0.0295220072662032,0.0471220090596875,0.0730239590251033,0.0895581529349851,0.108335450710907,0.157498003201041
1000,402,"beta1",0.827895550859714,0.845054369709573,0.0791801316099936,0.577325666077223,0.810249169348757,0.845054369709573,0.871192806456063,0.906613180662033
1000,403,"alpha0",0.102588068637455,0.091861017669202,0.047028084039545,0.0541323934850028,0.0746496574932475,0.091861017669202,0.116795347870081,0.221115094127985
1000,403,"alpha1",0.133321996514648,0.129717615870082,0.033032162940405,0.0823481271110856,0.109268294505612,0.129717615870082,0.152246529399763,0.20851686946351
1000,403,"beta1",0.767001793391549,0.780066241912855,0.0690527679473654,0.602489389579184,0.741370079859231,0.780066241912855,0.810462851048522,0.849978471803786
1000,404,"alpha0",0.116556198151558,0.103940887158965,0.0638432425562488,0.0410769905400709,0.0725453592498177,0.103940887158965,0.140614945707414,0.316859622048646
1000,404,"alpha1",0.0929250512900745,0.0909934390294402,0.0256453693642083,0.0496546925625122,0.0749494053859928,0.0909934390294402,0.10873138164778,0.1458010925946
1000,404,"beta1",0.775615910883682,0.789047801830687,0.0850781773607279,0.528944725733755,0.73787506178736,0.789047801830687,0.835253767950596,0.885457150589826
1000,405,"alpha0",0.155075680102578,0.14199801450364,0.0599231125636556,0.077181049675642,0.111128711665844,0.14199801450364,0.181728915353286,0.304546746659755
1000,405,"alpha1",0.18400251657333,0.181105529835938,0.0401254518633934,0.113846147002334,0.155295684787182,0.181105529835938,0.209605754758011,0.272771633127341
1000,405,"beta1",0.651763757324931,0.666465784352675,0.0892177161112369,0.438600897425957,0.608683037965019,0.666465784352675,0.716006963845737,0.780699982531875
1000,406,"alpha0",0.169519434104777,0.112258116832859,0.14987283292435,0.0310451909815893,0.0610724296249378,0.112258116832859,0.219014049464588,0.585441284130535
1000,406,"alpha1",0.0604833020051359,0.0547991559681459,0.033664798632564,0.012736150356865,0.0371664261086578,0.0547991559681459,0.0777565749045846,0.137042119583404
1000,406,"beta1",0.750229048805551,0.820074472460666,0.185908970386844,0.226007225594929,0.675511404516284,0.820074472460666,0.88743879324606,0.936970486600184
1000,407,"alpha0",0.0625663875851587,0.0572336706433182,0.0382343511683867,0.0260824931883942,0.0445423930766543,0.0572336706433182,0.0712777038003909,0.112875081620793
1000,407,"alpha1",0.106031413037415,0.103362493195795,0.0255282309312019,0.064074679640465,0.0888000566756133,0.103362493195795,0.120181413450302,0.161743963561742
1000,407,"beta1",0.839849779879931,0.846588420168311,0.0524093180449915,0.751566622046743,0.821892658383292,0.846588420168311,0.869182459570617,0.903609492905861
1000,408,"alpha0",0.118766741077002,0.112142075330104,0.0420885298051417,0.0709798780432546,0.0914351669940935,0.112142075330104,0.137707947965923,0.189235731158824
1000,408,"alpha1",0.161416754120721,0.159636890352515,0.0319128028977841,0.105961428581367,0.138672130386653,0.159636890352515,0.18136968519126,0.228158680809907
1000,408,"beta1",0.724105484439333,0.730103611039803,0.0571683286465898,0.620394801937759,0.692597952477402,0.730103611039803,0.762401363850046,0.808403549701462
1000,409,"alpha0",0.131603410528098,0.113633278821084,0.0879868810226186,0.0498721313802732,0.0807897368235592,0.113633278821084,0.153630527321494,0.379093887764295
1000,409,"alpha1",0.0570074006500064,0.0544277227025628,0.0241200690357362,0.0204662369373641,0.0400818140417596,0.0544277227025628,0.07044284567748,0.105282917894208
1000,409,"beta1",0.806385359251997,0.826750236092363,0.0990554409279817,0.495499229749262,0.772288918708054,0.826750236092363,0.865219663719742,0.907668602288474
1000,410,"alpha0",0.125841334552655,0.119865371850275,0.0388819616990237,0.0692501371662433,0.0986856729293461,0.119865371850275,0.145470462900322,0.217174919506869
1000,410,"alpha1",0.133860868225611,0.130663600641566,0.0328676724450351,0.0772802267917922,0.110475365807849,0.130663600641566,0.153678868014492,0.207485281561353
1000,410,"beta1",0.727621210700255,0.733787857374765,0.0603280710886391,0.596391884174805,0.692532077745323,0.733787857374765,0.767941662006747,0.825863162053792
1000,411,"alpha0",0.108200150783292,0.0942256688739045,0.0634729712974514,0.0373349928502061,0.0675942130906553,0.0942256688739045,0.129647349052944,0.254723421656238
1000,411,"alpha1",0.0902033302753192,0.0874156151629326,0.0300019716341054,0.0400159910093814,0.0693626900203182,0.0874156151629326,0.107083708278558,0.157454504357285
1000,411,"beta1",0.803388211128452,0.815073673747088,0.0804529892230525,0.627335499193326,0.770222194046262,0.815073673747088,0.857842667470825,0.906083600943693
1000,412,"alpha0",0.141304912631788,0.124326676887081,0.0644147047694329,0.0643230994588175,0.0963719805576966,0.124326676887081,0.167294799552638,0.310860194800015
1000,412,"alpha1",0.101908235212085,0.0991491478854534,0.0283659672647103,0.05404729531948,0.0815274372751665,0.0991491478854534,0.119176731259484,0.161624689263764
1000,412,"beta1",0.76449719971958,0.7804561388815,0.0758476865482169,0.576229431338964,0.730537560983929,0.7804561388815,0.815065500096939,0.868959732452608
1000,413,"alpha0",0.0715166228197556,0.0623021592946154,0.0470268634712082,0.0341207853838184,0.0526485134340049,0.0623021592946154,0.0775327586745792,0.145967682684376
1000,413,"alpha1",0.0920307750102955,0.0890683280109104,0.0269380049566431,0.0510897838075337,0.0745671461856091,0.0890683280109104,0.105097036900291,0.148356706790492
1000,413,"beta1",0.842674759778786,0.852505571402746,0.0618187288325991,0.731366565558619,0.83047000163915,0.852505571402746,0.872198907752665,0.90339148668254
1000,414,"alpha0",0.11038548903186,0.0752726293245183,0.0883688158940043,0.0267871123157654,0.0486832742619564,0.0752726293245183,0.145198989845989,0.339937236113253
1000,414,"alpha1",0.0715085911588598,0.0621394005694432,0.039493748447942,0.0208649564122151,0.0439273914431821,0.0621394005694432,0.0898778052515,0.168227506663763
1000,414,"beta1",0.806700441321036,0.853315731837757,0.12715948970508,0.473564383072562,0.74374078783765,0.853315731837757,0.898955294792253,0.940052750938448
1000,415,"alpha0",0.0497327920108361,0.0416526561362347,0.0479063382398895,0.0229487931382626,0.0347992618111868,0.0416526561362347,0.0510129204693942,0.124125650433826
1000,415,"alpha1",0.0995872033853235,0.0957173133820608,0.0275439271084479,0.0627549812688674,0.0820735685399869,0.0957173133820608,0.110782762995531,0.166983885011696
1000,415,"beta1",0.85265196395691,0.86353398464305,0.067928768435685,0.714773764147501,0.844812859099685,0.86353398464305,0.879804480930933,0.904176051912394
1000,416,"alpha0",0.113834831219653,0.103426770107381,0.0604100860691628,0.0373019207871688,0.0808572308505703,0.103426770107381,0.126324678616021,0.261183923470514
1000,416,"alpha1",0.124162407831815,0.122014021375307,0.0336162723812835,0.0654649552446922,0.101410762710554,0.122014021375307,0.143514939371009,0.196545663980931
1000,416,"beta1",0.75988999865031,0.772529627019881,0.0802516172528952,0.566336924234385,0.734842546532633,0.772529627019881,0.805441980771662,0.874862061240812
1000,417,"alpha0",0.161774848446644,0.156782591052356,0.0533585149996764,0.0819910578619477,0.125113143296438,0.156782591052356,0.18972044854666,0.265698674449434
1000,417,"alpha1",0.0913418229356307,0.089274167463859,0.0268943238760368,0.0471582588856677,0.0729822802731442,0.089274167463859,0.106049493134502,0.14813748119115
1000,417,"beta1",0.738101767144799,0.743643560110404,0.0675308965958546,0.60239795442899,0.700896891319436,0.743643560110404,0.78546472931472,0.838543217522569
1000,418,"alpha0",0.0901252400740234,0.0855198238044626,0.0324852053465829,0.0520943193817738,0.0696580446038584,0.0855198238044626,0.102445791411576,0.157895186674672
1000,418,"alpha1",0.0983262645884235,0.0961126594798558,0.0279589557450215,0.0541422757218608,0.0798687643550699,0.0961126594798558,0.112673364486529,0.155921199129376
1000,418,"beta1",0.795990935608336,0.801002074306377,0.0514251358398448,0.688826805316306,0.774127594392152,0.801002074306377,0.828688141469125,0.86804660987521
1000,419,"alpha0",0.145794829119113,0.127041733797672,0.0941906194451489,0.0590378334411987,0.0978623529722132,0.127041733797672,0.153455247536046,0.486153298347971
1000,419,"alpha1",0.115703984368803,0.112563940025993,0.0315667275924287,0.0660947544032685,0.0945233166344914,0.112563940025993,0.130884795755144,0.196694380174388
1000,419,"beta1",0.764585604091085,0.783793231040834,0.0990140295659873,0.421101604040279,0.752867057044278,0.783793231040834,0.815419739715644,0.867559442861935
1000,420,"alpha0",0.167063156595434,0.15533598468303,0.0682273266998456,0.0606658579291728,0.121255173809436,0.15533598468303,0.203292362563307,0.323056345757981
1000,420,"alpha1",0.142497921294349,0.138784434346587,0.0416692446080594,0.0712879448274411,0.112057618623102,0.138784434346587,0.169936671468583,0.233268492399923
1000,420,"beta1",0.698780732976838,0.703889079443949,0.0924973100789337,0.493023216524857,0.643687271243757,0.703889079443949,0.761807184603525,0.860942046245733
1000,421,"alpha0",0.182020874313889,0.175137392281478,0.0556277495419025,0.0988071113366467,0.140082200709205,0.175137392281478,0.215091062650736,0.316156654970433
1000,421,"alpha1",0.161153339887559,0.158550251500347,0.0390820230519444,0.092894992190109,0.133936516440881,0.158550251500347,0.184560466034195,0.246729351162087
1000,421,"beta1",0.652982561054934,0.659818973832347,0.0786452634123446,0.473329096784862,0.605267987510983,0.659818973832347,0.711507124257198,0.781292535802064
1000,422,"alpha0",0.205544444179341,0.170527382110596,0.111851426252095,0.0976126612941501,0.140424664726396,0.170527382110596,0.21297325923207,0.556175737109908
1000,422,"alpha1",0.11583711807897,0.109285913912923,0.0409232909651803,0.0536159311032436,0.0876204443866626,0.109285913912923,0.137642256752215,0.207795232301282
1000,422,"beta1",0.654053193668204,0.697732554941579,0.145610121613667,0.204518702026067,0.628738424893345,0.697732554941579,0.74482581879879,0.807388297251108
1000,423,"alpha0",0.0861265309409725,0.0757517038567543,0.0529597698458159,0.0445618284729864,0.0606120114224515,0.0757517038567543,0.0942040403447418,0.221451686175067
1000,423,"alpha1",0.0870230321913013,0.084824923671604,0.0267953613702292,0.0454065191801063,0.0682949455887556,0.084824923671604,0.101142121035138,0.147196564889884
1000,423,"beta1",0.828731876464675,0.839101323548265,0.0670772740027822,0.654589285299728,0.812997637645559,0.839101323548265,0.86208595823952,0.899037583385951
1000,424,"alpha0",0.234960133098451,0.190202649767346,0.13894863434213,0.0807348652527136,0.129849190152136,0.190202649767346,0.302803468233665,0.583712602525031
1000,424,"alpha1",0.114457922899271,0.111249252604005,0.0411490933615787,0.0444793186407024,0.0849745547049781,0.111249252604005,0.139117594172681,0.207844195540763
1000,424,"beta1",0.670050613164185,0.713068142148221,0.154492552099171,0.299697077472093,0.586577076292805,0.713068142148221,0.78531816628707,0.871823539329481
1000,425,"alpha0",0.155874977073328,0.147172145934284,0.0613162069936776,0.0593468223123307,0.108371542812735,0.147172145934284,0.200379113597956,0.277564029711825
1000,425,"alpha1",0.113709474268828,0.110491578325891,0.0325960046877259,0.0605649460741075,0.089987002662154,0.110491578325891,0.133934007674222,0.185841562900418
1000,425,"beta1",0.719082573376137,0.725054004487974,0.0855756837930265,0.547099477919094,0.657494838282756,0.725054004487974,0.7824216042713,0.863389489426252
1000,426,"alpha0",0.287643774124672,0.249152562600411,0.162761187667616,0.0826012571825105,0.16777546043441,0.249152562600411,0.365914547531937,0.716944912907334
1000,426,"alpha1",0.0962211763846876,0.0911284443684776,0.0362885707945386,0.039253728725504,0.0713747071795546,0.0911284443684776,0.115502986104872,0.1853888520673
1000,426,"beta1",0.601624447583865,0.642255086116665,0.187353198691513,0.122376846192509,0.507886654722274,0.642255086116665,0.738514358858789,0.848083513307199
1000,427,"alpha0",0.0876972567379787,0.0800864353087232,0.044387893078457,0.0400593111158164,0.060713239980865,0.0800864353087232,0.101446261592257,0.194306510542169
1000,427,"alpha1",0.135965665153892,0.131423859285882,0.0375053417589987,0.0789321254197107,0.10976404508922,0.131423859285882,0.155929341427678,0.221583066596768
1000,427,"beta1",0.77936165018032,0.790627517978848,0.0708524411368682,0.608871799343988,0.751262344020122,0.790627517978848,0.824085655533404,0.867190003435388
1000,428,"alpha0",0.136073819022116,0.124933562463302,0.0522175825561309,0.0706526342081504,0.0992887125079611,0.124933562463302,0.157025899628665,0.283195936076726
1000,428,"alpha1",0.0971715188885396,0.0941841799518766,0.0302692434822699,0.0482284899812646,0.0768324508310093,0.0941841799518766,0.114196504278725,0.163306597411894
1000,428,"beta1",0.742825210207751,0.756603899492694,0.0761656210843421,0.554467431478336,0.707918773829343,0.756603899492694,0.795245532986796,0.849192951653454
1000,429,"alpha0",0.263244196517396,0.24897501210876,0.0889283328745163,0.126038811989811,0.201589265100055,0.24897501210876,0.314514478368105,0.478178042887884
1000,429,"alpha1",0.158338670580834,0.15642652793816,0.0363296591425929,0.0929097480545503,0.132426866919082,0.15642652793816,0.181845442396702,0.233749701292008
1000,429,"beta1",0.575869101551911,0.58988938873165,0.105034583341752,0.322926407373559,0.514536650664802,0.58988938873165,0.64926875999181,0.748776746909835
1000,430,"alpha0",0.109019070737762,0.0992892511283862,0.0470653613827687,0.0528660481803459,0.0736972741611598,0.0992892511283862,0.137670588528178,0.208305288225509
1000,430,"alpha1",0.0731801492341973,0.0707393894801167,0.0248899443628591,0.0350629025359687,0.0562222126941294,0.0707393894801167,0.0866765254984226,0.124538887383986
1000,430,"beta1",0.799537767824917,0.813250018194199,0.0685739861893265,0.66509570446034,0.759640046118788,0.813250018194199,0.849849149065976,0.889899963997692
1000,431,"alpha0",0.0889159730959171,0.0813227884430609,0.0431019798645683,0.039494770688219,0.0637998370795706,0.0813227884430609,0.10413627366367,0.161985969873524
1000,431,"alpha1",0.143584615670913,0.141029328780033,0.0311428826349817,0.0928563225692163,0.122284472457499,0.141029328780033,0.161688915963488,0.20879614792637
1000,431,"beta1",0.774687694683458,0.782453564079395,0.0595744458668154,0.678011109212612,0.748760802501962,0.782453564079395,0.810449131333585,0.852341205522144
1000,432,"alpha0",0.104193603761251,0.0959695600393296,0.0521114343064836,0.0389295080505982,0.0728480539513365,0.0959695600393296,0.123034325926702,0.243418951423937
1000,432,"alpha1",0.130816511515178,0.127859470272812,0.031925545075899,0.0795976771588041,0.108645139058482,0.127859470272812,0.149580282992714,0.19918679102474
1000,432,"beta1",0.770310303523469,0.779157143066684,0.070401110677952,0.603195629715885,0.737612240360578,0.779157143066684,0.817221016759628,0.869182339329108
1000,433,"alpha0",0.153033305766377,0.119713842133836,0.095645913305494,0.0351976292476547,0.079541255568808,0.119713842133836,0.218579938731178,0.390580399235457
1000,433,"alpha1",0.0863888550551093,0.0829225574155072,0.0330319799502857,0.0348455692346443,0.0627835743557376,0.0829225574155072,0.105146474451725,0.156858148623494
1000,433,"beta1",0.733401348287944,0.768951897547476,0.13447375119784,0.423393135143131,0.643061785655432,0.768951897547476,0.838542844920252,0.915750894042143
1000,434,"alpha0",0.104184530521461,0.0756476333656273,0.0943024332813215,0.0349611172878514,0.0586141649140669,0.0756476333656273,0.106143453048954,0.419524649741369
1000,434,"alpha1",0.0734844025122297,0.0694415514128325,0.0266474185773476,0.034662967368678,0.055671574442302,0.0694415514128325,0.0866277790004358,0.138978537541831
1000,434,"beta1",0.830801425566206,0.860887631004102,0.104367386522989,0.466178675747295,0.822621295595358,0.860887631004102,0.88542891848882,0.9196582389475
1000,435,"alpha0",0.0978840683027793,0.0911323802045709,0.045802377378127,0.0473760303595246,0.0766722025157399,0.0911323802045709,0.107368236011993,0.185527249020287
1000,435,"alpha1",0.105559270656157,0.102532329980583,0.0302553181132962,0.0574986895531722,0.0850750259407823,0.102532329980583,0.122193026510946,0.168265848079526
1000,435,"beta1",0.805288633817815,0.811019859989129,0.0586856006594523,0.705675591567799,0.783743525848929,0.811019859989129,0.837393537853628,0.881369688232415
1000,436,"alpha0",0.114937780011575,0.101358810412117,0.0562144404240963,0.0553586357814795,0.0791065374875014,0.101358810412117,0.131428184534045,0.291923837732764
1000,436,"alpha1",0.141775370202809,0.138532860776262,0.0332790292427614,0.0846807537906061,0.119254021568932,0.138532860776262,0.160928492784013,0.215291819755628
1000,436,"beta1",0.743649416150666,0.759312107427232,0.0776318641756558,0.514437929377285,0.715566808937474,0.759312107427232,0.793039358183388,0.84125877288697
1000,437,"alpha0",0.0990592738357239,0.0903459977420707,0.0492918064102703,0.0413104989413823,0.0716815666922114,0.0903459977420707,0.112318843579394,0.222891004134856
1000,437,"alpha1",0.097524963247908,0.0957449996307159,0.0278840594623864,0.051062712138746,0.0773870185693684,0.0957449996307159,0.113932450530344,0.156336413506878
1000,437,"beta1",0.79489300519341,0.803551326367834,0.0688390812882128,0.633532615537753,0.771248355265961,0.803551326367834,0.835772370641954,0.887920796453441
1000,438,"alpha0",0.213179868582152,0.205857678857498,0.0711179461780438,0.108211576249397,0.163655409177948,0.205857678857498,0.2480633404951,0.381433277959934
1000,438,"alpha1",0.142860545972276,0.139830249818311,0.0359623799912383,0.081542918375148,0.117545772595022,0.139830249818311,0.165256454219604,0.220772535135571
1000,438,"beta1",0.661098521687343,0.666244353317152,0.0801617303984749,0.480765599164077,0.619363398307201,0.666244353317152,0.714343117854911,0.794744515454034
1000,439,"alpha0",0.112167855889512,0.100586474510051,0.0473009811678959,0.0565697402312108,0.0810650155193526,0.100586474510051,0.132669025903785,0.220690453760203
1000,439,"alpha1",0.106092555263926,0.104032319217415,0.0275714684894081,0.0592998417954221,0.0868984297233197,0.104032319217415,0.123028435014462,0.166429630457412
1000,439,"beta1",0.788109499037131,0.798946705655957,0.0592886980141898,0.661185627321425,0.759550297362046,0.798946705655957,0.827782019236755,0.86201457183376
1000,440,"alpha0",0.137756043395603,0.121284938058697,0.0751578081113025,0.0540105460007729,0.0950216342674803,0.121284938058697,0.159009093708291,0.429312558753085
1000,440,"alpha1",0.120367510764967,0.117011300139025,0.0319813816497129,0.0682725012932598,0.0980831095984539,0.117011300139025,0.138187990328387,0.190739843304855
1000,440,"beta1",0.745168904959939,0.762301854384448,0.0946465380918113,0.395984796414294,0.713991121231349,0.762301854384448,0.802325442754941,0.859761898485893
1000,441,"alpha0",0.137913858844482,0.128040991691892,0.0594379940917951,0.0567875486830729,0.0984080045132038,0.128040991691892,0.16426169184803,0.290451169044203
1000,441,"alpha1",0.111215626018845,0.109228256935541,0.0310821742551258,0.0567839625308046,0.0897402555006488,0.109228256935541,0.131197481509994,0.177157664674052
1000,441,"beta1",0.748365421322048,0.75751615637438,0.0797697912584061,0.567172523556834,0.707283958341887,0.75751615637438,0.803793968518274,0.870336532780792
1000,442,"alpha0",0.141134186511197,0.129807048059483,0.049744123471394,0.0689949918741302,0.106774459038015,0.129807048059483,0.168479855166286,0.252555268650373
1000,442,"alpha1",0.108565467355706,0.10578524632674,0.0272103832543859,0.0628800854852118,0.0904671747919939,0.10578524632674,0.124015894061822,0.167662134342169
1000,442,"beta1",0.752114746196449,0.760727937019126,0.0603247139815415,0.625417633250262,0.718335866570543,0.760727937019126,0.793758472212664,0.843471274750157
1000,443,"alpha0",0.141868924754949,0.112270243290284,0.0950957350061342,0.0464108717964425,0.0778661393772754,0.112270243290284,0.168527774436225,0.411626134573728
1000,443,"alpha1",0.090290413801284,0.0861054719370918,0.0289013873430449,0.0454429601062443,0.0711700269105633,0.0861054719370918,0.10605396308718,0.154397010004423
1000,443,"beta1",0.766123290570671,0.799537714326011,0.112855962761763,0.465274965812561,0.725185841272939,0.799537714326011,0.845083253680271,0.894145426406129
1000,444,"alpha0",0.0980491052532349,0.0891009278725266,0.0544194041996931,0.0370107066309879,0.0705224747675411,0.0891009278725266,0.114030794902919,0.191721425783045
1000,444,"alpha1",0.105942600249134,0.103015321755834,0.0287766310869613,0.0599682243897926,0.0867612519649098,0.103015321755834,0.121333307708291,0.172659633818567
1000,444,"beta1",0.801902658379614,0.8096275979425,0.0703628174960967,0.660135146302718,0.775931989245913,0.8096275979425,0.84029911126667,0.897643640163198
1000,445,"alpha0",0.107743721296606,0.0934573284829193,0.0721352350886672,0.0422929253998676,0.0701476631958087,0.0934573284829193,0.118756147218699,0.379145538403246
1000,445,"alpha1",0.0809093061092144,0.0787872792294417,0.0258816640328978,0.0373848741024136,0.0632507305014777,0.0787872792294417,0.0960625654395733,0.137462900042086
1000,445,"beta1",0.799053699665254,0.815763534124957,0.0913247715866341,0.47186506713393,0.776603564967896,0.815763534124957,0.850529464440321,0.901142667564628
1000,446,"alpha0",0.212339525989853,0.16646057515785,0.15066110543459,0.0549623615256258,0.115593967405601,0.16646057515785,0.24067050816584,0.64660358443106
1000,446,"alpha1",0.101916824931395,0.0965736336215098,0.0348162432354442,0.0499694227973368,0.0780883668979261,0.0965736336215098,0.120229434690719,0.191105008370575
1000,446,"beta1",0.688352071230624,0.735294644034626,0.17117663721274,0.181331412161522,0.648127411336807,0.735294644034626,0.801408210515521,0.874844967900925
1000,447,"alpha0",0.17288714596775,0.164039455470898,0.0627846297546015,0.0807141133815701,0.128800961256321,0.164039455470898,0.210233835947114,0.310100519710763
1000,447,"alpha1",0.114095484242275,0.112374487334394,0.0287850512423736,0.0657157898707404,0.0930850759739815,0.112374487334394,0.132192791961131,0.172463144372703
1000,447,"beta1",0.707127682928777,0.717484020777294,0.0799131272249865,0.53468723969808,0.656495444025308,0.717484020777294,0.765185782537342,0.832563245413024
1000,448,"alpha0",0.118182174439888,0.105452001941387,0.0619246343810347,0.0444516275434363,0.0792744053246592,0.105452001941387,0.142712023724825,0.244195857927452
1000,448,"alpha1",0.100162634002904,0.0979406363066055,0.0293094781544726,0.0522272237005693,0.0801739907128073,0.0979406363066055,0.116457989687785,0.162247045884475
1000,448,"beta1",0.779410126294476,0.792306208164932,0.0781669689970672,0.620765121626249,0.741986588214282,0.792306208164932,0.830315148332007,0.890981257384443
1000,449,"alpha0",0.187572284635997,0.171901587501931,0.0830292325008653,0.0881697382492424,0.13431259382025,0.171901587501931,0.221405012440888,0.399550064000607
1000,449,"alpha1",0.108724041600713,0.105969089071275,0.0297456314373297,0.0578062319060258,0.0884060022829293,0.105969089071275,0.126222803274263,0.175478043889926
1000,449,"beta1",0.690989940889788,0.707242924323387,0.102371212410494,0.413764777695571,0.648107818762282,0.707242924323387,0.759391339670455,0.827113903687507
1000,450,"alpha0",0.132247659406796,0.103836506579949,0.0827075369762746,0.0557499630787346,0.0809419608686877,0.103836506579949,0.15393333840931,0.399954745050767
1000,450,"alpha1",0.0617499243048631,0.0578482771021745,0.0290467924903343,0.0197885961924354,0.0416992137288432,0.0578482771021745,0.0766217506398034,0.133518978233811
1000,450,"beta1",0.782016954385665,0.816755379247598,0.111554381439103,0.455560985094003,0.748410616619267,0.816755379247598,0.850696494084322,0.897853716118839
1000,451,"alpha0",0.129400307560131,0.124104009074778,0.0416304274810541,0.0731555244714903,0.100484271387116,0.124104009074778,0.150294905474572,0.213999062995953
1000,451,"alpha1",0.139097553022302,0.136717388430432,0.0312696084525865,0.0869504087365837,0.117859409311558,0.136717388430432,0.157187299483345,0.207064097009685
1000,451,"beta1",0.723036279241855,0.727579010197615,0.0619994808603194,0.596835623777414,0.691026931149594,0.727579010197615,0.763545750352116,0.819111810576379
1000,452,"alpha0",0.201881058291936,0.176171673050002,0.097440012210329,0.0816668626726004,0.130147949635593,0.176171673050002,0.253975213690898,0.446906233238396
1000,452,"alpha1",0.0951686807538331,0.0917668632556296,0.0299773106048015,0.0463050253647873,0.0739029848085788,0.0917668632556296,0.112459637190564,0.162164111716623
1000,452,"beta1",0.699552127327245,0.725809980884982,0.113766100587625,0.42652174159383,0.639883777506955,0.725809980884982,0.785424349661016,0.84986311363934
1000,453,"alpha0",0.164616981988632,0.150198722396561,0.0730851700973341,0.0758246161347739,0.11183764013181,0.150198722396561,0.191575980144461,0.358107408929778
1000,453,"alpha1",0.0904397118667396,0.087313863481809,0.0271319225820148,0.0444394985874243,0.0717241869377555,0.087313863481809,0.106081338434472,0.152134578551176
1000,453,"beta1",0.721970294851945,0.740241141109586,0.0937127858114231,0.479779669358737,0.680152859681947,0.740241141109586,0.788794745184239,0.84569051821985
1000,454,"alpha0",0.0986521264744211,0.0900406060041922,0.0482414166211024,0.0545748226768279,0.0745602278984539,0.0900406060041922,0.109284963617552,0.211686006310527
1000,454,"alpha1",0.103404955411681,0.100980852082403,0.0259835103175891,0.061678581125479,0.0868872678088326,0.100980852082403,0.116476850477908,0.159576023185253
1000,454,"beta1",0.803137290883162,0.812835391235157,0.0622164070849332,0.665502554059488,0.785116049911227,0.812835391235157,0.836387757169336,0.871023763334017
1000,455,"alpha0",0.113354456905302,0.0970847392397145,0.0915489968830798,0.0491582036398551,0.079078537013611,0.0970847392397145,0.11457330319823,0.488227365179847
1000,455,"alpha1",0.12284669659261,0.120874352056631,0.0283522490905558,0.0744929085688017,0.102578641790659,0.120874352056631,0.140817900607976,0.183475213157214
1000,455,"beta1",0.785054222329906,0.798959487945924,0.085593986859706,0.437769560067474,0.772095946339425,0.798959487945924,0.826275463647309,0.865291273055136
1000,456,"alpha0",0.079462507503858,0.0693260293034984,0.0525089609812162,0.035703548394233,0.0579085932840878,0.0693260293034984,0.084627125073691,0.190455145555762
1000,456,"alpha1",0.0943400231507919,0.0922297795139233,0.0246919470665992,0.0550443391453143,0.0785887761951644,0.0922297795139233,0.107269978740703,0.143392447662172
1000,456,"beta1",0.836902229347228,0.847721095414941,0.0587666494997388,0.69800058251183,0.82563777365974,0.847721095414941,0.86542356607557,0.894346426847534
1000,457,"alpha0",0.0893600359835272,0.0784434869238368,0.0674520252990184,0.0323035885596835,0.0564112647384304,0.0784434869238368,0.101409011994659,0.263279752017383
1000,457,"alpha1",0.0810006600450905,0.0799058763148113,0.0221245948516265,0.0441403371599647,0.0657988950227526,0.0799058763148113,0.0936221036488184,0.127722643312811
1000,457,"beta1",0.831324545888147,0.84268612597112,0.0768710262421238,0.632608901909874,0.814507301866391,0.84268612597112,0.870318692951681,0.909891115472717
1000,458,"alpha0",0.137807923870493,0.113202396869215,0.0812752079834266,0.0606373614152659,0.0915001591786858,0.113202396869215,0.152941284880089,0.431386492605504
1000,458,"alpha1",0.103782935018918,0.10037229841706,0.0333802467554345,0.0473702358456017,0.0812041357849167,0.10037229841706,0.122126335696698,0.180198311385362
1000,458,"beta1",0.750757152367383,0.779550512892953,0.107280450420432,0.387172157210789,0.718249324932953,0.779550512892953,0.81537655547802,0.871918813233964
1000,459,"alpha0",0.101052813548898,0.0836993029553097,0.0606586333293471,0.03481207632078,0.0656770824574223,0.0836993029553097,0.120569479740058,0.237969831069748
1000,459,"alpha1",0.0869435727442018,0.0828290646818888,0.0293681617881994,0.0419973121244555,0.0656417871788815,0.0828290646818888,0.103421208356424,0.153472441458465
1000,459,"beta1",0.823530738275222,0.84186307802307,0.0760455274790713,0.652833375070639,0.792764488892645,0.84186307802307,0.872309997269023,0.919560421252624
1000,460,"alpha0",0.10741347948826,0.0973100711557918,0.0484243149318633,0.0513840018803607,0.0741492758699134,0.0973100711557918,0.128239185129213,0.211110201178486
1000,460,"alpha1",0.137933400453107,0.137000682619899,0.0319160670579531,0.0815095584130643,0.116312928235606,0.137000682619899,0.157317695957595,0.197327470653661
1000,460,"beta1",0.757385510795301,0.76454838933896,0.0668333907195107,0.625477042340382,0.726893576501095,0.76454838933896,0.801193709582043,0.850932604069368
1000,461,"alpha0",0.120707189742529,0.114671448547358,0.0503393159890276,0.0583919409053559,0.0829454680356475,0.114671448547358,0.146225722489068,0.21993140037514
1000,461,"alpha1",0.112346199977385,0.108903077907131,0.0305586457042469,0.064500538134486,0.0902524117092471,0.108903077907131,0.13069228937716,0.176669930305783
1000,461,"beta1",0.773658652155467,0.780963803165545,0.0663022729429125,0.625686300420637,0.737940710984509,0.780963803165545,0.821844216439763,0.86513940843519
1000,462,"alpha0",0.110108506761804,0.100455285998067,0.0534272579717448,0.0537843154394551,0.0791982246886611,0.100455285998067,0.126156293052199,0.264512634823448
1000,462,"alpha1",0.0959927760129255,0.092009411470255,0.0269442323835991,0.0539758535637657,0.0769241690651978,0.092009411470255,0.111136571611588,0.159755824625265
1000,462,"beta1",0.797288183090663,0.808066224377809,0.0669681323591375,0.637783489908566,0.770920422446338,0.808066224377809,0.838658851416532,0.880202638267891
1000,463,"alpha0",0.117325384796021,0.110102175567936,0.0435449382385623,0.0612899300755677,0.0873310064726143,0.110102175567936,0.138280791855143,0.205170819993029
1000,463,"alpha1",0.107332689924638,0.104689112241434,0.0293624792743779,0.0573533604294528,0.0869225623016682,0.104689112241434,0.12536150576189,0.17214786212007
1000,463,"beta1",0.773523440154831,0.779219631421946,0.061449726875624,0.658672721748655,0.738911943436562,0.779219631421946,0.816884581584788,0.866145670035597
1000,464,"alpha0",0.186965123137429,0.180792547597598,0.0583358072319966,0.100378637147282,0.145063593246429,0.180792547597598,0.21886776252957,0.335269787127579
1000,464,"alpha1",0.0829234330078207,0.0802747361487415,0.0301670020072118,0.0333141537426161,0.0612245789945738,0.0802747361487415,0.101619144279025,0.148567157091118
1000,464,"beta1",0.722925550871802,0.726866361548029,0.0731390078788791,0.547713430773187,0.682362672166521,0.726866361548029,0.773999602370292,0.845623484752365
1000,465,"alpha0",0.0895662468589009,0.0804746493015522,0.0447514918605771,0.0441315213146203,0.0642910719106826,0.0804746493015522,0.101390167216299,0.165898734722328
1000,465,"alpha1",0.12346872973505,0.119404970995791,0.0300674577955914,0.0769983156652103,0.103366708917532,0.119404970995791,0.13965844641002,0.194125341859773
1000,465,"beta1",0.797709456316331,0.8080928666871,0.0597432886945112,0.683018110056865,0.777704854727605,0.8080928666871,0.833724275805451,0.86858939380978
1000,466,"alpha0",0.175445369248263,0.175257592141319,0.0488848223123039,0.0834372661773506,0.142336807886058,0.175257592141319,0.205923029807582,0.275833580529433
1000,466,"alpha1",0.135212933378965,0.132199528048243,0.0344544010827733,0.074580262357379,0.112097292991693,0.132199528048243,0.15523715561414,0.213009535572711
1000,466,"beta1",0.664060807795584,0.664990248902622,0.072612988649905,0.521325293010027,0.617789763216921,0.664990248902622,0.713614114253861,0.801904817998122
1000,467,"alpha0",0.111091787345913,0.0821813388676584,0.088180991062774,0.0275452523916506,0.0519130325552877,0.0821813388676584,0.138106957302426,0.383802197675005
1000,467,"alpha1",0.0720156902572458,0.0669011705782558,0.0317939865935256,0.0263232892455824,0.0492963323586239,0.0669011705782558,0.0888747129131328,0.146401455566082
1000,467,"beta1",0.808081745157822,0.844229635950804,0.119495254431851,0.451189073085764,0.757531726958274,0.844229635950804,0.891463050739688,0.934727058287848
1000,468,"alpha0",0.212283547314072,0.17583310419371,0.102726654012236,0.0839104068397827,0.13396730170911,0.17583310419371,0.277611189589465,0.453763858574641
1000,468,"alpha1",0.0462801415017521,0.0436916072948706,0.0271544047292394,0.00469249732255346,0.0263414908465782,0.0436916072948706,0.0624922099347822,0.100723061756637
1000,468,"beta1",0.694936578992191,0.732969722016101,0.126584410776652,0.382987916345215,0.623328612285308,0.732969722016101,0.786009683957477,0.864764464016404
1000,469,"alpha0",0.0750630648834033,0.0654352033097931,0.044776202986082,0.0355042373051194,0.04968789416549,0.0654352033097931,0.0845863640768149,0.196991240771953
1000,469,"alpha1",0.10539245665616,0.102245530592278,0.0269839753899679,0.0621472471324503,0.0875366640766201,0.102245530592278,0.119358437152834,0.170198566554009
1000,469,"beta1",0.816062517255862,0.827988315359349,0.066565399371261,0.626547866342972,0.795949368223437,0.827988315359349,0.854873382269713,0.891569397348721
1000,470,"alpha0",0.0823103443551469,0.0637781272429437,0.0718092310274092,0.032027022811536,0.0497231708197552,0.0637781272429437,0.0845678731420273,0.402394428316497
1000,470,"alpha1",0.0795839105001196,0.0766677502988028,0.0276964186536303,0.0364014709575302,0.0609665207350207,0.0766677502988028,0.0937327649278143,0.140337178798987
1000,470,"beta1",0.819363483267112,0.845449375102172,0.105251935259261,0.369450034094802,0.806992604235427,0.845449375102172,0.872584329979919,0.905739059665044
1000,471,"alpha0",0.172114650755152,0.166418108483501,0.0496415260119777,0.0877082554457504,0.137643669905893,0.166418108483501,0.201422309717214,0.27487639067632
1000,471,"alpha1",0.0969317211864364,0.0948892096747062,0.0294305879153083,0.046724100024691,0.0768393682840309,0.0948892096747062,0.115642351975205,0.155719172598307
1000,471,"beta1",0.719119566037958,0.724631439996031,0.0671339002428579,0.585716550658459,0.677757687415425,0.724631439996031,0.764297564719789,0.834149267790541
1000,472,"alpha0",0.10234144463388,0.0960982683763691,0.0441557895133063,0.0446198996533729,0.0740064081958864,0.0960982683763691,0.122668067362763,0.200504574316809
1000,472,"alpha1",0.123512079798417,0.121679247591268,0.0315571461842927,0.0672684807953192,0.101714405692357,0.121679247591268,0.14231534337583,0.19409685754726
1000,472,"beta1",0.775909989093209,0.784087275288547,0.0647688461509708,0.63775805719542,0.742357684590985,0.784087275288547,0.817913352339999,0.876725015113854
1000,473,"alpha0",0.160077314013346,0.14768119143526,0.0731188586145159,0.0659667710055197,0.107722839179819,0.14768119143526,0.196422437713264,0.358496680283356
1000,473,"alpha1",0.114694952577692,0.112146338672361,0.0354210484183629,0.0572236304479332,0.0887782445432056,0.112146338672361,0.136878240289759,0.193419041967416
1000,473,"beta1",0.736019415975326,0.74788389786563,0.0923788042407697,0.488122537748646,0.686098465899107,0.74788389786563,0.807181060338665,0.863089443790877
1000,474,"alpha0",0.202586343507735,0.186885535627463,0.0725810283917768,0.0996364704082929,0.149952073889073,0.186885535627463,0.241757352930655,0.378976392805863
1000,474,"alpha1",0.101364920478818,0.0988866073168792,0.0339489152211127,0.0445516065052808,0.0765455181591931,0.0988866073168792,0.122800906046128,0.178223222713652
1000,474,"beta1",0.674510034636419,0.69237134523546,0.0939603807990985,0.455897758408707,0.614118694454823,0.69237134523546,0.743947344297842,0.818385798850481
1000,475,"alpha0",0.11571581823744,0.105008591024914,0.0568267740006552,0.0483102571068013,0.0801706080982182,0.105008591024914,0.133440960239898,0.271941135539267
1000,475,"alpha1",0.132939841030031,0.129124434464477,0.0337793763778266,0.0773479874697165,0.109458095315118,0.129124434464477,0.151520561297987,0.205666812082597
1000,475,"beta1",0.740722614597329,0.756962565660062,0.0846623917213023,0.512617294433425,0.706280927177207,0.756962565660062,0.795054258122909,0.856486177244784
1000,476,"alpha0",0.141504308559397,0.134253272862516,0.0515491958031699,0.0632375199378541,0.105343012409687,0.134253272862516,0.174022970422592,0.241330284420482
1000,476,"alpha1",0.100089616554326,0.0976096625639097,0.0329623298973999,0.043259878772638,0.0766140029505435,0.0976096625639097,0.120608110204891,0.165678363148655
1000,476,"beta1",0.750597732242099,0.75537342350708,0.0722735180991033,0.61706624558776,0.707430558710375,0.75537342350708,0.800423487421832,0.873357972069733
1000,477,"alpha0",0.0948670043466713,0.0806300272402938,0.0607297729806427,0.039805248221535,0.0638001764464752,0.0806300272402938,0.104777224445734,0.318272045859684
1000,477,"alpha1",0.086871793564286,0.0848898064931291,0.0252635300723084,0.0455470056176677,0.0696454457661096,0.0848898064931291,0.100753939951865,0.141342918402599
1000,477,"beta1",0.815278870371781,0.830641854588385,0.077725802606505,0.55634790026593,0.799017316912334,0.830641854588385,0.855729157761845,0.894875016233258
1000,478,"alpha0",0.209926693280311,0.193117641665333,0.0768024286085041,0.0912752032292207,0.151822445380926,0.193117641665333,0.260721390466338,0.373158660666502
1000,478,"alpha1",0.119518981562008,0.116851170640919,0.0331810053565095,0.0631602153014978,0.0959465902533871,0.116851170640919,0.140026661217598,0.193390836425577
1000,478,"beta1",0.68538934209367,0.702009686966094,0.0904443075371868,0.500175952165777,0.623811180728435,0.702009686966094,0.753225239828063,0.832114315869071
1000,479,"alpha0",0.110045174870238,0.0955212410960931,0.0656823583314697,0.0523586889218153,0.0761909449353221,0.0955212410960931,0.120910838293657,0.370209873600724
1000,479,"alpha1",0.113936836776482,0.110473517291509,0.0309190825710537,0.0650761455666679,0.0932013974185652,0.110473517291509,0.130630748511631,0.185898919009375
1000,479,"beta1",0.783462276456005,0.798258821349552,0.0818218421414452,0.473759887508396,0.761220319380282,0.798258821349552,0.83026967337547,0.873017600899634
1000,480,"alpha0",0.11677225577116,0.0989583193099985,0.0624713372651897,0.0502546075283001,0.0749723631616867,0.0989583193099985,0.138700205519503,0.29796701784477
1000,480,"alpha1",0.116416052667878,0.112830407993048,0.0290737068032864,0.0718402674506548,0.0956987390432888,0.112830407993048,0.132278040581316,0.180616274681146
1000,480,"beta1",0.751318001545561,0.775360393333261,0.0917544306865875,0.484722282343803,0.716224013859672,0.775360393333261,0.813938484680385,0.858764906546103
1000,481,"alpha0",0.0979464338692338,0.0898572306494262,0.0467038495694138,0.0530790286377168,0.0727563021464473,0.0898572306494262,0.110295019224435,0.189771150486066
1000,481,"alpha1",0.0963692993759788,0.0946923541826508,0.0243205532265414,0.0561335165515384,0.0794662065882899,0.0946923541826508,0.110373557155449,0.147738284355264
1000,481,"beta1",0.814383696149889,0.823068122494346,0.0565562089939925,0.692162470708748,0.793922516290743,0.823068122494346,0.846200156675763,0.882308396116334
1000,482,"alpha0",0.295452494063648,0.261953525558341,0.175196149038992,0.0564432028464665,0.153485652342481,0.261953525558341,0.423882211399516,0.666720587631896
1000,482,"alpha1",0.0656480904058462,0.0618497472622811,0.0321230419844632,0.0130964701740852,0.0434715679216055,0.0618497472622811,0.0842956262942051,0.136581849711328
1000,482,"beta1",0.597811279361987,0.622167998001536,0.197737772724238,0.198737529802682,0.448938908599364,0.622167998001536,0.763628425606752,0.883960436625375
1000,483,"alpha0",0.151768406032501,0.140857109489401,0.0673192272831894,0.0562575966119294,0.101426255628931,0.140857109489401,0.190778967828785,0.320330319430774
1000,483,"alpha1",0.101873724921397,0.0976152939324314,0.0377405023528783,0.0460973018721834,0.076265242785575,0.0976152939324314,0.120077450312623,0.184647664460724
1000,483,"beta1",0.711827287318535,0.729005355157054,0.100149616804766,0.472120813272985,0.65421115915766,0.729005355157054,0.784974537522039,0.855571775082345
1000,484,"alpha0",0.0870800570397868,0.0788482052684302,0.0564121845131659,0.0314473186995892,0.0536616136423515,0.0788482052684302,0.104483304033667,0.181463238217565
1000,484,"alpha1",0.100167069250656,0.095693290273529,0.0291635971583224,0.0574175143405073,0.0801257254717091,0.095693290273529,0.115302803675739,0.167502995461876
1000,484,"beta1",0.79102128730348,0.80164804889944,0.0907535878959034,0.642619493140182,0.758749070834002,0.80164804889944,0.845493560477007,0.895770595467273
1000,485,"alpha0",0.112946416225452,0.106074796267716,0.0468160626651541,0.0523041613098653,0.0845058938195453,0.106074796267716,0.126362373613868,0.25792889291711
1000,485,"alpha1",0.114431017865602,0.111456692200528,0.030884663001631,0.0658543041443749,0.0923250677597767,0.111456692200528,0.132132133849711,0.179738868553784
1000,485,"beta1",0.756369242585687,0.765467126086799,0.0714312996336757,0.564664946200399,0.727938400716476,0.765467126086799,0.801821226538698,0.857153257758055
1000,486,"alpha0",0.133475368595358,0.112554252747962,0.0684767696664812,0.0625980042710685,0.091501871235592,0.112554252747962,0.155472812335463,0.321050856996292
1000,486,"alpha1",0.0999897759791413,0.0979712838887319,0.0294163536356791,0.0507283008736567,0.0790523600771622,0.0979712838887319,0.11771501487632,0.165345624173046
1000,486,"beta1",0.757146660921595,0.779845768749302,0.0877507225036667,0.534644009041774,0.72017474596556,0.779845768749302,0.815325070899845,0.860895496342572
1000,487,"alpha0",0.177660939343202,0.160654519980886,0.0665495883518921,0.0972446423524241,0.131419796470451,0.160654519980886,0.204100746208802,0.336345682179708
1000,487,"alpha1",0.112221684930719,0.109760181146986,0.0306695522293637,0.0608877776791493,0.0904168089579186,0.109760181146986,0.129585498261527,0.178768902512523
1000,487,"beta1",0.706636401547326,0.722434166350856,0.0806331941863645,0.532096468034213,0.667436132275575,0.722434166350856,0.764436358955848,0.812556661495632
1000,488,"alpha0",0.262416102867495,0.256907546690311,0.102514109279412,0.0963617979399878,0.181494265991368,0.256907546690311,0.335622898759492,0.470157718269739
1000,488,"alpha1",0.158755455756492,0.15438322954266,0.0451091066961604,0.0841219833664108,0.126181787522282,0.15438322954266,0.187022390082647,0.258955885184132
1000,488,"beta1",0.573565686106945,0.577496074432614,0.133381461093882,0.309257719682193,0.474918411951024,0.577496074432614,0.678270899325372,0.802709353179921
1000,489,"alpha0",0.167388894657985,0.159749263435095,0.0685587042590033,0.0567083373087243,0.123690693126,0.159749263435095,0.206026653579777,0.333470624240782
1000,489,"alpha1",0.104595121150556,0.102283095906124,0.0311940221058542,0.0540567553204161,0.0821867362827949,0.102283095906124,0.121843553472008,0.171697804088618
1000,489,"beta1",0.73475514132858,0.743042843306702,0.0866724166020081,0.536114003996552,0.685739218771389,0.743042843306702,0.791425045023035,0.881186241245396
1000,490,"alpha0",0.159275933079237,0.133316492210915,0.0952814931781975,0.0551990769033494,0.0964909971715811,0.133316492210915,0.190519973273698,0.428666030749335
1000,490,"alpha1",0.0823365871918388,0.0781464710000781,0.0307675911598621,0.034467691750831,0.0608969200510833,0.0781464710000781,0.0989396289150441,0.15509527219223
1000,490,"beta1",0.76482774724152,0.793620245442195,0.111249659302432,0.469840221850902,0.715936197061451,0.793620245442195,0.840604218348257,0.897733131253427
1000,491,"alpha0",0.162549736304126,0.156956689201967,0.0688744909302929,0.0544660107085741,0.116809399607604,0.156956689201967,0.196602619292612,0.302973743387256
1000,491,"alpha1",0.169231884005587,0.16565803681565,0.0389081997759679,0.102169599146221,0.142600826478564,0.16565803681565,0.193163061391638,0.255996869856267
1000,491,"beta1",0.673147282629402,0.677568263395609,0.0904901108411856,0.486854422848681,0.621658589811794,0.677568263395609,0.735390664903208,0.820383545944639
1000,492,"alpha0",0.100932025394109,0.0786210388492985,0.0710060065501826,0.0476862690895208,0.0636464406064408,0.0786210388492985,0.11090913568155,0.40722055134616
1000,492,"alpha1",0.0967184907831164,0.0927150385583983,0.0312173974528145,0.0480381845194262,0.0758965341090987,0.0927150385583983,0.112834969067366,0.170910677253457
1000,492,"beta1",0.804515866016622,0.82838105206181,0.0908353480127959,0.443472978615993,0.784569025838735,0.82838105206181,0.854740882721806,0.890622775042837
1000,493,"alpha0",0.103070938651898,0.0794661373114874,0.0940400444947298,0.034894801244825,0.0581390370195941,0.0794661373114874,0.100825027577106,0.471410202228353
1000,493,"alpha1",0.0735560958626974,0.0690844347572495,0.0295579483294922,0.0342643817517644,0.0560797411593189,0.0690844347572495,0.0843569463953421,0.139624564465126
1000,493,"beta1",0.823807426870485,0.851844509300217,0.113406447498138,0.384128738252618,0.818828109358453,0.851844509300217,0.877354042045533,0.921094783256394
1000,494,"alpha0",0.221335678474262,0.216635793290714,0.0614835405079435,0.120827319958569,0.178999293690494,0.216635793290714,0.255789451872969,0.348757203048898
1000,494,"alpha1",0.159177733529625,0.156936701348425,0.0353157882295273,0.0972979735611182,0.13370768917021,0.156936701348425,0.182734132102522,0.233873409963823
1000,494,"beta1",0.62062692603462,0.622814302164346,0.0762960823126402,0.463974011906395,0.574368198026479,0.622814302164346,0.67299053427413,0.759427399450522
1000,495,"alpha0",0.110892877062574,0.101667287985237,0.0582153062672114,0.0356835951127267,0.0769491138076592,0.101667287985237,0.130578282444953,0.297513215454165
1000,495,"alpha1",0.131939799893666,0.128662964311382,0.036049408999305,0.0719212408337164,0.107171596267845,0.128662964311382,0.152451633374176,0.21329385735009
1000,495,"beta1",0.778455466875613,0.786398071488817,0.0742173540788237,0.556922077659241,0.744974568197322,0.786398071488817,0.82686861632174,0.8855672313435
1000,496,"alpha0",0.200668264631034,0.174141465339751,0.101835502155293,0.0809521581014587,0.136632201207569,0.174141465339751,0.224921662390939,0.507075426145419
1000,496,"alpha1",0.095978968050614,0.0923586617865592,0.0307158192557982,0.0477578076215627,0.0752637248103655,0.0923586617865592,0.112187176557034,0.167924894586903
1000,496,"beta1",0.697948529676124,0.728636024722128,0.117935707149532,0.353010028220556,0.663317485148381,0.728636024722128,0.772381806919175,0.837840068329482
1000,497,"alpha0",0.152959580646279,0.141320606461162,0.0554148593759424,0.0786159040160913,0.115294453676812,0.141320606461162,0.179175668407261,0.291729972663141
1000,497,"alpha1",0.132855068676869,0.128792473313243,0.0348241322472168,0.0759973517529632,0.108993363298654,0.128792473313243,0.153217126413971,0.208059710994618
1000,497,"beta1",0.72413748651003,0.732962219706671,0.0719544619116444,0.55856537403045,0.68684254195193,0.732962219706671,0.773250926254451,0.83144032953126
1000,498,"alpha0",0.0934026606169326,0.0807928447053964,0.0650158089187312,0.0289566464194251,0.0521743043587529,0.0807928447053964,0.118587742736795,0.257547208652404
1000,498,"alpha1",0.0894958086588045,0.0863095680859233,0.0313641246138774,0.0404434187852859,0.0676057834368925,0.0863095680859233,0.107173965702919,0.15249865804639
1000,498,"beta1",0.828822739980809,0.841560118159968,0.0798225272205229,0.648617253879661,0.791613070508216,0.841560118159968,0.882597939683759,0.929387160413814
1000,499,"alpha0",0.109214643010073,0.0967589488076852,0.057708379459812,0.0551964725336511,0.075940684395872,0.0967589488076852,0.124067217103206,0.25763693241684
1000,499,"alpha1",0.10917780683833,0.107091911289419,0.0266637911167639,0.0648288779231768,0.0904918461109961,0.107091911289419,0.125276804720276,0.168068869222103
1000,499,"beta1",0.779824669365654,0.794270519413912,0.07379310107749,0.595833482004106,0.756270262912374,0.794270519413912,0.822929493161554,0.864219508943541
1000,500,"alpha0",0.205883032104666,0.19114070763967,0.0762022486119005,0.101953635939152,0.149321462216338,0.19114070763967,0.245134543954924,0.401515492772872
1000,500,"alpha1",0.103407698146948,0.100414118786777,0.0311648725751746,0.0502339587183167,0.0825062791314288,0.100414118786777,0.120499833637455,0.17372214460953
1000,500,"beta1",0.714539368970216,0.726199227374864,0.0821490448012404,0.506854773362727,0.674391743158878,0.726199227374864,0.774033918741024,0.834171515951908
