"T","replica","parameter","mean","median","sd","2.5%","25%","50%","75%","97.5%"
500,1,"alpha0",0.123368489368581,0.121514349202567,0.0291456011058831,0.0780754537464731,0.106881081264763,0.121514349202567,0.13807552777882,0.167907603878404
500,1,"alpha1",0.762089156424185,0.768370578995884,0.0931736823672562,0.567929932878317,0.710479529468248,0.768370578995884,0.82615525034151,0.912793343838223
500,1,"beta1",0.132403117465283,0.130641561804252,0.0641141027560122,0.0214323133557184,0.0821135240533367,0.130641561804252,0.175757901497262,0.262794169434183
500,2,"alpha0",0.0879568162385214,0.0860036124474432,0.0231876254909582,0.06098615288972,0.0762266628645195,0.0860036124474432,0.0967460916283398,0.12070536740026
500,2,"alpha1",0.687913813051648,0.689137414048003,0.0871120920608346,0.516034697116279,0.630204660910525,0.689137414048003,0.751375925954371,0.848270389384496
500,2,"beta1",0.207379874296458,0.208272093079766,0.0603827384468852,0.09949056847779,0.16266721193272,0.208272093079766,0.248362403021204,0.327834698823671
500,3,"alpha0",0.0936922015548713,0.0931832049898495,0.025263874998628,0.0607106522375109,0.0819021893687165,0.0931832049898495,0.103064038165349,0.122247994149754
500,3,"alpha1",0.672502240063205,0.67536350056392,0.0680938040817553,0.539513542886413,0.631692902267634,0.67536350056392,0.719627122756297,0.790141559275723
500,3,"beta1",0.252229034631696,0.249431967116476,0.0475872257083622,0.166903986423317,0.219116653918692,0.249431967116476,0.281479373471295,0.352936929703107
500,4,"alpha0",0.134239082462243,0.132520353162161,0.0285633778909365,0.0894710546376798,0.115464189184246,0.132520353162161,0.149625587605263,0.186518506799539
500,4,"alpha1",0.679485304345513,0.678571048599434,0.0955071967841843,0.501069423234999,0.617503568084993,0.678571048599434,0.743337071492535,0.870038647782888
500,4,"beta1",0.170493905009083,0.16378152159904,0.0621631164109136,0.0665159296534282,0.124270655925125,0.16378152159904,0.21097994224183,0.303136651820561
500,5,"alpha0",0.106285686128112,0.104903957197555,0.0254358517736318,0.073698509599449,0.0949718067417734,0.104903957197555,0.114893035290236,0.137594328057446
500,5,"alpha1",0.687935467541387,0.691047582462479,0.0902471616495097,0.519822058658382,0.627505285440203,0.691047582462479,0.754015053583865,0.845112464428935
500,5,"beta1",0.157481321211193,0.152235868365619,0.0479338243951556,0.0793611948270218,0.122921926440472,0.152235868365619,0.1857123314021,0.268114619780101
500,6,"alpha0",0.0936517880242594,0.0924025604318051,0.0244132981634575,0.0608603760406866,0.0826703021975306,0.0924025604318051,0.102574795773281,0.123245989059145
500,6,"alpha1",0.666938207543523,0.667696150703773,0.0847884337680575,0.490696200652614,0.612180349806517,0.667696150703773,0.721843206525506,0.829265345857422
500,6,"beta1",0.192139195871124,0.188094793746271,0.0521019432419934,0.100102290290623,0.155168132869525,0.188094793746271,0.226260626111019,0.305224206069668
500,7,"alpha0",0.141600836158297,0.142075009357375,0.027816748793354,0.0918308568751971,0.126586296342915,0.142075009357375,0.157001073571775,0.185392020237984
500,7,"alpha1",0.675596970027117,0.673783537554447,0.0825235416716399,0.523102883233269,0.619366865280871,0.673783537554447,0.732303786749075,0.834548213718128
500,7,"beta1",0.171420878372337,0.1622233475914,0.0565714458365792,0.0828992159423378,0.131652127383147,0.1622233475914,0.201836789390015,0.309752341753972
500,8,"alpha0",0.144257752364568,0.143434855911165,0.0257882747469483,0.104184293287764,0.129246255830219,0.143434855911165,0.157699514420039,0.18118991349475
500,8,"alpha1",0.650605350908019,0.647396153109877,0.0986688929331268,0.472777354275815,0.580617706742893,0.647396153109877,0.716675715682693,0.844108038603906
500,8,"beta1",0.0766367316693316,0.0697623623513854,0.0490655753575418,0.00721083387568203,0.0398465081945091,0.0697623623513854,0.104032762880958,0.192468502851612
500,9,"alpha0",0.110923833167815,0.110198885306924,0.0235130358120624,0.072384343490582,0.0981403669652022,0.110198885306924,0.121860970101909,0.153108415107347
500,9,"alpha1",0.698202285310109,0.699416576413471,0.0963390634417555,0.515080903799646,0.633936075989087,0.699416576413471,0.767812668198304,0.866905277404827
500,9,"beta1",0.15320281747775,0.145187596900647,0.062862766102273,0.0505990229809483,0.108132316148226,0.145187596900647,0.188801187701257,0.300734083706633
500,10,"alpha0",0.0687046277796186,0.0656940579099893,0.0256632606000455,0.0391337030873546,0.0554752008739698,0.0656940579099893,0.0782947647368383,0.103641862079768
500,10,"alpha1",0.560500548492659,0.561911730440124,0.0857742218998749,0.381247813280658,0.503529537904127,0.561911730440124,0.624861892912486,0.712325964859962
500,10,"beta1",0.35484052192177,0.351119908510774,0.0811539465620577,0.204835051090633,0.296897363965134,0.351119908510774,0.40933345137006,0.52172856917801
500,11,"alpha0",0.141042851061373,0.138346717697747,0.0309738007118462,0.0964195561891128,0.121718158168968,0.138346717697747,0.157039272497987,0.192550902906534
500,11,"alpha1",0.727297649415949,0.738547082017607,0.0953558989955264,0.532533733224232,0.667518926033041,0.738547082017607,0.798255607432259,0.879640197345185
500,11,"beta1",0.143173246154321,0.136668898992524,0.0539842408352401,0.0519448112684436,0.105724776771223,0.136668898992524,0.174247314318153,0.267266915221337
500,12,"alpha0",0.120842602472202,0.120252802626205,0.0247992907513525,0.0821914081794613,0.107196862839498,0.120252802626205,0.132643475986705,0.157857712052601
500,12,"alpha1",0.585879041333282,0.580880076830261,0.0799151281115257,0.440219785913399,0.530675375781596,0.580880076830261,0.637818486062389,0.75542653647359
500,12,"beta1",0.232706857564397,0.227052282538635,0.0641290275982185,0.127272533817095,0.185965682103613,0.227052282538635,0.272807056635297,0.374714217507266
500,13,"alpha0",0.125375893840261,0.124345933389082,0.0243968981774665,0.0863476396502801,0.11112021030857,0.124345933389082,0.137518313854683,0.165916976345043
500,13,"alpha1",0.680787332300681,0.68262790195484,0.0918518680963926,0.502678424703257,0.617714783944764,0.68262790195484,0.749297845897355,0.839320907603638
500,13,"beta1",0.187419344241757,0.184473431899077,0.0569329689114679,0.0817471605750593,0.147998568339377,0.184473431899077,0.224131976470848,0.307195325200151
500,14,"alpha0",0.12428209506506,0.122091871758013,0.0298814782778898,0.0790362798140349,0.106288432738278,0.122091871758013,0.138588607064388,0.179001151209729
500,14,"alpha1",0.602217062031312,0.605236715825541,0.08691197078134,0.424449001632804,0.54858492008249,0.605236715825541,0.663390371258614,0.751087733253617
500,14,"beta1",0.211085097227586,0.206392338540672,0.0641114244742627,0.0964486034355448,0.164608152483963,0.206392338540672,0.256571519153101,0.337688637187213
500,15,"alpha0",0.0891570704688256,0.0874016963891865,0.0258770053323117,0.0557684610281687,0.0770267900834198,0.0874016963891865,0.0988638889293029,0.123056695384892
500,15,"alpha1",0.608185183422454,0.610670968765653,0.118729268835804,0.376659195183768,0.527280996075151,0.610670968765653,0.695146480985932,0.820004169099477
500,15,"beta1",0.218848234106691,0.209112516988741,0.080725483715734,0.0925720239576203,0.160735371656482,0.209112516988741,0.266711879166472,0.406956096184827
500,16,"alpha0",0.121270097547413,0.118129829262947,0.0332115986834695,0.0711125504676748,0.101650732780308,0.118129829262947,0.135805773406142,0.183951125789232
500,16,"alpha1",0.650815447407991,0.651242288291038,0.0907600740059007,0.469554126351729,0.592398023400925,0.651242288291038,0.713096849210296,0.828620500125539
500,16,"beta1",0.198738918306967,0.19773837435321,0.0785436727833082,0.0471002989369201,0.146760816290607,0.19773837435321,0.248215906774069,0.363406917143871
500,17,"alpha0",0.0902583221833185,0.087757576366809,0.0288746158944013,0.0520183353332788,0.0749574035520728,0.087757576366809,0.101410431352632,0.140773541909563
500,17,"alpha1",0.551415333775989,0.546915858992739,0.0859296018109422,0.392896431257062,0.48833690774299,0.546915858992739,0.616814756497831,0.711768022701454
500,17,"beta1",0.341440677398454,0.338569388872677,0.0773940346161233,0.192381286942666,0.289695647690638,0.338569388872677,0.39321662491541,0.49668538955276
500,18,"alpha0",0.121538699347447,0.120541429955367,0.0245556770680928,0.0844021487750067,0.108045415207852,0.120541429955367,0.132658511349129,0.158373269362428
500,18,"alpha1",0.646231184962228,0.64681057663262,0.0926742573148717,0.451586363931785,0.58986821400853,0.64681057663262,0.71059554926649,0.814427942922346
500,18,"beta1",0.156711002610032,0.150216643963548,0.0600444372505332,0.05803154116408,0.112559235990951,0.150216643963548,0.195302414874535,0.285945774743031
500,19,"alpha0",0.0981065540357246,0.0965025808964566,0.0242703521588441,0.0662562366980424,0.0855062419284942,0.0965025808964566,0.107418030336918,0.132877572771485
500,19,"alpha1",0.695629516216211,0.698622609836369,0.0784001798070821,0.539672412738519,0.646789588676975,0.698622609836369,0.751270857987155,0.83662604031412
500,19,"beta1",0.19573185605592,0.191977470678325,0.0523251815161591,0.104203735461037,0.159040454491437,0.191977470678325,0.229348398206489,0.312419323691546
500,20,"alpha0",0.10464801965634,0.103211438751041,0.0245881732558567,0.0684477817691845,0.0901572223288332,0.103211438751041,0.116729669007058,0.14267238312978
500,20,"alpha1",0.675066310794158,0.676144118750385,0.0955863408511874,0.505591002860163,0.614709604177257,0.676144118750385,0.738538477266121,0.856590518524392
500,20,"beta1",0.144769873596547,0.138290394901899,0.0675528357699518,0.0344528227976432,0.093150834634597,0.138290394901899,0.18908979769164,0.285168140667253
500,21,"alpha0",0.0964137545753745,0.0953692817954015,0.0235550725515528,0.0657883392035866,0.0848585589716999,0.0953692817954015,0.105334731775174,0.126126907058443
500,21,"alpha1",0.718694215544603,0.723033399836016,0.0773018486177672,0.564405479919954,0.666470781098473,0.723033399836016,0.775768761921662,0.851377617224998
500,21,"beta1",0.205685873366408,0.201287833643165,0.05224316792426,0.115501796955457,0.169410579676108,0.201287833643165,0.23791812402557,0.31886780586143
500,22,"alpha0",0.0929625974740706,0.0907919250663737,0.0278771057347044,0.0613664124404274,0.0803010356572357,0.0907919250663737,0.101135791024753,0.131662311651728
500,22,"alpha1",0.67668315353422,0.680476346142866,0.0794853392958546,0.519970182743744,0.622339375196168,0.680476346142866,0.736237092432464,0.814187665442512
500,22,"beta1",0.201708879553837,0.197591712197743,0.0510355810383596,0.105145728513194,0.167995090039419,0.197591712197743,0.234362050443956,0.309489375558882
500,23,"alpha0",0.0737726589641486,0.0720982087114559,0.0258911868814526,0.0446445659739719,0.0630094870643377,0.0720982087114559,0.0814026844959193,0.101222161846478
500,23,"alpha1",0.505237081544701,0.505356471348068,0.0769446621321656,0.353993717255136,0.452084736799507,0.505356471348068,0.558788398046142,0.653087402971172
500,23,"beta1",0.316120574642539,0.312260382905591,0.0661317673348299,0.193638742790541,0.271939558177129,0.312260382905591,0.356470889745719,0.455855739432416
500,24,"alpha0",0.100973729697363,0.0985254341795872,0.0295792256803504,0.0606506041653833,0.0854411467311133,0.0985254341795872,0.112583698101909,0.148386320815849
500,24,"alpha1",0.602084257751198,0.606012352162205,0.0789403151061144,0.451427522003262,0.548660301620846,0.606012352162205,0.659234351746372,0.741979277053873
500,24,"beta1",0.290530551521307,0.289860781654473,0.0699835508311254,0.154681674795496,0.246174554873136,0.289860781654473,0.333437945625759,0.428798196092776
500,25,"alpha0",0.112101733974074,0.110909986911052,0.0256369206696534,0.0743790990006024,0.0976269231219021,0.110909986911052,0.124320914929548,0.1507326802027
500,25,"alpha1",0.628749316629038,0.632969165067805,0.0881753287141133,0.453269350566187,0.57226420175744,0.632969165067805,0.693005781656345,0.782050330024716
500,25,"beta1",0.257595328231215,0.255508338520062,0.0590499166586089,0.147422481879454,0.217054601876483,0.255508338520062,0.295486560144136,0.383917556480118
500,26,"alpha0",0.114244511107614,0.113207701767447,0.0271710899956546,0.0777979036296608,0.100680833825592,0.113207701767447,0.125065832969767,0.150332586568194
500,26,"alpha1",0.762100095418359,0.767978576061232,0.0837435995838167,0.588449834558089,0.71213671330007,0.767978576061232,0.817899491587778,0.907504582758124
500,26,"beta1",0.155694021761676,0.155579303277694,0.0535903649465626,0.0548171777353597,0.118092705000534,0.155579303277694,0.1905745594542,0.268425010819228
500,27,"alpha0",0.110081336938514,0.108299148778898,0.0253126271828234,0.0742555428934408,0.0962777078991425,0.108299148778898,0.121125763498319,0.151776755625335
500,27,"alpha1",0.818127175149959,0.826635387396693,0.078079209905352,0.661331722144171,0.780134043724727,0.826635387396693,0.868570425282158,0.929594721253966
500,27,"beta1",0.117683131618372,0.116333592147125,0.0488617749535956,0.0280414207407748,0.0824001084522725,0.116333592147125,0.150934356784105,0.217414587524603
500,28,"alpha0",0.0952927320923086,0.094100548241568,0.0229000465127512,0.0679834736754079,0.0852095229896798,0.094100548241568,0.10287663026629,0.121549286965573
500,28,"alpha1",0.71970050887802,0.725754158044216,0.0866145515114911,0.538472567618771,0.668563858814785,0.725754158044216,0.78088522632724,0.863643292062221
500,28,"beta1",0.175620639477945,0.17074347630665,0.0527983572250339,0.0860604719564108,0.138872333802023,0.17074347630665,0.207793735568783,0.289475562293464
500,29,"alpha0",0.112159285504949,0.111463555809604,0.0212482465126716,0.0833379146537369,0.100839669156863,0.111463555809604,0.121468821263322,0.14060429880368
500,29,"alpha1",0.805346859416141,0.821971926563682,0.0946670368513442,0.600172092808568,0.753867615761941,0.821971926563682,0.87463086946959,0.937530129623875
500,29,"beta1",0.0634329588112741,0.0566324092682481,0.036281381266416,0.0114411108051121,0.0370787791092896,0.0566324092682481,0.0824999204171512,0.150831986172688
500,30,"alpha0",0.0819224671842776,0.0802170249390175,0.0258154787450575,0.0540531789494616,0.0706218334647075,0.0802170249390175,0.0897003913795172,0.110999449478093
500,30,"alpha1",0.693583667455465,0.699154878041709,0.0684318031891654,0.54991314394106,0.649970046817426,0.699154878041709,0.744127972964581,0.806287291490818
500,30,"beta1",0.239399297806498,0.235804265900522,0.0523018302169923,0.148227140730238,0.200938731005936,0.235804265900522,0.275498911850024,0.347298291709637
500,31,"alpha0",0.121944996003386,0.12131761310821,0.0237156074949646,0.0849206654113882,0.108480386501972,0.12131761310821,0.133436387266774,0.158306722221668
500,31,"alpha1",0.649869458342911,0.651179041701829,0.085766677630032,0.481615958194416,0.594777514148282,0.651179041701829,0.705479477536507,0.820933847696887
500,31,"beta1",0.165396790473283,0.162934834173255,0.0594409762432939,0.0603839304803721,0.122561365743664,0.162934834173255,0.205044256940831,0.291290957884638
500,32,"alpha0",0.149921577667007,0.151558139478014,0.0305639440089476,0.0932822151408099,0.131783932150931,0.151558139478014,0.167045625086937,0.197277322781125
500,32,"alpha1",0.578691071461522,0.571764838931724,0.108309884726053,0.385417293732777,0.504063474466471,0.571764838931724,0.650753687658749,0.79886536184641
500,32,"beta1",0.122394642338809,0.0999819933968947,0.0819209923073111,0.018955186438213,0.0603655637700219,0.0999819933968947,0.168219122488884,0.322718120458845
500,33,"alpha0",0.12222248852478,0.121209871698461,0.0280191053846358,0.0801628409532926,0.106748462713367,0.121209871698461,0.134909659685851,0.164018445127826
500,33,"alpha1",0.683800224306059,0.686598547622086,0.0940451460646233,0.494771934610883,0.621552241233083,0.686598547622086,0.75271726701422,0.849073630038582
500,33,"beta1",0.17791339873221,0.173117652141623,0.0576136099266526,0.0738081522484633,0.138065959289494,0.173117652141623,0.21098492490698,0.304403052352581
500,34,"alpha0",0.108465838464713,0.106983465465901,0.0235550602401274,0.0768554434890531,0.0951024111713638,0.106983465465901,0.119647669034662,0.141832662167458
500,34,"alpha1",0.645017384090578,0.648864979068516,0.0896689395388684,0.458858103058916,0.588897993368569,0.648864979068516,0.702414796705308,0.813588983516598
500,34,"beta1",0.202765059774564,0.197815210248207,0.0573179651742143,0.106921786019758,0.161031286502306,0.197815210248207,0.236217873327287,0.334673814880144
500,35,"alpha0",0.101797140975742,0.101090141836155,0.0227029883131739,0.0669216475180431,0.0896953024935009,0.101090141836155,0.112614618721269,0.135305788957541
500,35,"alpha1",0.721721477455043,0.721684507430732,0.0828309131083793,0.575136921306651,0.66900463196849,0.721684507430732,0.780061213653901,0.866529165955735
500,35,"beta1",0.133422623098857,0.129798848309684,0.05039607609673,0.0481611555268132,0.0975582698122768,0.129798848309684,0.164394786284043,0.24461990442488
500,36,"alpha0",0.107890099676481,0.106637737966047,0.0259495913567686,0.0692025642989394,0.0941131194031959,0.106637737966047,0.119155797494612,0.143637327757527
500,36,"alpha1",0.740596775314317,0.745263861246635,0.0625607924283478,0.611501713343604,0.706405785449004,0.745263861246635,0.782239271676164,0.845151267394942
500,36,"beta1",0.214697356627429,0.21185739912584,0.0455721393465729,0.134024847010345,0.182165223727544,0.21185739912584,0.244068673554719,0.310810315286104
500,37,"alpha0",0.128046164214598,0.127269268267612,0.0254429267802025,0.0886890217567074,0.113637086451617,0.127269268267612,0.140147977109642,0.168443423739304
500,37,"alpha1",0.63699883499029,0.635487341224325,0.085333081184829,0.479885885373308,0.580701385353314,0.635487341224325,0.695222519118401,0.803969313144558
500,37,"beta1",0.164700462497244,0.158654048945177,0.0630577094948909,0.0620322009931678,0.119091948378959,0.158654048945177,0.203926089899963,0.307056604068196
500,38,"alpha0",0.117917945363723,0.116972973026081,0.028133319196869,0.0773705920427692,0.101397133738439,0.116972973026081,0.130879030430398,0.160456031417495
500,38,"alpha1",0.667721878364748,0.66933859175211,0.0958556408476248,0.480270857130628,0.603208567633225,0.66933859175211,0.735414552010345,0.844601943711771
500,38,"beta1",0.17853602283293,0.17351551061597,0.0696928326994267,0.0653456495871879,0.125534459572829,0.17351551061597,0.223526333640638,0.326502634949396
500,39,"alpha0",0.0926190464017803,0.0904258725091736,0.0274041037045637,0.0537944836307713,0.0775422747203363,0.0904258725091736,0.104142880483464,0.137703249172583
500,39,"alpha1",0.587686141030166,0.585576698696508,0.0915672778089305,0.415684936215166,0.524498909733484,0.585576698696508,0.65298222913833,0.767999611397341
500,39,"beta1",0.258688009377032,0.256280807959249,0.0778189329228713,0.113806912190003,0.20218195631865,0.256280807959249,0.310304842618104,0.421868035312069
500,40,"alpha0",0.101174024792189,0.100166446627331,0.0252935500968336,0.0633218377607262,0.0870999611142497,0.100166446627331,0.113093974380052,0.140446495590229
500,40,"alpha1",0.633856165783108,0.627544702450294,0.0995275286000443,0.459628648151727,0.562537573895757,0.627544702450294,0.704664082652337,0.828546832403944
500,40,"beta1",0.211020422883926,0.205322608925859,0.0677682290363668,0.0908308622311431,0.161940849437298,0.205322608925859,0.257332972228311,0.350353615742431
500,41,"alpha0",0.110832188295102,0.110150433289573,0.0257039305441008,0.0696336266656905,0.0968226678947978,0.110150433289573,0.122714971926732,0.152131699489717
500,41,"alpha1",0.514966379142241,0.505860758176996,0.0940612887080043,0.357594439125836,0.446625994141345,0.505860758176996,0.574852549488962,0.718102605442361
500,41,"beta1",0.232537522675362,0.225551439950226,0.0815135654529794,0.0923557712819513,0.175774433271674,0.225551439950226,0.279794095734242,0.410561602513434
500,42,"alpha0",0.095831088668239,0.0945070294768993,0.0223907489838456,0.0677306579047226,0.0846268739762216,0.0945070294768993,0.104319691790959,0.125720053216516
500,42,"alpha1",0.751463639353658,0.756421938514256,0.0759528380156885,0.588796434487089,0.707897303991788,0.756421938514256,0.804642331501714,0.872783432290579
500,42,"beta1",0.167372402979695,0.165270715685848,0.047834945901995,0.0799020067888373,0.133490976146404,0.165270715685848,0.198783681628581,0.265788257856591
500,43,"alpha0",0.0982363400016415,0.0960458852390471,0.0267751097532909,0.063124399603266,0.082832202014894,0.0960458852390471,0.110577945334453,0.136905529849055
500,43,"alpha1",0.585024651518547,0.587934564232647,0.0754870864579245,0.434102961219105,0.535471847122214,0.587934564232647,0.636648431912584,0.730015849901578
500,43,"beta1",0.296890502916753,0.29671444539052,0.0634420967413749,0.172981787362273,0.254235319161832,0.29671444539052,0.339083742901516,0.42090520321507
500,44,"alpha0",0.110468753044857,0.109633872597829,0.0269579840403533,0.0700420537013021,0.0956652828549479,0.109633872597829,0.12287243604179,0.151266471562614
500,44,"alpha1",0.664910942147908,0.667602287668557,0.0751687741263598,0.514486241689673,0.616314923713469,0.667602287668557,0.718497334534808,0.797478053453645
500,44,"beta1",0.241155166118914,0.235076644749366,0.0599209264896648,0.140868354076345,0.198524792730649,0.235076644749366,0.278017809568106,0.369762646242607
500,45,"alpha0",0.106841897917182,0.107256364624914,0.0303214889399749,0.056802708984506,0.0896535965541193,0.107256364624914,0.122253598656471,0.149369922780755
500,45,"alpha1",0.662237758600142,0.661977818352997,0.0903003630076828,0.48728481503694,0.600204451409844,0.661977818352997,0.725294885313614,0.832875855922653
500,45,"beta1",0.257181020264263,0.250392104831191,0.083166630788019,0.119926201737759,0.197142040037102,0.250392104831191,0.308805664154467,0.446549072650507
500,46,"alpha0",0.143786184266434,0.142767561874211,0.0234137885540989,0.103345513064074,0.129435812477085,0.142767561874211,0.15675632251979,0.186701648913311
500,46,"alpha1",0.691361025928484,0.692668821297921,0.100044773057691,0.500733830139552,0.620769574615528,0.692668821297921,0.763074538016314,0.873069569608594
500,46,"beta1",0.133208059773016,0.128673294544781,0.0505152335877436,0.0457346877316163,0.0979847988884071,0.128673294544781,0.164239714355045,0.243712497098641
500,47,"alpha0",0.107048314006778,0.106130792851373,0.0247122299028325,0.0680079343355713,0.0914116020502279,0.106130792851373,0.121039043118155,0.147607839764136
500,47,"alpha1",0.731935796276124,0.734324351400751,0.10236376961953,0.52960742845265,0.666959325906422,0.734324351400751,0.80684316730557,0.908699229835067
500,47,"beta1",0.118034023409276,0.106646842169635,0.0657758896158112,0.0200665970804395,0.068277193481155,0.106646842169635,0.157235556075073,0.267234505813164
500,48,"alpha0",0.122141075272416,0.121822007363632,0.024349313543919,0.0849506004155087,0.108880014114276,0.121822007363632,0.134154268659324,0.155607633906582
500,48,"alpha1",0.686483205066776,0.68403751111547,0.090790480515342,0.510490827184824,0.624385145494378,0.68403751111547,0.751438808716746,0.859893972931896
500,48,"beta1",0.155883668460935,0.150247624180128,0.0596951913383174,0.0558076346024308,0.111703103053,0.150247624180128,0.192833321161373,0.289917635084325
500,49,"alpha0",0.103997353637306,0.103093510799893,0.022264089067207,0.0734419648970247,0.0927987205404901,0.103093510799893,0.113416696053011,0.133542562932197
500,49,"alpha1",0.690124204868942,0.69191392576955,0.0867581871452901,0.521494920443012,0.631508189070431,0.69191392576955,0.750104737417534,0.858725687410958
500,49,"beta1",0.176267431893707,0.17227293310914,0.0575702364457974,0.079410455356925,0.134335057626251,0.17227293310914,0.213853816056679,0.301021976844277
500,50,"alpha0",0.115855937769149,0.114680449528075,0.0300632783738926,0.0747458907678645,0.0991381180007351,0.114680449528075,0.128350938699186,0.162372987053295
500,50,"alpha1",0.669696841382729,0.669097696291646,0.0878792327352048,0.502446685625708,0.609708602082929,0.669097696291646,0.729894357536767,0.836985159230297
500,50,"beta1",0.172918881821749,0.168038910494986,0.0674477588357118,0.0476282890327877,0.123783519275491,0.168038910494986,0.218496523022297,0.312199704089375
500,51,"alpha0",0.0859164040826776,0.0846609374702915,0.0270305050837345,0.0512072186378979,0.0726483531317522,0.0846609374702915,0.0955704247282673,0.120988764060735
500,51,"alpha1",0.630043865291152,0.635229967529078,0.0673716766999215,0.491972048551663,0.586802225400852,0.635229967529078,0.678748359197594,0.745207248977637
500,51,"beta1",0.310943764266104,0.306551817353955,0.0588809957982888,0.209877210317976,0.269503060550882,0.306551817353955,0.349160372853772,0.435084758603901
500,52,"alpha0",0.112088340933579,0.111516789372071,0.0235795536241887,0.0728836504940489,0.0991531465489591,0.111516789372071,0.123723945656265,0.146371199867758
500,52,"alpha1",0.729739596288138,0.731055721739768,0.0758403616913291,0.582397690813356,0.680427351446856,0.731055721739768,0.785572995030147,0.858268837758193
500,52,"beta1",0.161297372054504,0.152484505609747,0.0562613231387746,0.0749247425154657,0.119937616845501,0.152484505609747,0.196206967876335,0.289385015625794
500,53,"alpha0",0.118487049369534,0.116130065845122,0.0281251068191809,0.0769032892819137,0.101775689628345,0.116130065845122,0.132289169341968,0.165554426466042
500,53,"alpha1",0.654454854234065,0.657162359364817,0.0929052174381641,0.464046791788554,0.593705236479596,0.657162359364817,0.71803554745869,0.828222363998367
500,53,"beta1",0.206197029275242,0.201698416389873,0.065936352737307,0.0878199843310098,0.160751171133898,0.201698416389873,0.245073236479336,0.35295243173629
500,54,"alpha0",0.11605789448352,0.114641778363954,0.0294552720117987,0.0757744109385962,0.0997870886362501,0.114641778363954,0.129026478002415,0.158114813065493
500,54,"alpha1",0.659570941995752,0.662238496195851,0.0839441503572184,0.486376493768733,0.603281334974204,0.662238496195851,0.719745928821249,0.808854113048739
500,54,"beta1",0.19746924877855,0.194981839190607,0.059998985707613,0.0912984377618878,0.152676904133917,0.194981839190607,0.23963552649502,0.319214615614604
500,55,"alpha0",0.095915101548603,0.0953972524982822,0.0248899658347907,0.0627421688788897,0.0837480220543755,0.0953972524982822,0.105716128587395,0.127211851698962
500,55,"alpha1",0.716672942436367,0.71960850803431,0.0877252210199986,0.537459744981831,0.661666729760712,0.71960850803431,0.778153962075145,0.872890952382708
500,55,"beta1",0.164358532651882,0.15766928736937,0.0567172529319265,0.0700806053102939,0.12299843052592,0.15766928736937,0.199940833444625,0.289190404936813
500,56,"alpha0",0.0906195888973493,0.0889003748926978,0.0234249198905742,0.0624992469962513,0.0805057624793436,0.0889003748926978,0.0977191854299435,0.119084878111271
500,56,"alpha1",0.605208282481642,0.602871352361453,0.0832186962151999,0.449765474107943,0.547415078519542,0.602871352361453,0.666170735973074,0.760898367448778
500,56,"beta1",0.246776955746918,0.243474743964188,0.0594553756403069,0.139423436341842,0.205101450208194,0.243474743964188,0.283700922885251,0.370306530164659
500,57,"alpha0",0.135717102182166,0.134102409604371,0.0290836793245898,0.0951165552953761,0.120915170818217,0.134102409604371,0.14777456975569,0.174558822456297
500,57,"alpha1",0.790016092101672,0.796407651593281,0.0767507374549619,0.640535844950959,0.742981146298749,0.796407651593281,0.844256482324162,0.912632269405388
500,57,"beta1",0.105423099579427,0.100129178070854,0.0473316799261719,0.0291993184337945,0.0709180762907803,0.100129178070854,0.134778466853237,0.21520670608001
500,58,"alpha0",0.0838980445856471,0.0810707057516231,0.03000299230857,0.0538236839183075,0.0706643843117322,0.0810707057516231,0.0915447583462711,0.118205590555065
500,58,"alpha1",0.581955959946463,0.585663027822297,0.0800074462631733,0.427049415701214,0.531153076398133,0.585663027822297,0.637135650509573,0.729452392294886
500,58,"beta1",0.308987263910291,0.308630468035505,0.0626089234914887,0.188006567660978,0.267087734414044,0.308630468035505,0.349148238798527,0.437100531719383
500,59,"alpha0",0.114535277605473,0.113478041231523,0.0244487291208021,0.0801871492887249,0.102530645244988,0.113478041231523,0.124430904483622,0.147743065924149
500,59,"alpha1",0.765650383128388,0.774010508732692,0.0664277173178926,0.624709303372129,0.728317292056907,0.774010508732692,0.81273166794588,0.868505494608331
500,59,"beta1",0.185988758101035,0.181621126434311,0.0477881511478183,0.107791624156277,0.1518229818916,0.181621126434311,0.214199951026505,0.291574028790099
500,60,"alpha0",0.113243575447584,0.110668355889318,0.0319134391304641,0.0720680905681585,0.0957142428734487,0.110668355889318,0.126657696113119,0.160361850400061
500,60,"alpha1",0.662004842611781,0.666858604638153,0.0930189566970235,0.471353241470967,0.600610934014388,0.666858604638153,0.726928349558032,0.834492114061395
500,60,"beta1",0.210313662783542,0.204411687562496,0.0748770288043131,0.0744385388518869,0.156423250316557,0.204411687562496,0.259008815114208,0.369835790049297
500,61,"alpha0",0.117890786588756,0.117147249608046,0.0252750265763616,0.0809741375507391,0.105167740780053,0.117147249608046,0.128923803014807,0.150997157404649
500,61,"alpha1",0.772555747794825,0.781417227934151,0.094727219319438,0.582961352690183,0.717287314952774,0.781417227934151,0.83790918826313,0.923337087063957
500,61,"beta1",0.0919601016014074,0.0844287061159747,0.0537508419036925,0.0196427310635778,0.0536854586125889,0.0844287061159747,0.118972242465324,0.223262302485643
500,62,"alpha0",0.0892183901721815,0.0875134857263323,0.0224964275615592,0.0589319888719285,0.0775477736342769,0.0875134857263323,0.0985430087847672,0.121616620496663
500,62,"alpha1",0.633719844803872,0.629591677265157,0.0961765292234664,0.45324035051835,0.566505890513415,0.629591677265157,0.697856358534587,0.828930641882858
500,62,"beta1",0.256443193463755,0.252126034448062,0.0686221449205975,0.135217177137957,0.206821072855064,0.252126034448062,0.30120758341597,0.396664944788592
500,63,"alpha0",0.108334028370267,0.106399757847293,0.0255008485840839,0.0764653813310141,0.0958798228580462,0.106399757847293,0.117951534137834,0.138297204203611
500,63,"alpha1",0.812509002013632,0.819813917363691,0.0782436955643285,0.657216556867649,0.765342376256199,0.819813917363691,0.869026034879228,0.936069241190077
500,63,"beta1",0.119498765973834,0.114386691455809,0.0474836194430267,0.0412418264741565,0.0832607052537579,0.114386691455809,0.15174959189725,0.220264045490521
500,64,"alpha0",0.0919390680776326,0.090142961814676,0.0244501846892159,0.0606606423698404,0.0787628016392147,0.090142961814676,0.102060852677938,0.128693573627568
500,64,"alpha1",0.721298423225587,0.720159251220511,0.0927239418526324,0.560005299526288,0.65741964451596,0.720159251220511,0.784408246077385,0.90004251222403
500,64,"beta1",0.151982868195896,0.1496959568293,0.0617422473616845,0.0350991013213316,0.107295126534039,0.1496959568293,0.192924623966068,0.279756095500519
500,65,"alpha0",0.111706513138679,0.110762154454018,0.0223052095115115,0.0760508155698863,0.0983411631650715,0.110762154454018,0.123111940147571,0.150591769066274
500,65,"alpha1",0.763509969434894,0.770318784099183,0.0716584459007073,0.618905483747371,0.721948056807789,0.770318784099183,0.813874361564346,0.877863841910057
500,65,"beta1",0.161954290503107,0.159533474042252,0.046056745043649,0.0783963742513541,0.129152659813116,0.159533474042252,0.190659724775482,0.26081284773849
500,66,"alpha0",0.119096982489413,0.117551157424208,0.0321225557787388,0.0698020766326607,0.0999793706349601,0.117551157424208,0.135198432129087,0.171530652690163
500,66,"alpha1",0.674205730024794,0.679769681542947,0.0950456399815724,0.476833486796866,0.612775108891156,0.679769681542947,0.740355678896973,0.842930601723596
500,66,"beta1",0.212345765983749,0.200290641923995,0.0767091354026845,0.0840240365744331,0.160023936410486,0.200290641923995,0.259394628579599,0.385472839412972
500,67,"alpha0",0.0929651326548605,0.0914626092100303,0.0254390474298589,0.0632882512519088,0.081694738383749,0.0914626092100303,0.100772203439822,0.120496232273466
500,67,"alpha1",0.746968135945674,0.751850104956563,0.0725565071022569,0.598643494928864,0.70764148088434,0.751850104956563,0.794051074481186,0.865659637682401
500,67,"beta1",0.175195117100142,0.17054835347233,0.0457720141567819,0.0962372057671566,0.1425372400983,0.17054835347233,0.204893928942281,0.27482560363603
500,68,"alpha0",0.102318505985419,0.100400687861505,0.0242841890761587,0.0670546630152137,0.0889834717917039,0.100400687861505,0.1126744916007,0.142874922938328
500,68,"alpha1",0.697207139229846,0.699385398392691,0.0771966368193208,0.542248207170083,0.649104923710169,0.699385398392691,0.750317756516597,0.839225616309565
500,68,"beta1",0.19797293375248,0.195969374617839,0.0525773890417169,0.103490647905904,0.161164423049859,0.195969374617839,0.232427718669578,0.308133311609244
500,69,"alpha0",0.103247690783518,0.0999114965584372,0.030820265314291,0.0661152310358629,0.086736206900252,0.0999114965584372,0.113457720246753,0.159326400162215
500,69,"alpha1",0.643758908024443,0.644703479930208,0.0832104838629915,0.477626058242546,0.592075931227132,0.644703479930208,0.701038480545023,0.794925334598493
500,69,"beta1",0.219280392256735,0.217827630684683,0.0662225295835794,0.0796475473714001,0.175779917140324,0.217827630684683,0.263680677731875,0.349246260725967
500,70,"alpha0",0.0947668574985728,0.0933282916293732,0.0257232530708296,0.0678046660246683,0.0835845429868858,0.0933282916293732,0.102626134333398,0.121170982276692
500,70,"alpha1",0.715417635960448,0.722368576432868,0.0680962722006994,0.575205492060409,0.678388846997939,0.722368576432868,0.761643876936944,0.826944100248051
500,70,"beta1",0.211804334439905,0.208480721126022,0.0424913626264293,0.137611993480819,0.181315707664482,0.208480721126022,0.239688835264706,0.301479358410306
500,71,"alpha0",0.114490344976933,0.11249817255022,0.0298748822457095,0.0722110211428953,0.0983606848157327,0.11249817255022,0.126986727757733,0.157584553564409
500,71,"alpha1",0.61570002336353,0.611098962457757,0.085795706402861,0.459092958345077,0.555456039173713,0.611098962457757,0.672164612754871,0.79490995478742
500,71,"beta1",0.187531081985068,0.181473905320634,0.0683723359867502,0.073040267285408,0.136346492230568,0.181473905320634,0.233117799166971,0.333113534932666
500,72,"alpha0",0.12798779147833,0.127863863888533,0.0267506669986479,0.0846201708143511,0.113865179397165,0.127863863888533,0.140536247384776,0.165843972598764
500,72,"alpha1",0.586735196790256,0.587808816029344,0.0932194522892058,0.399135061326549,0.52386331408841,0.587808816029344,0.650375642793967,0.762679827531501
500,72,"beta1",0.204821088753424,0.192779132115714,0.0666281328922516,0.102482809743697,0.158959724112238,0.192779132115714,0.240799433950187,0.361596115876318
500,73,"alpha0",0.108885443782783,0.106880038512355,0.0256457534740097,0.0738278184319634,0.0939251735035112,0.106880038512355,0.120308227942159,0.150959324414639
500,73,"alpha1",0.675743139014865,0.679520877775926,0.0880963196508266,0.502847377569158,0.614198653397748,0.679520877775926,0.736229574421363,0.840711771288019
500,73,"beta1",0.205390660240617,0.202774055808053,0.062451465955661,0.0850071121144968,0.163674560206672,0.202774055808053,0.244317040684381,0.332343286685253
500,74,"alpha0",0.101155929293648,0.0997241918883595,0.0269007720998383,0.0607753622591068,0.0859092987129368,0.0997241918883595,0.113763364446006,0.144428054320595
500,74,"alpha1",0.598079493008002,0.600230443462916,0.0963568382517354,0.39840363458766,0.53558177551827,0.600230443462916,0.666243142645373,0.772272089660932
500,74,"beta1",0.231845866993304,0.225129955574132,0.0759449018365823,0.0991519102267934,0.179736551551052,0.225129955574132,0.275692443333676,0.40753710001808
500,75,"alpha0",0.0985060218713785,0.094566807076445,0.0318400235743277,0.054153040819664,0.080163375201152,0.094566807076445,0.112173858355421,0.157511641974408
500,75,"alpha1",0.534255828930825,0.536902167063507,0.0911008819562121,0.346490499095759,0.474039896583328,0.536902167063507,0.596350364853633,0.706686321174634
500,75,"beta1",0.308464988357329,0.302325556820282,0.0902872537651876,0.151408606325327,0.245420338837845,0.302325556820282,0.362530067791839,0.518030749489675
500,76,"alpha0",0.132910800961624,0.131470477560893,0.0277579584279947,0.0915039511876032,0.117613698910589,0.131470477560893,0.146000453944599,0.176349689476802
500,76,"alpha1",0.740003580090796,0.747853092455592,0.091704012532233,0.554811853515256,0.684763480183098,0.747853092455592,0.805629400167195,0.886896580101738
500,76,"beta1",0.151883393693431,0.14792877521971,0.0491301339646003,0.0688606060104825,0.117288584880239,0.14792877521971,0.181919371325229,0.261198717828379
500,77,"alpha0",0.0787152978925276,0.0760154541431129,0.0229561874168946,0.0514709632615686,0.0655435943220846,0.0760154541431129,0.0876739722373241,0.117211177875116
500,77,"alpha1",0.641928995118513,0.646098138849759,0.0817758056024769,0.486715679524406,0.585534987063157,0.646098138849759,0.700977027671561,0.790497506179441
500,77,"beta1",0.275910294035395,0.27706682743604,0.0702410102547393,0.135581363290075,0.229009797062611,0.27706682743604,0.324128630322492,0.415990190424256
500,78,"alpha0",0.110102439499803,0.109121370210655,0.0240397507518138,0.0740090117712266,0.0962776916148499,0.109121370210655,0.122066886864263,0.146647689513115
500,78,"alpha1",0.641498438214348,0.640388310630831,0.0983946644377452,0.463944981411549,0.574081742995209,0.640388310630831,0.708625466956899,0.833256475219218
500,78,"beta1",0.200075112559503,0.195537529400203,0.0716594298941498,0.075525591590091,0.147811240011984,0.195537529400203,0.247872642661819,0.349706294045704
500,79,"alpha0",0.111691301516672,0.110488234567643,0.0255230999967918,0.0726313328493693,0.0979323757751555,0.110488234567643,0.123436535441987,0.149025799371774
500,79,"alpha1",0.793117660250777,0.802400025321214,0.0796117698376827,0.625429370884843,0.746956047395428,0.802400025321214,0.847717949832551,0.918815540615267
500,79,"beta1",0.106068864483429,0.100882676191435,0.0511668644472531,0.0224084512048146,0.0691945432704945,0.100882676191435,0.137059174197346,0.224439210607575
500,80,"alpha0",0.0894507244870152,0.0889479979438578,0.0226173893352277,0.0574082898551526,0.0779859284853664,0.0889479979438578,0.0991701617400765,0.118028069323284
500,80,"alpha1",0.746306704749621,0.752259590695342,0.070768172909641,0.600199074184366,0.699980755883829,0.752259590695342,0.797467265578228,0.866553460274028
500,80,"beta1",0.176881267318306,0.171660740411314,0.0506860629247049,0.0930176175452817,0.140649763768198,0.171660740411314,0.208434467866835,0.291435887534305
500,81,"alpha0",0.132120785829041,0.129920468188233,0.0260270430053262,0.0913451647310375,0.116513523138465,0.129920468188233,0.145118244150567,0.176177898368492
500,81,"alpha1",0.515569446241464,0.511776871922786,0.0872757353682603,0.358493165917652,0.449802159080955,0.511776871922786,0.576931233315891,0.690749307787074
500,81,"beta1",0.145524877433801,0.136330944718836,0.0687431152162287,0.0386555563957482,0.0953969463328113,0.136330944718836,0.18682013734324,0.297663231477211
500,82,"alpha0",0.131435949896713,0.131847165540412,0.0253756593664604,0.0903561374058549,0.115392209475509,0.131847165540412,0.145811407652652,0.170554867871904
500,82,"alpha1",0.746123013627884,0.746805711291303,0.0989878710596499,0.554727976302154,0.687806154077743,0.746805711291303,0.810809080984764,0.935931106079751
500,82,"beta1",0.103823927234435,0.0938000852912926,0.0608408607994274,0.0104735542804752,0.0597527199302638,0.0938000852912926,0.139016563448502,0.248760110965131
500,83,"alpha0",0.126246255039362,0.125322288898902,0.0284532585453916,0.0862438067409354,0.108572855788144,0.125322288898902,0.140119176060261,0.170707379493876
500,83,"alpha1",0.728060437697756,0.728150355874328,0.0857564270804797,0.568242962635978,0.674605488373951,0.728150355874328,0.787642538412954,0.882233379678354
500,83,"beta1",0.159934760855755,0.15395838388735,0.0565731644966171,0.0663993302522431,0.117886780855654,0.15395838388735,0.196416708222517,0.282984578582668
500,84,"alpha0",0.118355673003593,0.117210181370451,0.0262409666515086,0.0807523754018514,0.104862883147581,0.117210181370451,0.129646864659762,0.155259556619479
500,84,"alpha1",0.695386930115173,0.697290473280523,0.0777742309385651,0.540707909166339,0.644389271891897,0.697290473280523,0.752062468642082,0.831639331583608
500,84,"beta1",0.196199699102031,0.190923362783953,0.0533938490512479,0.0991891786823854,0.159208165792416,0.190923362783953,0.231321984693923,0.310175167827991
500,85,"alpha0",0.0943129029644249,0.0928133788931301,0.0234544499787587,0.0643805919028905,0.0816050163005472,0.0928133788931301,0.104155372103267,0.127099398921491
500,85,"alpha1",0.74542695121142,0.750345975222992,0.0737692449662397,0.594569568306161,0.701902245560506,0.750345975222992,0.797662379787839,0.865290902466055
500,85,"beta1",0.16934247979973,0.167153739972527,0.0495331543954227,0.0831809590650522,0.132679221263422,0.167153739972527,0.202595860714787,0.271827346463246
500,86,"alpha0",0.0673550471912562,0.0655668574542558,0.0247902921261185,0.0447020335197523,0.0575686455477881,0.0655668574542558,0.0735508895479262,0.0891743818702717
500,86,"alpha1",0.666427670426523,0.670354539883513,0.0803704351754628,0.508025823029041,0.612045122297839,0.670354539883513,0.723259688083295,0.810420202643466
500,86,"beta1",0.240389069281647,0.237881381749892,0.0571864605477579,0.139082651476136,0.201148324410485,0.237881381749892,0.274416017505043,0.363810101935612
500,87,"alpha0",0.109488608253399,0.108216732702741,0.0278539718326334,0.0702985101160064,0.0943209213955039,0.108216732702741,0.121399808127899,0.15308679455163
500,87,"alpha1",0.697152329601479,0.700809294445244,0.0859141377924269,0.533308721332142,0.640157194113302,0.700809294445244,0.755831746856543,0.85211764500275
500,87,"beta1",0.182134318163319,0.178746059572086,0.0592541953626873,0.079210287762076,0.139937096286361,0.178746059572086,0.218773038766195,0.314669776866836
500,88,"alpha0",0.113586190056185,0.112733036614401,0.0304812774430293,0.0663265311161572,0.0965314776731321,0.112733036614401,0.128965043703498,0.154703073828603
500,88,"alpha1",0.513406108677624,0.508162016044822,0.0824530731505555,0.355953825587932,0.453513176813634,0.508162016044822,0.573203146196782,0.676997237490323
500,88,"beta1",0.149793414487773,0.143969429850744,0.0872522476598104,0.0163167780612978,0.0809109250495204,0.143969429850744,0.205940526959538,0.343201287680595
500,89,"alpha0",0.1192478482091,0.117097266470644,0.0256916643256752,0.0859223263466536,0.106425665894337,0.117097266470644,0.128941765817514,0.158030012562753
500,89,"alpha1",0.608556830488269,0.606786855259796,0.0958420365227652,0.432927280824784,0.541864120598347,0.606786855259796,0.674609628867647,0.802707625405565
500,89,"beta1",0.146982097675533,0.144110861177583,0.0575740925901388,0.0401108371199788,0.107985354739406,0.144110861177583,0.182931302800904,0.268742448584731
500,90,"alpha0",0.132282151751634,0.133029282238628,0.026346687529416,0.0810399193467599,0.117302650978182,0.133029282238628,0.147245161598942,0.174087286215541
500,90,"alpha1",0.615818064692701,0.618267385249592,0.0956640795408901,0.413468073006337,0.553219877028362,0.618267385249592,0.682663179403841,0.792551106199205
500,90,"beta1",0.163511309907442,0.153004546811549,0.0700614549817239,0.0602055568273206,0.115728361948909,0.153004546811549,0.199092238224201,0.325673657075068
500,91,"alpha0",0.0757583306326639,0.0750376200711682,0.0281101266776493,0.0386999278643455,0.0636742040436851,0.0750376200711682,0.0853873355304235,0.106882726656846
500,91,"alpha1",0.561721533570667,0.560505081950242,0.0778559559093594,0.411303833121633,0.509712854737683,0.560505081950242,0.614648526252825,0.715044740974346
500,91,"beta1",0.290317704990974,0.28396972703173,0.0762557486681342,0.158797464230792,0.237462978982688,0.28396972703173,0.334879889175306,0.463161524510717
500,92,"alpha0",0.0776019238224831,0.0763115235662277,0.0216604226768082,0.0539198589461754,0.067952820043172,0.0763115235662277,0.0846008412581845,0.0999406487809442
500,92,"alpha1",0.657274368281201,0.66291275856113,0.0774933208081071,0.504408396672302,0.608574830694408,0.66291275856113,0.710351467369628,0.785257546865859
500,92,"beta1",0.267495962013835,0.266343946093361,0.0494947591549917,0.177162162397003,0.23214890902471,0.266343946093361,0.302751347933792,0.363741792000006
500,93,"alpha0",0.098541414955613,0.0975510669947537,0.0279721362602111,0.0500479704703885,0.0814507409264862,0.0975510669947537,0.11274461808938,0.147173047100663
500,93,"alpha1",0.531575112324802,0.536600805526113,0.110222185984853,0.297325041210038,0.4631070879388,0.536600805526113,0.606747814729093,0.740453142597897
500,93,"beta1",0.273117241403029,0.259669953623919,0.0993780008901183,0.120601045093675,0.202691354125982,0.259669953623919,0.328536375890111,0.520196283525873
500,94,"alpha0",0.126412711684797,0.125366693972413,0.0251376162791836,0.0884794815678657,0.11369082954252,0.125366693972413,0.137231791556953,0.161894413081425
500,94,"alpha1",0.809280965594763,0.81551299305097,0.0675063514906987,0.672361269323891,0.770043343328745,0.81551299305097,0.857467757799486,0.910758521162775
500,94,"beta1",0.118408823523216,0.11329927598873,0.0411524348382764,0.0538984278215553,0.088657700959706,0.11329927598873,0.142187762944534,0.212052010997011
500,95,"alpha0",0.0922893442823251,0.0902919603387233,0.0287145992664032,0.0541006353572736,0.0753152931355193,0.0902919603387233,0.105614503952332,0.133940310212803
500,95,"alpha1",0.657332706115439,0.660033527915646,0.0798564788277516,0.504861639670822,0.605281277460673,0.660033527915646,0.712707873605951,0.79569621303918
500,95,"beta1",0.265906631919444,0.26315182166993,0.0628745701424659,0.151729822659128,0.219097218910737,0.26315182166993,0.310505055240289,0.393499225137932
500,96,"alpha0",0.105149428945066,0.104044150822352,0.0286413365704279,0.0654940561826184,0.089797389831061,0.104044150822352,0.116579965941304,0.149851295616954
500,96,"alpha1",0.467544719420002,0.456922341668288,0.103262593691907,0.288360529880024,0.395492006019526,0.456922341668288,0.530709160553642,0.702888199088029
500,96,"beta1",0.291032749529582,0.29406759781699,0.0925876403118705,0.123649364226565,0.223113361720421,0.29406759781699,0.351927697037258,0.485116868179336
500,97,"alpha0",0.0899582904634296,0.0882585811401906,0.0243740185055544,0.0605728696283763,0.0786878856629596,0.0882585811401906,0.0977710108302274,0.120249114010933
500,97,"alpha1",0.557036956991008,0.552797373263801,0.0950180434987204,0.37496869725435,0.493933147714351,0.552797373263801,0.620236917285621,0.750421129921671
500,97,"beta1",0.235631270779075,0.228692142681506,0.067220711965217,0.11858876304184,0.191501810138806,0.228692142681506,0.274422379882469,0.399020801259932
500,98,"alpha0",0.122777547984731,0.12189573623019,0.0309156754047972,0.0764931052764464,0.106926106303259,0.12189573623019,0.136896461378241,0.164431000800754
500,98,"alpha1",0.518204922338813,0.515958509715711,0.0882217879076541,0.349683084378811,0.46094474023018,0.515958509715711,0.569922119029598,0.705625940398555
500,98,"beta1",0.167527193480527,0.156700935232399,0.083499034923202,0.0365036744156959,0.105868545409703,0.156700935232399,0.214806341515506,0.363963582365358
500,99,"alpha0",0.137166281197775,0.134867125252113,0.0301910726664991,0.0904431086171223,0.118854011084186,0.134867125252113,0.153299536602329,0.18603745967678
500,99,"alpha1",0.708561178559928,0.708940391370436,0.0873999951712174,0.546676110752029,0.648984219449877,0.708940391370436,0.766251467973496,0.879635471704889
500,99,"beta1",0.16744942760508,0.163112786338825,0.0668630592536233,0.0511256359394719,0.119715663099427,0.163112786338825,0.210435332107439,0.314216678912625
500,100,"alpha0",0.124889358577246,0.123844449209627,0.0276603261167387,0.0810620103632288,0.110609032134611,0.123844449209627,0.137478272618262,0.163531541971123
500,100,"alpha1",0.561557564631082,0.557999744730322,0.08245602824125,0.416704820279561,0.501084108238949,0.557999744730322,0.620690184158145,0.726736407376157
500,100,"beta1",0.193051809759393,0.18931808131495,0.0678213285119918,0.0713493983041222,0.146301390508216,0.18931808131495,0.234232442779098,0.341585587229098
500,101,"alpha0",0.115321451410475,0.114094605053998,0.0258828407077051,0.074564987862097,0.099021164482105,0.114094605053998,0.128887405799991,0.16321812840349
500,101,"alpha1",0.485930480891414,0.483538143638643,0.0828497179783482,0.326841187279804,0.432126874405817,0.483538143638643,0.536580524757046,0.667296439233576
500,101,"beta1",0.234006419868967,0.231806408335014,0.0723690030353304,0.0974401223178939,0.183366842403099,0.231806408335014,0.282112253168941,0.381134575332401
500,102,"alpha0",0.116240276112837,0.114972608988026,0.0261361198588148,0.0785686646847673,0.102404800174898,0.114972608988026,0.127388565872654,0.15258451058965
500,102,"alpha1",0.616935651998627,0.615319940084621,0.0956442683430926,0.444109364047536,0.55326400369989,0.615319940084621,0.68059261832239,0.803937985005121
500,102,"beta1",0.184334952240847,0.182349460856204,0.0588130512182057,0.0786044490892854,0.141361775732459,0.182349460856204,0.222998275074853,0.309249960011929
500,103,"alpha0",0.1078583336511,0.105896704748722,0.0297883436718248,0.0669281037514675,0.0927953440673157,0.105896704748722,0.11988063767507,0.149686289297984
500,103,"alpha1",0.717306607170443,0.723004048876117,0.0949193678625405,0.521264097019916,0.653873143018611,0.723004048876117,0.78969716604794,0.876112596287336
500,103,"beta1",0.179455691123232,0.171471134712959,0.0654990540007914,0.0756153696027484,0.130258439409062,0.171471134712959,0.222070668930508,0.327169112049229
500,104,"alpha0",0.0970102595724592,0.0955271171407935,0.0271080674734419,0.0645228681160592,0.0829115630670968,0.0955271171407935,0.107647633308992,0.129280928310277
500,104,"alpha1",0.604350374725154,0.601799922115013,0.0891970937441622,0.432739594806206,0.543608721903891,0.601799922115013,0.662190660792964,0.787015783667784
500,104,"beta1",0.177931090494784,0.173651179756318,0.0660303510732097,0.0627121683967702,0.130559173703011,0.173651179756318,0.220706304131606,0.317885113907093
500,105,"alpha0",0.101302917928095,0.0988658108083309,0.0300291544543082,0.0539294298634835,0.0847520565701141,0.0988658108083309,0.115786619066497,0.148188759790038
500,105,"alpha1",0.572265734128628,0.571422265122242,0.0852120589816537,0.408772888112465,0.51231254165565,0.571422265122242,0.632038014264741,0.737255885640779
500,105,"beta1",0.179628018194321,0.173245295827961,0.0843566266336337,0.0407875338695789,0.116738964423333,0.173245295827961,0.234643047800614,0.366109594966479
500,106,"alpha0",0.11224344558711,0.110859657217333,0.024108161370668,0.0787463953809096,0.0987447810048258,0.110859657217333,0.12347266931715,0.149355035439646
500,106,"alpha1",0.670548691375399,0.677545094006501,0.0805133355046954,0.510523743081147,0.61765540155517,0.677545094006501,0.729159775273562,0.804879052256822
500,106,"beta1",0.20441049282149,0.200561430752208,0.0516021336968043,0.114804586496044,0.166642277752358,0.200561430752208,0.239314857545239,0.313605559425486
500,107,"alpha0",0.10072615669388,0.0985804657206622,0.026859607671798,0.0638684925951538,0.0869168725761812,0.0985804657206622,0.112062214034956,0.137161544185494
500,107,"alpha1",0.727517653544079,0.731442774447768,0.0814839203167683,0.566238951148481,0.676684151482435,0.731442774447768,0.785425236477755,0.875626053000672
500,107,"beta1",0.186815687575834,0.183561437219649,0.0633608126985317,0.0681342180043774,0.142632408031878,0.183561437219649,0.227458269824885,0.324367059594104
500,108,"alpha0",0.0875306290847799,0.0862052094774269,0.0241394568145193,0.052904312927492,0.0752270012314818,0.0862052094774269,0.0979030005978031,0.122146873620553
500,108,"alpha1",0.630833104069152,0.626036037304193,0.0993432424326262,0.444617356887922,0.563284579293857,0.626036037304193,0.700265560825655,0.824497011391346
500,108,"beta1",0.223000067593155,0.216788191436251,0.0780458224249216,0.0868296404126777,0.167363370878105,0.216788191436251,0.270338129263559,0.393900138371298
500,109,"alpha0",0.155328650766516,0.15440621191492,0.0282028489431185,0.10951314861929,0.138580691247741,0.15440621191492,0.170296939948966,0.199849944174944
500,109,"alpha1",0.706617694394069,0.706288753169605,0.105913378331266,0.504346707072843,0.63286620026926,0.706288753169605,0.784659890976851,0.902688624187164
500,109,"beta1",0.111132033518334,0.103679142046369,0.0544347890652009,0.0291098299965233,0.0704812726121032,0.103679142046369,0.141924624898484,0.241858679106533
500,110,"alpha0",0.0819729761844924,0.0806513096070594,0.0197320178297129,0.0578594892259394,0.0727462287733514,0.0806513096070594,0.0886299998092675,0.108846248626146
500,110,"alpha1",0.58529534548663,0.584927059995731,0.0850421096165977,0.425630413632317,0.53196537179285,0.584927059995731,0.636241669662302,0.757960387866556
500,110,"beta1",0.233797886623298,0.230667853861086,0.051835868759505,0.141990651378923,0.196777021780743,0.230667853861086,0.267990011947022,0.341463202372826
500,111,"alpha0",0.0909522279276007,0.0894772105433564,0.0272989179703152,0.0611068517433456,0.0784418578452929,0.0894772105433564,0.099261149681104,0.122866003691115
500,111,"alpha1",0.630246574748852,0.628706913638728,0.0745214791052259,0.486946712614298,0.57893598274005,0.628706913638728,0.68094101449744,0.777627311495458
500,111,"beta1",0.252747839544972,0.252012517975071,0.0582077640066882,0.140605964693812,0.212689178136197,0.252012517975071,0.290861024864842,0.370854486804572
500,112,"alpha0",0.0826765418329686,0.0801509764621605,0.0277852453838832,0.0530902575165873,0.0705523605545591,0.0801509764621605,0.0904175819756277,0.114251912479325
500,112,"alpha1",0.732020333199874,0.742478413716093,0.0710153642274375,0.591855840354367,0.694863724475012,0.742478413716093,0.779176886025049,0.83381325090881
500,112,"beta1",0.210117110776205,0.207893118824732,0.0494527205945217,0.118917549156724,0.176047914861099,0.207893118824732,0.241866108823267,0.316306000296561
500,113,"alpha0",0.117111267349111,0.115030336437737,0.0283547000359444,0.067736318230314,0.100136907909046,0.115030336437737,0.13173996428389,0.170417511637009
500,113,"alpha1",0.553703202201062,0.554993255413224,0.0888201946523453,0.3841651687821,0.493369527300471,0.554993255413224,0.61202735982625,0.728831865781596
500,113,"beta1",0.239917927495697,0.234286138602099,0.0780097449645784,0.104335856653796,0.183293036390647,0.234286138602099,0.294252794414944,0.400209837099769
500,114,"alpha0",0.0867470310209057,0.0851011431897007,0.0280792703713662,0.0490856224382401,0.073048270050408,0.0851011431897007,0.0977675007545198,0.123299098600869
500,114,"alpha1",0.628615616974592,0.632368091898544,0.0759726344830865,0.470612013691136,0.579501201355583,0.632368091898544,0.682743732465888,0.763688152841306
500,114,"beta1",0.278293838236853,0.273025411220771,0.0664820901618865,0.161166183833326,0.230254232937773,0.273025411220771,0.322834724442541,0.414998247222436
500,115,"alpha0",0.106821535791582,0.105162688648136,0.0255426325735053,0.0726078405659918,0.0928679107107283,0.105162688648136,0.117656505729549,0.144492388075007
500,115,"alpha1",0.706260916173287,0.710184380993742,0.0864246340966653,0.533841406357801,0.655613860894978,0.710184380993742,0.766692249200166,0.854623489826836
500,115,"beta1",0.166275185309071,0.16258490623576,0.0537777645503432,0.0717672023054794,0.127792315527593,0.16258490623576,0.200440256494311,0.28001367833063
500,116,"alpha0",0.11296250573712,0.111444100538997,0.0264467633264639,0.0755228979399212,0.098488966668582,0.111444100538997,0.123650142456218,0.154125628357723
500,116,"alpha1",0.575203864418173,0.573625350852144,0.0984661675207545,0.393640113535149,0.505297020742829,0.573625350852144,0.640661624245556,0.78154693745813
500,116,"beta1",0.186432018862283,0.181714605185601,0.0680310655922373,0.0698347158286353,0.134241313610638,0.181714605185601,0.23531487451639,0.323522372582496
500,117,"alpha0",0.0795715328838758,0.0768676530661093,0.0266560560747784,0.0499285460785806,0.0674607813065709,0.0768676530661093,0.0881362531103316,0.111627354724723
500,117,"alpha1",0.622919213096214,0.625534745340385,0.102904534195552,0.401766828251721,0.554505796236007,0.625534745340385,0.699286971471482,0.802544649818694
500,117,"beta1",0.263746270273448,0.259622726463259,0.0792281846326472,0.128850481386773,0.204288398214929,0.259622726463259,0.315697841650256,0.437132619231946
500,118,"alpha0",0.11625418195327,0.115880042893234,0.0273824092590945,0.0737531636985929,0.100452617659095,0.115880042893234,0.130552185344486,0.155216402196931
500,118,"alpha1",0.70037444650911,0.701402939520737,0.0820949008241764,0.534336056148863,0.648632103287123,0.701402939520737,0.756210122119072,0.853417157692184
500,118,"beta1",0.19387345651811,0.187072065630399,0.0564466910409069,0.0996439128072468,0.152824049279738,0.187072065630399,0.229272679269709,0.316618871831766
500,119,"alpha0",0.1445946048465,0.14461038148397,0.0259805249691584,0.0993256175478799,0.129173707171748,0.14461038148397,0.158504912934644,0.186947259599547
500,119,"alpha1",0.568514205260239,0.557686885306879,0.106432531504589,0.376398279738851,0.493422586485261,0.557686885306879,0.640694059416984,0.785490638366814
500,119,"beta1",0.0935137443931731,0.0798810558008397,0.0630218023641036,0.00947700247622723,0.0451385604728757,0.0798810558008397,0.130111917550938,0.243474719379171
500,120,"alpha0",0.115013448866498,0.114276056892966,0.0221490376621646,0.0825620837571985,0.102827022534019,0.114276056892966,0.125271771459911,0.145864577323386
500,120,"alpha1",0.762124291783184,0.767496296092785,0.0873032290330741,0.592001529168885,0.708188783098251,0.767496296092785,0.821963582298947,0.908319071356042
500,120,"beta1",0.143864507064297,0.140253523510691,0.0513339075600267,0.0537498560762742,0.106903088962628,0.140253523510691,0.178015130653658,0.250775306802466
500,121,"alpha0",0.108786323883751,0.106905064711981,0.0286188467494842,0.0732350025753053,0.095636623211278,0.106905064711981,0.118212052201437,0.143778213330696
500,121,"alpha1",0.748432147034078,0.758499973875959,0.0772047052883796,0.573881283811224,0.707870446562733,0.758499973875959,0.799290863115682,0.867167519142196
500,121,"beta1",0.178779299061093,0.175079481171176,0.0475312485146214,0.0960418512290925,0.146277716428464,0.175079481171176,0.206749043619271,0.285151901077732
500,122,"alpha0",0.0990093894840526,0.0979212485038024,0.0261597560777785,0.0643776973918929,0.0845019601643166,0.0979212485038024,0.110452695049627,0.134331730173871
500,122,"alpha1",0.695139491026438,0.697433110301474,0.0852535772862678,0.520815886283637,0.642232376364644,0.697433110301474,0.753322104297876,0.846605804190731
500,122,"beta1",0.216788332976002,0.213182494849605,0.0595467060220666,0.112547166715379,0.172736430129171,0.213182494849605,0.257486392922871,0.339453167378898
500,123,"alpha0",0.103940416321196,0.101900087517289,0.0242138029963007,0.0677485546323109,0.0898668578603912,0.101900087517289,0.115085695187541,0.145722795311851
500,123,"alpha1",0.539336492273867,0.540687377375764,0.0957550782396596,0.344814979601762,0.475827109143597,0.540687377375764,0.603136899688092,0.725096639181007
500,123,"beta1",0.22079231889656,0.218265059152601,0.0838651876888015,0.0648667756966903,0.163983227101833,0.218265059152601,0.274010715845114,0.398701283919268
500,124,"alpha0",0.111198945665435,0.109679326428749,0.0262425588541931,0.078248434411859,0.0976792157840242,0.109679326428749,0.121576471995368,0.143874126437232
500,124,"alpha1",0.698142265710943,0.701394537718672,0.0859005727407022,0.531883531769528,0.642449076952058,0.701394537718672,0.758895650818949,0.849362588465674
500,124,"beta1",0.139556316334391,0.131967356519657,0.0544547064175729,0.0535388688071739,0.0994326805351575,0.131967356519657,0.173191850392908,0.263382213030192
500,125,"alpha0",0.115027967769712,0.111430384189778,0.029198754113185,0.071245063422487,0.096661994472623,0.111430384189778,0.129084874210885,0.169575045588702
500,125,"alpha1",0.690665082729199,0.696883737117766,0.0837766528540732,0.52241445586695,0.63799175438491,0.696883737117766,0.748531540235893,0.834661337720254
500,125,"beta1",0.216144134385893,0.214986784939344,0.0682001998683163,0.0817071891756954,0.169209079837695,0.214986784939344,0.262153536747887,0.35364159390094
500,126,"alpha0",0.106191833445481,0.104304447525156,0.0260387916586751,0.0670138188910245,0.0913686514622333,0.104304447525156,0.118189358261462,0.148855387485691
500,126,"alpha1",0.594742420627521,0.594306999359235,0.0892070118314218,0.432190202451932,0.531491951397565,0.594306999359235,0.652978258749507,0.771645814626965
500,126,"beta1",0.249320627901816,0.245540977508089,0.0750258645162138,0.112212342673518,0.196784256584035,0.245540977508089,0.299678593672965,0.404558071594471
500,127,"alpha0",0.138601270860384,0.137294197221689,0.0246061518898642,0.104003796283335,0.124479863204694,0.137294197221689,0.150199008348779,0.172675387050901
500,127,"alpha1",0.637524592610339,0.637081325342949,0.100041710259581,0.441546915236579,0.572860593564496,0.637081325342949,0.700705349173996,0.84193722412032
500,127,"beta1",0.0986687793919196,0.0910252690901812,0.0568621309673012,0.0100610486614808,0.0570024741293656,0.0910252690901812,0.131693366944406,0.2330063013971
500,128,"alpha0",0.116861956016821,0.116609220593324,0.0199785681624483,0.0843094615109661,0.104924321076636,0.116609220593324,0.127596665538468,0.147696262426572
500,128,"alpha1",0.804035036208169,0.813801183278427,0.0680063447407927,0.659779226121778,0.770105092677009,0.813801183278427,0.849132786558344,0.905680467817979
500,128,"beta1",0.142846908701354,0.139214758655906,0.0414328510343577,0.0697391836358598,0.113839539016558,0.139214758655906,0.167815148151901,0.235135008578548
500,129,"alpha0",0.105353091128819,0.103225422318193,0.0263154265536225,0.0699320835090168,0.0915567167931774,0.103225422318193,0.115692544027896,0.145588439090343
500,129,"alpha1",0.553053666431616,0.547823559763775,0.088317949069341,0.397324572008268,0.490421191449184,0.547823559763775,0.608413056083456,0.745081621599195
500,129,"beta1",0.212615187613145,0.210305787201968,0.0605397408566216,0.10000432679851,0.171488252282681,0.210305787201968,0.253216998429758,0.334245215435437
500,130,"alpha0",0.136398975867872,0.134097626747306,0.0307134723392696,0.0885362680271782,0.119602289495807,0.134097626747306,0.149099624640646,0.190171655528986
500,130,"alpha1",0.647432850077843,0.644174590288277,0.0978861332638678,0.45690058835697,0.579615949615666,0.644174590288277,0.714971336883794,0.839210726265909
500,130,"beta1",0.172290587439238,0.168001009876553,0.0687278262318315,0.0488154235614992,0.125399945464959,0.168001009876553,0.215474988885975,0.320832098263897
500,131,"alpha0",0.138722583579294,0.136976521151745,0.0280040134931815,0.0958883650450434,0.122513364468974,0.136976521151745,0.15331955670863,0.182129611939508
500,131,"alpha1",0.556933773624,0.553147251473083,0.0939491758152372,0.38258041419189,0.49477487096963,0.553147251473083,0.612931458091925,0.76772851740856
500,131,"beta1",0.159803048659737,0.154138067045412,0.0636724269272559,0.0552004470382404,0.112564679660491,0.154138067045412,0.199606213377436,0.305764124244058
500,132,"alpha0",0.111993208186892,0.111122233385584,0.0238379673736843,0.0762799480787204,0.0991672807177803,0.111122233385584,0.122416075158207,0.146631099867734
500,132,"alpha1",0.72610947724764,0.73607427135273,0.0787318732610619,0.560722028891914,0.675310860067632,0.73607427135273,0.784078920823571,0.850644542748863
500,132,"beta1",0.194572485896039,0.189970472562231,0.0488000117641641,0.110579809347725,0.160316712969334,0.189970472562231,0.223965594751,0.303122717548118
500,133,"alpha0",0.12145223553688,0.120885648501074,0.0281118428984032,0.0788806693836184,0.106797614808405,0.120885648501074,0.134436265535007,0.159829889788169
500,133,"alpha1",0.6512282915201,0.654836350093814,0.0961558881998115,0.460389976194757,0.589040342810764,0.654836350093814,0.71505123402551,0.835485590715639
500,133,"beta1",0.150379135549519,0.143417845558446,0.0632238777293145,0.0451904082384872,0.103538500157036,0.143417845558446,0.18978182683205,0.291111925981859
500,134,"alpha0",0.11246687423251,0.110681675736649,0.0286236762399684,0.0732327024316567,0.0927048787440471,0.110681675736649,0.127940975162966,0.16038108349706
500,134,"alpha1",0.685999821479928,0.687723257042776,0.095116757680871,0.506442558347588,0.618740777312745,0.687723257042776,0.752791390003709,0.866652157850704
500,134,"beta1",0.162206755058543,0.158054848110048,0.0782390781767058,0.0236679838507374,0.102767236745961,0.158054848110048,0.221298867379231,0.315201687063453
500,135,"alpha0",0.120203299212462,0.119602022924902,0.0238697719977377,0.0809935132519231,0.10506708888464,0.119602022924902,0.133968787864413,0.158082977323026
500,135,"alpha1",0.69448849066306,0.690705634429474,0.0972398567804765,0.508925945751047,0.625476025569125,0.690705634429474,0.764944669899482,0.880053488655041
500,135,"beta1",0.117282193929819,0.107904690809771,0.0666642872079925,0.0147019777403284,0.0656556738323827,0.107904690809771,0.16260694580151,0.26507603738141
500,136,"alpha0",0.108249901062779,0.106397656234522,0.0251286612256767,0.0714937795669803,0.092411985440831,0.106397656234522,0.121346859309396,0.150429530605475
500,136,"alpha1",0.540770205568553,0.540356067970325,0.092050486843453,0.367787962151056,0.479307870851046,0.540356067970325,0.598925981543387,0.734587545015248
500,136,"beta1",0.251337714313779,0.247123910508018,0.0669787609460514,0.130543566872156,0.202904661708477,0.247123910508018,0.297696088407789,0.385756516051397
500,137,"alpha0",0.108515972851494,0.106437623930293,0.0263344225667313,0.071192309993007,0.0938506711869959,0.106437623930293,0.120453031908424,0.150908995879432
500,137,"alpha1",0.646504539545886,0.650675597219059,0.0733312936108953,0.504373465384434,0.601535584492487,0.650675597219059,0.699135838154342,0.772152405762968
500,137,"beta1",0.240223215586011,0.238316763048217,0.051958955129422,0.142088099671403,0.203983320969734,0.238316763048217,0.274592331241341,0.347676461743311
500,138,"alpha0",0.105728328489907,0.104345246378742,0.0251236038621788,0.0731527433972482,0.0923421757301993,0.104345246378742,0.115848813515073,0.139032865093823
500,138,"alpha1",0.821914687641813,0.82920187192432,0.0707177357516542,0.680380703220929,0.789045817140284,0.82920187192432,0.865478108957859,0.928799129448998
500,138,"beta1",0.134048821123771,0.129393130653319,0.0492612737210083,0.0520315478464505,0.0976195193542486,0.129393130653319,0.166082131660364,0.238643365318959
500,139,"alpha0",0.103724905024143,0.102433360601856,0.0261937511507853,0.0673557924732771,0.0887796242700349,0.102433360601856,0.115597741049524,0.145422680302386
500,139,"alpha1",0.583711798340009,0.578785978098237,0.0939209042920101,0.406412924969048,0.520816161279164,0.578785978098237,0.646020556504081,0.777046233008824
500,139,"beta1",0.284995790703665,0.282100820615835,0.0736880015522691,0.14791889177808,0.23288512948139,0.282100820615835,0.335401342904932,0.43138596606964
500,140,"alpha0",0.117148796478186,0.115766755422941,0.0236074635090373,0.0815111179286735,0.104424122910685,0.115766755422941,0.128441969330799,0.151534276228138
500,140,"alpha1",0.792082346941102,0.800218974193068,0.0633636414639893,0.659653560267109,0.756527846277969,0.800218974193068,0.835792872477376,0.890668934690695
500,140,"beta1",0.160810955171788,0.15848238144538,0.0436834162511596,0.0841293840010828,0.129892241072281,0.15848238144538,0.187446697788485,0.254364368409756
500,141,"alpha0",0.116829495431103,0.115572301375212,0.0210739745053244,0.0893726468356301,0.106609778755942,0.115572301375212,0.12489326996956,0.143381478744623
500,141,"alpha1",0.808757314679001,0.821150067689475,0.0776084133671699,0.654278011286646,0.765034070692958,0.821150067689475,0.864481701984465,0.919463730994758
500,141,"beta1",0.109636086315141,0.105504551682153,0.0354982899544571,0.0515018840580886,0.0841240566643408,0.105504551682153,0.130392204291678,0.189038450798883
500,142,"alpha0",0.127414046503006,0.127089979143146,0.0304664622302508,0.0828694481159995,0.113138714132599,0.127089979143146,0.138858148401836,0.165630788735061
500,142,"alpha1",0.67133425401951,0.663984823011112,0.0856929361955277,0.512489336705232,0.614444391250232,0.663984823011112,0.726580328822938,0.853130186929401
500,142,"beta1",0.143903476572149,0.137074168446205,0.0570545769071884,0.053934745591422,0.101645622696346,0.137074168446205,0.179290136840258,0.271565924726892
500,143,"alpha0",0.10936518685572,0.108229192201683,0.0240697696011204,0.07357036117685,0.095675491091245,0.108229192201683,0.12112530759102,0.145947315145466
500,143,"alpha1",0.738043984787872,0.746915536038312,0.0825143182948977,0.569607271221248,0.689596175955489,0.746915536038312,0.796116097490053,0.868630321405946
500,143,"beta1",0.160847782697295,0.155334212996319,0.0524901532397751,0.0769807415523696,0.122004757974672,0.155334212996319,0.193242657086629,0.271187951418708
500,144,"alpha0",0.102138962098594,0.100562804891524,0.0216989162548466,0.0742035998411317,0.0910555159986937,0.100562804891524,0.111088243845983,0.130661419299752
500,144,"alpha1",0.708674500807799,0.70909430801461,0.0831252618925166,0.549099730956886,0.656778913369367,0.70909430801461,0.76348340384057,0.863371718872537
500,144,"beta1",0.142718545746111,0.138873695679517,0.048689883419896,0.0619077741660188,0.107950657884516,0.138873695679517,0.171877140008048,0.251649198897091
500,145,"alpha0",0.122979386163213,0.12232374303484,0.0299168454322396,0.0715132662744474,0.105879305042838,0.12232374303484,0.138798853176871,0.172289496990698
500,145,"alpha1",0.578268120344334,0.573974875104176,0.0956549000542224,0.406322036203007,0.514258216756338,0.573974875104176,0.634892649458408,0.790296773121756
500,145,"beta1",0.196145723881435,0.184911889250729,0.0811178314916404,0.069959925386143,0.13454916692404,0.184911889250729,0.244593225569726,0.386014450188739
500,146,"alpha0",0.140157161515416,0.14012871218444,0.0288348086841526,0.0927260307084634,0.124289970516548,0.14012871218444,0.15447239169392,0.182233521601028
500,146,"alpha1",0.759289220584789,0.763458313682768,0.0867485841621065,0.587533187780975,0.708240954346359,0.763458313682768,0.818292525047732,0.910834564071697
500,146,"beta1",0.128127176162505,0.120908653246582,0.0533179514849196,0.0427158080745109,0.0883474414981669,0.120908653246582,0.162319499398987,0.248116450798599
500,147,"alpha0",0.101520899892659,0.100268169698829,0.0257818928336232,0.0702258098202883,0.0890893102247806,0.100268169698829,0.110742513631037,0.130957239613879
500,147,"alpha1",0.705773050430437,0.707800563823073,0.084600473723193,0.540307571321067,0.650832737208195,0.707800563823073,0.76557045209873,0.852267677219031
500,147,"beta1",0.176653218991196,0.172494452295082,0.0496411541007107,0.0898067811526375,0.141415773067492,0.172494452295082,0.207923416587101,0.285374901494363
500,148,"alpha0",0.101459384614477,0.0989162461279019,0.0261768090083212,0.0638390238139451,0.0856640081942493,0.0989162461279019,0.11429489329003,0.147132547288165
500,148,"alpha1",0.511970493632099,0.508917475987661,0.0840676799541295,0.358087185296983,0.452393588479278,0.508917475987661,0.568605494503531,0.678182298989603
500,148,"beta1",0.298062531735804,0.294384993099948,0.0695839936537385,0.173523516481476,0.247949698520627,0.294384993099948,0.34330060620148,0.446919778228581
500,149,"alpha0",0.11483784555981,0.115392149104941,0.0270356657615431,0.0693212489967952,0.100251924887116,0.115392149104941,0.128698386259331,0.152752936526218
500,149,"alpha1",0.672124871115667,0.675593425995794,0.0877694123881377,0.502734022524829,0.614848785184242,0.675593425995794,0.733062741818022,0.834735543110039
500,149,"beta1",0.20253939274018,0.190520053713893,0.0695742431926719,0.0932000485587989,0.153899384214791,0.190520053713893,0.240713912519461,0.364714341220675
500,150,"alpha0",0.103942267488978,0.1025834833737,0.0263751431962521,0.0638624387951166,0.0885242469572294,0.1025834833737,0.117170950648948,0.145977931328194
500,150,"alpha1",0.694463032710013,0.696370050745544,0.0797742234158527,0.535158117629996,0.648017683737773,0.696370050745544,0.748903273000073,0.834747731527518
500,150,"beta1",0.225506078659339,0.220242067145287,0.0648234889084053,0.113940746297063,0.179200228542479,0.220242067145287,0.268146896998307,0.358353547088463
500,151,"alpha0",0.0740278196295937,0.0727984347399705,0.0235507693573708,0.0443944976849413,0.0628455180785924,0.0727984347399705,0.0817307576362488,0.10307117261005
500,151,"alpha1",0.69272171900106,0.704926142337636,0.093206723645462,0.488667745000795,0.63304327620921,0.704926142337636,0.759683038247817,0.846983396090783
500,151,"beta1",0.220146383841631,0.207914135621698,0.0769995375446355,0.10018067274892,0.165371814864035,0.207914135621698,0.262132578598755,0.405753029330577
500,152,"alpha0",0.105033867638412,0.103751627513836,0.0255829257479026,0.0708678543558953,0.0916089675298261,0.103751627513836,0.11564927997327,0.141705390897335
500,152,"alpha1",0.734686283315165,0.738749289344457,0.0694681840993999,0.59487313636758,0.694211060164116,0.738749289344457,0.781611721165066,0.85307550177253
500,152,"beta1",0.202761849985426,0.199484236161373,0.0498315792152383,0.113112414652193,0.167039456395744,0.199484236161373,0.235127886173612,0.30658042875986
500,153,"alpha0",0.0877887634869728,0.0865403632143998,0.0220550818421024,0.0603220697302587,0.0775553653234357,0.0865403632143998,0.0955817558475498,0.115320286357751
500,153,"alpha1",0.789717129398174,0.793493082734558,0.0672861123666056,0.647103007401239,0.748569278935946,0.793493082734558,0.837020833425434,0.907893751576693
500,153,"beta1",0.141476373709614,0.138328403968118,0.0461202928597856,0.0600740326317558,0.108681015085992,0.138328403968118,0.171802016130305,0.239660769181598
500,154,"alpha0",0.0964738213985176,0.0941829209532786,0.0245582760989477,0.0623275222295264,0.0832891686829057,0.0941829209532786,0.106461280240595,0.139428867687647
500,154,"alpha1",0.642944273553924,0.639939201599239,0.0932678705534767,0.467009532583172,0.576580050329412,0.639939201599239,0.707144828945891,0.833161960188256
500,154,"beta1",0.210146835312603,0.208327894440946,0.0722526659679489,0.0785159335260654,0.15810263754429,0.208327894440946,0.260689156327897,0.353053229304813
500,155,"alpha0",0.0931874380774092,0.0915397769991523,0.0252510598783363,0.0576687234879385,0.0785511845518538,0.0915397769991523,0.10471697552251,0.130886513259365
500,155,"alpha1",0.70271768522918,0.708436280985276,0.0825548885088365,0.532628663269322,0.652831713852225,0.708436280985276,0.761982449572321,0.843129281786652
500,155,"beta1",0.218874198879446,0.214674740093633,0.06655668164823,0.103882130657344,0.168593566070824,0.214674740093633,0.265054208254217,0.356217505219511
500,156,"alpha0",0.123173766988568,0.120916228222241,0.0299755280200321,0.08597441915948,0.108040793548762,0.120916228222241,0.133688522332118,0.165778315510036
500,156,"alpha1",0.580400976858417,0.583202839276645,0.0918688273576197,0.39892362670621,0.51740661099846,0.583202839276645,0.644388170122055,0.752629247347545
500,156,"beta1",0.242247293630951,0.239378832708952,0.0559609229354362,0.140113380926266,0.202634865960872,0.239378832708952,0.280312666855312,0.355404366856047
500,157,"alpha0",0.0989574151325255,0.0980888816607341,0.0250898656367126,0.0606104369738708,0.0838679918966353,0.0980888816607341,0.11153293694044,0.141949526015536
500,157,"alpha1",0.549343718908244,0.543793733753568,0.0889157455759271,0.380309613978521,0.491078948726207,0.543793733753568,0.602415207056086,0.747226940655924
500,157,"beta1",0.227718492415661,0.224117186765643,0.0781422971434703,0.0771308305789844,0.179453868316984,0.224117186765643,0.277646563436611,0.396293178510006
500,158,"alpha0",0.113404034722758,0.113214037103378,0.0209035705633268,0.0817269608117353,0.101290418606604,0.113214037103378,0.124223670401891,0.142807713338033
500,158,"alpha1",0.693213211762201,0.696183029144011,0.090804334400261,0.497598060032151,0.639541378622088,0.696183029144011,0.754578375329475,0.853763632703343
500,158,"beta1",0.156578918612909,0.151171757556375,0.0475524582827996,0.0805099564949408,0.122440711923097,0.151171757556375,0.184581377548447,0.268269499202202
500,159,"alpha0",0.105989711812439,0.105452514476804,0.0233308936529077,0.069115099166076,0.0927735571681214,0.105452514476804,0.117288664586923,0.14363740500813
500,159,"alpha1",0.660208110515314,0.658448489487934,0.085526775935958,0.496709318734775,0.601628443755807,0.658448489487934,0.724262509993561,0.815433268528036
500,159,"beta1",0.198477355276101,0.1917791875761,0.0600512190685142,0.0982101418181748,0.155832887392808,0.1917791875761,0.236804609286884,0.334654609960958
500,160,"alpha0",0.10982708883252,0.108456994746156,0.0268979207579403,0.0718595221656129,0.0964539713351397,0.108456994746156,0.120405608681763,0.145891891848289
500,160,"alpha1",0.69997349176543,0.701247703423397,0.0884837818294791,0.522271983550287,0.640436784754352,0.701247703423397,0.766803478299515,0.85134785575061
500,160,"beta1",0.150739465585247,0.145316234698859,0.0549770605749298,0.060744945484711,0.111795190649449,0.145316234698859,0.181845891513568,0.281034111570482
500,161,"alpha0",0.0810006490366567,0.0787589507618517,0.0293252922019602,0.0478747883732671,0.0657100795011124,0.0787589507618517,0.0913334380281282,0.122391775772619
500,161,"alpha1",0.596020173033396,0.597722479036484,0.0666232293815582,0.457167790474365,0.553349425407714,0.597722479036484,0.640186006193335,0.723305043918167
500,161,"beta1",0.342395056798522,0.340998305958391,0.0653088039029052,0.212377932773082,0.298641983308699,0.340998305958391,0.388060758412237,0.470836980487268
500,162,"alpha0",0.126548791020687,0.125600313336001,0.027916432255126,0.0834936018843865,0.109091733773867,0.125600313336001,0.140880905547476,0.176022858954349
500,162,"alpha1",0.688279703830651,0.691874893793826,0.0823689878809389,0.523467960671712,0.633256830712246,0.691874893793826,0.745071402455223,0.842655085931567
500,162,"beta1",0.189465518660274,0.189211736477061,0.0587000181433518,0.0743585102951791,0.150416201879701,0.189211736477061,0.228702272794179,0.305893990178524
500,163,"alpha0",0.0990953771604127,0.0967137251236605,0.027704851244961,0.0609305455913379,0.0838350888709469,0.0967137251236605,0.110637146738622,0.141237548069171
500,163,"alpha1",0.515484448925786,0.512337873046535,0.0826002885220363,0.365491286453188,0.455537332289484,0.512337873046535,0.575300759666145,0.679140113079357
500,163,"beta1",0.306121017785294,0.305168627445345,0.0677558292811641,0.182962051265234,0.260417397400676,0.305168627445345,0.347955849794104,0.446671392143337
500,164,"alpha0",0.106886404620714,0.105244100729133,0.0226925656008111,0.0724957672844537,0.0936512557062235,0.105244100729133,0.117799485371882,0.144839153102279
500,164,"alpha1",0.757517687598792,0.765511587090636,0.0645630168540584,0.621771933828252,0.71965513974822,0.765511587090636,0.804152931245896,0.858022658788291
500,164,"beta1",0.187686935271924,0.183574964884771,0.0467349536283192,0.107170353671823,0.153256371493199,0.183574964884771,0.217750332450288,0.288899350071782
500,165,"alpha0",0.108937728842888,0.107405711285329,0.0230108829328144,0.0755619091044078,0.0957707927092752,0.107405711285329,0.119869993297217,0.143208041937723
500,165,"alpha1",0.634250321419916,0.638796989956668,0.0835021287851564,0.466232397708685,0.579833157705137,0.638796989956668,0.693103461500601,0.781339309745695
500,165,"beta1",0.254321938063566,0.251150181140044,0.0573039884812838,0.151800875042724,0.212840977942129,0.251150181140044,0.292633580068942,0.372414429628886
500,166,"alpha0",0.103074850170463,0.0999368790478943,0.025908142184905,0.0685737450377197,0.0874793880588448,0.0999368790478943,0.114874535938398,0.148277926552757
500,166,"alpha1",0.677715979771049,0.677345291880768,0.0823193243458086,0.527051753534212,0.622039629074388,0.677345291880768,0.730092601188552,0.845268526965959
500,166,"beta1",0.196989394407814,0.196741420502308,0.0628193639753166,0.0719603778296441,0.154049830860466,0.196741420502308,0.240587283963358,0.319038236789008
500,167,"alpha0",0.129272044918962,0.129156458312317,0.024205701836048,0.0862863294301655,0.11577648523874,0.129156458312317,0.142395050769201,0.167824634510703
500,167,"alpha1",0.811631187763696,0.820370862124538,0.085153483078964,0.645651441766861,0.758405469822813,0.820370862124538,0.876209687091547,0.937049670603895
500,167,"beta1",0.107119824287815,0.0997460658267005,0.0494040852080474,0.0327790425792057,0.0710157438293409,0.0997460658267005,0.136321525185862,0.224671860286349
500,168,"alpha0",0.125747570679594,0.124087772547757,0.0271871995054265,0.0865127168303608,0.110533048873035,0.124087772547757,0.137459332061316,0.170069652962826
500,168,"alpha1",0.611443877945415,0.60899883350772,0.0957061884511422,0.4333961206146,0.545957936675545,0.60899883350772,0.67589695546536,0.803426591883264
500,168,"beta1",0.182800886767613,0.177515069250225,0.059191529380635,0.0759522100630835,0.14122920980428,0.177515069250225,0.22080437359086,0.308066859152355
500,169,"alpha0",0.096506847387428,0.094652834464864,0.0274751008437792,0.0591331506698754,0.081909035096086,0.094652834464864,0.107566744938976,0.139453884747356
500,169,"alpha1",0.61298267280337,0.612299568631807,0.10205308016932,0.421608362626066,0.541019657839543,0.612299568631807,0.685650791338597,0.813029143887023
500,169,"beta1",0.257391341680076,0.254197454611968,0.0713029206552132,0.132446834342021,0.206456196501864,0.254197454611968,0.304034247454163,0.405085445242603
500,170,"alpha0",0.100479986955015,0.0993390461018366,0.0243893105774652,0.066623568622616,0.0869707947399521,0.0993390461018366,0.111759593754871,0.137076177041195
500,170,"alpha1",0.664580093972708,0.669291092487333,0.0896265166064148,0.479802821325239,0.606194611025171,0.669291092487333,0.728571564122835,0.824665618610485
500,170,"beta1",0.179999058921125,0.175908591600144,0.0600030029572487,0.0710940764377774,0.137945970932293,0.175908591600144,0.217711538963314,0.306135243421497
500,171,"alpha0",0.0883185105608202,0.0871918824491928,0.0223707980669694,0.0636560965376584,0.0783941562464597,0.0871918824491928,0.0956740282857409,0.112600394579211
500,171,"alpha1",0.728924955101579,0.73265352095667,0.0845648445323438,0.557336204156692,0.677625309336389,0.73265352095667,0.785196603260318,0.882200303717666
500,171,"beta1",0.161559691474605,0.157620570658768,0.0510033838413642,0.0735936915402877,0.125176669532174,0.157620570658768,0.194057115979506,0.271395290442723
500,172,"alpha0",0.0798555295966425,0.0776480476392652,0.026501548553094,0.0493109793484785,0.0685219541232607,0.0776480476392652,0.088034578686069,0.11176576133693
500,172,"alpha1",0.644253647310675,0.645000619685626,0.0738473830852772,0.501795946426736,0.594298302011994,0.645000619685626,0.695928870939598,0.781971065611674
500,172,"beta1",0.28040572428955,0.280503256367579,0.0621656921874172,0.161718642035492,0.23794308678571,0.280503256367579,0.323519328666415,0.397931347844338
500,173,"alpha0",0.121731272687961,0.122395195058399,0.0273916815115957,0.0754967579830324,0.105345100061774,0.122395195058399,0.137169314416363,0.163166214988413
500,173,"alpha1",0.630223331154107,0.633039012829467,0.0973747661334464,0.431758340241303,0.565986150829087,0.633039012829467,0.699043594718871,0.806005385875112
500,173,"beta1",0.137621563632032,0.12588701120245,0.0787487334587477,0.0176149911096375,0.0805293826762273,0.12588701120245,0.183603230747727,0.322823909098723
500,174,"alpha0",0.133383717354571,0.133951210359831,0.0276807556329063,0.0843321505884329,0.115744384238394,0.133951210359831,0.149630106363492,0.178830353566269
500,174,"alpha1",0.69310162424925,0.689103755629519,0.107436558961944,0.496733387691866,0.616912398554345,0.689103755629519,0.768060397708097,0.904081699943681
500,174,"beta1",0.108639076444691,0.0891654659445291,0.0816727343700802,0.00462837958949158,0.0445947631596346,0.0891654659445291,0.158767187253249,0.304350058103026
500,175,"alpha0",0.128066403382835,0.125830037470819,0.0306601668921557,0.0854095155495194,0.109810593021882,0.125830037470819,0.141749306553319,0.177507728369194
500,175,"alpha1",0.709836413451471,0.715409111106867,0.079245351628625,0.534116997766061,0.663571647087452,0.715409111106867,0.766098546880703,0.841366786178446
500,175,"beta1",0.206265642813829,0.20287630806383,0.0564783416878063,0.100696311241773,0.167691584208142,0.20287630806383,0.244343527556443,0.320997980624889
500,176,"alpha0",0.0891246268169005,0.0871163966673075,0.0253518743797822,0.0608189073210131,0.0765825844280995,0.0871163966673075,0.0977138581589137,0.119740618755451
500,176,"alpha1",0.679579847781082,0.684310177119295,0.0806805927087361,0.526212800608025,0.629379014744138,0.684310177119295,0.734542533992199,0.819608351322144
500,176,"beta1",0.249450822650542,0.246162386043272,0.059925572993837,0.138730170818785,0.207828287758031,0.246162386043272,0.288197039650875,0.373409949776565
500,177,"alpha0",0.155813572436067,0.153756267933955,0.030804378814602,0.106039449607583,0.136786691920167,0.153756267933955,0.172330139426749,0.211055487776511
500,177,"alpha1",0.764575178499476,0.777582791062599,0.0932368278128263,0.56100573022389,0.706261002962227,0.777582791062599,0.834221083126925,0.905502404492078
500,177,"beta1",0.128461490770402,0.121868479576448,0.0529312488726379,0.0414207752166971,0.0909290492004836,0.121868479576448,0.161826652286973,0.246287749009026
500,178,"alpha0",0.115366501693713,0.114799602419656,0.026683015451056,0.0760044398607554,0.101106494054022,0.114799602419656,0.127423231105172,0.15186632896529
500,178,"alpha1",0.678787187728945,0.679181139102197,0.096631312735369,0.490821320047125,0.617608799585467,0.679181139102197,0.742509929878976,0.857838125180981
500,178,"beta1",0.181808316145982,0.17333914836872,0.0611198281765757,0.0802364090291855,0.138364304302133,0.17333914836872,0.219837507774172,0.318892938228829
500,179,"alpha0",0.122433137615149,0.120901365286298,0.0287664090387857,0.0837648970145428,0.10778071449366,0.120901365286298,0.133202188318833,0.164412993340089
500,179,"alpha1",0.792513822064386,0.795780795306114,0.078054275818987,0.636802608597649,0.743894633024318,0.795780795306114,0.851805971475461,0.917992610136417
500,179,"beta1",0.113368484813849,0.108523089906139,0.0457463103080782,0.0381864795700332,0.0804351617314149,0.108523089906139,0.14083939008426,0.216972569020418
500,180,"alpha0",0.0975289601879193,0.095382110573017,0.022160465776376,0.0662577717875827,0.0850007706287937,0.095382110573017,0.106963134686452,0.134912410544837
500,180,"alpha1",0.618077920129168,0.617466038998553,0.0931501036663628,0.444862941283987,0.554936483763215,0.617466038998553,0.679383975930579,0.807886084670357
500,180,"beta1",0.24223820107235,0.239938451937478,0.0678741393236245,0.113578802816817,0.195162112032808,0.239938451937478,0.288008220053358,0.377945581100433
500,181,"alpha0",0.0852228348889992,0.0842895160075313,0.0258996291227873,0.0452996869701588,0.0728606672515067,0.0842895160075313,0.096017865878339,0.119071160578031
500,181,"alpha1",0.604987981576283,0.60277662298203,0.0897305987630554,0.429788560177582,0.546717584767036,0.60277662298203,0.664719661902537,0.778742676598281
500,181,"beta1",0.277665063308111,0.274172673595048,0.0726500092872216,0.14652121120325,0.228501102153116,0.274172673595048,0.324431861810994,0.426328418719435
500,182,"alpha0",0.127441186261731,0.12608918327239,0.029586325031926,0.0877602333228592,0.111409011429003,0.12608918327239,0.140051762486483,0.167607841911047
500,182,"alpha1",0.723419864725445,0.727122012305302,0.065382397428085,0.595774370898156,0.685291978971246,0.727122012305302,0.768228409730136,0.833442727829424
500,182,"beta1",0.188876130094056,0.184126279371204,0.0443274243527588,0.114156785327116,0.156926766080607,0.184126279371204,0.216389115294041,0.286070999927806
500,183,"alpha0",0.161814478678871,0.161028178549669,0.0312906570887284,0.108174391244312,0.143447626607018,0.161028178549669,0.179332079703835,0.210351257639581
500,183,"alpha1",0.613761521377714,0.612863979383067,0.0857550505437465,0.452667315008355,0.554237911412672,0.612863979383067,0.669413221918804,0.788805143887717
500,183,"beta1",0.15272261007406,0.147700470016329,0.0563849121356694,0.0582147299393094,0.112633439080995,0.147700470016329,0.188167263697769,0.276056374773746
500,184,"alpha0",0.0945217157415777,0.0925218454358515,0.0258906491108588,0.0649482743283016,0.0819982673722473,0.0925218454358515,0.103127864989581,0.127002037127349
500,184,"alpha1",0.684216119308821,0.687422185012177,0.0848695899685611,0.515711384330674,0.635286216340339,0.687422185012177,0.74068570696005,0.828174184272509
500,184,"beta1",0.207307894602384,0.205218261502879,0.0492040350660592,0.118804554030451,0.171550841287362,0.205218261502879,0.238802303934669,0.309784083520296
500,185,"alpha0",0.110907524883451,0.110438474550086,0.0250345693957894,0.0744979172677308,0.0967768941002279,0.110438474550086,0.123494354756457,0.148285439290439
500,185,"alpha1",0.641235359434433,0.642015303405892,0.0915006582210545,0.461937567081652,0.583944616976149,0.642015303405892,0.700226923765439,0.812165196120615
500,185,"beta1",0.166842140639688,0.160201426859264,0.0659152908948812,0.0575878366599404,0.118869097105821,0.160201426859264,0.208876153752651,0.309371383898575
500,186,"alpha0",0.149021949134645,0.148549807881738,0.0267038182128661,0.106441078671512,0.133555458538781,0.148549807881738,0.163507617096911,0.189227090044159
500,186,"alpha1",0.689554953556366,0.67764992304996,0.126332768732616,0.455884754096563,0.60221075470045,0.67764992304996,0.777666457993162,0.937985368570552
500,186,"beta1",0.059020981980913,0.0440609329876618,0.0527889203422941,0.00206487106443759,0.0194280328543644,0.0440609329876618,0.0833937671350499,0.197393094788243
500,187,"alpha0",0.117972056955322,0.116705648038255,0.0264373122853217,0.0771779958093351,0.103486979049014,0.116705648038255,0.130304670333869,0.160152775988917
500,187,"alpha1",0.619148902090786,0.609028122809985,0.0986918230747421,0.452760441494934,0.548676846955709,0.609028122809985,0.684384534649475,0.836814872058277
500,187,"beta1",0.151838951810909,0.147064156744645,0.0675379871363797,0.0377743323740029,0.102123496121781,0.147064156744645,0.195867419148615,0.293463754342159
500,188,"alpha0",0.0917202390864015,0.0899069402854115,0.0263724727602678,0.0553161136577026,0.0777264024851769,0.0899069402854115,0.103075998508234,0.131407506400346
500,188,"alpha1",0.565550044558137,0.562609916606278,0.0923282195656327,0.381633807371714,0.505652037793614,0.562609916606278,0.62624886284677,0.753539671059628
500,188,"beta1",0.243571142672485,0.234378397355943,0.0822103791332342,0.0957494329906844,0.186816256133243,0.234378397355943,0.298030654326977,0.426412968727241
500,189,"alpha0",0.0782514674073401,0.0765140971075235,0.0255831144274432,0.0472703607965991,0.0666021815378575,0.0765140971075235,0.0865082690523004,0.11159074993594
500,189,"alpha1",0.620936184775242,0.627764164993131,0.0824725881126936,0.457248070824693,0.570937465789366,0.627764164993131,0.677637121497736,0.761413164386182
500,189,"beta1",0.276482842208338,0.270559560001367,0.0678427238538862,0.150003366602074,0.232583377659726,0.270559560001367,0.316774544710298,0.428038581342525
500,190,"alpha0",0.103762313464256,0.102933955477195,0.0220819840392053,0.0732964453288951,0.0918720765866377,0.102933955477195,0.112805332144174,0.136360815063277
500,190,"alpha1",0.684059402034869,0.684263601259381,0.0857586468638223,0.517127741927123,0.627012170279446,0.684263601259381,0.740930286571271,0.84925683694444
500,190,"beta1",0.158690769313856,0.153501556085694,0.0510577724547131,0.0741656895780577,0.121321294676302,0.153501556085694,0.191379002892219,0.27186010854074
500,191,"alpha0",0.0841360630598719,0.0821385890849685,0.0266475026835282,0.0524603132744636,0.0710946477259678,0.0821385890849685,0.0932601889707535,0.119212048964017
500,191,"alpha1",0.686003634354127,0.687001460373598,0.0875936214823813,0.510000939342789,0.637258057474865,0.687001460373598,0.742340529409333,0.843992276695988
500,191,"beta1",0.220010280196302,0.218554551542063,0.0676415946361386,0.0942024974872886,0.173345903756231,0.218554551542063,0.262914133975046,0.362408987212687
500,192,"alpha0",0.0830272669897778,0.081806411013888,0.0189822299753762,0.0561575890464428,0.0725537061926305,0.081806411013888,0.0922170276251336,0.111006446229129
500,192,"alpha1",0.715582640407873,0.720297751816395,0.0630906867985674,0.573228309519824,0.681724100371165,0.720297751816395,0.758318295690975,0.816483283900957
500,192,"beta1",0.230175462915786,0.226059456004162,0.0487365251879798,0.147090456167249,0.196104440624676,0.226059456004162,0.260293021100046,0.331133821899455
500,193,"alpha0",0.0730016077784868,0.0705815745416155,0.0271966225154803,0.0417505773266907,0.0605998823538753,0.0705815745416155,0.0820977665636592,0.103538302623549
500,193,"alpha1",0.666099398696861,0.670801362446048,0.0907349472993604,0.473154476918664,0.612173670200878,0.670801362446048,0.728384222315989,0.819566155408888
500,193,"beta1",0.25232625068233,0.247804276570797,0.075159784572605,0.124826607177897,0.195435830237304,0.247804276570797,0.302357555469782,0.409435424190328
500,194,"alpha0",0.110515877549416,0.109463950030022,0.0260994480128282,0.0730962661463423,0.0968198038602943,0.109463950030022,0.121778518493095,0.146716617435283
500,194,"alpha1",0.739518899981952,0.749672169688809,0.0940546946905164,0.5440396488033,0.687612051567023,0.749672169688809,0.801291670103938,0.8897393547688
500,194,"beta1",0.173769353000471,0.170328562794652,0.0647594727898518,0.058750365784982,0.126382354592455,0.170328562794652,0.215386285181975,0.312367133530181
500,195,"alpha0",0.104976280888275,0.102429417094568,0.0268884935906282,0.0732222004140476,0.0905185420817814,0.102429417094568,0.115269927886903,0.142411371426152
500,195,"alpha1",0.655007901734674,0.652448144951705,0.0955049823454786,0.472911428531928,0.591644374723131,0.652448144951705,0.712945025680869,0.862268544725722
500,195,"beta1",0.165190188076392,0.160061279601777,0.0694332987170964,0.0425410769120416,0.114789650696556,0.160061279601777,0.213269975620819,0.312043957082941
500,196,"alpha0",0.111993536944313,0.112007612469745,0.026772227197788,0.06999724027487,0.0955929071738393,0.112007612469745,0.125947607447364,0.156462398406295
500,196,"alpha1",0.759225100056898,0.76614932958782,0.0945146234121163,0.561272980308229,0.698371501868557,0.76614932958782,0.830207260919912,0.911923740169372
500,196,"beta1",0.126460212960882,0.120774205110515,0.0644310624232181,0.0205939286503867,0.0801627442062706,0.120774205110515,0.166762245135251,0.266814575106391
500,197,"alpha0",0.0825643243489983,0.0809344817769801,0.0264081871242171,0.0523108919017794,0.0702523925918057,0.0809344817769801,0.0913472929704077,0.112489267499888
500,197,"alpha1",0.538218536232491,0.534921837854819,0.0905339201600657,0.368454498945188,0.47556225166023,0.534921837854819,0.599860925309007,0.719961801836096
500,197,"beta1",0.249901152822289,0.245202501546633,0.082098951936494,0.109961399212672,0.1907775406118,0.245202501546633,0.301186636555151,0.430894957458746
500,198,"alpha0",0.0944542638557621,0.0912867432874979,0.0263849624833938,0.0592605366024491,0.07926674727094,0.0912867432874979,0.10703470613886,0.13351232591034
500,198,"alpha1",0.593480610313723,0.591421254776444,0.0929535147022547,0.424668046235777,0.525312300825639,0.591421254776444,0.658235153088088,0.778422471945361
500,198,"beta1",0.207788969213137,0.20625773067055,0.0803724825669194,0.0593701610202999,0.150229531988513,0.20625773067055,0.264009317713653,0.366889023957812
500,199,"alpha0",0.0976574095918296,0.0960454691097793,0.0253926884991754,0.0637638177355261,0.084278647487016,0.0960454691097793,0.108361350567045,0.133897860956411
500,199,"alpha1",0.698419038458394,0.7014796885995,0.090883136300168,0.518357279100852,0.635761268198522,0.7014796885995,0.764371236660269,0.859010905155073
500,199,"beta1",0.16569278862849,0.158495812395038,0.0647517194681688,0.054026236561509,0.118704067677445,0.158495812395038,0.207014917530501,0.3087719159958
500,200,"alpha0",0.142768455488307,0.141681215737578,0.0283849715936337,0.09843326252929,0.124656146699436,0.141681215737578,0.158044752366753,0.190675702338996
500,200,"alpha1",0.55145957164135,0.546706040655767,0.0959561353799056,0.376912290539518,0.485684466002404,0.546706040655767,0.606117198310824,0.779962824645664
500,200,"beta1",0.145205605608399,0.135929216614186,0.0735673186447382,0.0241802814915594,0.0901287560300323,0.135929216614186,0.193123862801053,0.302575441553558
500,201,"alpha0",0.0770628999095185,0.074736756334428,0.0274290768276008,0.0482487083000197,0.0643559872327361,0.074736756334428,0.0852795319124833,0.110077232767808
500,201,"alpha1",0.622940300365134,0.623163973211805,0.0851319724256246,0.460408259513491,0.56969883526052,0.623163973211805,0.681094555055225,0.778688203250575
500,201,"beta1",0.288658402780829,0.287802753033005,0.0619562313363852,0.168980482758737,0.246373929302221,0.287802753033005,0.330810440674629,0.407506628519929
500,202,"alpha0",0.0952441323273458,0.0936044678181235,0.0267249150642487,0.0638235251892589,0.0830493981793869,0.0936044678181235,0.103932565238959,0.127767729653327
500,202,"alpha1",0.664745427405466,0.669624134588556,0.0787743828101071,0.512169833842393,0.607428262860329,0.669624134588556,0.724548216503938,0.803582319216113
500,202,"beta1",0.233907397117126,0.231158141655954,0.0584638797296136,0.125611179049063,0.193849742307746,0.231158141655954,0.271826839735309,0.350270939127493
500,203,"alpha0",0.108310121712878,0.10640842940535,0.0249968449451247,0.0769066500398572,0.0940514302697189,0.10640842940535,0.119135767980315,0.144594271286956
500,203,"alpha1",0.705832987441264,0.711462143145362,0.0825788185001696,0.540137744051102,0.651089302739901,0.711462143145362,0.76725385830763,0.843562209297361
500,203,"beta1",0.198691658888714,0.194485436209396,0.0538542004499097,0.107849878398545,0.159662649696649,0.194485436209396,0.233828775654991,0.315151767202071
500,204,"alpha0",0.0991141410717199,0.0980146731817515,0.0276008313497738,0.055061389576354,0.0836785027529185,0.0980146731817515,0.112277368010247,0.144326741299368
500,204,"alpha1",0.611386839732782,0.613142405663535,0.089098303836992,0.435560467724231,0.553812422433083,0.613142405663535,0.670882909976172,0.779996284485347
500,204,"beta1",0.245132273764153,0.237447667318765,0.0818590941796116,0.106080304442645,0.185316097059357,0.237447667318765,0.29705690978184,0.430240270019984
500,205,"alpha0",0.0991652756672958,0.0973277230435294,0.0250229413311205,0.0653520594448996,0.0858253862229866,0.0973277230435294,0.109136144481402,0.134508935576537
500,205,"alpha1",0.629891691854922,0.630620580956348,0.08384398581177,0.46350548070638,0.576514824976162,0.630620580956348,0.685444558468152,0.788389072941881
500,205,"beta1",0.220210504370623,0.217392004851086,0.0586236037099098,0.111369566727484,0.179792666768392,0.217392004851086,0.257383480921723,0.344102463136003
500,206,"alpha0",0.120536414382818,0.118668908330743,0.0269064869427121,0.0839637959167329,0.107022775544834,0.118668908330743,0.130764471210204,0.162178092894815
500,206,"alpha1",0.68092464031206,0.682087456305157,0.095973842985636,0.494929354551802,0.613815629759899,0.682087456305157,0.752147429549889,0.855160951617198
500,206,"beta1",0.188028408861947,0.182234057384606,0.0601130516396659,0.0861101906739807,0.143584355619268,0.182234057384606,0.227820588737498,0.315416649834068
500,207,"alpha0",0.103105553656355,0.101599236216235,0.0248154255985269,0.0662202635894738,0.0896693229124378,0.101599236216235,0.115277079340661,0.138943047431138
500,207,"alpha1",0.582863321402462,0.571726496864688,0.102088451653467,0.40588800552187,0.512201303852109,0.571726496864688,0.649478459433249,0.803227650167154
500,207,"beta1",0.193409474322124,0.18668158246779,0.0763662152424623,0.0665487790753237,0.136687554509802,0.18668158246779,0.24437571688661,0.36272317837189
500,208,"alpha0",0.10454795675243,0.102556762182243,0.0254770583811008,0.0715101892768048,0.0914111204683629,0.102556762182243,0.114352031015621,0.137057865766287
500,208,"alpha1",0.706615938192591,0.708618992718846,0.0785873634407213,0.555454259419021,0.659673297849167,0.708618992718846,0.760196803061281,0.845523964734772
500,208,"beta1",0.189561888972987,0.186113098989305,0.0523419253798333,0.0975660344153874,0.152136170172123,0.186113098989305,0.223777137252403,0.299387391955803
500,209,"alpha0",0.122596703173128,0.120405378118705,0.0315439875439825,0.0832665599603742,0.106818700407832,0.120405378118705,0.133918707919214,0.164803400101736
500,209,"alpha1",0.665469834556646,0.666258940360786,0.0926671053145824,0.47330383450588,0.60757249559383,0.666258940360786,0.731031892376842,0.839855017340898
500,209,"beta1",0.178316772424544,0.173166099504496,0.0580155574733085,0.0814835546831609,0.134452992516084,0.173166099504496,0.218373897792939,0.300652287959404
500,210,"alpha0",0.0831150992190485,0.0808884452258648,0.0257347444353419,0.0502718065384878,0.0699736337990274,0.0808884452258648,0.0927752375153176,0.117865940322555
500,210,"alpha1",0.598513529079415,0.601504984246552,0.0759843824366251,0.445640404813671,0.548829498617146,0.601504984246552,0.650416952745964,0.741660880421023
500,210,"beta1",0.29681564599676,0.297360732194654,0.0682180269190052,0.169909885046092,0.248381008883129,0.297360732194654,0.342913106856863,0.436751568487036
500,211,"alpha0",0.103930170110137,0.10085351155042,0.0298406382843335,0.0607749040860379,0.0873644576361068,0.10085351155042,0.117528470835412,0.1555261163295
500,211,"alpha1",0.520994523018323,0.517163660482667,0.090180886573353,0.360794548814409,0.45771006953043,0.517163660482667,0.581785997598686,0.697721715250333
500,211,"beta1",0.216908436109643,0.217635539106998,0.0852746251235959,0.0569858476412853,0.15848630313324,0.217635539106998,0.272866729460363,0.390369280740899
500,212,"alpha0",0.0964001253028223,0.0946538782157847,0.0244119208429081,0.0636270776009156,0.0829461606801239,0.0946538782157847,0.106345788236198,0.133666185615002
500,212,"alpha1",0.650566919612539,0.651681725140766,0.0898660610976696,0.464649307954947,0.596325373979994,0.651681725140766,0.71377189934582,0.807483991324175
500,212,"beta1",0.193177625888837,0.188132244175445,0.0620483315404557,0.0822804668069744,0.149430786190173,0.188132244175445,0.231156432045634,0.335584560260281
500,213,"alpha0",0.105644700226447,0.105426653973365,0.0214305639742566,0.0723054918556701,0.0936084762302025,0.105426653973365,0.116651416118898,0.137091057614574
500,213,"alpha1",0.693301075167575,0.694412087510009,0.0738886142254246,0.549329573037673,0.642329599754038,0.694412087510009,0.746729500398907,0.833364301190042
500,213,"beta1",0.194471547977144,0.189150581977533,0.0525759219866876,0.10652458680921,0.158538982624385,0.189150581977533,0.225136129012888,0.313168753350219
500,214,"alpha0",0.115517833129902,0.113999138633575,0.0297843371739093,0.0689581853696674,0.0980420750813814,0.113999138633575,0.131055235866535,0.164196997390278
500,214,"alpha1",0.653519319647665,0.65571024276167,0.0792087112063766,0.497084196007907,0.604291503850232,0.65571024276167,0.705794344096907,0.801064996876849
500,214,"beta1",0.24589356050476,0.241157456115035,0.067401437042004,0.127170697976532,0.196973077580582,0.241157456115035,0.292148274253578,0.388053923451567
500,215,"alpha0",0.108087312021697,0.105648447602962,0.030148730628214,0.0653640654616063,0.0908302008285704,0.105648447602962,0.121336978572813,0.156967325946905
500,215,"alpha1",0.625174914812079,0.622738381483651,0.109007022255365,0.428965179826612,0.543397392758765,0.622738381483651,0.707427446613846,0.825280146830113
500,215,"beta1",0.167651191016398,0.163356335548321,0.0945233899473027,0.00926386207855719,0.0966120091649678,0.163356335548321,0.230691526478265,0.364089583248972
500,216,"alpha0",0.101823538324601,0.100620950945225,0.0243589820705267,0.0642204599453557,0.0898119462481047,0.100620950945225,0.112277045573028,0.135086657323982
500,216,"alpha1",0.65052878942494,0.656813446379019,0.0886031288744662,0.457676622079053,0.598963760322442,0.656813446379019,0.711476205225443,0.804810978532052
500,216,"beta1",0.228440515011047,0.226813007762627,0.0544419073379307,0.130005476298317,0.189963197868028,0.226813007762627,0.263383733600513,0.342106286979557
500,217,"alpha0",0.117837647602426,0.11603670575452,0.0328602226408102,0.072015708286207,0.0998601069098716,0.11603670575452,0.132919687654597,0.16432255558397
500,217,"alpha1",0.594480482169067,0.595401647067109,0.0929098527831071,0.413275458124057,0.531488291828234,0.595401647067109,0.662200141622911,0.770880329585649
500,217,"beta1",0.181287255933943,0.172253015312494,0.0811440997054059,0.049131619811412,0.121968613180881,0.172253015312494,0.230410967882633,0.361310336914659
500,218,"alpha0",0.146446482354819,0.146534289406341,0.0250345381530203,0.10177990232583,0.131373838650798,0.146534289406341,0.161234146759556,0.186268951818805
500,218,"alpha1",0.603126216369584,0.603516029481129,0.101061017089885,0.407975198886275,0.534638436012856,0.603516029481129,0.674517616508502,0.794639118985801
500,218,"beta1",0.095514346549563,0.0804583828164933,0.0643372930869978,0.0121973094608174,0.0475303797920351,0.0804583828164933,0.131485157317181,0.247856995514781
500,219,"alpha0",0.103258563089192,0.10252689080666,0.022786973205589,0.0734730959012376,0.0918229149643801,0.10252689080666,0.112552187877147,0.130483028995483
500,219,"alpha1",0.804741132070767,0.814191345489009,0.0654465765600692,0.669640176934855,0.770613826865616,0.814191345489009,0.848379681304076,0.898881355121703
500,219,"beta1",0.142636730201115,0.136940488443924,0.041125484187836,0.0783781132816452,0.113162416080208,0.136940488443924,0.166055936029812,0.23719957052278
500,220,"alpha0",0.113752939902854,0.111410547372488,0.0239910728041094,0.0814381429212891,0.0998478567279758,0.111410547372488,0.124394328218682,0.154697893713792
500,220,"alpha1",0.669690980595299,0.669078014243172,0.0882094590029377,0.50510103603856,0.609693823230698,0.669078014243172,0.733681214994555,0.832830332185615
500,220,"beta1",0.16759175980928,0.168098802954807,0.0587404141610561,0.0556695206442409,0.124600599183985,0.168098802954807,0.210244625702547,0.276820793942816
500,221,"alpha0",0.100707718973274,0.0990450363967021,0.028807201335364,0.0652384713864732,0.0864173603542607,0.0990450363967021,0.111351063154987,0.135950927644712
500,221,"alpha1",0.579220633150681,0.574118632201661,0.0904999690293152,0.414603526314568,0.513277112986383,0.574118632201661,0.642603624347961,0.755185717130592
500,221,"beta1",0.260943360652078,0.257998426526782,0.0673992511495994,0.137859685266015,0.213672597250366,0.257998426526782,0.305335055814875,0.399030129168528
500,222,"alpha0",0.0811251761392339,0.078964751831895,0.0292325903750671,0.0509828362766368,0.0688846373793298,0.078964751831895,0.0884967177279544,0.111493852058863
500,222,"alpha1",0.634784737704969,0.636505327153972,0.0765123533236789,0.482838425837792,0.582937334773676,0.636505327153972,0.688978782760291,0.774780605283146
500,222,"beta1",0.287280826838078,0.284371769784528,0.0561114481963218,0.18095981881547,0.250398566602454,0.284371769784528,0.323251449010523,0.409242278168735
500,223,"alpha0",0.0983595268490802,0.0972507991546921,0.025493873606374,0.0666271637471914,0.0861210492781657,0.0972507991546921,0.107542655773549,0.129040442502783
500,223,"alpha1",0.691853999927404,0.699175509086723,0.0818819574716007,0.515611806890397,0.643200868741187,0.699175509086723,0.748568361581623,0.826426176410386
500,223,"beta1",0.212356851595757,0.209902906197909,0.0536178902676149,0.115376477781708,0.174567570314027,0.209902906197909,0.246920428327119,0.323337217883777
500,224,"alpha0",0.114660919815177,0.112682298822668,0.0282524212092644,0.0810923485489245,0.10130202682502,0.112682298822668,0.124190735462228,0.148480072030958
500,224,"alpha1",0.70395327348024,0.709643450807665,0.0922476870873978,0.526070643761879,0.639178167125426,0.709643450807665,0.772222898819416,0.860482454666061
500,224,"beta1",0.13761938903196,0.131066059686847,0.0534626247562975,0.0542725803669335,0.0986820880166312,0.131066059686847,0.16884813514908,0.25475191479029
500,225,"alpha0",0.117073716746938,0.116210944456563,0.026875776420083,0.0765229391031322,0.101734904489665,0.116210944456563,0.129837908994584,0.157622968520943
500,225,"alpha1",0.531598803706068,0.530774444445289,0.0890776605273357,0.369807475924675,0.467462678543849,0.530774444445289,0.590878575926455,0.712323205319443
500,225,"beta1",0.215738594638469,0.212607014582045,0.0677560629942584,0.0928917226497249,0.167135020950652,0.212607014582045,0.261342429779804,0.351523330154391
500,226,"alpha0",0.120374220885282,0.119972737457668,0.0249420170164622,0.0812745167847087,0.10582123631401,0.119972737457668,0.132803594021299,0.161919604349442
500,226,"alpha1",0.758330325445665,0.763257013815566,0.081494377158756,0.59322636049284,0.706857143654537,0.763257013815566,0.816156189939119,0.897097424258662
500,226,"beta1",0.120973050404222,0.11672505598961,0.0487804043639453,0.0337789060105726,0.0863033383514684,0.11672505598961,0.152635428637294,0.225836224218081
500,227,"alpha0",0.115711060934195,0.113948586369338,0.0301586539361041,0.0767114915094452,0.100819413779004,0.113948586369338,0.126974635549619,0.155951235591943
500,227,"alpha1",0.635686849953892,0.639776329134816,0.0826165594733726,0.471816013114769,0.580216572455611,0.639776329134816,0.695911507587207,0.784378579663301
500,227,"beta1",0.248549415752532,0.243086609414612,0.060886507726091,0.14647887870965,0.204229508233302,0.243086609414612,0.287201448004835,0.381179466886143
500,228,"alpha0",0.0964740376919663,0.093618687856292,0.0294591512797904,0.0585363964824504,0.0812169098814419,0.093618687856292,0.108268201813671,0.134896502560872
500,228,"alpha1",0.50172334097858,0.497848622637119,0.0933487725493284,0.332959504594904,0.438845718811718,0.497848622637119,0.55808304353314,0.71902535504457
500,228,"beta1",0.306271577270412,0.303309830617696,0.0851056175430172,0.138256338855687,0.249119595249297,0.303309830617696,0.363176340702137,0.478618988989948
500,229,"alpha0",0.136899018865028,0.134502000040552,0.031156592549731,0.0932310033507911,0.118635581249853,0.134502000040552,0.150671718468063,0.189942080311068
500,229,"alpha1",0.767716610732226,0.774699316391089,0.087378611049191,0.590331905352514,0.720182204015273,0.774699316391089,0.827446274629785,0.900912263279139
500,229,"beta1",0.127668093866589,0.122864331929726,0.0479615905063303,0.0441920209998746,0.0943401259558391,0.122864331929726,0.158496185822576,0.231135165414526
500,230,"alpha0",0.135437044601385,0.134292367601469,0.0290429874035865,0.0927935628967009,0.117660596323242,0.134292367601469,0.149981603290754,0.181972479455513
500,230,"alpha1",0.631015130041062,0.630681120252022,0.092089677878327,0.463003232865795,0.569824176568819,0.630681120252022,0.696106650483813,0.798698250006646
500,230,"beta1",0.201559404218693,0.1970453181874,0.0577588372423984,0.10010686211136,0.159198574596311,0.1970453181874,0.239675029007979,0.321601598138626
500,231,"alpha0",0.105249636884578,0.103821708901163,0.0236025630948274,0.0750603321416938,0.0936394578639973,0.103821708901163,0.113952839158394,0.137385104413555
500,231,"alpha1",0.753487326038331,0.764569638837513,0.0751214832268812,0.588315580638556,0.709488233733893,0.764569638837513,0.807075395185695,0.870641812871648
500,231,"beta1",0.153280272639397,0.147530327502158,0.0424474764435743,0.0843541824511857,0.123198256336689,0.147530327502158,0.17882402792721,0.253795437526698
500,232,"alpha0",0.0841244539529076,0.08231290275777,0.0257998061182763,0.0532403179636037,0.072300584564899,0.08231290275777,0.092743398769533,0.115756634263894
500,232,"alpha1",0.740740756916192,0.750181998786564,0.0784974005516646,0.567868231699259,0.699035523055463,0.750181998786564,0.794569739960299,0.862430125132036
500,232,"beta1",0.198146652971343,0.194509073443444,0.0589360172069422,0.098657793501954,0.154873893178664,0.194509073443444,0.23621252828138,0.324971249582869
500,233,"alpha0",0.0970550508880743,0.0958279605091591,0.0249163869928019,0.0609970157963677,0.0836951566301573,0.0958279605091591,0.108806885802657,0.134636094384988
500,233,"alpha1",0.517307430044654,0.515275468043886,0.085137269401932,0.358045988735656,0.457956023932046,0.515275468043886,0.576680029004617,0.682123244284189
500,233,"beta1",0.311162041612521,0.307908930090794,0.0623640368738467,0.197072890441479,0.268108664319706,0.307908930090794,0.350621825761274,0.446873810277847
500,234,"alpha0",0.108469870672043,0.106988070313136,0.0267056170571291,0.073759509572879,0.0962884115794923,0.106988070313136,0.118072529306121,0.140862100083065
500,234,"alpha1",0.727888026584231,0.737399720706392,0.0782614230895178,0.558032556067513,0.686781642180411,0.737399720706392,0.782438693565358,0.846937567587869
500,234,"beta1",0.191143896674397,0.184558615012846,0.0510770962642572,0.112120279973047,0.15485139109775,0.184558615012846,0.219017058993522,0.319135201988185
500,235,"alpha0",0.109667295682362,0.10896509285373,0.0207601169275897,0.0819525736798781,0.0990281638046882,0.10896509285373,0.118541255193067,0.135920330001437
500,235,"alpha1",0.847784564664405,0.857202070287099,0.0770200849076133,0.694638596675614,0.807219909402456,0.857202070287099,0.901246942360188,0.960458507902589
500,235,"beta1",0.0629118720582742,0.0554612606762066,0.0369769190501957,0.0152495490624233,0.036650469675576,0.0554612606762066,0.0811911838630396,0.146922654230689
500,236,"alpha0",0.120928960099207,0.120821048839508,0.0239502738991996,0.0837603674423251,0.106768262728503,0.120821048839508,0.13290259334306,0.158213683012218
500,236,"alpha1",0.698743483059876,0.70117843555895,0.0786096659591188,0.541221627109494,0.646972379696441,0.70117843555895,0.757048140589041,0.831776850892113
500,236,"beta1",0.174711514451782,0.167616740820745,0.0533040367234926,0.0913793994410864,0.135067449426229,0.167616740820745,0.206411583412445,0.296359829806141
500,237,"alpha0",0.086650911684856,0.0842912460087788,0.0288098424085683,0.0529153013617669,0.0723944297627387,0.0842912460087788,0.0969937794555908,0.126172246494847
500,237,"alpha1",0.645598002115182,0.649731883130927,0.0842504371831228,0.483320780488157,0.594086473993079,0.649731883130927,0.704391617111448,0.784992649194892
500,237,"beta1",0.251254164254041,0.249079552458599,0.0587692637152814,0.145082412359868,0.209613581525416,0.249079552458599,0.287573259080372,0.37798915457238
500,238,"alpha0",0.105462621308376,0.103795101841958,0.0280660553541141,0.0709564328203522,0.0925026557906923,0.103795101841958,0.115674148793774,0.136878734384285
500,238,"alpha1",0.742242043265826,0.74251764366466,0.0979333400506297,0.549531952204419,0.678639870592866,0.74251764366466,0.813120307965763,0.911405172141605
500,238,"beta1",0.0908174566905586,0.0844475140769226,0.0552337090797296,0.00746770197973314,0.0484992751463831,0.0844475140769226,0.124564053978223,0.218872312421323
500,239,"alpha0",0.099473560052847,0.0975189327886009,0.0244213624132915,0.0657409222187288,0.0854172912388347,0.0975189327886009,0.109996956839867,0.138668016663931
500,239,"alpha1",0.633412167510583,0.636220030244533,0.0790232003111546,0.466803126007261,0.584469854364062,0.636220030244533,0.688221196977669,0.776587217334106
500,239,"beta1",0.231627235365456,0.22923207388437,0.0597450410205714,0.114245765397624,0.192204572927217,0.22923207388437,0.270752900382575,0.351807354908681
500,240,"alpha0",0.133142834521471,0.131875671248591,0.0271592218594116,0.0925922526643145,0.118939290744208,0.131875671248591,0.145610872593431,0.172111960154236
500,240,"alpha1",0.801372400097891,0.807205689924328,0.0881158410681691,0.621362517343687,0.751719779815548,0.807205689924328,0.864035402546438,0.94264084003164
500,240,"beta1",0.0922233641745976,0.0862024553341738,0.0462832599028249,0.020680155415272,0.0577012867690051,0.0862024553341738,0.119179246187406,0.202071808976552
500,241,"alpha0",0.0805664693532232,0.078426805924518,0.0253376114795293,0.0494420977898944,0.0691557308709498,0.078426805924518,0.0884602921656029,0.112756449354249
500,241,"alpha1",0.600124030140863,0.600064540660815,0.0798448470847436,0.442995726181154,0.548406806684548,0.600064540660815,0.655729436382605,0.753160505881956
500,241,"beta1",0.286443501135384,0.282417815117578,0.0658594765780026,0.165954673856944,0.240821432346983,0.282417815117578,0.328936423975419,0.4277694950424
500,242,"alpha0",0.0985295037991504,0.0980530029601988,0.022966234337697,0.0643053900721876,0.0863690579467549,0.0980530029601988,0.109141650166321,0.129043100759714
500,242,"alpha1",0.663856266274993,0.664302347607627,0.0934879100462654,0.488205399257651,0.597637092283223,0.664302347607627,0.728718926985591,0.84231940897414
500,242,"beta1",0.200551053116872,0.195543318295612,0.0593509727012619,0.100732023570809,0.157966383670678,0.195543318295612,0.238314655734318,0.330291165154051
500,243,"alpha0",0.144134044300116,0.142586270230088,0.0270764709847208,0.0996757571928603,0.127213329486867,0.142586270230088,0.158641813216126,0.196553991749337
500,243,"alpha1",0.555393576636245,0.553551731846366,0.0859172862292965,0.391380346346937,0.495642565626105,0.553551731846366,0.615846531341772,0.725181885933188
500,243,"beta1",0.186705824966892,0.181127247418008,0.0739026696222627,0.0573558186331832,0.134377548843879,0.181127247418008,0.235114235845823,0.339389393286034
500,244,"alpha0",0.0811230939190803,0.0801797853374648,0.0239349168249483,0.0533749924151121,0.0708660675699513,0.0801797853374648,0.0885926340552552,0.105033037433188
500,244,"alpha1",0.72573407122861,0.735388600950896,0.0729551415128782,0.564064280282897,0.688831323313263,0.735388600950896,0.77379154723377,0.833518545018997
500,244,"beta1",0.20962707125462,0.204460577968217,0.0470665924307973,0.131978443085004,0.175995253255373,0.204460577968217,0.238029147783705,0.316437444399485
500,245,"alpha0",0.0994806109858475,0.0977734601730923,0.0279027765043214,0.0607458118084765,0.0843944933589427,0.0977734601730923,0.110748975366082,0.144077141697034
500,245,"alpha1",0.693029645793781,0.696712201462545,0.0842720440835894,0.529721777737625,0.641492346997743,0.696712201462545,0.750402664250166,0.843424316347116
500,245,"beta1",0.215592482406593,0.212125161034786,0.0633431592781807,0.0997983821747949,0.171263159282129,0.212125161034786,0.257349193936516,0.348647462932727
500,246,"alpha0",0.100243758870257,0.0985853134322682,0.0261345032206953,0.0693713209360294,0.0883385478206064,0.0985853134322682,0.109263877837629,0.12924627298854
500,246,"alpha1",0.736279734957765,0.740378499554316,0.0832673811798199,0.562156797533508,0.67961099350523,0.740378499554316,0.797183625549967,0.884635862137105
500,246,"beta1",0.153202391006958,0.147593869829679,0.0571338279596698,0.0598766370814263,0.111131576253388,0.147593869829679,0.187970268100908,0.286529258386363
500,247,"alpha0",0.112830312575121,0.110622627639717,0.0276975901476596,0.0822348228054644,0.0998049087489496,0.110622627639717,0.121853713804274,0.145828067000068
500,247,"alpha1",0.707256020025356,0.715547649621705,0.0953966294150708,0.516374170552665,0.64540221745017,0.715547649621705,0.776514760296352,0.859136054069328
500,247,"beta1",0.171370220366316,0.165321207567688,0.0491853830807219,0.090071683285214,0.135776321513795,0.165321207567688,0.201854890031432,0.280234215261529
500,248,"alpha0",0.0900978623409354,0.0882745501589281,0.0273793901841662,0.0562895990892047,0.0769755499230673,0.0882745501589281,0.0992983924726768,0.127324196768897
500,248,"alpha1",0.656752225301008,0.662220778591067,0.086595021986289,0.496173394359875,0.606170715609572,0.662220778591067,0.715339188397173,0.799874960231596
500,248,"beta1",0.252685804676224,0.247326757434192,0.0579848390550417,0.147603484974308,0.213327004175012,0.247326757434192,0.290798049002469,0.37542736099748
500,249,"alpha0",0.1055942732926,0.104164102532811,0.0263438669556618,0.0692815063818212,0.0913785928884378,0.104164102532811,0.117188372567153,0.144196607284665
500,249,"alpha1",0.662857698899086,0.667535692118508,0.0814955650768126,0.501350303685158,0.611694534642118,0.667535692118508,0.717751920406546,0.812894012542723
500,249,"beta1",0.219428665497006,0.215259231057334,0.0606727572067007,0.112284829667814,0.17524196768609,0.215259231057334,0.26078815596068,0.345982432238047
500,250,"alpha0",0.123384433979361,0.12180967704556,0.0251964236761405,0.0854970788146086,0.108729155067841,0.12180967704556,0.135715436699369,0.164304393833426
500,250,"alpha1",0.742566576501047,0.747711052483429,0.0912546770008736,0.572588844136096,0.686095329424226,0.747711052483429,0.810438506884423,0.885324126724487
500,250,"beta1",0.131383086442592,0.124807235701036,0.0526850746749809,0.0442792185242614,0.0932453526496079,0.124807235701036,0.165150442776319,0.244288820010118
500,251,"alpha0",0.0855089252920501,0.0840937700292591,0.0244251889863779,0.0523616404347694,0.0723419944885143,0.0840937700292591,0.0949673304056056,0.122854044891326
500,251,"alpha1",0.543670101873155,0.541038539380884,0.097425931757297,0.356023870768133,0.476882320269532,0.541038539380884,0.611839170879333,0.733527560502759
500,251,"beta1",0.326501055684819,0.323529751518997,0.0734372245804491,0.193373542153122,0.274717981471097,0.323529751518997,0.376028938446025,0.481728255989341
500,252,"alpha0",0.107700363103004,0.106795701172257,0.0250340767348948,0.0733042664471258,0.0951957810359585,0.106795701172257,0.117728298942037,0.138395151409775
500,252,"alpha1",0.606778141372413,0.606991588485019,0.0812783890897721,0.450730110474278,0.550308957203543,0.606991588485019,0.664434077395036,0.760926435191633
500,252,"beta1",0.244178628219999,0.240123442002953,0.0487136736642431,0.160688405816387,0.209027257130729,0.240123442002953,0.276209833813119,0.351249538043523
500,253,"alpha0",0.11333880393632,0.113613537604139,0.0278938580105239,0.0626349438828745,0.0963452226606743,0.113613537604139,0.129932077648184,0.156019776019159
500,253,"alpha1",0.587311270226356,0.584524203269233,0.102077171961358,0.403690537932785,0.517332676536061,0.584524203269233,0.654690242218179,0.792156017316609
500,253,"beta1",0.208598279462894,0.196101463141421,0.0916028741699018,0.0711578662109649,0.137764406579818,0.196101463141421,0.266236197065918,0.420075166947681
500,254,"alpha0",0.0954800558643481,0.0942014745761212,0.0278812751023633,0.0603604995388604,0.0809968965452571,0.0942014745761212,0.106828570838042,0.130398874090802
500,254,"alpha1",0.520715658187807,0.510172972180382,0.108789896723966,0.340375580796727,0.444775554468133,0.510172972180382,0.588842264557042,0.766958828422915
500,254,"beta1",0.265712124883778,0.262761280507022,0.085450025275553,0.114827336618927,0.201894052457584,0.262761280507022,0.322403156316622,0.443720183049937
500,255,"alpha0",0.112895148346859,0.111901963654821,0.0317736918031074,0.0666043906737469,0.094250355094554,0.111901963654821,0.128437335742517,0.162136643193747
500,255,"alpha1",0.543467927759554,0.538660155626096,0.0868050846515258,0.385923209702833,0.484308617841575,0.538660155626096,0.600884940854756,0.720519982894458
500,255,"beta1",0.238553932120316,0.230474185226124,0.0840688147696271,0.0952115435329162,0.178418161168188,0.230474185226124,0.290207044169897,0.424296689930477
500,256,"alpha0",0.128181866062686,0.128530892653329,0.0295572953404333,0.0743292368328934,0.111391155502111,0.128530892653329,0.145710634914613,0.173666989900308
500,256,"alpha1",0.566248698983933,0.560417360259127,0.0927048539000251,0.399752014826464,0.501560557503358,0.560417360259127,0.623842753356521,0.76509270475356
500,256,"beta1",0.178600307793477,0.165385412325242,0.0848986647289023,0.047103049413544,0.116028523304432,0.165385412325242,0.228192427891943,0.383760575359886
500,257,"alpha0",0.0990799607330984,0.0971510725720791,0.0253247418496456,0.0693291468068694,0.0862360357426493,0.0971510725720791,0.108799585642915,0.130642040133389
500,257,"alpha1",0.64066075309448,0.641570595072966,0.0834423891082837,0.478986666597685,0.58364141517169,0.641570595072966,0.695793520458327,0.805244626007229
500,257,"beta1",0.216535892296359,0.212999840902634,0.0613465841541345,0.100814997905127,0.17551918826511,0.212999840902634,0.256790520046028,0.341873074331115
500,258,"alpha0",0.120250886634717,0.119389760971635,0.0270044667670665,0.0802597399341328,0.105548120723252,0.119389760971635,0.132682723978164,0.160688133193462
500,258,"alpha1",0.730106638784514,0.73864173661976,0.113312993360812,0.526574073778343,0.656295857218261,0.73864173661976,0.810718723452406,0.918564736833685
500,258,"beta1",0.0927839953230837,0.0858327794062264,0.0487583834965987,0.0172271616880013,0.0575566323284545,0.0858327794062264,0.122309665007815,0.204082979459994
500,259,"alpha0",0.0811041385896869,0.0794465037398887,0.0224898329861967,0.0572483224564081,0.0707112568067608,0.0794465037398887,0.0885838275886783,0.10523332019441
500,259,"alpha1",0.625345437588621,0.626712120892141,0.0857646260787002,0.45360518685975,0.572795381789157,0.626712120892141,0.681804800382949,0.78538112787341
500,259,"beta1",0.237027060951444,0.235623195101507,0.0558125219190211,0.135212103152548,0.196513163311983,0.235623195101507,0.273133441852669,0.353131025191234
500,260,"alpha0",0.116069245228984,0.113784357985085,0.0320581866242014,0.0727516846116378,0.099193144562202,0.113784357985085,0.129267919452585,0.16477162925072
500,260,"alpha1",0.649168394266189,0.653049557961469,0.0819614219849029,0.474964237676485,0.597036454509908,0.653049557961469,0.708302195459286,0.789333205861609
500,260,"beta1",0.245600734683203,0.240794827300342,0.0630873563668753,0.137424284166245,0.200668515069758,0.240794827300342,0.286313847042911,0.374512607686362
500,261,"alpha0",0.0735415118481206,0.0720183360215634,0.019867436977852,0.0487829383012348,0.0632447565987079,0.0720183360215634,0.0810318853160992,0.106230921922274
500,261,"alpha1",0.706424845593022,0.711236412292503,0.0646045253954287,0.570045043046884,0.668336643712455,0.711236412292503,0.748045571902088,0.823877492083914
500,261,"beta1",0.223545629460541,0.223016142214465,0.0494807563078961,0.124806660994565,0.191274437505103,0.223016142214465,0.256588373166983,0.320841734584876
500,262,"alpha0",0.131715733193198,0.129583617844319,0.0275498832228082,0.0932906665909251,0.11659011494771,0.129583617844319,0.143059135058276,0.175143631532761
500,262,"alpha1",0.72630844078877,0.733304391958238,0.0821540027985868,0.556335507863346,0.676562449253321,0.733304391958238,0.785605905423313,0.859841256432823
500,262,"beta1",0.160931184665302,0.159050078096676,0.0474094570932402,0.068390367268365,0.1294643913835,0.159050078096676,0.189692106448267,0.26187475486124
500,263,"alpha0",0.115534709818871,0.115419740083638,0.0268178455113591,0.0675340968851036,0.0986810470133624,0.115419740083638,0.130736946188,0.160999053059526
500,263,"alpha1",0.541618629315647,0.540758927300881,0.0979707054044891,0.360816449790529,0.474382826670647,0.540758927300881,0.609292319463044,0.728890801007809
500,263,"beta1",0.205714784836453,0.195646186107332,0.0818380768788059,0.0674157631850545,0.149541589953444,0.195646186107332,0.251422098563231,0.397048051248998
500,264,"alpha0",0.106341964006699,0.104498472580552,0.0285381393207905,0.0703052038037243,0.0924211736020655,0.104498472580552,0.116093931134564,0.147069957960932
500,264,"alpha1",0.703463287983308,0.711741489664324,0.086511253199275,0.515318399012671,0.652596335303337,0.711741489664324,0.762584337353195,0.852386276481262
500,264,"beta1",0.202293070389819,0.197095154050218,0.0552390008160932,0.106444111560854,0.160932788257883,0.197095154050218,0.239071824730807,0.315910460482246
500,265,"alpha0",0.107140170547032,0.105518667015342,0.0288822039021456,0.0664890047381976,0.0923741482798029,0.105518667015342,0.11909679404455,0.148554640405999
500,265,"alpha1",0.537363027779101,0.538997565878513,0.086145752500373,0.372732188444048,0.47649625327339,0.538997565878513,0.596391068542102,0.709886256951635
500,265,"beta1",0.275987624212,0.270190047416952,0.0693778460966138,0.155555112754417,0.22831401915366,0.270190047416952,0.318707397294866,0.424388075093971
500,266,"alpha0",0.0902933456148402,0.0886691395082516,0.0260192564466739,0.0613679106390975,0.078882951248662,0.0886691395082516,0.0980507003193628,0.118000859210012
500,266,"alpha1",0.724173729854185,0.728598165069171,0.092260472303012,0.549937235226895,0.671889416511907,0.728598165069171,0.785985180135884,0.880481252814882
500,266,"beta1",0.171163553977644,0.169066507939814,0.0561343543349892,0.071414287836887,0.130321181858362,0.169066507939814,0.209093244892374,0.286656153263934
500,267,"alpha0",0.105589686990929,0.104284546673343,0.0242382741338673,0.0701245788355534,0.0924387864400531,0.104284546673343,0.115638125563775,0.144938452357437
500,267,"alpha1",0.781898726499509,0.789938503894122,0.068308194590799,0.644179289080146,0.743810801953881,0.789938503894122,0.829597890183966,0.885725761222452
500,267,"beta1",0.150073660286045,0.146356222436191,0.0459990362038946,0.0686893547603676,0.117365024350898,0.146356222436191,0.17997602951013,0.249742349155188
500,268,"alpha0",0.078368680959484,0.0770143291896316,0.0231758198276182,0.0512439769646993,0.068023444861315,0.0770143291896316,0.0861730231113478,0.104089296813087
500,268,"alpha1",0.653627985993168,0.659485891644746,0.076537953425535,0.49288371904816,0.602513884303192,0.659485891644746,0.709606882244786,0.783497774565197
500,268,"beta1",0.279014103587939,0.275347315698419,0.0568159539871423,0.179541284986693,0.238544597644212,0.275347315698419,0.315728989986438,0.403422491410766
500,269,"alpha0",0.0954548577488697,0.0932474619361009,0.0270507748654862,0.0604149820649318,0.0800247906439761,0.0932474619361009,0.107037610487523,0.134637853874657
500,269,"alpha1",0.682917116662838,0.68408806691179,0.0856044797674009,0.51120555194359,0.628411908240228,0.68408806691179,0.744981804639803,0.836519829299213
500,269,"beta1",0.204187577416192,0.200601733836412,0.0610489231400273,0.0937363036393934,0.161023351888345,0.200601733836412,0.243011145172852,0.330784323623446
500,270,"alpha0",0.116209856618829,0.114014975982004,0.025870106815361,0.0760289406961098,0.100897876946194,0.114014975982004,0.129458352308831,0.158647671351041
500,270,"alpha1",0.613691136636815,0.607712792307036,0.102555232621365,0.422647475471607,0.545691267720341,0.607712792307036,0.682098018619555,0.822914575655998
500,270,"beta1",0.152132205320051,0.14637380379279,0.0753451550435272,0.0277050342495009,0.0955801377488309,0.14637380379279,0.202695197711263,0.309531453931203
500,271,"alpha0",0.0911447345161356,0.0912001821938339,0.0264247052452622,0.0536383492472621,0.0775707659591489,0.0912001821938339,0.101913774842302,0.123100364384411
500,271,"alpha1",0.554362152063114,0.551954085269223,0.0949192516333364,0.37003101359916,0.487762292816812,0.551954085269223,0.621552362718282,0.741751520556743
500,271,"beta1",0.264528866691741,0.259360275983379,0.0703656889050295,0.137597748276952,0.216159742896833,0.259360275983379,0.309555158281998,0.410996668249237
500,272,"alpha0",0.0857186827320782,0.0844711399819168,0.0230268135250461,0.0553947927752218,0.0748994927009872,0.0844711399819168,0.0943397322447134,0.1158744605994
500,272,"alpha1",0.602262118326084,0.596255761801479,0.104625224471513,0.400433322608813,0.535427320179683,0.596255761801479,0.669770309357907,0.811358886400387
500,272,"beta1",0.207827378087406,0.20333187330663,0.0670128331296592,0.083895224403648,0.162162428791676,0.20333187330663,0.247620954803821,0.35168526201662
500,273,"alpha0",0.123447894337756,0.123115213333434,0.0252859288579904,0.0844313156247451,0.109149639215367,0.123115213333434,0.136111283623516,0.162284304039002
500,273,"alpha1",0.601075273249503,0.600951453929268,0.0880975478486347,0.432872053102166,0.541747279803444,0.600951453929268,0.658646111679301,0.778836070737772
500,273,"beta1",0.126243647349566,0.115953923168424,0.0619428561463735,0.0314879888100593,0.0824870898687635,0.115953923168424,0.159038077820745,0.270528770589718
500,274,"alpha0",0.114582199596299,0.11451323038007,0.0270112852951938,0.0651445279241148,0.0981488209549683,0.11451323038007,0.130738670630271,0.158096447292029
500,274,"alpha1",0.492855463401341,0.491861805348037,0.092890113663506,0.314398113180407,0.426152906815183,0.491861805348037,0.558347708301744,0.673294135896174
500,274,"beta1",0.256833229789905,0.247034057955147,0.084892203803732,0.115843243024632,0.195547180992731,0.247034057955147,0.307807039290182,0.452507852781023
500,275,"alpha0",0.0929309938776549,0.0907742990798807,0.0286872115839899,0.0578167147977709,0.0785635801918193,0.0907742990798807,0.102944611232752,0.12920731184484
500,275,"alpha1",0.664526727853343,0.67214040494702,0.0746910661046479,0.499119434791624,0.619449168580659,0.67214040494702,0.715166245001724,0.791655709253767
500,275,"beta1",0.264764453868541,0.262428857606392,0.0561843575943267,0.165484707090166,0.225039448535101,0.262428857606392,0.300917557444909,0.384180932193087
500,276,"alpha0",0.126475107136338,0.125387475808368,0.0252414513998661,0.0877298963126597,0.111671632902995,0.125387475808368,0.139614086482235,0.165577290509952
500,276,"alpha1",0.666476564494102,0.663540036147945,0.103868776608317,0.469729430735065,0.598368756199044,0.663540036147945,0.731898706822312,0.873879440531179
500,276,"beta1",0.125035348956009,0.117741104702653,0.0619304922354421,0.0316099161531032,0.0785353847460309,0.117741104702653,0.16031939912535,0.272785205474968
500,277,"alpha0",0.107940330910238,0.106614175446123,0.0265452919514792,0.0697916003157503,0.0929913859682922,0.106614175446123,0.120250105009429,0.146525198002274
500,277,"alpha1",0.523657309518991,0.521718039449841,0.0984987484061252,0.342139892277741,0.455904434720656,0.521718039449841,0.591383412435301,0.711634106164901
500,277,"beta1",0.277575942884451,0.274563609575671,0.069489912649828,0.144863193131985,0.229401308228794,0.274563609575671,0.326004901471343,0.417878201727887
500,278,"alpha0",0.101953108292977,0.0994937163297437,0.0302878084781407,0.0651895042120274,0.0859794193777623,0.0994937163297437,0.113174282773731,0.144644164745369
500,278,"alpha1",0.755900301163757,0.764763031785332,0.081647352917801,0.581813425522453,0.710717637725482,0.764763031785332,0.811468406151745,0.888207165216627
500,278,"beta1",0.165108730070269,0.160494468541169,0.0608681526942501,0.0576955458358225,0.122499176350038,0.160494468541169,0.205042569599321,0.293423970087875
500,279,"alpha0",0.105573608543512,0.103738049103251,0.0272387434062358,0.073643809761523,0.0925016903817149,0.103738049103251,0.11500089728742,0.136450131793337
500,279,"alpha1",0.676372984241175,0.682893480929923,0.0763399102132424,0.515601356814976,0.629735553440026,0.682893480929923,0.729337061964522,0.811493349054766
500,279,"beta1",0.230142112847164,0.225266254250159,0.0542716988293712,0.130019430484485,0.193107400904294,0.225266254250159,0.264307302061049,0.343724699062376
500,280,"alpha0",0.149912949422382,0.149071118522316,0.0279840036355135,0.101255699194986,0.131285438929227,0.149071118522316,0.167105681934484,0.20191228969624
500,280,"alpha1",0.681862927571372,0.692009374986685,0.0937023906847467,0.479685520993135,0.621734648775179,0.692009374986685,0.750910398332507,0.835601230289516
500,280,"beta1",0.190182305046048,0.185849642377202,0.0561371712961105,0.0952520053917612,0.149743774530445,0.185849642377202,0.226051544231699,0.314311909252227
500,281,"alpha0",0.0735235459933008,0.0720271291109971,0.0224831449898001,0.0468999275004367,0.0626184267013731,0.0720271291109971,0.0812482555116887,0.103446151937458
500,281,"alpha1",0.690283665055261,0.694449863885106,0.0806218610648698,0.53495910446195,0.64550692622502,0.694449863885106,0.744059666312209,0.82306947326959
500,281,"beta1",0.245271643929455,0.240872105206222,0.056585023480726,0.140091904856087,0.206986556005654,0.240872105206222,0.283037970083889,0.36192000461
500,282,"alpha0",0.109845541948745,0.109591464245071,0.0241659507716946,0.0739017081920382,0.0980258723832811,0.109591464245071,0.119797172846886,0.140867330648107
500,282,"alpha1",0.677326322156256,0.675115519447417,0.0748407764996585,0.535438072436021,0.626035431429838,0.675115519447417,0.728888647867185,0.823396584871901
500,282,"beta1",0.20328704222981,0.198322647205448,0.0516963923974397,0.117949069804124,0.165754813511813,0.198322647205448,0.233437779844319,0.322294019760879
500,283,"alpha0",0.109976038137566,0.107472977428095,0.0255991071044875,0.073870714644986,0.0946665162572319,0.107472977428095,0.121756877167617,0.155799610268112
500,283,"alpha1",0.598596744904638,0.596630136310506,0.0828053344946863,0.435337780652278,0.543633532165535,0.596630136310506,0.655142604820776,0.757175445355809
500,283,"beta1",0.253586194127434,0.252676991792699,0.0661877886042211,0.128398638600655,0.207415403508914,0.252676991792699,0.297988914100757,0.381356922420561
500,284,"alpha0",0.141317653371358,0.14068128740235,0.0257710790961548,0.0989666791697246,0.125040640109073,0.14068128740235,0.156358946221079,0.183511980426076
500,284,"alpha1",0.719758188033562,0.721913009635094,0.0899930372237532,0.547188535940245,0.664732376523646,0.721913009635094,0.781099628955789,0.872867093622394
500,284,"beta1",0.120995438371418,0.119038580219728,0.0517061699533078,0.0348800128752559,0.0837965472378221,0.119038580219728,0.15238076898459,0.228299402992725
500,285,"alpha0",0.100468898835478,0.0995037825632915,0.0226926644146693,0.0689133001379018,0.0882875944871506,0.0995037825632915,0.111039083774217,0.132309892501495
500,285,"alpha1",0.7023248509825,0.707951210701012,0.0830160918331916,0.545878200373214,0.649405451736253,0.707951210701012,0.76196570074233,0.843001633357027
500,285,"beta1",0.203974100050869,0.20152531402764,0.0531629966663974,0.107229209016119,0.166249747185929,0.20152531402764,0.239751975733286,0.310425283853826
500,286,"alpha0",0.0838882644471069,0.0824848207546935,0.0215081590935707,0.0537260211006262,0.0710106584903235,0.0824848207546935,0.0936847983256482,0.120227964805313
500,286,"alpha1",0.631325256915313,0.631251243225834,0.0920014122952252,0.461542093632785,0.565806943363778,0.631251243225834,0.692555112605708,0.818508240471507
500,286,"beta1",0.213420771150466,0.210851797957313,0.0729974679440869,0.0846452007897825,0.161661603712301,0.210851797957313,0.260803110312989,0.367548898387867
500,287,"alpha0",0.102950223744581,0.101440182363123,0.0222944194194704,0.0747555583699552,0.0915012848048368,0.101440182363123,0.112101020133946,0.13082850443112
500,287,"alpha1",0.696568797739964,0.697617172746144,0.0923583354698949,0.50618714021568,0.633539866232177,0.697617172746144,0.765731749752798,0.861661773906463
500,287,"beta1",0.16034244717479,0.153885568583404,0.0513210811225252,0.0780793154641431,0.123529217558753,0.153885568583404,0.190150854319882,0.276458799730801
500,288,"alpha0",0.114944480179946,0.112650273319721,0.0278835649843493,0.0731796745042616,0.0993621325929837,0.112650273319721,0.126957063120484,0.159413312025607
500,288,"alpha1",0.739505482702028,0.743545297994016,0.0700408133739903,0.598217182260252,0.696901913933349,0.743545297994016,0.785931607291078,0.860939095258005
500,288,"beta1",0.20142781309572,0.201102198416116,0.0568780559182152,0.0892769654416501,0.16367822305835,0.201102198416116,0.240338612916776,0.312966589387404
500,289,"alpha0",0.120733217073852,0.120249710486504,0.0213490121755543,0.0867233012741302,0.108616771978722,0.120249710486504,0.131385410135198,0.152519106228087
500,289,"alpha1",0.732499187442575,0.738266800932305,0.0746555614136766,0.562791653375261,0.68973664954057,0.738266800932305,0.78582237375223,0.853157975468969
500,289,"beta1",0.174213832216154,0.168732552969643,0.0458715732574208,0.100176268177423,0.140841504224821,0.168732552969643,0.202744188798511,0.277099740144121
500,290,"alpha0",0.0961698568345411,0.0951807980598238,0.0233375806550077,0.0657031649505212,0.0845422525895236,0.0951807980598238,0.104994761643256,0.125526366307601
500,290,"alpha1",0.7801508770124,0.786633804798711,0.0728165731399281,0.62392191990583,0.737750053228779,0.786633804798711,0.829649879133092,0.899562753702778
500,290,"beta1",0.140119623733514,0.134059863142172,0.0459648321202912,0.0681799552042534,0.106116456861764,0.134059863142172,0.167609817925885,0.24731886354194
500,291,"alpha0",0.100467235054923,0.099228646251933,0.0272357454153671,0.066969714074731,0.0866277088433698,0.099228646251933,0.111514093372983,0.132232744599062
500,291,"alpha1",0.777328620268767,0.787555068017354,0.102538393626422,0.560659810413268,0.719822121916946,0.787555068017354,0.853308212306783,0.937700445804976
500,291,"beta1",0.0844808395767834,0.0715406287110548,0.0617264381952457,0.00351224457879786,0.0345353080618077,0.0715406287110548,0.121853329070389,0.225255440170842
500,292,"alpha0",0.108174841782314,0.107383576495628,0.0222889987986323,0.0757729132017667,0.0971087680029629,0.107383576495628,0.117376327486974,0.138862297125789
500,292,"alpha1",0.728064982747422,0.734382862397474,0.0965306584548722,0.536271723170573,0.66290133663061,0.734382862397474,0.802386711929788,0.888365114645268
500,292,"beta1",0.101729309033438,0.0959685677408166,0.0480698692846679,0.0260910753263385,0.0671362416603107,0.0959685677408166,0.129574243439207,0.21324923536077
500,293,"alpha0",0.108443335933487,0.105033247747684,0.0277645977140671,0.0712756975424831,0.0909545324406925,0.105033247747684,0.12069283606206,0.165921334123967
500,293,"alpha1",0.616894218355916,0.619419327584028,0.0835818965647101,0.454246194242065,0.560120296484019,0.619419327584028,0.675204065840636,0.776528118026575
500,293,"beta1",0.239577325226146,0.239949052971195,0.0650633243272898,0.100690659277292,0.196842721411459,0.239949052971195,0.284216260668398,0.3591816671348
500,294,"alpha0",0.12504484685106,0.124456603001774,0.0226529285421937,0.0841568016143618,0.111278778670562,0.124456603001774,0.139067879485923,0.163123192839127
500,294,"alpha1",0.62562862053571,0.626092951856431,0.100793946890627,0.436210855629682,0.552851421907272,0.626092951856431,0.695515248559834,0.829891373486231
500,294,"beta1",0.146051306051336,0.139884034114547,0.0632192591243858,0.0467888687266039,0.0975626726154274,0.139884034114547,0.187015964576905,0.287626916184333
500,295,"alpha0",0.0893274658971558,0.0869827703046647,0.0258298607728732,0.0660851927678911,0.0792524674197252,0.0869827703046647,0.0955610501148313,0.113362421116682
500,295,"alpha1",0.699999498876644,0.705779013919961,0.0643822207948234,0.559912559711781,0.661920047262426,0.705779013919961,0.745133464861916,0.805985846518578
500,295,"beta1",0.236517555236251,0.233212426785866,0.0433610363324713,0.162207700988291,0.205487804792898,0.233212426785866,0.264686744999804,0.332242908838545
500,296,"alpha0",0.100293525267753,0.0954275069044656,0.0340366472680762,0.0536660599489883,0.0758335033333802,0.0954275069044656,0.119286124689582,0.17283343928611
500,296,"alpha1",0.569883504754439,0.571637532827619,0.0850703481736669,0.401111289964803,0.513823185646934,0.571637532827619,0.626349377309187,0.742927102034415
500,296,"beta1",0.269944012864365,0.270810318011294,0.0959087916034344,0.0746893352498865,0.203306729751745,0.270810318011294,0.33933979149732,0.449618858274082
500,297,"alpha0",0.0925623553244583,0.0912640565981648,0.0275215307133948,0.0537431748049592,0.0766477529540193,0.0912640565981648,0.106097889826153,0.1307353985273
500,297,"alpha1",0.605974976135357,0.604766970931076,0.0922937211909347,0.425024129427846,0.544852314671795,0.604766970931076,0.67022907889686,0.782095358606362
500,297,"beta1",0.262479981495395,0.258689239145073,0.0811426003868868,0.115527821567697,0.204814166016274,0.258689239145073,0.316664930885981,0.425105387712174
500,298,"alpha0",0.0928916996576965,0.0913271824180424,0.0224297558945086,0.0644179779926577,0.0821031148090199,0.0913271824180424,0.101252548014909,0.120451553138688
500,298,"alpha1",0.693916966295275,0.696784520773596,0.0858688446529114,0.522664646948611,0.634157486698594,0.696784520773596,0.759462660158107,0.842980004933654
500,298,"beta1",0.189822049318376,0.186895445900543,0.0573046593312784,0.0887971871738463,0.149322380578475,0.186895445900543,0.226544469880788,0.313847397507799
500,299,"alpha0",0.107808469943713,0.106390608094267,0.0251680758468437,0.0755218665221931,0.0957693372047929,0.106390608094267,0.116915852117874,0.139411001042501
500,299,"alpha1",0.694935277271519,0.697881012997971,0.0833718397250141,0.530338842319728,0.641110026359439,0.697881012997971,0.756382302483992,0.83805228147075
500,299,"beta1",0.192730097535071,0.189208348649497,0.0532155010413679,0.0989800353253235,0.155280058004248,0.189208348649497,0.226629807316607,0.309795856227104
500,300,"alpha0",0.110102867188235,0.108278912267662,0.0283033312269734,0.0720398684728563,0.0961165761551191,0.108278912267662,0.121136452037239,0.145974758012714
500,300,"alpha1",0.711041442782917,0.714093668430726,0.0903136933987223,0.53183360366396,0.658864625300657,0.714093668430726,0.771644483214927,0.865110792346665
500,300,"beta1",0.161853958832302,0.157976724544162,0.0562273221506682,0.0659679482018108,0.122556660185485,0.157976724544162,0.195513712695422,0.28420936074427
500,301,"alpha0",0.111184566034672,0.109477303335558,0.0251654901161159,0.076069685594165,0.0981196426279261,0.109477303335558,0.121892566699621,0.147387032576268
500,301,"alpha1",0.752724766783192,0.76034251538872,0.0837744196962597,0.577773462435776,0.706764713153463,0.76034251538872,0.81148650962247,0.886205048137632
500,301,"beta1",0.152945735917102,0.14598683621863,0.0505463740444344,0.0732377212073986,0.118483083982085,0.14598683621863,0.180546547640914,0.268134367651861
500,302,"alpha0",0.085691403389274,0.0845746307268735,0.0222590529453913,0.0539436952779412,0.0751275080725758,0.0845746307268735,0.0948001272720325,0.115407724346122
500,302,"alpha1",0.697459538849418,0.701751266645353,0.0662161812575853,0.558799920703218,0.656150626789315,0.701751266645353,0.746143531241259,0.80770136746302
500,302,"beta1",0.257475729791782,0.250669728693972,0.0531218342534672,0.16925057869286,0.219243443769888,0.250669728693972,0.289379841539928,0.376697797823095
500,303,"alpha0",0.14021209961058,0.139763595658398,0.0270825805276857,0.0966474212005387,0.124373501734088,0.139763595658398,0.154304250709158,0.180178853875805
500,303,"alpha1",0.759033946657924,0.770251017485309,0.0818411374554249,0.589521505650628,0.7101302868086,0.770251017485309,0.816916600521234,0.883704895012878
500,303,"beta1",0.149344440038479,0.141630985694505,0.0496963922733673,0.0729632778588718,0.111612203106721,0.141630985694505,0.180533115363152,0.26270178507998
500,304,"alpha0",0.0920636189353426,0.0902707830006543,0.0279597013084465,0.0564365303510187,0.0780984547954033,0.0902707830006543,0.102292899716273,0.129399233462464
500,304,"alpha1",0.726409166546055,0.729969516240749,0.0682073115359885,0.595417127652457,0.687577892321828,0.729969516240749,0.770125457350227,0.846046530536317
500,304,"beta1",0.21680524957841,0.214070325313295,0.0527615077425282,0.120704041645719,0.180756041072779,0.214070325313295,0.249915542526531,0.329551928172568
500,305,"alpha0",0.106574918309097,0.10576747619651,0.0223759167656939,0.0701135813935571,0.0942548800653131,0.10576747619651,0.117573223861781,0.141571117478963
500,305,"alpha1",0.700690383217128,0.704616742651701,0.0992111304135192,0.503525811597841,0.635820399635188,0.704616742651701,0.772200196782311,0.872253392307733
500,305,"beta1",0.149365670151854,0.141566522203738,0.0585517320317865,0.0538781367377866,0.106792384403918,0.141566522203738,0.185012626390833,0.287189864087142
500,306,"alpha0",0.0980858748767245,0.0955575443775472,0.0278711527027113,0.0645672185797242,0.083858683148253,0.0955575443775472,0.107940780160042,0.136858442421863
500,306,"alpha1",0.65932310967576,0.661264349901489,0.0821279981986279,0.495216596119079,0.606078283593624,0.661264349901489,0.716994644584308,0.806488821579173
500,306,"beta1",0.233523745069534,0.231818058525899,0.0564375564642094,0.130367198047577,0.195424551751063,0.231818058525899,0.269976960891975,0.349369226012354
500,307,"alpha0",0.0797599893269162,0.0778528971308053,0.0254516889770295,0.047797750136497,0.0653660173526346,0.0778528971308053,0.0912698293796427,0.117393059821518
500,307,"alpha1",0.428587823526314,0.425556173542529,0.0810066219054624,0.277866429511827,0.371051578179611,0.425556173542529,0.483021484371663,0.595925392410658
500,307,"beta1",0.336972087480909,0.333302945275874,0.0850211711848837,0.184372046287951,0.276096619762,0.333302945275874,0.395246472737137,0.508180053059144
500,308,"alpha0",0.131155828706002,0.130391157368774,0.0229976559646627,0.0933642098905647,0.117035638074775,0.130391157368774,0.143534360017606,0.171940656120136
500,308,"alpha1",0.790160452955734,0.796393490829322,0.0795433879095488,0.626985621896534,0.741677174660097,0.796393490829322,0.844288408327606,0.925272728892318
500,308,"beta1",0.0688124309148224,0.0644994553997188,0.04172472565711,0.00480913653619351,0.0381121698350983,0.0644994553997188,0.0952511281702288,0.156793344907862
500,309,"alpha0",0.104275354761529,0.102433063405014,0.0301430857832853,0.0632120320209703,0.0890941471503951,0.102433063405014,0.116112994000694,0.141707141799687
500,309,"alpha1",0.656498479641249,0.659305953556959,0.0744956552838072,0.508696477540244,0.606664641100147,0.659305953556959,0.708461430567858,0.795349925636856
500,309,"beta1",0.250614891872267,0.24516464111174,0.0621578794773164,0.138298249361712,0.20690465270502,0.24516464111174,0.292794820114984,0.383636627922257
500,310,"alpha0",0.114064485516087,0.114182781167785,0.0280979815848511,0.0662982649071912,0.098229043039847,0.114182781167785,0.128784802829889,0.156743264810405
500,310,"alpha1",0.499742341881961,0.497615423105383,0.0781063200450778,0.350860792165108,0.446788262582389,0.497615423105383,0.550264784788593,0.652546924587866
500,310,"beta1",0.263995699486243,0.256104962909045,0.0754995538888915,0.136758115379526,0.209136529006099,0.256104962909045,0.312488523741645,0.428474060653391
500,311,"alpha0",0.0987978196890518,0.0975962366268993,0.0256770413504466,0.0723326361787578,0.0889115481700957,0.0975962366268993,0.105566089379528,0.121640769654286
500,311,"alpha1",0.741548317794417,0.747801957438861,0.0872732623475424,0.561418371134862,0.690356299992769,0.747801957438861,0.804355674992641,0.878915382405276
500,311,"beta1",0.149174688752547,0.144231877095221,0.0423485950969716,0.0807157218668033,0.11910593206003,0.144231877095221,0.173637727149124,0.248454987396226
500,312,"alpha0",0.08364799616089,0.0803156333189009,0.0278262631317966,0.0505599881406223,0.06982877880422,0.0803156333189009,0.0928225873919723,0.123966056762474
500,312,"alpha1",0.634019252396244,0.637640856444949,0.0790253513333861,0.4708424767997,0.58194682580987,0.637640856444949,0.688415203985669,0.779062316630062
500,312,"beta1",0.274938204635552,0.272466121742928,0.0706915936434525,0.142401563579773,0.226011745090426,0.272466121742928,0.320261646812865,0.421667859526545
500,313,"alpha0",0.135264638061211,0.134211184038078,0.0272418929506489,0.0907156709276787,0.116508385616989,0.134211184038078,0.150986878253682,0.183474524994133
500,313,"alpha1",0.682955230399061,0.685664714121073,0.0842460892192009,0.517003949050624,0.626876391178832,0.685664714121073,0.743255915151794,0.839103751768767
500,313,"beta1",0.201319393343572,0.196448466603869,0.054437871608423,0.102843472779376,0.164656042633103,0.196448466603869,0.233493199986926,0.319874527685101
500,314,"alpha0",0.10373640638388,0.102881923075309,0.0220879236628948,0.0706520076327042,0.0907299324202742,0.102881923075309,0.11457383183054,0.139421205204225
500,314,"alpha1",0.664277811980732,0.669341696304196,0.0814363247456685,0.490914483891849,0.61092474738467,0.669341696304196,0.722106614244077,0.808447482919119
500,314,"beta1",0.228799804258819,0.223402538009624,0.0579402353747355,0.132760756416327,0.185466054808569,0.223402538009624,0.267007987297126,0.355283218460112
500,315,"alpha0",0.110682840221697,0.111125037339242,0.0220099212733978,0.0731139627306236,0.097994441373001,0.111125037339242,0.122582397905383,0.144158579711887
500,315,"alpha1",0.676961829255136,0.674509672469931,0.090833418368965,0.503352518794202,0.619218130327535,0.674509672469931,0.736749387564358,0.856346961954469
500,315,"beta1",0.119288668640926,0.11238351309659,0.0543299857036953,0.0334897939954058,0.0795730776979906,0.11238351309659,0.150011712342577,0.253028547901599
500,316,"alpha0",0.110091753537888,0.108655879272287,0.0286731993024299,0.0742578433089053,0.0964967601154755,0.108655879272287,0.119638012351797,0.14587168412722
500,316,"alpha1",0.70865992315794,0.710735999689253,0.0871967804180907,0.530605608505691,0.652971011958761,0.710735999689253,0.770895938968134,0.865776694980854
500,316,"beta1",0.168167519217846,0.163520586175343,0.0575212650876726,0.066900418279704,0.126620138743044,0.163520586175343,0.206041516026666,0.289507881314687
500,317,"alpha0",0.140468285491778,0.138904475046502,0.0329775011256059,0.0835611948378929,0.117122298120443,0.138904475046502,0.162912550835429,0.200377650432946
500,317,"alpha1",0.594634061806304,0.595565121112442,0.0945899656467789,0.417034458777688,0.527895753528882,0.595565121112442,0.658880701142075,0.777042874107304
500,317,"beta1",0.194833917429314,0.188301351901194,0.0881489498148348,0.0470132947675321,0.127503957078181,0.188301351901194,0.260294588926577,0.368648186886647
500,318,"alpha0",0.0759217622155963,0.0749081137189676,0.0261057651724047,0.0441399652204356,0.0635294379363061,0.0749081137189676,0.0850175322946667,0.10543628829625
500,318,"alpha1",0.569119429829864,0.561905958860844,0.0971903803088077,0.387723630422694,0.505937864125452,0.561905958860844,0.624884179286953,0.787484041113848
500,318,"beta1",0.293891519732902,0.290772753290627,0.0744333117061278,0.152730134189896,0.241947957710423,0.290772753290627,0.341801801751834,0.452753921596191
500,319,"alpha0",0.101508184996439,0.100782180140558,0.0231475894867056,0.0696008787647923,0.0895892354614106,0.100782180140558,0.110743157094583,0.132877602566082
500,319,"alpha1",0.720068314658723,0.722418643259267,0.0822310380429906,0.555254766368076,0.669689415101265,0.722418643259267,0.775721655088386,0.86861772524224
500,319,"beta1",0.131011178036246,0.124887166552014,0.0525145146713895,0.0443102730011037,0.092164475510454,0.124887166552014,0.166060458620893,0.243860873394496
500,320,"alpha0",0.14940516218509,0.14813687278385,0.0282034174642247,0.100687713930903,0.131109205556066,0.14813687278385,0.165873491214554,0.203466110572945
500,320,"alpha1",0.538250546926883,0.537276351412371,0.0968830058445846,0.350148003941082,0.475238043829643,0.537276351412371,0.602821711741501,0.738935019799259
500,320,"beta1",0.218472423357949,0.212181232508218,0.0666256307035177,0.105414385165312,0.171947049701583,0.212181232508218,0.259499348300454,0.36342585216775
500,321,"alpha0",0.0911610199566018,0.0901000917695568,0.0226799317618796,0.0610530923168217,0.0804453917279121,0.0901000917695568,0.0994986604852926,0.120209044364895
500,321,"alpha1",0.718022957485762,0.723022328411087,0.0918597137005613,0.523305225669239,0.664692374095515,0.723022328411087,0.783603963467036,0.876096630543808
500,321,"beta1",0.144116924415829,0.138708062138671,0.0540713936349297,0.0587816908187313,0.105686451059276,0.138708062138671,0.174076006903387,0.273128976954298
500,322,"alpha0",0.103652512207132,0.102818758468232,0.0226761216630999,0.0736419767727276,0.0929506146202495,0.102818758468232,0.112224021483631,0.131910885447878
500,322,"alpha1",0.689313880361749,0.690271840883446,0.0989786291870731,0.489872583610555,0.623513488057748,0.690271840883446,0.76005016559974,0.877170562486697
500,322,"beta1",0.151579261891448,0.145862897348412,0.053033740728395,0.0629344431140014,0.113114076974893,0.145862897348412,0.184377813325487,0.27165446436047
500,323,"alpha0",0.10532582176452,0.104176157802188,0.0241844566920075,0.0684096151218725,0.0908551078640707,0.104176157802188,0.117731451612469,0.144387043430544
500,323,"alpha1",0.678703529626936,0.676146035470694,0.0867305535209789,0.513478566327229,0.620436492703015,0.676146035470694,0.736409571586414,0.857319414924946
500,323,"beta1",0.178555805725069,0.174798431187189,0.0583628664068233,0.0759086790744078,0.135070090193673,0.174798431187189,0.21734268635875,0.298384194841194
500,324,"alpha0",0.139732232345588,0.138562910122808,0.0258594839428493,0.100835783206266,0.124355595858999,0.138562910122808,0.152432375282502,0.180895189759058
500,324,"alpha1",0.773793105161818,0.781779745046203,0.078959903191472,0.614650283921472,0.72857949150162,0.781779745046203,0.828918961147409,0.899787884018845
500,324,"beta1",0.126285338256751,0.122811544046153,0.043325822321947,0.0523897459927502,0.0951007144839438,0.122811544046153,0.153701649362605,0.220778861475134
500,325,"alpha0",0.110931440665481,0.109418401100226,0.0272669287378618,0.0729965817248252,0.0961577724308566,0.109418401100226,0.123193472316118,0.150252713408892
500,325,"alpha1",0.54866603416886,0.545235276619162,0.0936963410557859,0.374946697387352,0.482460062476368,0.545235276619162,0.609967385057359,0.73841187645175
500,325,"beta1",0.195150050962748,0.192773343221584,0.0781850218971622,0.0558263399172952,0.13651146246835,0.192773343221584,0.249985149867102,0.353884000068386
500,326,"alpha0",0.0920869047937298,0.0911472078648942,0.023091424914384,0.059437566767129,0.0811547351161628,0.0911472078648942,0.101007138970063,0.122095761952408
500,326,"alpha1",0.64218322879883,0.64389943392222,0.0849454427623993,0.474255792947888,0.585810065636325,0.64389943392222,0.699459380768731,0.80767028737026
500,326,"beta1",0.238705376201659,0.233762643904498,0.0593849564594439,0.134781606934662,0.19727098181105,0.233762643904498,0.275459502456264,0.367905386646669
500,327,"alpha0",0.108049660549283,0.106451507485721,0.0273816470872791,0.0693449601291177,0.0926521248160978,0.106451507485721,0.12000025800474,0.154291565249014
500,327,"alpha1",0.66799964151826,0.672933102246645,0.0805130814819282,0.492737907463273,0.619952926999975,0.672933102246645,0.722497770454766,0.804289948235184
500,327,"beta1",0.255868831006022,0.250983693023172,0.0636718990443039,0.145803323747943,0.212218683692748,0.250983693023172,0.294790968586792,0.383688179824505
500,328,"alpha0",0.098877507778115,0.0976345679233947,0.0244202404931502,0.0654647621629087,0.0857476804932934,0.0976345679233947,0.110200568991838,0.134596646225653
500,328,"alpha1",0.730903196989195,0.733261665551684,0.0872498253480054,0.562345635264892,0.673531976250786,0.733261665551684,0.791866124426782,0.883097630220493
500,328,"beta1",0.159751958898614,0.152987288254564,0.0645615811580909,0.051726051150471,0.110950787161423,0.152987288254564,0.202312197629284,0.299793934368879
500,329,"alpha0",0.0956579271066986,0.0937606148431357,0.0243362370315477,0.0685074792534766,0.0837067890372031,0.0937606148431357,0.104284595341643,0.124323706573775
500,329,"alpha1",0.618665984433229,0.616965728859496,0.083593213501889,0.458568592658179,0.563732057522501,0.616965728859496,0.678189903681941,0.772982019268647
500,329,"beta1",0.245626288165852,0.241451895811834,0.0538460947416314,0.152065848127875,0.206965110012728,0.241451895811834,0.28102021990443,0.361227716506367
500,330,"alpha0",0.101503935585823,0.0988009879060325,0.0262311153768321,0.0693689269866139,0.0868418142815211,0.0988009879060325,0.112328467291806,0.1424468176271
500,330,"alpha1",0.631786640442074,0.63400367982962,0.0788843922843714,0.474263989139103,0.580239789034112,0.63400367982962,0.685586437326925,0.78452253205189
500,330,"beta1",0.269538430366269,0.268169576893621,0.0568321486715588,0.164787471886713,0.228368968751203,0.268169576893621,0.308377356590662,0.384969835307489
500,331,"alpha0",0.0956662384451494,0.0938589697306911,0.0255077482032845,0.0598524735804394,0.0807793575316361,0.0938589697306911,0.107267307961423,0.140572329734651
500,331,"alpha1",0.557545290116662,0.557563965789487,0.0876111915561639,0.394596852846491,0.493305703790925,0.557563965789487,0.617333975808637,0.733858640865261
500,331,"beta1",0.232262067267927,0.230187255362682,0.0829561631426218,0.0768559038582973,0.172824428447844,0.230187255362682,0.292701081292146,0.392335819929236
500,332,"alpha0",0.0841916236157497,0.0815521679886454,0.028467188977726,0.0523543177922118,0.0710671210772142,0.0815521679886454,0.0918384443120432,0.120477236902963
500,332,"alpha1",0.642169831993889,0.645979411615642,0.0768469523366851,0.490432483855039,0.596210116689018,0.645979411615642,0.694089560857807,0.783488015903328
500,332,"beta1",0.255567902591705,0.254377581453136,0.0602634252844622,0.143154476388942,0.217742759307415,0.254377581453136,0.294175295063397,0.372914348048101
500,333,"alpha0",0.113074711436963,0.111482288149691,0.0292818636934063,0.0732749652314311,0.0959842710701368,0.111482288149691,0.126720085818569,0.157630764869416
500,333,"alpha1",0.629079123623948,0.633189228876275,0.0960824469104332,0.450098109623105,0.569627832088954,0.633189228876275,0.691880822557065,0.80504600277661
500,333,"beta1",0.14273140472249,0.140038292791104,0.0720403078690974,0.0205741508903542,0.0879519669303586,0.140038292791104,0.190783142382741,0.295417218852849
500,334,"alpha0",0.0934608951103685,0.0924472843841007,0.0260933734623904,0.058285141133252,0.0802594515001823,0.0924472843841007,0.103950531095848,0.126169130057849
500,334,"alpha1",0.616793073768091,0.617945351798866,0.0872762099272701,0.449088099627946,0.558412803309229,0.617945351798866,0.679934467962881,0.77296359081458
500,334,"beta1",0.254886629812752,0.248014612413274,0.0686299233461254,0.139302317899833,0.204741001674165,0.248014612413274,0.301108370329234,0.397144292536769
500,335,"alpha0",0.0900112474845707,0.0885075692095788,0.0262620369871574,0.0583569550417183,0.074897861062956,0.0885075692095788,0.100465448791073,0.12804723248303
500,335,"alpha1",0.675281213650634,0.67908120464096,0.0787126360898619,0.521991739047707,0.621719973227101,0.67908120464096,0.7300572089232,0.813535897897638
500,335,"beta1",0.270111594327885,0.268458864496669,0.0663910026799362,0.143901370493301,0.221675355104247,0.268458864496669,0.317030556265845,0.39964102583565
500,336,"alpha0",0.124109775164107,0.123459897972624,0.026519895226957,0.0772759722571462,0.109265558834978,0.123459897972624,0.137397164486356,0.169258691217381
500,336,"alpha1",0.656346574238487,0.658798635062964,0.0825566348940997,0.494821853708126,0.602765823318877,0.658798635062964,0.712933294400595,0.808818225739156
500,336,"beta1",0.183817119690729,0.177964025910536,0.063005866177956,0.0790921716707655,0.138160009133278,0.177964025910536,0.220279812893213,0.326666071571174
500,337,"alpha0",0.0842732462946316,0.0830639423695124,0.0248689958898154,0.0546365389145584,0.0720956325717352,0.0830639423695124,0.0936177275216434,0.113698510700026
500,337,"alpha1",0.665127237452612,0.667314255608593,0.105127009336156,0.453083963892082,0.604549218195322,0.667314255608593,0.736899075540092,0.848299086744852
500,337,"beta1",0.210251908608481,0.206594120163457,0.0666351711819257,0.089756403808095,0.161885134015035,0.206594120163457,0.256124047022535,0.346196702687139
500,338,"alpha0",0.106521254841963,0.10533451222422,0.025911939080962,0.0744679120795526,0.0933055416325105,0.10533451222422,0.116413463689938,0.136462229784901
500,338,"alpha1",0.72337725589933,0.733789101117184,0.0900695275116788,0.540564331773309,0.672976652360493,0.733789101117184,0.785368446245062,0.859640468987426
500,338,"beta1",0.164918675078907,0.159523832069869,0.046208468344003,0.0891990538295638,0.130701266712547,0.159523832069869,0.194277723400203,0.26499279921391
500,339,"alpha0",0.0992410281511327,0.0981284159258075,0.0252613633326268,0.067254069011115,0.0871631715917769,0.0981284159258075,0.108488558345217,0.12916643058396
500,339,"alpha1",0.641811695176698,0.646885519131921,0.091796080110132,0.448685585236432,0.591604793950986,0.646885519131921,0.703908199585696,0.796981445594434
500,339,"beta1",0.238865447675121,0.235247725678275,0.0505432284764088,0.147541390422641,0.202313603070262,0.235247725678275,0.272495388670393,0.344298560534367
500,340,"alpha0",0.0876660285823963,0.086136904049512,0.0284892505641196,0.0499430254051431,0.071645718909861,0.086136904049512,0.0994216197822914,0.126684910130389
500,340,"alpha1",0.599729191212399,0.601228868615292,0.0853333563638121,0.418393047178012,0.546109791404658,0.601228868615292,0.65675985707539,0.762321568247326
500,340,"beta1",0.28244743413396,0.279331857750734,0.0753107802895254,0.140281554661446,0.231149514980977,0.279331857750734,0.332747946694871,0.438526227456889
500,341,"alpha0",0.0900205053182908,0.0890824920489537,0.0227996434181729,0.0637859946551211,0.0796489006754407,0.0890824920489537,0.0974991688498139,0.115094110356556
500,341,"alpha1",0.717215320401194,0.721894591864665,0.0649297621879734,0.587876500035328,0.678019275735672,0.721894591864665,0.762072944155141,0.826198497381935
500,341,"beta1",0.222762675250171,0.219864919831592,0.0415695727810801,0.146636050848458,0.194690754862867,0.219864919831592,0.248845428320392,0.312647388217463
500,342,"alpha0",0.138987743273492,0.138320311314837,0.0349884613333757,0.0707019069139972,0.119119153962752,0.138320311314837,0.158002213968202,0.203118470310962
500,342,"alpha1",0.625805996065666,0.622018160727362,0.104338066561458,0.432748339941487,0.549381511837056,0.622018160727362,0.70359410171146,0.821405990123402
500,342,"beta1",0.167860357980644,0.157581786390924,0.091963264975354,0.0178434474331225,0.100625925036058,0.157581786390924,0.2210943974369,0.392315149725736
500,343,"alpha0",0.123372483131288,0.120927077432855,0.0288648469601889,0.0830264883694388,0.105463738276423,0.120927077432855,0.137281438282432,0.174609283425354
500,343,"alpha1",0.55914257074618,0.555000521021466,0.0884749574824647,0.398118552927846,0.497522567208939,0.555000521021466,0.616557109332655,0.744960793342372
500,343,"beta1",0.196033290874699,0.192775936575745,0.0741405882281616,0.0461766074740002,0.147322805021696,0.192775936575745,0.246537217517214,0.340412745051877
500,344,"alpha0",0.0848441723409145,0.0838081669083336,0.019940858795741,0.0586305101431323,0.0744586553175006,0.0838081669083336,0.093476750060439,0.111566832518549
500,344,"alpha1",0.758260318157497,0.763284598156543,0.0654227231883733,0.624630562733988,0.722473497566383,0.763284598156543,0.800075169936327,0.868987845379436
500,344,"beta1",0.186296232068394,0.185102373707868,0.0459958024323468,0.0988127300210408,0.155787653883086,0.185102373707868,0.215195847687532,0.282677767050451
500,345,"alpha0",0.109669164180942,0.108682873262227,0.0253025363181355,0.0742122570658951,0.0963458895921079,0.108682873262227,0.120564156943425,0.144898451334398
500,345,"alpha1",0.69534256141476,0.69855124272251,0.0861374338841758,0.520423312707586,0.640944793181642,0.69855124272251,0.755945253121985,0.850538153621077
500,345,"beta1",0.192166066043725,0.185002904564997,0.0587622780581463,0.0947276262024059,0.15178742935697,0.185002904564997,0.224735107951791,0.330296511859269
500,346,"alpha0",0.123794899019099,0.122421831902131,0.0258088555516087,0.0857790139802268,0.109178082835207,0.122421831902131,0.135453566601002,0.169165477682989
500,346,"alpha1",0.718207470527599,0.722230379535545,0.0756570587666795,0.570521997779519,0.668102612795881,0.722230379535545,0.772058597721218,0.850336140473152
500,346,"beta1",0.154456377429459,0.150747618528483,0.0503403863311844,0.0630149770496888,0.11900174869461,0.150747618528483,0.187390353272305,0.262060344324761
500,347,"alpha0",0.109387732275928,0.10779174184183,0.0273920826205148,0.0698496910211597,0.0944879545578518,0.10779174184183,0.121355937256847,0.150887711388138
500,347,"alpha1",0.589338516917555,0.587035556248922,0.0867132592177647,0.422625496238566,0.529114732434088,0.587035556248922,0.649314846203294,0.758447578040428
500,347,"beta1",0.22465701353918,0.221569867183869,0.0712152602122244,0.0913431394992193,0.177057342035214,0.221569867183869,0.269607594587369,0.374755482697776
500,348,"alpha0",0.107947292453829,0.107367207380012,0.0256778077526644,0.0693942736100332,0.0930685725651213,0.107367207380012,0.120065108734191,0.149723829691078
500,348,"alpha1",0.721512785275457,0.725580827492231,0.0831599236175001,0.541877480282968,0.66950932196576,0.725580827492231,0.779718049818983,0.869773258677194
500,348,"beta1",0.171451204429737,0.169426359416538,0.0560355211946132,0.0688160185787063,0.130651213984902,0.169426359416538,0.207717169381833,0.287674104766609
500,349,"alpha0",0.0959663460263563,0.093895307907419,0.028505233568637,0.0602940314496343,0.0792511943979829,0.093895307907419,0.107983559083745,0.138554325826017
500,349,"alpha1",0.535758072732086,0.532882945840928,0.0906754233118304,0.363140856622462,0.470135737945827,0.532882945840928,0.599846552266588,0.710840509967515
500,349,"beta1",0.219375905182951,0.214717954070984,0.0928165221680254,0.0677301438712374,0.146084354838082,0.214717954070984,0.286683420377893,0.407382940139815
500,350,"alpha0",0.100170850426463,0.0993980427719253,0.0297700422267988,0.0540117895455467,0.0847239716660688,0.0993980427719253,0.113552055446774,0.144990495563294
500,350,"alpha1",0.664527097540264,0.666621534307348,0.0767824551158434,0.511139113953699,0.61720838086629,0.666621534307348,0.717450956252346,0.805620674312824
500,350,"beta1",0.233423989678055,0.228257497356083,0.0643594971640581,0.117676362182346,0.189211388480525,0.228257497356083,0.271266812657948,0.375744555091867
500,351,"alpha0",0.10528215156316,0.103451710724361,0.0294241515596065,0.0623481223151146,0.0886908983319656,0.103451710724361,0.119016167984899,0.148181636056866
500,351,"alpha1",0.577937553121582,0.573265265460204,0.089739263836779,0.41049449526605,0.515229020249075,0.573265265460204,0.637110102911671,0.758037869168344
500,351,"beta1",0.234400787561719,0.224536075161922,0.0822508137356734,0.10328965820175,0.171884027632757,0.224536075161922,0.288478659782197,0.404247344625178
500,352,"alpha0",0.0830257220908331,0.0809361251269737,0.028199232117618,0.0482117034553437,0.0672544914804394,0.0809361251269737,0.0941938692258672,0.126457405005133
500,352,"alpha1",0.503054567037297,0.507069839310137,0.0834355227583794,0.323789034805513,0.448827231620188,0.507069839310137,0.561113069086807,0.658564788047819
500,352,"beta1",0.351082726005308,0.347174048337163,0.0774992948781015,0.210306498741966,0.299238606275121,0.347174048337163,0.402428520226283,0.506550497922425
500,353,"alpha0",0.108822675488955,0.108105902120807,0.0245409372597583,0.0740212567070715,0.0961003624952221,0.108105902120807,0.119344039777417,0.142566127407076
500,353,"alpha1",0.634534559227149,0.632737375007224,0.0952754369039393,0.45482301408914,0.566947844016754,0.632737375007224,0.703997528639646,0.809934238949108
500,353,"beta1",0.186671159751629,0.182403511799456,0.0658901820309509,0.0733883063544597,0.139890466393013,0.182403511799456,0.229134594053172,0.331235706868492
500,354,"alpha0",0.0952749288025331,0.0950591662566628,0.0281036116737974,0.0517436685454952,0.0812550960523531,0.0950591662566628,0.1081399374892,0.131873919638175
500,354,"alpha1",0.680999567973825,0.683688398643283,0.0878432280340301,0.505189018815611,0.622705914407546,0.683688398643283,0.745931107788768,0.836873568559423
500,354,"beta1",0.215963683111907,0.208262272309255,0.0756864400026611,0.0919561029795624,0.159063282340681,0.208262272309255,0.265108205579643,0.387271559061913
500,355,"alpha0",0.11113734790654,0.110512477863343,0.0243040457473461,0.0723128392894842,0.0976586116351878,0.110512477863343,0.12393482770142,0.147882060404097
500,355,"alpha1",0.731529909549572,0.731506067670067,0.0898111375743315,0.550329238756566,0.673923847317638,0.731506067670067,0.792338164398273,0.899751222574266
500,355,"beta1",0.130893585712944,0.1242253849063,0.0646737778056717,0.0223979143842527,0.0832723589514371,0.1242253849063,0.1715504277867,0.273058903046677
500,356,"alpha0",0.0927412614598291,0.089444726409924,0.0294784217164778,0.0581693660369901,0.0775541585335501,0.089444726409924,0.1029764938981,0.137352143258597
500,356,"alpha1",0.595242106236165,0.595891201074122,0.0849598828684216,0.436368951668965,0.535023706432779,0.595891201074122,0.654994561286866,0.756418905606601
500,356,"beta1",0.293684326760853,0.29418805111924,0.0644354516776271,0.164321216280226,0.252068601676663,0.29418805111924,0.336606849881063,0.420853338657253
500,357,"alpha0",0.116264767893267,0.115490408360584,0.023771203607535,0.0775154297219642,0.102143666838861,0.115490408360584,0.128595919305905,0.155917908934686
500,357,"alpha1",0.683889878228539,0.688452688975651,0.0886206805190205,0.508746427300049,0.625541461953269,0.688452688975651,0.743641196754118,0.846577788058521
500,357,"beta1",0.169846419896642,0.166203315346512,0.0612789131047743,0.0565415004464018,0.12726685973593,0.166203315346512,0.204880107078148,0.314606731530296
500,358,"alpha0",0.0922911163542634,0.0906073305016862,0.0245520709050622,0.0613592294828353,0.0780710499257969,0.0906073305016862,0.102953752666248,0.130542342261232
500,358,"alpha1",0.627322977102543,0.629370987284035,0.0746009609686267,0.479307133497555,0.576888091225955,0.629370987284035,0.678791154545134,0.76133934524589
500,358,"beta1",0.284312873936076,0.284445178314476,0.0595149999326789,0.169836228490619,0.243897152348317,0.284445178314476,0.323702789564115,0.40473218495687
500,359,"alpha0",0.101641604462713,0.100945620255165,0.0247590954955781,0.0641152431945647,0.0862868516281302,0.100945620255165,0.114697398521254,0.140123726120187
500,359,"alpha1",0.481039155127477,0.47751340061662,0.0805059976930605,0.334835889157303,0.422851649179848,0.47751340061662,0.535996626309482,0.646327085739999
500,359,"beta1",0.266709628635793,0.264015899090005,0.0743943004858651,0.128781761743308,0.215017358996248,0.264015899090005,0.316939512183715,0.413477180097835
500,360,"alpha0",0.123631296798385,0.122837328926161,0.0266046545407004,0.0791400970523582,0.109012036755292,0.122837328926161,0.136963125869771,0.167014589749955
500,360,"alpha1",0.654689655287669,0.65289901725073,0.0962856383692675,0.469561795424067,0.587754105017421,0.65289901725073,0.721478766715455,0.844007509519055
500,360,"beta1",0.164767406142897,0.155495728420569,0.0638153095733185,0.0617194083391073,0.119358630113694,0.155495728420569,0.20065760834039,0.315065136542592
500,361,"alpha0",0.110791533367586,0.10843149736868,0.0268121272463303,0.0713694422260747,0.0951727947242804,0.10843149736868,0.1235856163463,0.158985164752834
500,361,"alpha1",0.523422288687076,0.515300790451757,0.105175823252262,0.337169438015377,0.447078373804829,0.515300790451757,0.59694246069158,0.747207855446259
500,361,"beta1",0.265615970982447,0.2611483710824,0.0759212888343643,0.129731971037066,0.21150605535965,0.2611483710824,0.314028112793651,0.431612130229472
500,362,"alpha0",0.122603457475609,0.119452394527547,0.0299131189101572,0.0769598339594654,0.10286509663279,0.119452394527547,0.139677562845447,0.177688520345995
500,362,"alpha1",0.658454490660794,0.656621569464102,0.099295585304987,0.459137359796089,0.593696695493464,0.656621569464102,0.726488384269596,0.856574529374857
500,362,"beta1",0.176206048560345,0.173256709143441,0.0704421815041819,0.0545201455543892,0.123259641892121,0.173256709143441,0.222844937829722,0.324896889063974
500,363,"alpha0",0.0943892394813686,0.0926117287393059,0.0254540919314698,0.0659603484212891,0.083647785032839,0.0926117287393059,0.10209973858278,0.120475583917702
500,363,"alpha1",0.727212760837368,0.734045317851393,0.0798091107219692,0.559861208825199,0.67913886734831,0.734045317851393,0.783993921140254,0.862932674254836
500,363,"beta1",0.180813968560229,0.17678096922253,0.0487034231112687,0.0974141982103789,0.145818453967955,0.17678096922253,0.212705368842293,0.287139907606774
500,364,"alpha0",0.0777581652650814,0.0760892785680297,0.0241730730268495,0.0517229491232743,0.0677775720198091,0.0760892785680297,0.0839599165644865,0.103069752325191
500,364,"alpha1",0.72805049230498,0.733658106325366,0.0544417630906937,0.620782020523804,0.696657026860258,0.733658106325366,0.764766587933779,0.815423842083764
500,364,"beta1",0.23562733469817,0.233764917260888,0.043636359999935,0.158326787571401,0.204905124796669,0.233764917260888,0.262154782208327,0.325140872199173
500,365,"alpha0",0.110206934203217,0.108670398298226,0.029387572309022,0.0715292103929126,0.0960228888007841,0.108670398298226,0.120878473082701,0.147030709692012
500,365,"alpha1",0.714641319420835,0.720244909095951,0.0746401651280931,0.561759459983193,0.669540441389014,0.720244909095951,0.765543058210332,0.841140069738031
500,365,"beta1",0.200670024281256,0.195014134386557,0.0528050831239267,0.11344532727821,0.161564809135059,0.195014134386557,0.234658292384613,0.314377562480987
500,366,"alpha0",0.102926780720541,0.101673949231182,0.0244625069635237,0.0740216891966548,0.0911352025235285,0.101673949231182,0.112125101398655,0.130276957641136
500,366,"alpha1",0.690197453691751,0.694628138665742,0.0792415695561548,0.532233270074054,0.637514695633049,0.694628138665742,0.748223911134108,0.824964291907515
500,366,"beta1",0.202401682304465,0.199318870579899,0.0495164999278177,0.11091334667741,0.169419657993559,0.199318870579899,0.233139154399982,0.313155911163057
500,367,"alpha0",0.106357629595949,0.103900118714743,0.031231005292519,0.0642937157145259,0.0886128927007957,0.103900118714743,0.119452847258086,0.154493485942625
500,367,"alpha1",0.666067112030659,0.672518655939571,0.0788543516307315,0.495235392507866,0.620205807119707,0.672518655939571,0.719913326211332,0.8022295130425
500,367,"beta1",0.234863802157752,0.232073806098342,0.0593189632359374,0.121782894229092,0.195070343244833,0.232073806098342,0.275147047027277,0.354116562010102
500,368,"alpha0",0.0856858023676551,0.085098012246924,0.0230009670451819,0.0574998301458731,0.0749699842410817,0.085098012246924,0.0937383718093192,0.11162600172893
500,368,"alpha1",0.789490980788008,0.796570745860923,0.0687202139750565,0.648993188981704,0.755193118510609,0.796570745860923,0.835176299891087,0.890335738796742
500,368,"beta1",0.160515237977735,0.15585804088481,0.0471643665149907,0.0803378050244207,0.126597880545779,0.15585804088481,0.190344261576913,0.261109176126773
500,369,"alpha0",0.105736247505465,0.103200376846473,0.0239011211038004,0.0705242512045864,0.0921075386356648,0.103200376846473,0.116423126681016,0.152598825708381
500,369,"alpha1",0.547482044021262,0.5505118656296,0.0867162936257347,0.363552734685664,0.491292809509631,0.5505118656296,0.605768550787627,0.706823729663318
500,369,"beta1",0.294725462795194,0.291919325960893,0.0617393511916781,0.180366599580669,0.252606937896404,0.291919325960893,0.335200783570414,0.425428117984744
500,370,"alpha0",0.105309934964257,0.104256096819327,0.0241768546300245,0.0726150769749109,0.0929567355884643,0.104256096819327,0.11535771968631,0.13758835218562
500,370,"alpha1",0.774217514541424,0.781564296977204,0.081909665434197,0.60219744283372,0.725930962731609,0.781564296977204,0.834255323577,0.903724908968164
500,370,"beta1",0.109694457866742,0.101947815578212,0.0548434289014034,0.0214221570815301,0.0675314963004202,0.101947815578212,0.144992938150581,0.230436239383699
500,371,"alpha0",0.107858666901024,0.105833468812544,0.0245366376922755,0.0761417564152866,0.0945086838597732,0.105833468812544,0.117764162525185,0.145195832921321
500,371,"alpha1",0.660764855994627,0.663771778046149,0.0872907375078743,0.485730035515153,0.606587357042119,0.663771778046149,0.719226941001232,0.821542142951306
500,371,"beta1",0.166329710161815,0.166502258178462,0.0494313152790584,0.0712937543215163,0.13165863195837,0.166502258178462,0.199177431154773,0.266811664268679
500,372,"alpha0",0.105893901559597,0.104354177913661,0.0313469272075218,0.0620175303638636,0.0905469927694458,0.104354177913661,0.117634440976433,0.151196491824465
500,372,"alpha1",0.697995151667605,0.704386651748446,0.0668952845358249,0.557348086670411,0.657919739287021,0.704386651748446,0.746078706024448,0.808265182872981
500,372,"beta1",0.243630993290921,0.239286958582879,0.0548798044677924,0.142130012922457,0.206393976287983,0.239286958582879,0.279267259094031,0.36116002893586
500,373,"alpha0",0.105655187085256,0.104632125460735,0.0298078334155543,0.0669591670588548,0.0917966620461719,0.104632125460735,0.116590587696302,0.140440320710644
500,373,"alpha1",0.792582125064629,0.800405143864984,0.100226050866556,0.565117134599362,0.735760077454549,0.800405143864984,0.865409290001919,0.944635346647859
500,373,"beta1",0.121000835811796,0.10406468762881,0.0770612456757786,0.0193601043011763,0.062061991544107,0.10406468762881,0.161174456292126,0.302639664479562
500,374,"alpha0",0.131200347334023,0.131343090840468,0.023667692741256,0.0919812065040089,0.116290724429828,0.131343090840468,0.145012648113062,0.168757955946117
500,374,"alpha1",0.767600391902491,0.776564337773772,0.0730869997283568,0.60788553619548,0.727455181694326,0.776564337773772,0.818420123499575,0.886181377489849
500,374,"beta1",0.150202512167058,0.144860650699951,0.0441846532515212,0.0770197555564165,0.117907766333435,0.144860650699951,0.17759348262544,0.248937738582848
500,375,"alpha0",0.103582664510731,0.101858347345032,0.0336914021441538,0.0581445461995932,0.0840007551636269,0.101858347345032,0.119785387038714,0.151354572095465
500,375,"alpha1",0.583214326102958,0.577094235243856,0.091980978833239,0.40863726588409,0.520176280545829,0.577094235243856,0.644012796270182,0.772504253235974
500,375,"beta1",0.2235050204378,0.216587043558592,0.0881731477919503,0.0705663073328812,0.157903852935976,0.216587043558592,0.283969201344358,0.410210016175011
500,376,"alpha0",0.0959856561065652,0.0950313634305585,0.0221644504812774,0.065495769624112,0.0845157402827316,0.0950313634305585,0.105460431820658,0.127743482094937
500,376,"alpha1",0.656619369838993,0.659126285713498,0.0674210286274873,0.52368576023419,0.608867131269493,0.659126285713498,0.705094662141599,0.779816116252221
500,376,"beta1",0.265448547610295,0.262540893110686,0.0480250909731356,0.178018725634974,0.23329455579454,0.262540893110686,0.295287778812242,0.367395381228153
500,377,"alpha0",0.116034290318658,0.11573618898079,0.0272429676704199,0.0725357119978634,0.101678073229362,0.11573618898079,0.128837959873924,0.152956153294669
500,377,"alpha1",0.708772638353595,0.713615142643171,0.0937330485816908,0.502262569534008,0.653594386453062,0.713615142643171,0.775032213043682,0.866309546699694
500,377,"beta1",0.141689473174397,0.133535599587598,0.0634665076373015,0.0421560943928919,0.0960765642602852,0.133535599587598,0.178319976783805,0.290122154907157
500,378,"alpha0",0.125391218281854,0.12385378247116,0.0285866135270457,0.0869674414926887,0.110519003948695,0.12385378247116,0.137118678633845,0.161956948797801
500,378,"alpha1",0.76034218167733,0.766388843104859,0.070112081739866,0.608582076239615,0.718962312922548,0.766388843104859,0.810763171309795,0.874312202774102
500,378,"beta1",0.174844123201932,0.171301093601638,0.0497127141887669,0.0871957502346704,0.140255016858422,0.171301093601638,0.205371993560964,0.285431142016039
500,379,"alpha0",0.114102720228922,0.113164394983054,0.0301061962355552,0.0607117484259432,0.0961173584824309,0.113164394983054,0.130082232881041,0.169178134218243
500,379,"alpha1",0.595377580830511,0.600126280371329,0.0913946553300982,0.396185064494548,0.539723710686767,0.600126280371329,0.655801130898356,0.764560045167499
500,379,"beta1",0.223359016090997,0.213175039144269,0.0788931718935954,0.0956259891027972,0.169006956786979,0.213175039144269,0.268564878146317,0.412234052064121
500,380,"alpha0",0.121314619794761,0.120487521662414,0.0228883413099232,0.0900130489448873,0.109839817004524,0.120487521662414,0.130972420340954,0.15174668012651
500,380,"alpha1",0.842797275768421,0.856720041382274,0.0791463981718292,0.658143485016905,0.803184760537609,0.856720041382274,0.897525802392857,0.951221425199846
500,380,"beta1",0.0701423000296055,0.0652608348063935,0.0370308237675334,0.0152856975239747,0.0430735182985778,0.0652608348063935,0.0904599054735066,0.156721876812592
500,381,"alpha0",0.13045671921459,0.129266953732355,0.023501447522537,0.0895097508022807,0.1155073504991,0.129266953732355,0.145230042283229,0.169475170884507
500,381,"alpha1",0.660728204467185,0.657603143321111,0.109125129758343,0.45796929811241,0.583466795286143,0.657603143321111,0.740283402859629,0.865066221929467
500,381,"beta1",0.109962162973794,0.103000258180151,0.063325291477375,0.0107110969141233,0.0611275901268203,0.103000258180151,0.148919268301857,0.256288270462484
500,382,"alpha0",0.0988323946047227,0.0973351770316579,0.0252662632241008,0.0681593355903916,0.0865889488714798,0.0973351770316579,0.107254885102464,0.130788427371895
500,382,"alpha1",0.688523517799796,0.690182258554693,0.0776860731316386,0.539415863529083,0.636089939784375,0.690182258554693,0.743101320832219,0.827306878092121
500,382,"beta1",0.201479290510381,0.197786701104761,0.0532347141538134,0.107008042162739,0.166293683267181,0.197786701104761,0.233504667351576,0.315330145426473
500,383,"alpha0",0.0807331141723413,0.0792987329271185,0.0281601583708275,0.0468828105461906,0.0665858802065625,0.0792987329271185,0.0911714502647228,0.114277998586283
500,383,"alpha1",0.664114854438994,0.665595789829065,0.0821199796161472,0.492977227638915,0.61198915129962,0.665595789829065,0.720423434865929,0.814923969442311
500,383,"beta1",0.243551142096115,0.23686836710995,0.0657544357367416,0.132879282039165,0.194989026976124,0.23686836710995,0.284704087965737,0.391324684668137
500,384,"alpha0",0.114642115075197,0.115139713291611,0.021400530405137,0.0782057591020017,0.102383802700564,0.115139713291611,0.126394795734097,0.146375443594167
500,384,"alpha1",0.731593409025784,0.737609073652602,0.104900155320645,0.518988096928118,0.665044877876357,0.737609073652602,0.803742205290703,0.91134054858863
500,384,"beta1",0.129658383329361,0.11493764647543,0.0739931196296559,0.0284334097294554,0.075070510847714,0.11493764647543,0.168230105119005,0.30960735703135
500,385,"alpha0",0.0959312649809725,0.0951148069281462,0.0202325891390886,0.0686183297194352,0.085076847124862,0.0951148069281462,0.105045671037114,0.122689445543906
500,385,"alpha1",0.684444436330353,0.688040953771326,0.0693853759461308,0.549751767012338,0.64080086670955,0.688040953771326,0.733325943296598,0.802865088021318
500,385,"beta1",0.233235543460383,0.230271984085999,0.0454802943510822,0.150292925514441,0.202631339237481,0.230271984085999,0.261637961466744,0.331295804585173
500,386,"alpha0",0.111517338524051,0.110511374519938,0.0237817521042589,0.0768784155509227,0.0972615391469787,0.110511374519938,0.123746774107801,0.149986733757573
500,386,"alpha1",0.614821917736128,0.609612557448317,0.0884799434261125,0.450432698737151,0.554134782643406,0.609612557448317,0.674977615556049,0.789388433525122
500,386,"beta1",0.226707453623365,0.224282078574846,0.0579466026164736,0.124063157061989,0.185146775272998,0.224282078574846,0.264620887025291,0.343333500296112
500,387,"alpha0",0.120793744071818,0.118335112196061,0.0279188080218285,0.0772897686997774,0.103339293265229,0.118335112196061,0.135925430344347,0.172225423634533
500,387,"alpha1",0.556403463268255,0.558742187074337,0.085073350614147,0.394917413535291,0.495046895196079,0.558742187074337,0.612519799945661,0.719928382053872
500,387,"beta1",0.178040887091692,0.177343000394347,0.0738703793210092,0.0468302421846405,0.126354360486073,0.177343000394347,0.226463361183018,0.332080916938577
500,388,"alpha0",0.106064653511826,0.104246821700595,0.0273422250356077,0.0745983642563843,0.0933232853997529,0.104246821700595,0.114677265680975,0.138594641167918
500,388,"alpha1",0.523366037238061,0.52219503952719,0.078081691233057,0.375887993349405,0.477974490575378,0.52219503952719,0.570280600379942,0.676232292942169
500,388,"beta1",0.228603597415461,0.225128249812125,0.0610239176860722,0.122990232637635,0.184915471020016,0.225128249812125,0.267446738048614,0.361450582687437
500,389,"alpha0",0.0891509525206797,0.0855869173287852,0.0294694431000092,0.0508922659474459,0.0714933649614235,0.0855869173287852,0.101643006687318,0.143362842364324
500,389,"alpha1",0.524639109794539,0.526457738026349,0.0934710666360921,0.345653197744702,0.45870175105307,0.526457738026349,0.586627585416299,0.711332394350642
500,389,"beta1",0.336818398804223,0.336643170801986,0.0825518066358955,0.184190515041083,0.278817836413847,0.336643170801986,0.389759256592981,0.502170550118444
500,390,"alpha0",0.102295419411212,0.100704990039279,0.0272799242751749,0.0635623887724744,0.0859123958247343,0.100704990039279,0.115222568846555,0.145330868187678
500,390,"alpha1",0.588632843055912,0.584064166872523,0.0952014287911515,0.401593928536855,0.526318300797595,0.584064166872523,0.650480712244814,0.801424894228733
500,390,"beta1",0.257279065531207,0.252251818814077,0.0743248217547359,0.128860693014401,0.203573726422113,0.252251818814077,0.307916914508605,0.413837846598638
500,391,"alpha0",0.104162309797627,0.102916423199033,0.0233364320717243,0.0714004971928419,0.0914187785594231,0.102916423199033,0.1149021810534,0.137533162730394
500,391,"alpha1",0.680464765484505,0.685400988827727,0.084839377077374,0.514847412188411,0.630005487359972,0.685400988827727,0.737608602875254,0.824663297591747
500,391,"beta1",0.225591080615615,0.220541900442144,0.0554037976551694,0.13074626606798,0.185488235265842,0.220541900442144,0.261538978945634,0.344207280357079
500,392,"alpha0",0.0709070131109529,0.0692999919931674,0.0249711222151823,0.0396988551123568,0.0593360139565169,0.0692999919931674,0.0783651737814995,0.104840415795475
500,392,"alpha1",0.483899512174201,0.484252743600763,0.06665741814143,0.353255334321131,0.436503500880424,0.484252743600763,0.531255860636307,0.612249345092979
500,392,"beta1",0.393843782653516,0.393751641630925,0.0632845103726145,0.273963309153915,0.35301484641423,0.393751641630925,0.435146625520881,0.516215227145432
500,393,"alpha0",0.102805276816908,0.10095637294794,0.0230524562372508,0.067827610670974,0.0891164766247834,0.10095637294794,0.114593988263554,0.141217067884066
500,393,"alpha1",0.76885509408766,0.770741290441516,0.0923000701668701,0.577266955658201,0.711623000117844,0.770741290441516,0.832433890413408,0.933889020467342
500,393,"beta1",0.131942388313856,0.129247989883281,0.0692437762257428,0.02049922110949,0.0763503548761419,0.129247989883281,0.179091444928977,0.276188101103774
500,394,"alpha0",0.0941491697431595,0.0920886611355088,0.0248484321067648,0.0617198794882093,0.0806879309212491,0.0920886611355088,0.104571097789355,0.128920454636809
500,394,"alpha1",0.584249048584389,0.58398559569325,0.0752864812705855,0.440799992516796,0.532838930809089,0.58398559569325,0.635858931037919,0.728906644354463
500,394,"beta1",0.29662648123712,0.292784061277348,0.0588770826317646,0.191474552444472,0.254737033601274,0.292784061277348,0.33619056565179,0.418772935275466
500,395,"alpha0",0.0983703451903701,0.0959967081082333,0.0272612544491325,0.0655768875605465,0.0842010610254022,0.0959967081082333,0.108791249651823,0.135822844749661
500,395,"alpha1",0.765851456647515,0.773702037332222,0.0783228014518714,0.607571094848127,0.720024500570843,0.773702037332222,0.821009980463975,0.894825904447325
500,395,"beta1",0.123631431991353,0.119019285311175,0.0594512763697612,0.0207215213127289,0.08013799953314,0.119019285311175,0.162542372067592,0.251617190242347
500,396,"alpha0",0.0862641617890849,0.0838721611919122,0.0273537668802902,0.0546127799861872,0.0734022984674548,0.0838721611919122,0.0946490346943703,0.12391063140811
500,396,"alpha1",0.590277792107268,0.595949590428497,0.0844894136705787,0.410514833131831,0.538848339083694,0.595949590428497,0.649598676005946,0.733081175848733
500,396,"beta1",0.280823371822035,0.277732185052697,0.0601248387217366,0.165880467524292,0.240391130224769,0.277732185052697,0.317194384373043,0.40567324321739
500,397,"alpha0",0.09027669955584,0.0889637857851515,0.0246894419434106,0.0593498643141837,0.0784806227565558,0.0889637857851515,0.0990625412519184,0.125146746742568
500,397,"alpha1",0.528746180344646,0.525845299443496,0.0840091905942729,0.371930239378914,0.469610006995681,0.525845299443496,0.588364648420734,0.687631728058949
500,397,"beta1",0.237206294240842,0.228474505615301,0.0675492097729342,0.123850103750548,0.189318122476292,0.228474505615301,0.279771689596822,0.379679172752983
500,398,"alpha0",0.11242463973978,0.109937870706576,0.0296725240594855,0.0672362423184928,0.0958644883484658,0.109937870706576,0.12649164573016,0.160584426167049
500,398,"alpha1",0.70913404769637,0.711489558113923,0.0816451746373029,0.549637677943433,0.65712979762614,0.711489558113923,0.764509298488123,0.864863755623826
500,398,"beta1",0.194783085457905,0.192883998859605,0.0650758489679919,0.0753927168363096,0.149828232288435,0.192883998859605,0.235449956803329,0.325942884029951
500,399,"alpha0",0.0869676739721076,0.0844833020675269,0.0289288203380599,0.0596663858214108,0.075567938925312,0.0844833020675269,0.0933666849998503,0.115156532275824
500,399,"alpha1",0.649168680759778,0.657035668897779,0.0897666963020384,0.460576151152147,0.590451651712411,0.657035668897779,0.713174542213988,0.802566268518401
500,399,"beta1",0.224539301586024,0.224767904161952,0.0516477517606824,0.125686289778371,0.191776288407378,0.224767904161952,0.258101389783461,0.324838638956783
500,400,"alpha0",0.107496359721308,0.104828224527597,0.0269519080620662,0.072175219277779,0.0915792342732947,0.104828224527597,0.119330028244744,0.152435144603105
500,400,"alpha1",0.626587365875628,0.629653812477461,0.0878303989177797,0.457016203346469,0.56760073305848,0.629653812477461,0.689543188814318,0.785566955674723
500,400,"beta1",0.254288301117881,0.253000552134039,0.0645010553831266,0.135928370849648,0.209894784104708,0.253000552134039,0.295831685501257,0.385592741899717
500,401,"alpha0",0.119762647157901,0.11736434883938,0.0291189392562375,0.0727853791074654,0.100148961420777,0.11736434883938,0.136195012713696,0.179715358887568
500,401,"alpha1",0.617235080134492,0.616954232399198,0.0925648822403461,0.441250487213505,0.553031650028505,0.616954232399198,0.677319318272006,0.807409363674145
500,401,"beta1",0.198562153126154,0.199928415632923,0.081590778565987,0.0503100877223362,0.134987363226406,0.199928415632923,0.258043518165576,0.35330081372547
500,402,"alpha0",0.0997934764160413,0.0990085423216906,0.0271940411326716,0.0659912232701336,0.0877049320951029,0.0990085423216906,0.108764114375136,0.132805360288344
500,402,"alpha1",0.777305024051953,0.782756066365601,0.0621694108019378,0.646829699751292,0.741192392386379,0.782756066365601,0.818991282270729,0.882801317302075
500,402,"beta1",0.171404008324352,0.167138913764651,0.0487515121218498,0.0875294666052861,0.136773492711674,0.167138913764651,0.200574342855435,0.283556486631396
500,403,"alpha0",0.122896384691915,0.12161235747357,0.0230188233326511,0.0872521764515385,0.109734919057802,0.12161235747357,0.135046864877241,0.158913201016998
500,403,"alpha1",0.698637091236172,0.703600138624343,0.0887163333575746,0.5216113625987,0.643437064125568,0.703600138624343,0.758965092927604,0.860158717006572
500,403,"beta1",0.159030474882348,0.154285352864345,0.0516737833136597,0.0724451451197951,0.121184531370116,0.154285352864345,0.19248588193186,0.26893740375138
500,404,"alpha0",0.102359900048638,0.099472538485187,0.0275247036165798,0.0735358484131372,0.0893986718607987,0.099472538485187,0.11085413336422,0.138948764493034
500,404,"alpha1",0.596809337161933,0.594639329143667,0.0995364294974131,0.395913123452161,0.535278572491768,0.594639329143667,0.661992188694982,0.791425136802568
500,404,"beta1",0.190632136553978,0.184022201411096,0.0592088511885338,0.0898592463945025,0.148529221101464,0.184022201411096,0.227293294760726,0.321669555575265
500,405,"alpha0",0.0951681360415963,0.0931111862019992,0.0278005023694764,0.0622542817689486,0.0824310480334915,0.0931111862019992,0.104126695665953,0.132378093585598
500,405,"alpha1",0.728005574584066,0.7318431342756,0.0584813532981591,0.597752908133562,0.697290717479724,0.7318431342756,0.767713973691037,0.824625824308439
500,405,"beta1",0.224031284241793,0.22143742872694,0.0430143855021436,0.147695288709489,0.193789514192319,0.22143742872694,0.252630806048618,0.309542504355714
500,406,"alpha0",0.111739015733393,0.109432835176729,0.0285132142730685,0.0684440115302496,0.094756451902434,0.109432835176729,0.125692396488301,0.159956537664765
500,406,"alpha1",0.551399394734933,0.556706733234322,0.0940944567970136,0.351396441168402,0.49228145545887,0.556706733234322,0.614132444930391,0.729638340828288
500,406,"beta1",0.309462791450453,0.306669839672068,0.0766449318543067,0.17148985021022,0.252653409948035,0.306669839672068,0.360500814871343,0.46898801410627
500,407,"alpha0",0.10679211440186,0.105073168656791,0.0230852504179712,0.0717308211694676,0.0932266900223582,0.105073168656791,0.11802870005897,0.14752433290545
500,407,"alpha1",0.714892262202074,0.716380290430744,0.0836401263556577,0.546789163327395,0.659857686130643,0.716380290430744,0.772666919180202,0.870860736850709
500,407,"beta1",0.169565344587671,0.170455518261236,0.0622301563384605,0.0420027819040065,0.130839403514629,0.170455518261236,0.210723398163153,0.285428208651493
500,408,"alpha0",0.110836201413515,0.10942287680027,0.0278003387194728,0.076373257638998,0.0959843563347589,0.10942287680027,0.121536778411618,0.152019972925649
500,408,"alpha1",0.759041748216943,0.766187455476593,0.0744745797863277,0.589885452003239,0.718698903872078,0.766187455476593,0.808638263351238,0.874846724508653
500,408,"beta1",0.154496122296622,0.153082879405859,0.0481256568342152,0.06434709798633,0.120919417535089,0.153082879405859,0.184792216148228,0.254222210886699
500,409,"alpha0",0.0906674875188885,0.0884089295963722,0.0282682892707865,0.0590433362872668,0.0774565779242481,0.0884089295963722,0.100733720765008,0.124156292780352
500,409,"alpha1",0.641144832066307,0.644670531249505,0.0766032853280723,0.491570467929385,0.591770282092361,0.644670531249505,0.691617911692872,0.786349191915837
500,409,"beta1",0.217153792092994,0.213809498958918,0.0609254022356452,0.111252207140104,0.17224275580336,0.213809498958918,0.260540463973384,0.343691119325536
500,410,"alpha0",0.101390629995263,0.100351547398701,0.0251379005082544,0.0667826162096646,0.0886230148808814,0.100351547398701,0.111973412911869,0.136229492197133
500,410,"alpha1",0.728896227096218,0.73391099777294,0.0551405060936442,0.614991734901745,0.697590715299383,0.73391099777294,0.76705807232113,0.818578152829693
500,410,"beta1",0.235987104064892,0.232165468969945,0.0456312974121098,0.157990687922667,0.203408417294623,0.232165468969945,0.265820164347214,0.334358935738333
500,411,"alpha0",0.108938405151488,0.106317041201271,0.0251108696305736,0.0731567181899271,0.0950487083220361,0.106317041201271,0.119908553562709,0.153413055197537
500,411,"alpha1",0.74517206829273,0.750470001759425,0.0741186129905924,0.596960391126068,0.699625150782635,0.750470001759425,0.795073656796692,0.873030992190608
500,411,"beta1",0.173107170911333,0.171325110621161,0.0529076671180289,0.0766094174257405,0.135761144278707,0.171325110621161,0.207974686595458,0.282660755212431
500,412,"alpha0",0.113728532281479,0.113072128798928,0.0252730885788963,0.0773152435713038,0.0992761267034521,0.113072128798928,0.126592195661347,0.150220550623839
500,412,"alpha1",0.713518675885675,0.716621463153478,0.0912960836709944,0.534768604465032,0.65224692460395,0.716621463153478,0.778030437652749,0.873327280371674
500,412,"beta1",0.133845036540779,0.130058810783963,0.0552851064492089,0.0368821625729637,0.0940993221738271,0.130058810783963,0.169940371151125,0.251163426652217
500,413,"alpha0",0.135890772121287,0.134124633312081,0.0273786506664626,0.0951330422681195,0.119929882736466,0.134124633312081,0.149252107880265,0.180083482319418
500,413,"alpha1",0.730607428681082,0.734202225444465,0.0932854328008216,0.5477059521424,0.66689469812865,0.734202225444465,0.797107758241312,0.901334868884213
500,413,"beta1",0.125405750597005,0.121125403271958,0.0557264980794328,0.0273242452417675,0.0859947265358879,0.121125403271958,0.160760339524542,0.243586769428464
500,414,"alpha0",0.0998936674021904,0.0993106151572075,0.0268033632631941,0.0644403912147093,0.0869624142629299,0.0993106151572075,0.110486853620806,0.129980403747601
500,414,"alpha1",0.654362708510721,0.656518889202647,0.0901523097549334,0.468816386744033,0.596034270931787,0.656518889202647,0.712762277606112,0.83011400641161
500,414,"beta1",0.161284994293742,0.150508869317243,0.0691400235993106,0.0503556616596994,0.111524607700029,0.150508869317243,0.205418480707559,0.31604250831546
500,415,"alpha0",0.110248898726364,0.109820650586006,0.0253369666044443,0.0697954011507861,0.096751277065163,0.109820650586006,0.121961909836198,0.148130551735976
500,415,"alpha1",0.68163608349406,0.687851528384444,0.0759908485047909,0.516265975909656,0.636138409898741,0.687851528384444,0.73479754117672,0.808916607563734
500,415,"beta1",0.217134706801335,0.213848188619657,0.0553052564170783,0.118814513793971,0.178720144643251,0.213848188619657,0.252766891693818,0.335403388610519
500,416,"alpha0",0.129122901162709,0.129043213141694,0.0249967169359549,0.0895481523499678,0.114332283160578,0.129043213141694,0.141954189847943,0.168316694743068
500,416,"alpha1",0.768879700080417,0.774587459673919,0.0868249367611378,0.599453199400646,0.710532158541405,0.774587459673919,0.833057297789827,0.910209895172863
500,416,"beta1",0.122179644539705,0.113670986164841,0.0527049322217569,0.0407874014233226,0.0848301572667882,0.113670986164841,0.152057601585661,0.246342557173002
500,417,"alpha0",0.107534624632274,0.106246582227726,0.0244570170785879,0.0757706460149448,0.094891660451174,0.106246582227726,0.116924007702907,0.140354715054449
500,417,"alpha1",0.729399752878988,0.734485850279065,0.0972801971028143,0.537227986153971,0.666498996657012,0.734485850279065,0.800914291538646,0.889219208811378
500,417,"beta1",0.141098200737134,0.138017805658574,0.052578766702837,0.049416579094682,0.104014668783576,0.138017805658574,0.173763227504761,0.256487332983214
500,418,"alpha0",0.107947689064381,0.107103542500423,0.0301296275050155,0.066166533040752,0.0922264926831941,0.107103542500423,0.12059486860042,0.145350177574299
500,418,"alpha1",0.642380030395801,0.635709057889859,0.0960753280642551,0.460816680355036,0.578243715979519,0.635709057889859,0.705992079909176,0.842619837553953
500,418,"beta1",0.187848750104069,0.178973478103984,0.0758856991900113,0.0639800184467495,0.133659085683659,0.178973478103984,0.230698788851696,0.365655163642316
500,419,"alpha0",0.0753877082769227,0.0725996511382017,0.0280231154152908,0.040464102869913,0.0622276867196081,0.0725996511382017,0.0847335300336126,0.112505752169932
500,419,"alpha1",0.565296509652504,0.56697954043388,0.0790519023010761,0.396306249181785,0.514375850678493,0.56697954043388,0.620426841833123,0.713686242244556
500,419,"beta1",0.340022441576387,0.336215580154107,0.0677174036639065,0.212101729478829,0.294728103492805,0.336215580154107,0.383625952478028,0.483403653098103
500,420,"alpha0",0.119734526460239,0.118435829350391,0.0263377682288497,0.0808526561519249,0.105508828891829,0.118435829350391,0.131421639592779,0.160549660728292
500,420,"alpha1",0.765297353557213,0.773947352065999,0.0872665167173591,0.592468690068982,0.715062853412698,0.773947352065999,0.82646338991905,0.902571703884602
500,420,"beta1",0.127765614690761,0.122962463982869,0.0479880677754188,0.0488652704076683,0.0933896479519926,0.122962463982869,0.157813106646233,0.232584370599458
500,421,"alpha0",0.14118418714083,0.139159468919818,0.0298088939517454,0.0958270352247739,0.121705908450275,0.139159468919818,0.157116660242436,0.194173619131483
500,421,"alpha1",0.693841918329416,0.695497463149342,0.103416017758374,0.486455365559793,0.630873652662903,0.695497463149342,0.761379095855056,0.888644642575813
500,421,"beta1",0.120614790782217,0.11095310880578,0.0677219423768296,0.0195762307915447,0.0684211943075565,0.11095310880578,0.163504309107487,0.26950093748926
500,422,"alpha0",0.147955574464582,0.147467834589313,0.0260415783008513,0.107230465721573,0.133969968903231,0.147467834589313,0.160253434485064,0.185776147897328
500,422,"alpha1",0.726271033280014,0.729657497680516,0.0838058609593366,0.560450771644996,0.66985518689489,0.729657497680516,0.788173116639215,0.873983862559028
500,422,"beta1",0.120510772736014,0.116508032596006,0.0470190914306675,0.0412016431396382,0.0877924941900147,0.116508032596006,0.14716747500475,0.233720417490694
500,423,"alpha0",0.140215343564869,0.139505451484308,0.0228182268287432,0.10051257300393,0.126057453443861,0.139505451484308,0.153665645063018,0.180288990511545
500,423,"alpha1",0.640889264068363,0.637512061356553,0.11020736266012,0.430855775899727,0.565640871060742,0.637512061356553,0.711439501605241,0.864782435072714
500,423,"beta1",0.108686452142647,0.0976737439695266,0.0628827481092882,0.0163740986295708,0.0626430198671657,0.0976737439695266,0.142676723326972,0.262291911194773
500,424,"alpha0",0.138738074803323,0.138099614208149,0.0254289288018615,0.0988955133759128,0.12366218710364,0.138099614208149,0.152142233721546,0.176726747870741
500,424,"alpha1",0.707678621385848,0.71163570615964,0.0925635205477665,0.525014167158605,0.646402840553784,0.71163570615964,0.776228777336663,0.86818211105792
500,424,"beta1",0.115130860036722,0.110849689074434,0.0501075051278752,0.0315701270530858,0.0772781706687842,0.110849689074434,0.147805513315977,0.226660185387492
500,425,"alpha0",0.0969977350752197,0.0960501619980732,0.0227966848036378,0.0631566193200717,0.083378812698201,0.0960501619980732,0.108965053938865,0.129516389991995
500,425,"alpha1",0.697637707448203,0.700312077217911,0.0714661152478655,0.55022038444788,0.654489837688664,0.700312077217911,0.748389469055083,0.818930775731108
500,425,"beta1",0.230518618706974,0.225278635544101,0.0556994951964658,0.135069872825625,0.1881537521507,0.225278635544101,0.268286632323912,0.350810121755285
500,426,"alpha0",0.106231342918724,0.104155094493376,0.0286424737440942,0.0659535699080572,0.0903420977009349,0.104155094493376,0.1196134271959,0.151580654868956
500,426,"alpha1",0.626611513332219,0.623713073591364,0.0745196391919586,0.48473972172036,0.5756939396963,0.623713073591364,0.679817028843959,0.768502099938202
500,426,"beta1",0.282102588501641,0.277928821408984,0.0636236039579929,0.167444780699269,0.238391536055784,0.277928821408984,0.323811646248242,0.411593825644859
500,427,"alpha0",0.0767006544932514,0.0749459361631769,0.020984033626878,0.0487628915199094,0.0656802798053144,0.0749459361631769,0.0852533157347936,0.108447831434191
500,427,"alpha1",0.628818013140418,0.631896821952083,0.0690776341705315,0.488046509917712,0.58412393286108,0.631896821952083,0.678311617287937,0.751148483151363
500,427,"beta1",0.305806739095064,0.30409500991434,0.0548581391547022,0.201254484336372,0.268825833847372,0.30409500991434,0.341780879125694,0.416940571809212
500,428,"alpha0",0.103625660946795,0.102478422358851,0.0225357611151622,0.0742413484187076,0.0926934683365706,0.102478422358851,0.111900741664961,0.132440722387218
500,428,"alpha1",0.769098245216261,0.781328844919095,0.0734400630515827,0.617346572065158,0.732226199607519,0.781328844919095,0.817668675736952,0.874172362689346
500,428,"beta1",0.174902416391196,0.172508738077914,0.0410483867225942,0.103839829853298,0.144752314523564,0.172508738077914,0.201383176695286,0.265023633296582
500,429,"alpha0",0.0681880571568692,0.0664224633065532,0.0215717796254349,0.0459728270973715,0.0593338763985177,0.0664224633065532,0.0741047559067742,0.0910841028714775
500,429,"alpha1",0.636064041921675,0.639803647921312,0.0655252950989912,0.494617226855042,0.5941656036193,0.639803647921312,0.682883343413384,0.753564125740447
500,429,"beta1",0.30953173867388,0.306803882361703,0.0557604038341213,0.207919356392926,0.271698790336842,0.306803882361703,0.345802248450502,0.424435557212783
500,430,"alpha0",0.104860446975725,0.102776162595155,0.0316438240549086,0.0613061336993824,0.0887883326288889,0.102776162595155,0.116668107292267,0.147386688338519
500,430,"alpha1",0.70706863668932,0.711074936685649,0.0854559887512261,0.537563981013938,0.653107238315468,0.711074936685649,0.764485911912086,0.861801059569888
500,430,"beta1",0.206808250800049,0.20023708183566,0.0704551784969881,0.0893253884894472,0.157099574897674,0.20023708183566,0.249253437257763,0.367152774102563
500,431,"alpha0",0.124087020171991,0.123466189702217,0.0264142398358174,0.0812058544565865,0.108862497618337,0.123466189702217,0.137761805397768,0.162355293035683
500,431,"alpha1",0.694298512026469,0.694569992557021,0.089595851531974,0.515872110014583,0.63407293383442,0.694569992557021,0.755008117271923,0.86406898762251
500,431,"beta1",0.187768002989463,0.179443136853806,0.06934488201367,0.0794184963480822,0.136489564412226,0.179443136853806,0.228278030326225,0.348515300171996
500,432,"alpha0",0.0969629786180977,0.0961766445198798,0.0236317535452789,0.0650051232592915,0.0853685890230938,0.0961766445198798,0.106429994448661,0.127103401129002
500,432,"alpha1",0.604196242440643,0.60491616033797,0.0785668089903787,0.450247809993521,0.550651323584187,0.60491616033797,0.660467509073393,0.747636703280291
500,432,"beta1",0.26498539300513,0.259982230295406,0.0592382016841346,0.160137904081967,0.223525540635332,0.259982230295406,0.303352613389353,0.394690500455177
500,433,"alpha0",0.0968368790192097,0.0948963525258635,0.0298710179385576,0.067085254264938,0.0846261282469231,0.0948963525258635,0.104506504219167,0.12569081835442
500,433,"alpha1",0.716946847136115,0.722648967632871,0.0805182823982816,0.546473891947847,0.675076796275632,0.722648967632871,0.768250941168232,0.850542343025603
500,433,"beta1",0.184745287351845,0.179385238108198,0.0528223408194604,0.096736429455647,0.146732076658999,0.179385238108198,0.217982779733471,0.297363339384375
500,434,"alpha0",0.0868646305220724,0.085201433980884,0.0253625037267599,0.0570163649593664,0.0742445175243535,0.085201433980884,0.0958127739212751,0.12146897599745
500,434,"alpha1",0.615884768144648,0.619240119419616,0.0670801036175941,0.48287206691654,0.570499317122832,0.619240119419616,0.66331708269608,0.738465552699214
500,434,"beta1",0.300627914091082,0.300290717343553,0.0499670449173524,0.203984666432248,0.26688558912879,0.300290717343553,0.334173724662157,0.398783891604623
500,435,"alpha0",0.0937879409739679,0.0924182716545229,0.0244380172525376,0.064878055298771,0.0829073241289528,0.0924182716545229,0.101975701540723,0.120615030008354
500,435,"alpha1",0.711639606671322,0.713357869423101,0.0641470707040494,0.583038000769531,0.672043291738847,0.713357869423101,0.754261540176272,0.829674487858463
500,435,"beta1",0.232365377602211,0.231600373610305,0.0444922130805665,0.144662894255371,0.202516369469632,0.231600373610305,0.261240977061413,0.320659767213201
500,436,"alpha0",0.103283055832671,0.102001020135755,0.0257148346049243,0.0614089774949761,0.0880586843582741,0.102001020135755,0.116128719480047,0.146881393992802
500,436,"alpha1",0.559891378901775,0.555932586351897,0.0956770808006704,0.380906262221708,0.495923678219991,0.555932586351897,0.621902859864974,0.762333856235166
500,436,"beta1",0.257780163442775,0.250305062721027,0.0796710881076629,0.124646628912415,0.200386385709106,0.250305062721027,0.30698600087294,0.43399667362738
500,437,"alpha0",0.101093364775135,0.0981992858526207,0.0268277984985789,0.0676637045560893,0.0865145362397155,0.0981992858526207,0.111181177690105,0.147024789971874
500,437,"alpha1",0.580654011371268,0.579486116615742,0.0818049315576772,0.419251218479077,0.527426409116356,0.579486116615742,0.63532530633381,0.739105446172417
500,437,"beta1",0.260066514602625,0.257042108083612,0.0621782111371817,0.146254453417828,0.216370112888889,0.257042108083612,0.302239882715375,0.38836920213796
500,438,"alpha0",0.115013764745157,0.113348732648551,0.027559351962402,0.0751187741406795,0.0989963253682015,0.113348732648551,0.12672705894027,0.159827684059842
500,438,"alpha1",0.702513701489109,0.708725764198444,0.0913975004492795,0.511944826997808,0.645116883709183,0.708725764198444,0.764544381702194,0.863957552362233
500,438,"beta1",0.16345402818375,0.158066390361721,0.0604230761551377,0.0587925415735283,0.120464961697379,0.158066390361721,0.200129229127238,0.300132152117731
500,439,"alpha0",0.112166918773196,0.110246486894996,0.0248246703587698,0.0766487222918664,0.0972480565003871,0.110246486894996,0.123954857112048,0.152270006298928
500,439,"alpha1",0.662315049683946,0.668073023330919,0.0820889921825623,0.502715028400886,0.611343732760015,0.668073023330919,0.71940298029905,0.802557555679873
500,439,"beta1",0.230216324230755,0.227219582651997,0.0534132109609783,0.131025456051672,0.194067350181053,0.227219582651997,0.26445802059027,0.344418931798582
500,440,"alpha0",0.0735965880512574,0.0709660601768661,0.0276235396053242,0.0470725642525314,0.0610693000497937,0.0709660601768661,0.0817814147588834,0.104705677941379
500,440,"alpha1",0.599320341154015,0.593607203058038,0.0854423853871865,0.441123577220913,0.542090826489926,0.593607203058038,0.652192329765038,0.780613961821836
500,440,"beta1",0.26752361113224,0.266578271546933,0.067220783885383,0.144798842368286,0.222676882840577,0.266578271546933,0.312253850845127,0.397186082968183
500,441,"alpha0",0.0799151403673401,0.0782278488497891,0.0242547488076099,0.0524106197423074,0.0688287003383956,0.0782278488497891,0.0877097149285737,0.109352031332565
500,441,"alpha1",0.684026487112716,0.687894275425655,0.0860030160563279,0.518888298633207,0.628059706043809,0.687894275425655,0.743366890388573,0.841514930039449
500,441,"beta1",0.20875791762297,0.204299100415408,0.0638989442597124,0.0944812682120072,0.163666857184967,0.204299100415408,0.250504181243224,0.344762668883378
500,442,"alpha0",0.101470711538437,0.0999531352098555,0.0258086790011277,0.0671204266661871,0.0873625013717943,0.0999531352098555,0.113072803854447,0.135462656952871
500,442,"alpha1",0.717333704477801,0.720117810423746,0.0874148253834636,0.550951404361349,0.665206683978999,0.720117810423746,0.779279141980841,0.868151734668411
500,442,"beta1",0.159467330620041,0.154427036671621,0.0594011633806425,0.0615629692094817,0.114927418532712,0.154427036671621,0.19647208102177,0.296281602169889
500,443,"alpha0",0.12310529497519,0.122268645433628,0.0262746148126282,0.0864659242983167,0.108673647519515,0.122268645433628,0.134327520244678,0.163549631209578
500,443,"alpha1",0.728732661010233,0.734946211858984,0.0876210101192914,0.544757004987304,0.670109271727437,0.734946211858984,0.793180891516735,0.877690813641325
500,443,"beta1",0.149953004914121,0.144703639458142,0.0512545372738055,0.0639141254722904,0.111495788193822,0.144703639458142,0.182056130920025,0.262556452330578
500,444,"alpha0",0.108764955519161,0.108111705310505,0.0247703928054159,0.0729147717509292,0.0961803583294576,0.108111705310505,0.119350221001319,0.139300258336637
500,444,"alpha1",0.69754300905608,0.705966025491227,0.0763883354137984,0.537558701156594,0.646706971340592,0.705966025491227,0.752730715116896,0.828973804374316
500,444,"beta1",0.207065072691537,0.202929812464557,0.0501656735974604,0.119450951696309,0.171066037234441,0.202929812464557,0.240002437905196,0.314073277397781
500,445,"alpha0",0.107701261732522,0.105252069798895,0.0251156537163676,0.0732366901754225,0.0931209356848686,0.105252069798895,0.118877271253485,0.147333935589663
500,445,"alpha1",0.720976263686846,0.724998523540528,0.0722186431010432,0.575564171139696,0.676594027103511,0.724998523540528,0.772704352326071,0.842431722575376
500,445,"beta1",0.217976464686399,0.215450842474053,0.0551249529739205,0.112994313465048,0.179783487468836,0.215450842474053,0.255106745595459,0.329583532698034
500,446,"alpha0",0.0972990360170149,0.0954566324888033,0.0257798287035596,0.0648204843243255,0.0839779448838315,0.0954566324888033,0.107707579350003,0.132507447001839
500,446,"alpha1",0.559590771710488,0.557193491838891,0.09507198678789,0.383056189431212,0.494279028906725,0.557193491838891,0.62292819461591,0.756101850978066
500,446,"beta1",0.228333178538125,0.222031459504314,0.0736573239780588,0.0937104535986711,0.177957691351844,0.222031459504314,0.277509556909732,0.383418265854203
500,447,"alpha0",0.0937683567400905,0.091560266365938,0.0296693926050743,0.0591135814278158,0.0802095525866842,0.091560266365938,0.103523823365783,0.127510826000515
500,447,"alpha1",0.663811035368926,0.670661092089002,0.0870532409754001,0.495390634193242,0.611498885469152,0.670661092089002,0.723137379733193,0.811337365166485
500,447,"beta1",0.202864613066575,0.197460245061411,0.0565000814337506,0.107080741587031,0.163319088406437,0.197460245061411,0.236118403718412,0.33031371608662
500,448,"alpha0",0.0929271297971156,0.0905474150737326,0.0285196746895551,0.0570967913118315,0.0779814585669191,0.0905474150737326,0.10346575264808,0.133039356442564
500,448,"alpha1",0.551349259091863,0.547540797077725,0.0877979939193591,0.382467962340214,0.490740190735085,0.547540797077725,0.612918237107899,0.721942078665816
500,448,"beta1",0.315135934855304,0.31363564062858,0.0725527436817361,0.1785910071382,0.26777797610088,0.31363564062858,0.362252961998383,0.455438768689937
500,449,"alpha0",0.0897833811102107,0.0878935673940043,0.027410993496872,0.0565356945006976,0.0768147499567624,0.0878935673940043,0.0987612471744871,0.1246792244504
500,449,"alpha1",0.666292269817849,0.668671770694036,0.0771192548044222,0.515463241427825,0.618417270792287,0.668671770694036,0.720722640828738,0.800097064112603
500,449,"beta1",0.225225186071017,0.224009803463047,0.0533000843794056,0.127521182840921,0.188367350886585,0.224009803463047,0.259424477991858,0.332480706450652
500,450,"alpha0",0.113099894780971,0.110290150426532,0.0308235562265213,0.0735794573790359,0.0972186839183937,0.110290150426532,0.125157326449467,0.154928922707891
500,450,"alpha1",0.685298087509794,0.684105819412628,0.0897669431935756,0.517382071190994,0.625341578956178,0.684105819412628,0.748239235592402,0.851549560712
500,450,"beta1",0.196262389350846,0.192288843577467,0.0696361518625021,0.0752604108023348,0.144650929773625,0.192288843577467,0.241408044489312,0.344284280923921
500,451,"alpha0",0.0963231888538326,0.0953851511329169,0.0244478550500047,0.0663059381959784,0.0849516987606704,0.0953851511329169,0.104995035677465,0.123930285746439
500,451,"alpha1",0.699237234197639,0.706268483966332,0.0875035065748464,0.520008004486098,0.640687291581834,0.706268483966332,0.762004376304783,0.849246773077777
500,451,"beta1",0.204886380373555,0.201826521569334,0.0573178735741807,0.103804652170262,0.163917901420772,0.201826521569334,0.242247812671881,0.324096306850796
500,452,"alpha0",0.129047514639836,0.128306945304088,0.0308780373462817,0.0795427526851466,0.110644667395874,0.128306945304088,0.144926885573869,0.176463057956761
500,452,"alpha1",0.6749060703853,0.674024401629961,0.082187205293962,0.51404287693159,0.618024779124396,0.674024401629961,0.730879519871043,0.829757827548573
500,452,"beta1",0.216376352980946,0.212060945823488,0.0658941051488597,0.0951392992418208,0.168405254824861,0.212060945823488,0.263824452718107,0.348003751774883
500,453,"alpha0",0.100237669002492,0.0990821212224373,0.0293866925137924,0.0628770657849072,0.0862089657295205,0.0990821212224373,0.110660748060671,0.136028857856559
500,453,"alpha1",0.660739593858303,0.662129806465715,0.0723576341683328,0.513665317060363,0.613032158194019,0.662129806465715,0.714222051627179,0.787097377823532
500,453,"beta1",0.256688873389771,0.254980683196031,0.0509086752004956,0.163090300836737,0.222450116828991,0.254980683196031,0.289197446549803,0.365842588292653
500,454,"alpha0",0.098045997134197,0.0960213751366434,0.0254124731706517,0.0660283736071989,0.0857585588039369,0.0960213751366434,0.107320366183912,0.132407583206374
500,454,"alpha1",0.686129551305331,0.691903983625079,0.099669425895845,0.486298445728278,0.618618614665607,0.691903983625079,0.757672865830552,0.856547333204018
500,454,"beta1",0.180493967194946,0.174357963893481,0.0610154224375299,0.0807768143339143,0.134338744234691,0.174357963893481,0.220832690148437,0.3166431428322
500,455,"alpha0",0.102483184156554,0.101570915129892,0.0286933243835264,0.0510564373871787,0.0847616036126077,0.101570915129892,0.118157244467928,0.152272509493433
500,455,"alpha1",0.480286662008475,0.474912510603714,0.0906748947875484,0.308730292939453,0.420977961671084,0.474912510603714,0.534591210001954,0.679529784927639
500,455,"beta1",0.297972173456759,0.292196772321498,0.0947855018001721,0.1291560608665,0.230753153994087,0.292196772321498,0.360200186558141,0.499452639441739
500,456,"alpha0",0.132016929862752,0.131033304816027,0.0260980750962797,0.0934100006755063,0.117875724230566,0.131033304816027,0.143841926748966,0.170572986492422
500,456,"alpha1",0.750358975416766,0.754337136745002,0.0833267543400442,0.582934125481247,0.699636116130821,0.754337136745002,0.808914108452763,0.889682597326982
500,456,"beta1",0.0944875200043934,0.086661044955469,0.0489834966348574,0.0189075076569315,0.0578934370837974,0.086661044955469,0.124657147482406,0.204307482093913
500,457,"alpha0",0.0983357504672476,0.0960486935155749,0.0260008797348428,0.0650796428756478,0.0853540255815534,0.0960486935155749,0.107183975379247,0.137616579010704
500,457,"alpha1",0.765364731886208,0.768589822710173,0.0704778809821776,0.629819527692158,0.727499013421497,0.768589822710173,0.809862639430475,0.885617105144163
500,457,"beta1",0.182108438969663,0.18147227809354,0.0565533750937646,0.0703600279815012,0.144595845169539,0.18147227809354,0.220712402884725,0.294787621366837
500,458,"alpha0",0.107998365524028,0.105593889781904,0.02635340973302,0.0731201237105452,0.0938470620805333,0.105593889781904,0.119054393635015,0.148044896552665
500,458,"alpha1",0.695635751427248,0.700636863520247,0.0790955124102215,0.538573496243252,0.644871775905178,0.700636863520247,0.752669662814344,0.831261823809566
500,458,"beta1",0.178447980587407,0.178619506214985,0.0595327175378794,0.0565790536597066,0.138159807768601,0.178619506214985,0.219480049332821,0.293606093127287
500,459,"alpha0",0.0839241065359128,0.0809483539643257,0.0260550691744678,0.0542430725903324,0.0706140275601906,0.0809483539643257,0.0922076638617478,0.127253076662694
500,459,"alpha1",0.622363282853513,0.622223876621659,0.0845356088821461,0.457998341948883,0.564664119998669,0.622223876621659,0.684970883468954,0.777604304798984
500,459,"beta1",0.258090390935297,0.257582126913231,0.0659461195468197,0.119573994244783,0.218311830978835,0.257582126913231,0.299789699925701,0.395619610030464
500,460,"alpha0",0.0923419168305914,0.090856575166443,0.0253603830200804,0.0642238551644441,0.0808727238858018,0.090856575166443,0.100720476542958,0.120457676464558
500,460,"alpha1",0.637978178085931,0.640954145606731,0.0971329496131014,0.451565260264438,0.568110434797281,0.640954145606731,0.703155332867209,0.828968898603446
500,460,"beta1",0.181694218554804,0.178720245974755,0.0621420686648829,0.067327472226962,0.136733974373668,0.178720245974755,0.222062836506258,0.310057956123989
500,461,"alpha0",0.0891858965311049,0.0878075815224575,0.023590445269099,0.0574110706949488,0.0764611476821568,0.0878075815224575,0.0999605894149568,0.122177031503999
500,461,"alpha1",0.641703424166596,0.639392386107947,0.0874311963703481,0.479349754675858,0.583323048435313,0.639392386107947,0.703254879378828,0.806686108424898
500,461,"beta1",0.227442027800202,0.224646428763995,0.0576836159780942,0.124300464431095,0.187224176263774,0.224646428763995,0.265579894868858,0.346880578109213
500,462,"alpha0",0.0903387403372481,0.0882291936272384,0.0248540403535455,0.060926413469255,0.0786527093945269,0.0882291936272384,0.0984577167339015,0.121407586815587
500,462,"alpha1",0.719698795771832,0.722051118769658,0.0560669950189576,0.606689585597621,0.687968220894393,0.722051118769658,0.755974578890843,0.820755067851375
500,462,"beta1",0.239022416974091,0.238455318599615,0.0467567811129324,0.148091581243904,0.20749073251074,0.238455318599615,0.270146731163518,0.331972026682216
500,463,"alpha0",0.133668843950433,0.133318097953232,0.0256986816765309,0.0901490678469347,0.117499734527402,0.133318097953232,0.148066896005696,0.176907841980329
500,463,"alpha1",0.589083385826222,0.585138454978194,0.0948265259758861,0.411133914541867,0.523056990396421,0.585138454978194,0.649245259451674,0.779318129278165
500,463,"beta1",0.126859809927297,0.116733521455936,0.0655835030107143,0.0198042452528357,0.0775423527299183,0.116733521455936,0.171327677940054,0.271991486782939
500,464,"alpha0",0.106376490374105,0.105293736227848,0.0232617193160105,0.0722524210614765,0.0941208339754425,0.105293736227848,0.11645246876551,0.140518171051993
500,464,"alpha1",0.720261108169853,0.722096611893098,0.0818314436256368,0.560195587429988,0.668479787019985,0.722096611893098,0.777804454817934,0.868880389000401
500,464,"beta1",0.142100658157826,0.138276754814791,0.0485780217292086,0.0591032402450961,0.108186505219647,0.138276754814791,0.17187794604354,0.250896262850594
500,465,"alpha0",0.103772514242165,0.102702142807258,0.0265470753126044,0.0671285520151696,0.0889219059785313,0.102702142807258,0.115424829158606,0.140848418677686
500,465,"alpha1",0.676429740645761,0.677098595376885,0.0903025663431539,0.506291508682676,0.612084061569024,0.677098595376885,0.740877186936219,0.843007777845006
500,465,"beta1",0.17230471525607,0.165080195636291,0.0631566317552251,0.0702406339794747,0.123879517676968,0.165080195636291,0.214110964632125,0.309799919150425
500,466,"alpha0",0.103149605769292,0.102089296526316,0.0249030833398525,0.0698050449287991,0.0902370701338377,0.102089296526316,0.113521746737142,0.135268820257029
500,466,"alpha1",0.627621750853594,0.626625551724099,0.0871841984465157,0.461176435946784,0.567306096484191,0.626625551724099,0.689698523281446,0.793541353653969
500,466,"beta1",0.196358906127376,0.193028396871973,0.0591364572153858,0.0928941509358752,0.153157342239906,0.193028396871973,0.236009748678143,0.318094411835175
500,467,"alpha0",0.0957291219355147,0.0931097794406223,0.0278327043213315,0.0654790660717889,0.0816326802554281,0.0931097794406223,0.104855918217011,0.13238270106219
500,467,"alpha1",0.781920519821552,0.790008571562863,0.0748794440089484,0.613901914054971,0.740501088584919,0.790008571562863,0.833637745770464,0.90369701806248
500,467,"beta1",0.145078905543392,0.143813479504258,0.0544118676103939,0.0496881666190924,0.103843165504811,0.143813479504258,0.181881584508686,0.254347527184988
500,468,"alpha0",0.117934987184168,0.115994798026303,0.0253549130908244,0.0816430816919114,0.103475128523252,0.115994798026303,0.129691982545466,0.159468434724457
500,468,"alpha1",0.574141686043299,0.577538367453866,0.082310682480168,0.415663221166743,0.51562283232553,0.577538367453866,0.63075570019045,0.729312613845069
500,468,"beta1",0.192112596535807,0.189439482418708,0.0562802806893525,0.0898735535990841,0.151840540722885,0.189439482418708,0.230184066009231,0.308297656953343
500,469,"alpha0",0.107625364243742,0.106073442171631,0.0289622511413998,0.0700261893032743,0.0924380849692705,0.106073442171631,0.119830336651912,0.145581279173219
500,469,"alpha1",0.666751223022388,0.67543687618424,0.0756904816838665,0.507614679039564,0.618436081427358,0.67543687618424,0.719134736575185,0.800646662562036
500,469,"beta1",0.251916349652054,0.249373904046726,0.0556133571104084,0.152891964791224,0.212746516936137,0.249373904046726,0.288183430627032,0.366397626342044
500,470,"alpha0",0.0949631450409885,0.0942002432206503,0.0217398062081522,0.064569925826991,0.0832090978884692,0.0942002432206503,0.104757618978125,0.1237449597582
500,470,"alpha1",0.769435798191825,0.775575290235988,0.0560551942055551,0.661026304369122,0.74272276451643,0.775575290235988,0.804279224738609,0.851653678586139
500,470,"beta1",0.200904984903271,0.197536416798442,0.0386719340020878,0.133360509846778,0.174146168047366,0.197536416798442,0.225636054650836,0.282704968589403
500,471,"alpha0",0.105559901084789,0.104022903688347,0.0241094515425558,0.0752751669944372,0.091800560349812,0.104022903688347,0.115253798967461,0.143129927886165
500,471,"alpha1",0.657053186149811,0.662108531348237,0.0794289315151924,0.495437373127623,0.608648903542989,0.662108531348237,0.709713229771171,0.804799094456323
500,471,"beta1",0.229567548358752,0.225750345174717,0.0510403113687532,0.138495044039435,0.193136313326965,0.225750345174717,0.262959267812253,0.336716727231562
500,472,"alpha0",0.0869827068106545,0.0852558053608506,0.0235924643834051,0.0563396121820749,0.074538339486684,0.0852558053608506,0.096697641928202,0.120653234907497
500,472,"alpha1",0.624126011668716,0.627106124675729,0.0897206924176868,0.445070326087094,0.560032667421404,0.627106124675729,0.69239485971001,0.7876232568716
500,472,"beta1",0.253237728337408,0.252201346368776,0.0674311441513253,0.118800794250247,0.209230335573261,0.252201346368776,0.296376877813884,0.390449074518183
500,473,"alpha0",0.105594790977373,0.1035466273868,0.0240136036398111,0.0723288054610288,0.0922013253784466,0.1035466273868,0.116523940536024,0.142735623492135
500,473,"alpha1",0.67929080119997,0.68224264362069,0.0880628023574916,0.502346249156279,0.628427906507813,0.68224264362069,0.739646248174392,0.835381099591565
500,473,"beta1",0.156537739582571,0.153320750000742,0.0607157823237632,0.046933787619081,0.114185085283912,0.153320750000742,0.196516684614356,0.284296137503587
500,474,"alpha0",0.111475434393119,0.110091756351595,0.0270520372982487,0.0726901299823802,0.0976630077606524,0.110091756351595,0.122746990386416,0.147540041043942
500,474,"alpha1",0.673378939517805,0.682084921526373,0.078666032018367,0.504431847738914,0.624341946746843,0.682084921526373,0.729979678243473,0.802872246991933
500,474,"beta1",0.234677732937876,0.229515490163921,0.0515278082570696,0.143769706569061,0.199081781391209,0.229515490163921,0.265482337612476,0.349301626097537
500,475,"alpha0",0.109269414034337,0.105105171732174,0.0328180033575978,0.0598111617643455,0.0884399808150395,0.105105171732174,0.126152493176239,0.170228941668282
500,475,"alpha1",0.645005344225675,0.645398439470373,0.103843827430335,0.44939269284175,0.568067266642081,0.645398439470373,0.72091495214217,0.836521792383771
500,475,"beta1",0.227957273624837,0.226734312944746,0.0995078445942128,0.0480632579244981,0.149446810411699,0.226734312944746,0.298674497338877,0.422565132264642
500,476,"alpha0",0.10859362916844,0.106582831560111,0.0271564582793629,0.0702123336573781,0.0927779420855793,0.106582831560111,0.120042043681485,0.155598633127442
500,476,"alpha1",0.664094251074278,0.678056801054037,0.107272447434085,0.439712729490399,0.597623194895017,0.678056801054037,0.741282940091056,0.835483541063784
500,476,"beta1",0.168395303872285,0.160297690540771,0.0774947119536688,0.0384301913219498,0.114919933689884,0.160297690540771,0.211480572019924,0.351252287131176
500,477,"alpha0",0.0940316607147404,0.0925475587423405,0.023706733481314,0.0622985322838141,0.0822573891279304,0.0925475587423405,0.103053097404421,0.126341235134807
500,477,"alpha1",0.695582111581728,0.704949754442032,0.0827857012329406,0.530219183884921,0.643970778285761,0.704949754442032,0.75568505440549,0.827793615095982
500,477,"beta1",0.223685160076653,0.219108340118837,0.0550410267027905,0.129050784641795,0.184080956002821,0.219108340118837,0.258426042303895,0.34339599278779
500,478,"alpha0",0.126291297391512,0.125524919878122,0.0231176842949584,0.0896394007623623,0.112138109731401,0.125524919878122,0.138456544706797,0.164009328777675
500,478,"alpha1",0.732477215638976,0.739920863536807,0.0872185784216355,0.551533299628725,0.6760341178893,0.739920863536807,0.796785107762985,0.881851278819742
500,478,"beta1",0.152662481761402,0.150079824591088,0.0474663014807526,0.0686678243365648,0.117916002670824,0.150079824591088,0.184097203302203,0.250116810757643
500,479,"alpha0",0.139835703343131,0.139625570864979,0.0288431570016304,0.0886494102161508,0.122413725464411,0.139625570864979,0.156356007282421,0.187442360186151
500,479,"alpha1",0.737983348012009,0.742998644476783,0.0817797881676789,0.572745202304795,0.684928940192897,0.742998644476783,0.794640730741777,0.891212423471198
500,479,"beta1",0.137945379274966,0.13141726921889,0.0599861149686525,0.0426376013925362,0.0939159200490281,0.13141726921889,0.174843145944952,0.276768269008082
500,480,"alpha0",0.0814619409785933,0.0779523092163282,0.0303106830375349,0.0508762195708392,0.06755147071557,0.0779523092163282,0.0899178453339722,0.121250020823532
500,480,"alpha1",0.63440698099814,0.634625533008005,0.0698660497076616,0.496727541070309,0.589431913855853,0.634625533008005,0.681531461838241,0.767539985776044
500,480,"beta1",0.283110622698762,0.283863913576725,0.0653983098361346,0.153057265213701,0.239188567820162,0.283863913576725,0.327478438785211,0.405165581896885
500,481,"alpha0",0.104455223713543,0.102970600563801,0.0259422120143038,0.0648008646216535,0.0897731493703678,0.102970600563801,0.116962174440704,0.147859294216115
500,481,"alpha1",0.495070469813145,0.4924388899739,0.0934505296213323,0.318485018549563,0.431587998617316,0.4924388899739,0.558633934691033,0.679863588557074
500,481,"beta1",0.261614303723171,0.256130849327593,0.0786455337405318,0.12527091133075,0.204923183775362,0.256130849327593,0.311825561034181,0.428965627537737
500,482,"alpha0",0.127153816351651,0.126560300139,0.0244590601344179,0.0887785965643622,0.113818082522773,0.126560300139,0.138496971575762,0.162955535954358
500,482,"alpha1",0.777763554607726,0.789240056445747,0.100699696230608,0.580770036149377,0.718554812808533,0.789240056445747,0.849906996499703,0.929500687056908
500,482,"beta1",0.0898621390957375,0.0784570355548627,0.0573096402558403,0.0108614652940203,0.0483932993361743,0.0784570355548627,0.118421568492747,0.237411563989832
500,483,"alpha0",0.122289565264199,0.119473525443135,0.0270415660503875,0.083323554443108,0.105755273031442,0.119473525443135,0.135262090270808,0.169123909023284
500,483,"alpha1",0.667646947183853,0.67279501841706,0.0879433574313693,0.491230451800505,0.609680167237946,0.67279501841706,0.733958605579772,0.817545563543502
500,483,"beta1",0.198725594796872,0.193145303464991,0.0598946031754655,0.0963825173533802,0.154146397294254,0.193145303464991,0.239508438512964,0.324386925463487
500,484,"alpha0",0.0964691867852106,0.0958570648705108,0.0248876425790156,0.06178062710952,0.0841987447470754,0.0958570648705108,0.106271673653437,0.131293239575791
500,484,"alpha1",0.664457578515021,0.665066488439193,0.100753654674067,0.45758772235369,0.59995338562137,0.665066488439193,0.73883556418172,0.847013765265386
500,484,"beta1",0.193979009398947,0.184884872091331,0.0757494252656455,0.0757410424444,0.137833338022096,0.184884872091331,0.239991212992428,0.366380310426211
500,485,"alpha0",0.11752592083691,0.116677526648099,0.026520825730797,0.0772203495071746,0.100398053744121,0.116677526648099,0.131161730592161,0.165324210523134
500,485,"alpha1",0.634794094709815,0.634306191838513,0.0866591405405074,0.476031401564721,0.572632306718694,0.634306191838513,0.695115428157146,0.811705444753179
500,485,"beta1",0.171510948002124,0.164725374960724,0.0695572100981678,0.0504212721673241,0.122663482485016,0.164725374960724,0.217988305095891,0.321324205455905
500,486,"alpha0",0.152850608194045,0.153265490351105,0.0299451198993008,0.0961130679559209,0.134718577679451,0.153265490351105,0.170653167452837,0.200897737910219
500,486,"alpha1",0.528814434079529,0.52315060173707,0.0971127009612355,0.356522034307608,0.459149162563039,0.52315060173707,0.59200661804639,0.737438511942817
500,486,"beta1",0.134047304459585,0.120973634688161,0.0859912929877624,0.0136694023480152,0.0680137124047276,0.120973634688161,0.183874227760492,0.353339925982465
500,487,"alpha0",0.0978472264148744,0.0957156839800783,0.0271416519957565,0.0693002123514724,0.0851032794345129,0.0957156839800783,0.106418200853419,0.131954238169956
500,487,"alpha1",0.788034985762084,0.794095665086733,0.0703154457333195,0.657269843154197,0.746186414807209,0.794095665086733,0.838776312198127,0.89652292795626
500,487,"beta1",0.142977527742138,0.138730405704638,0.0453168012136098,0.0665789360133289,0.109952294283609,0.138730405704638,0.173498704190899,0.240055729625929
500,488,"alpha0",0.114112899085625,0.112514783645597,0.0247006515893906,0.0779143300561005,0.10101679736323,0.112514783645597,0.12497065761135,0.148988684515583
500,488,"alpha1",0.714037292946247,0.718832328575482,0.0877156940018234,0.53447229942803,0.654951414659142,0.718832328575482,0.779372373864554,0.863306255008016
500,488,"beta1",0.161900419553778,0.156184836465664,0.0588088756529055,0.0558246055156509,0.121848150043035,0.156184836465664,0.19890748587453,0.291745886312921
500,489,"alpha0",0.121132286429214,0.1190049845868,0.0298034313116211,0.0749826868655303,0.104792158271359,0.1190049845868,0.135159812291552,0.168784571295861
500,489,"alpha1",0.619450064871828,0.61881529453438,0.0858370261751012,0.447413583678799,0.5643710354507,0.61881529453438,0.674443032743429,0.794372266764479
500,489,"beta1",0.167740492416249,0.162508046973015,0.0664181020178579,0.0488143624760176,0.122117927257145,0.162508046973015,0.206080596820844,0.315470284141259
500,490,"alpha0",0.0788575132551673,0.0784223225853311,0.0218106347986725,0.0511123021178223,0.0685927546811591,0.0784223225853311,0.0868403990779343,0.104333838650979
500,490,"alpha1",0.727009355854819,0.732504334320776,0.0723366370816859,0.578653408005448,0.683064279839401,0.732504334320776,0.776965121784871,0.850065145879769
500,490,"beta1",0.191288600567865,0.185912790325339,0.0538342615658916,0.102233592619142,0.151752430638301,0.185912790325339,0.226301622539812,0.308985820525578
500,491,"alpha0",0.118872677069215,0.117189474268334,0.0270090295594265,0.0828081048194317,0.104784886006791,0.117189474268334,0.129879427780625,0.156607483378139
500,491,"alpha1",0.667730756049923,0.669395127811237,0.0846468772167864,0.509377069533072,0.609228153336047,0.669395127811237,0.7282494833129,0.823522898491706
500,491,"beta1",0.148860644815229,0.144685130752971,0.0520020070024903,0.058862475854947,0.111808610043047,0.144685130752971,0.182669918984951,0.261583033760526
500,492,"alpha0",0.12630781727196,0.125470426006179,0.0285490939794171,0.0808455441973412,0.109432050234397,0.125470426006179,0.140929641348078,0.172122188824218
500,492,"alpha1",0.608708009750624,0.612890284737889,0.0912487735734902,0.429757195865154,0.54553964012862,0.612890284737889,0.675216336100373,0.773766664139763
500,492,"beta1",0.239644402436582,0.235451965724009,0.0630871398816491,0.128817240520232,0.194717448500751,0.235451965724009,0.279769138854006,0.376450874558641
500,493,"alpha0",0.117019202448329,0.116747347573659,0.0290592515333215,0.0647018628382953,0.100946376968652,0.116747347573659,0.131789377850275,0.161986880045608
500,493,"alpha1",0.594028153525451,0.593936649156065,0.0869493931550821,0.424931104315221,0.533165857867028,0.593936649156065,0.65323645269547,0.764753549016707
500,493,"beta1",0.182011984416852,0.173892621409245,0.0684643335660702,0.065867804265685,0.134094902926541,0.173892621409245,0.224697428620036,0.331673539776265
500,494,"alpha0",0.0884557906321956,0.0872218591933218,0.0266726765632568,0.053335648015814,0.0751135761156314,0.0872218591933218,0.0989654508095945,0.121802236784406
500,494,"alpha1",0.670656570518226,0.673859677236077,0.0974795498677613,0.461096114761995,0.610024327038206,0.673859677236077,0.73771807292376,0.857528208355059
500,494,"beta1",0.199192776433727,0.192324216903807,0.0758969963519487,0.0692456871507291,0.145386511008055,0.192324216903807,0.242986168302802,0.367965700847141
500,495,"alpha0",0.126752185665868,0.126239947450213,0.0266003814469885,0.08356002664826,0.110692489572661,0.126239947450213,0.141454203508394,0.169324617017496
500,495,"alpha1",0.683494071265722,0.694682095730996,0.0913297878738083,0.471681376049593,0.63523310625955,0.694682095730996,0.744558202890623,0.833322414215129
500,495,"beta1",0.210117398360744,0.204765538504066,0.0571403057307188,0.11377879116364,0.168264759206869,0.204765538504066,0.246126964794282,0.335220681803915
500,496,"alpha0",0.0965510628699139,0.0941898740885543,0.0254078928078547,0.0652949628289124,0.0829510450242104,0.0941898740885543,0.105811818250137,0.135212469398243
500,496,"alpha1",0.718037248458763,0.722989760251775,0.0702991829135638,0.56954882008364,0.675110097333212,0.722989760251775,0.767082611464845,0.835971334687191
500,496,"beta1",0.222111489295781,0.221809180574642,0.0557413404083113,0.112710482994539,0.184169217079637,0.221809180574642,0.259135292587151,0.331327282176499
500,497,"alpha0",0.0653930949340563,0.0644450925391476,0.0220928915357736,0.0405359391563233,0.0554981569627791,0.0644450925391476,0.0724283264692725,0.0871378067184677
500,497,"alpha1",0.618600099369321,0.618857209416514,0.0981689712561497,0.420797417797729,0.552013830595259,0.618857209416514,0.688738002389411,0.800796917876716
500,497,"beta1",0.248639953337204,0.244083230567669,0.0724389287932383,0.128170099369777,0.195096612461447,0.244083230567669,0.29232110455829,0.411991673373235
500,498,"alpha0",0.103806948632712,0.103235894978705,0.0209219306701954,0.0712590550631967,0.091793025557512,0.103235894978705,0.114466710788846,0.135362326261218
500,498,"alpha1",0.674153989016754,0.677105051859408,0.0827076931174752,0.509438481430535,0.617628417943576,0.677105051859408,0.734851813627618,0.816928157700268
500,498,"beta1",0.204525559830008,0.201013523146641,0.0541885712251021,0.105817756873273,0.167605535418975,0.201013523146641,0.238553230753902,0.319813388461119
500,499,"alpha0",0.111333382943634,0.110301630959473,0.0253590928424704,0.076547204652499,0.0985215629739453,0.110301630959473,0.122175486965342,0.145100629163896
500,499,"alpha1",0.695351522095488,0.702240300066709,0.0803873302512414,0.531449682654521,0.643631067624129,0.702240300066709,0.751958016628275,0.835499667007676
500,499,"beta1",0.22646658710502,0.223875982243603,0.0526217417656523,0.129428788362519,0.189275615348335,0.223875982243603,0.260896791256459,0.337033482650871
500,500,"alpha0",0.126144178088079,0.124507099332192,0.0251812982952591,0.0876492119674617,0.111692306521191,0.124507099332192,0.138259110065912,0.172078421672091
500,500,"alpha1",0.727651320166865,0.733901168502323,0.0900088089597206,0.547450577557093,0.669243395275866,0.733901168502323,0.789069502632049,0.889003256421416
500,500,"beta1",0.13800820663498,0.132875053609755,0.0549121876527814,0.0476011224626062,0.0978218597171104,0.132875053609755,0.173344925409479,0.255563191921466
750,1,"alpha0",0.0958109647009818,0.0939115092919482,0.0269607471656771,0.0700635325372897,0.0849943218777396,0.0939115092919482,0.102830349165816,0.118665045125105
750,1,"alpha1",0.703637656380227,0.711923287664331,0.0727981342870948,0.550494846616549,0.66082740462405,0.711923287664331,0.754593217262445,0.823543852520652
750,1,"beta1",0.217331477464427,0.21382715824378,0.0455066155082037,0.136250143731074,0.186404738409898,0.21382715824378,0.246375805074013,0.31483423212649
750,2,"alpha0",0.121757585233503,0.120753345951495,0.0219353148914583,0.0870629966885213,0.108628304625714,0.120753345951495,0.132756760028154,0.158962385447108
750,2,"alpha1",0.664336446244622,0.661560947376614,0.0844889604664645,0.507898224407621,0.607990871232459,0.661560947376614,0.722413230788407,0.832516100590106
750,2,"beta1",0.130230938012517,0.125517532098351,0.0554165883775959,0.0345876760174209,0.091591357872451,0.125517532098351,0.162656859237519,0.256128479777405
750,3,"alpha0",0.0821350988983781,0.08058202748798,0.0226694288681059,0.0609569539715304,0.0736117778223933,0.08058202748798,0.087696582138859,0.103130242747062
750,3,"alpha1",0.730687159143392,0.736774300683588,0.0693587121397622,0.589126959739317,0.689931035488463,0.736774300683588,0.776527091251888,0.846125544794463
750,3,"beta1",0.178805693876917,0.176208531478748,0.0394795982975344,0.106062771612156,0.152757338845293,0.176208531478748,0.204174873758748,0.263915923727816
750,4,"alpha0",0.101015586929187,0.0994427463381537,0.0229971103511155,0.0676807907989131,0.0896233827254975,0.0994427463381537,0.110054530482872,0.135834300023649
750,4,"alpha1",0.610245594561975,0.609616463834033,0.0760335980295316,0.458024434953236,0.558695014168569,0.609616463834033,0.661219258403076,0.759890230223877
750,4,"beta1",0.211720098764066,0.209983333544119,0.0541778708645144,0.109680698844798,0.175791733413549,0.209983333544119,0.245528232258101,0.323159990397903
750,5,"alpha0",0.095908805052406,0.0953440905243275,0.0233758192024556,0.066901519464503,0.0862139829967462,0.0953440905243275,0.103613595945344,0.120607348480749
750,5,"alpha1",0.758208206502957,0.765097489223112,0.0742007117107387,0.608489561691934,0.716810581717725,0.765097489223112,0.809581860081647,0.874327605901893
750,5,"beta1",0.166665095808536,0.160604163698968,0.048411291466042,0.0880574434343948,0.133633220428443,0.160604163698968,0.192772018129702,0.280051123589411
750,6,"alpha0",0.107684296333097,0.106513398609598,0.0267180216456793,0.073764516754561,0.0947811582654623,0.106513398609598,0.117574772460608,0.137992955901084
750,6,"alpha1",0.653781593227762,0.655643615662361,0.0787025082157266,0.499779701835681,0.602124642554753,0.655643615662361,0.709346029031009,0.797003081479604
750,6,"beta1",0.223956846777757,0.220379421629748,0.0491477431859279,0.139466099704148,0.189269168220336,0.220379421629748,0.255277472240727,0.329528249222918
750,7,"alpha0",0.0879817204256683,0.0861576562943867,0.0224350229047147,0.063028580714378,0.078244670678871,0.0861576562943867,0.0949186424032638,0.115585282634694
750,7,"alpha1",0.714390760328947,0.72265177740518,0.0701718627821925,0.570655288819583,0.675852368403529,0.72265177740518,0.760446669964666,0.828201814708624
750,7,"beta1",0.217106825275861,0.213449864633471,0.0421960969919533,0.138787239899003,0.188158867438215,0.213449864633471,0.245296853144358,0.307524142029155
750,8,"alpha0",0.128796057181088,0.127824196358963,0.0215178089618003,0.0999427965800558,0.118486776042253,0.127824196358963,0.137159706497819,0.156342813853886
750,8,"alpha1",0.792691247928019,0.802983777870782,0.0848633513717258,0.632158012542861,0.74453995092912,0.802983777870782,0.849838603664722,0.923362150079497
750,8,"beta1",0.0821514178092353,0.0774737286271322,0.0341787319928619,0.029327586993221,0.0584996753311946,0.0774737286271322,0.100609559029996,0.159827919465223
750,9,"alpha0",0.102812928521052,0.102465536612199,0.0240554157878831,0.0677832947056638,0.0912596457980297,0.102465536612199,0.112064118659384,0.133922006620333
750,9,"alpha1",0.713300756325954,0.719046604252069,0.0813497868342586,0.551761231746419,0.662939907648909,0.719046604252069,0.769590071219113,0.845798724943284
750,9,"beta1",0.183520921617063,0.176934599293473,0.0597312234279766,0.0854259439086563,0.139962795152508,0.176934599293473,0.218423567940419,0.32065700536366
750,10,"alpha0",0.114495357189751,0.112596068651519,0.0244943718016608,0.0840677128737385,0.101383324443433,0.112596068651519,0.123894661133131,0.148314296302169
750,10,"alpha1",0.68171278441027,0.685223067998836,0.0805100673010671,0.525370937035926,0.628784843590248,0.685223067998836,0.741061538965005,0.819234967621032
750,10,"beta1",0.206049954702959,0.203551324987264,0.0434137231913719,0.129794646158213,0.175656984346627,0.203551324987264,0.232828470832887,0.301613422628
750,11,"alpha0",0.0987170857115633,0.0963469762762993,0.0258759954261937,0.0675157347715131,0.086544001510926,0.0963469762762993,0.106799745621001,0.133544018379678
750,11,"alpha1",0.642400689210819,0.644729421931562,0.0837792665729625,0.487265949523613,0.589846595352019,0.644729421931562,0.699496239732287,0.791472207521346
750,11,"beta1",0.206891594115202,0.203962400661823,0.0553929826534552,0.10503171163894,0.169518973868596,0.203962400661823,0.240746421908798,0.323716702157326
750,12,"alpha0",0.140945049573643,0.13977706008257,0.024777368293871,0.104555955858859,0.12616103965952,0.13977706008257,0.153789182676637,0.178930677051688
750,12,"alpha1",0.801228068666015,0.810877240518868,0.0793463190936019,0.628593238299692,0.761235733600315,0.810877240518868,0.8538175964568,0.922273437233556
750,12,"beta1",0.122357945554496,0.118893928192519,0.0479867553806708,0.0415125163215935,0.0863586571893618,0.118893928192519,0.154345187831127,0.225942742552365
750,13,"alpha0",0.072754527721095,0.0718632291589394,0.0205783624604028,0.052300488720393,0.0648096694023514,0.0718632291589394,0.077948051886082,0.0913158418102692
750,13,"alpha1",0.702474338810725,0.707002741617519,0.0613613337247594,0.584647607323608,0.668573120770748,0.707002741617519,0.742572470296428,0.802400972798891
750,13,"beta1",0.232345908765596,0.231170756227083,0.0402143598623112,0.158153436391714,0.203514084570407,0.231170756227083,0.25989274352992,0.314616107523511
750,14,"alpha0",0.125991054284025,0.124768366045755,0.0243786215908652,0.0917956751489549,0.111530798634678,0.124768366045755,0.137221375011776,0.165850104193684
750,14,"alpha1",0.714564170416962,0.716312078351038,0.0769421139010618,0.555167854732621,0.66472285547083,0.716312078351038,0.769572697431424,0.853041455690752
750,14,"beta1",0.18713569596034,0.183918142538913,0.0576817441764958,0.0860698767502706,0.145874931643943,0.183918142538913,0.223247898691122,0.310175196807605
750,15,"alpha0",0.120529547310097,0.119618485030644,0.024487285628217,0.0895536676418842,0.109790559110089,0.119618485030644,0.129189512031116,0.147849833695495
750,15,"alpha1",0.719565444760076,0.722366567975284,0.0772007075189382,0.577027619187006,0.669697086488201,0.722366567975284,0.775367097821909,0.849718551138169
750,15,"beta1",0.157557576901437,0.154384885046527,0.0387061245718298,0.0908048601046472,0.130710003405429,0.154384885046527,0.18166372068519,0.24524918904239
750,16,"alpha0",0.123041928972915,0.122100989044729,0.0221699775695015,0.0893972960265658,0.110977768988707,0.122100989044729,0.133586446375043,0.154036962156644
750,16,"alpha1",0.738822241571124,0.740963018134232,0.073214871776908,0.605421429565655,0.695370206027746,0.740963018134232,0.787391432693289,0.869579165579538
750,16,"beta1",0.124472876255911,0.1204108420748,0.0466263502371249,0.0493518135872072,0.0891007151817122,0.1204108420748,0.154163204741218,0.224215762842811
750,17,"alpha0",0.107475886217095,0.106107540181441,0.0219185247250367,0.0799602102888324,0.0968992037665969,0.106107540181441,0.11566558404729,0.137126231640188
750,17,"alpha1",0.653872693762261,0.659123391043466,0.0833254208584482,0.492878694058205,0.601433974382442,0.659123391043466,0.707804416585331,0.809688923634012
750,17,"beta1",0.20866774709383,0.204832114858952,0.0519787191859429,0.118455262172132,0.170585112018192,0.204832114858952,0.241862138036382,0.318589362405522
750,18,"alpha0",0.08064055591088,0.0787705684032399,0.0245406064446205,0.0562620862718177,0.0711099758132415,0.0787705684032399,0.0863114980970686,0.103608416479315
750,18,"alpha1",0.644012088625419,0.648562835974675,0.067453751093924,0.50218067991632,0.601726536954608,0.648562835974675,0.690030959310208,0.763960095441652
750,18,"beta1",0.27848136575149,0.276220908337847,0.0476867098857481,0.188475053610552,0.246001702692502,0.276220908337847,0.309482223497465,0.375114755770289
750,19,"alpha0",0.085741491972049,0.0839983617874978,0.0217956129509183,0.0614246556742204,0.0762103182054656,0.0839983617874978,0.0924478300988441,0.111864453200487
750,19,"alpha1",0.680209880861842,0.683461037393387,0.0681606234562469,0.549252394302907,0.637133738181399,0.683461037393387,0.728969179207522,0.798910865554324
750,19,"beta1",0.238770233071574,0.236789504998919,0.0465599838146364,0.154818425542723,0.2073570734782,0.236789504998919,0.267987457286589,0.33591242820815
750,20,"alpha0",0.108429125567692,0.107383039123037,0.0275202904123413,0.0713414618789223,0.0955980705529321,0.107383039123037,0.118499513669607,0.142037586174105
750,20,"alpha1",0.670076180327559,0.672853771955375,0.0830852627838853,0.508225711844744,0.618634174720508,0.672853771955375,0.724899596975868,0.824038744054093
750,20,"beta1",0.237580874243583,0.232831186147159,0.0592909937553765,0.136302028525477,0.195787203322324,0.232831186147159,0.2724238987209,0.369140674563973
750,21,"alpha0",0.115154838291014,0.113451932976518,0.0229872181233817,0.088218986120164,0.104486874985297,0.113451932976518,0.122930908943359,0.1436956583765
750,21,"alpha1",0.743845958963228,0.744098829756434,0.0855172293356834,0.585154252060662,0.695040706337867,0.744098829756434,0.797916138380096,0.900395593731103
750,21,"beta1",0.102948813261768,0.0989553234065543,0.0433793236516864,0.0310193658634403,0.0720137173999558,0.0989553234065543,0.128680268468316,0.198677410050999
750,22,"alpha0",0.120996689205014,0.119418163391567,0.0245780747836266,0.0895305602129303,0.109250343781686,0.119418163391567,0.130397087757547,0.153184371338182
750,22,"alpha1",0.713966146511652,0.715458898785321,0.0666720690823794,0.585388512842328,0.670159583661086,0.715458898785321,0.761708261068919,0.833127649374603
750,22,"beta1",0.170123343151928,0.167604316983872,0.0419048492985817,0.0943138460479796,0.14086959731203,0.167604316983872,0.197574584498091,0.260971932851392
750,23,"alpha0",0.0994923448224483,0.0981979141426273,0.0221695898486061,0.0734924471963292,0.0897035471775434,0.0981979141426273,0.106508145381984,0.12492720978659
750,23,"alpha1",0.761647373274885,0.767789953951403,0.0805088685828809,0.604443294059384,0.707314474732095,0.767789953951403,0.819512721653668,0.897309037314546
750,23,"beta1",0.113723493819921,0.109805157992264,0.0405667823650259,0.0455880894069623,0.0838306468380184,0.109805157992264,0.138760142358482,0.20382004945512
750,24,"alpha0",0.0941777804936553,0.0923391003994145,0.0254299714302476,0.0682097631246813,0.0830927062140636,0.0923391003994145,0.10087991075176,0.123287688641034
750,24,"alpha1",0.720251152765823,0.725995770522636,0.0605596971589019,0.59785792714588,0.689003116084303,0.725995770522636,0.759559530493844,0.814388215586505
750,24,"beta1",0.222602414867284,0.221013315319741,0.0400942575870812,0.148372248660717,0.194464311225921,0.221013315319741,0.248098165986283,0.306600757622056
750,25,"alpha0",0.103675318470658,0.102935555934529,0.0241767772082479,0.073750069173798,0.0929720765229499,0.102935555934529,0.11230572718446,0.129006354047168
750,25,"alpha1",0.566623088120241,0.568614564988757,0.0814318475716146,0.395540213025406,0.514114970242008,0.568614564988757,0.620770180828694,0.721517177438026
750,25,"beta1",0.202384068906661,0.194930541550667,0.0561128123753938,0.112566227597102,0.16288621066336,0.194930541550667,0.232282139588497,0.337615762125198
750,26,"alpha0",0.113096224114651,0.111272452091887,0.0250876359200818,0.0803334064024569,0.0993705598536825,0.111272452091887,0.123074413302931,0.149820455087357
750,26,"alpha1",0.652944847641017,0.656874206622675,0.077729971776469,0.499802807213572,0.600885638441788,0.656874206622675,0.70696325582733,0.795015427043147
750,26,"beta1",0.199854825205201,0.19767894509891,0.0570664910471406,0.09672577505365,0.15992342615906,0.19767894509891,0.237400009753889,0.316329465401091
750,27,"alpha0",0.0806025268020867,0.0792374515679454,0.020783960233311,0.0568359813787124,0.0711160213908722,0.0792374515679454,0.087445739464467,0.105900365631554
750,27,"alpha1",0.515055869328465,0.516813211075818,0.0670767995653814,0.383140235855732,0.470327073954031,0.516813211075818,0.561955052777152,0.640774409407555
750,27,"beta1",0.309974687408299,0.309639382262363,0.0579963608035777,0.197011973664744,0.271643593436268,0.309639382262363,0.348859569879456,0.424856622255635
750,28,"alpha0",0.101846995144677,0.10037420566121,0.0257213830342817,0.0739794936543012,0.0905621499958944,0.10037420566121,0.109569584277039,0.127547387889651
750,28,"alpha1",0.713040761617031,0.717036134811331,0.0604582940511158,0.588513154001292,0.673873498012689,0.717036134811331,0.756494117278384,0.819169155056484
750,28,"beta1",0.218081581714147,0.215507854379941,0.0463565684642422,0.138723237074647,0.184397964825722,0.215507854379941,0.249455243380235,0.311946320294836
750,29,"alpha0",0.109070197283081,0.10849276110684,0.0216000153978043,0.078002001219567,0.0977255176759581,0.10849276110684,0.118455128494588,0.138427882629075
750,29,"alpha1",0.774784255082635,0.779844868327205,0.0640102288149613,0.648711251740215,0.732923990274001,0.779844868327205,0.821536992038613,0.878274771617581
750,29,"beta1",0.164143068749805,0.161539503344,0.0465495937619631,0.0811574446154785,0.130752044398614,0.161539503344,0.194349080162604,0.264957460876338
750,30,"alpha0",0.127976173797506,0.127319112706181,0.0244526823667682,0.087950875160728,0.115044771044825,0.127319112706181,0.139955738952357,0.163816489887537
750,30,"alpha1",0.632614170889797,0.630507420095159,0.0782660401558951,0.492840575376644,0.581619983081269,0.630507420095159,0.682787464447347,0.797309802018019
750,30,"beta1",0.143809960192526,0.138388664709947,0.0602999383776434,0.0508377642569872,0.0989996605788186,0.138388664709947,0.180507066537556,0.275882948474881
750,31,"alpha0",0.0884715728727626,0.087180175402677,0.0223703021840159,0.0623031728563717,0.0786482210351337,0.087180175402677,0.0950894014974781,0.113532570526125
750,31,"alpha1",0.689997072894358,0.69995672847616,0.0712307599472725,0.518679959835012,0.652483017318398,0.69995672847616,0.73837710680241,0.798859932399549
750,31,"beta1",0.256527922595882,0.251855561479747,0.0498822621778768,0.169374856491318,0.222940715659761,0.251855561479747,0.285514940072213,0.370806337106439
750,32,"alpha0",0.100784599519912,0.0997708084212652,0.0261003999317853,0.067049320819383,0.0875256715012987,0.0997708084212652,0.110807477068146,0.132900691193321
750,32,"alpha1",0.630084933741121,0.630057562311393,0.0729054000777011,0.485870239133751,0.581517674636431,0.630057562311393,0.6795102428982,0.770530952136354
750,32,"beta1",0.202888376457362,0.199889330641011,0.0577434497494082,0.0965570697640135,0.162913841432335,0.199889330641011,0.240832510366996,0.323304172888573
750,33,"alpha0",0.0818414355720009,0.0801927826020368,0.0230186821517642,0.0589057330591037,0.0722359746921278,0.0801927826020368,0.0878132540441974,0.105982621617549
750,33,"alpha1",0.680699574456417,0.688653688659027,0.0731347687591697,0.536742327884223,0.638307490585827,0.688653688659027,0.730368701878787,0.800867253708359
750,33,"beta1",0.245386993010048,0.243914045850336,0.0474680341083316,0.154841145769135,0.21341066041902,0.243914045850336,0.276200676868593,0.345080777475085
750,34,"alpha0",0.114307305696336,0.112643872748383,0.0240201592774019,0.0831549560324094,0.101767775145458,0.112643872748383,0.124586042325465,0.14615400623143
750,34,"alpha1",0.678895520994679,0.681054661717029,0.0801951339024153,0.518228967929757,0.624280220411757,0.681054661717029,0.737173950758964,0.820897296954192
750,34,"beta1",0.199676596939667,0.19428967782438,0.0547602317478192,0.108616972372565,0.160784556873847,0.19428967782438,0.233184380656884,0.322826199485222
750,35,"alpha0",0.0964788159828786,0.095049755744271,0.0225252847077133,0.0671572196555073,0.0859311975932072,0.095049755744271,0.104513447559305,0.128160775875485
750,35,"alpha1",0.730691001374123,0.735877636671123,0.0718054674946299,0.598227827835263,0.688741899456652,0.735877636671123,0.778153206455651,0.85209499050906
750,35,"beta1",0.166361605990265,0.162133970280838,0.052771979616601,0.0738876178519604,0.129437033282862,0.162133970280838,0.199483322807217,0.280463930266462
750,36,"alpha0",0.100614364483215,0.0996678498100308,0.0229422304476014,0.072007917037202,0.090059233426984,0.0996678498100308,0.108675166059039,0.126140366596683
750,36,"alpha1",0.725231438710543,0.731609291989981,0.0663273315992197,0.592748542623961,0.687499967406789,0.731609291989981,0.769976699979119,0.832670336410493
750,36,"beta1",0.202741069870628,0.200111013279792,0.0420734498930454,0.129674002282033,0.172591354679468,0.200111013279792,0.229546549044781,0.294360163108834
750,37,"alpha0",0.118285609799276,0.117041530869028,0.0234270423623585,0.0852015983078943,0.105777744652387,0.117041530869028,0.128810794275189,0.15106094952275
750,37,"alpha1",0.570090377288827,0.570453667251187,0.0750001540111069,0.424026112916561,0.518830568966356,0.570453667251187,0.621595192881202,0.71847158817946
750,37,"beta1",0.218675437704209,0.213780098881107,0.0588461974018986,0.118838880653666,0.176898941141309,0.213780098881107,0.25588428526209,0.347904431939999
750,38,"alpha0",0.112940933963831,0.111853873359167,0.024671898751217,0.081154304924087,0.100986950834169,0.111853873359167,0.122464478063932,0.143851954750571
750,38,"alpha1",0.600200877232565,0.601062393346919,0.0780747516207403,0.459047702436849,0.549108480002464,0.601062393346919,0.65054871393258,0.753373617342985
750,38,"beta1",0.134725399519605,0.12850172416326,0.0541612544795441,0.0400255171247721,0.0973186146245391,0.12850172416326,0.167845744871014,0.256756553259535
750,39,"alpha0",0.0893469204649753,0.0878792550777308,0.0236903671847989,0.0612128701747054,0.0783150639943049,0.0878792550777308,0.0973039169740337,0.115959738904414
750,39,"alpha1",0.574370230678015,0.574436282705277,0.0730626646445418,0.429214155031353,0.528337846127195,0.574436282705277,0.622034391564075,0.721746044617249
750,39,"beta1",0.302613265412964,0.299756757311099,0.0479969781241544,0.214101522753018,0.268317315258101,0.299756757311099,0.334857734451106,0.400146176079121
750,40,"alpha0",0.104685487012883,0.103316588057301,0.0208232562198954,0.0770792561570506,0.0947320271013479,0.103316588057301,0.112816218507039,0.13192179825801
750,40,"alpha1",0.679350351551712,0.681557922876661,0.0768141894543787,0.541175760040373,0.629025368678211,0.681557922876661,0.732800233493535,0.814836590239829
750,40,"beta1",0.162626526924903,0.159588332738709,0.0448021862598981,0.0827781119966768,0.130837848147832,0.159588332738709,0.192401121954755,0.256033042864587
750,41,"alpha0",0.0978123609853541,0.0971855701771363,0.0236722587743184,0.0692738049570948,0.0871592260467489,0.0971855701771363,0.106180785332669,0.123015696088073
750,41,"alpha1",0.595386287830899,0.595027231349058,0.0762754788655773,0.442531781388749,0.546198506897575,0.595027231349058,0.6466578497933,0.742334364900723
750,41,"beta1",0.264900932179869,0.26008019068084,0.0561748931053686,0.167725308193463,0.2245023380489,0.26008019068084,0.300132038789249,0.391018838456226
750,42,"alpha0",0.101597201752086,0.100083063248371,0.0216929722256993,0.0730640402049781,0.0910451126078318,0.100083063248371,0.109539547245725,0.129823060770514
750,42,"alpha1",0.691148435828948,0.690176298553566,0.0841142835949227,0.524078221023193,0.636188848976971,0.690176298553566,0.749881888790372,0.849050117723228
750,42,"beta1",0.162669165153519,0.157428132930032,0.0470850109075638,0.0865999967833268,0.129120665321568,0.157428132930032,0.190173799104634,0.272730922660997
750,43,"alpha0",0.117827125160289,0.116808075829555,0.0233673899998569,0.0850695133700413,0.10496572150593,0.116808075829555,0.128313766907678,0.150346264757597
750,43,"alpha1",0.762955381206628,0.770132814149241,0.0682637573134312,0.618992209973949,0.728007375193361,0.770132814149241,0.807586567649363,0.868889806703487
750,43,"beta1",0.182460796261553,0.178456236900783,0.0473028367338251,0.10096809268122,0.149832926090762,0.178456236900783,0.210217043672942,0.295356432880732
750,44,"alpha0",0.1223536799909,0.120984887161144,0.0240641479740486,0.0901325664972312,0.110097624713653,0.120984887161144,0.13159619856474,0.15717339259509
750,44,"alpha1",0.760630522336649,0.763946690176688,0.0836748355542302,0.598044718220081,0.711056741956949,0.763946690176688,0.819796790734076,0.900895539412696
750,44,"beta1",0.132600486305328,0.127960917702135,0.0457793972664716,0.0578747736597653,0.0987725966214724,0.127960917702135,0.161305599743682,0.236175186906796
750,45,"alpha0",0.11054377950782,0.109037749180749,0.0277041861846468,0.0740607343891261,0.0962753786137732,0.109037749180749,0.121471279154223,0.14951264051975
750,45,"alpha1",0.600070485586843,0.601363650488535,0.0772938269509107,0.449900463748378,0.552064808962494,0.601363650488535,0.65104241187196,0.751363571774148
750,45,"beta1",0.20063652581218,0.198017267609977,0.0561425769244225,0.0996936842510295,0.159202670506565,0.198017267609977,0.238640281946228,0.318778118387159
750,46,"alpha0",0.109221762662617,0.107066227845831,0.0302611123056276,0.0715163256764586,0.0943077060331314,0.107066227845831,0.120318380247872,0.146794889860208
750,46,"alpha1",0.635657054755311,0.637234235802741,0.0796210447671132,0.479879784420456,0.581892155409914,0.637234235802741,0.691316478096048,0.781195939800494
750,46,"beta1",0.213251157356925,0.209496654602556,0.0642147615158862,0.103820179250956,0.166580334211103,0.209496654602556,0.254294269362553,0.351360364627639
750,47,"alpha0",0.0861396982831189,0.0851026474179378,0.023123583007278,0.0607025352674216,0.0770231678839483,0.0851026474179378,0.0927066799623235,0.10897508908867
750,47,"alpha1",0.691234494939698,0.694466682086223,0.0698777248087769,0.557129975707416,0.649882805329645,0.694466682086223,0.736969999275634,0.81500779599634
750,47,"beta1",0.214005095474984,0.210430250813258,0.0464247232261929,0.133603918939138,0.181927431982141,0.210430250813258,0.243713275690112,0.313790888021943
750,48,"alpha0",0.0916990019299458,0.0898389876474336,0.0248515851319553,0.0651975476612601,0.0808862480084542,0.0898389876474336,0.0990209990403175,0.11890606193836
750,48,"alpha1",0.673688128933253,0.677214463545071,0.0710964488150484,0.542918567210068,0.632571072681888,0.677214463545071,0.719511731180836,0.793975651545547
750,48,"beta1",0.232113737643938,0.228699859239137,0.0483817449419592,0.146263640688917,0.197832941760687,0.228699859239137,0.264338142478695,0.330898761178358
750,49,"alpha0",0.112020847271626,0.111229794049198,0.0235089191456037,0.0759452675099671,0.0986114358431578,0.111229794049198,0.123241821800537,0.149250179287304
750,49,"alpha1",0.70766047508417,0.707649317967509,0.0910875588544882,0.538487834791155,0.648919742481723,0.707649317967509,0.76681500644044,0.888217936342855
750,49,"beta1",0.126584240029255,0.118776008990875,0.0627344929523294,0.0232016051034601,0.0816315539493226,0.118776008990875,0.163045275221893,0.270369754592445
750,50,"alpha0",0.0948506802883164,0.0946651294016207,0.0215215424478478,0.0596954495982653,0.0825413908661753,0.0946651294016207,0.106311034578543,0.126927796481752
750,50,"alpha1",0.557639433600605,0.556837618915242,0.0732446478849532,0.417994094951189,0.5098419456626,0.556837618915242,0.606424374121999,0.699448653260509
750,50,"beta1",0.273395990356304,0.269238684192151,0.0631327660026001,0.16270264381988,0.22793765703825,0.269238684192151,0.315359706961264,0.400467416934329
750,51,"alpha0",0.109510284083811,0.108150850978152,0.0220940990845338,0.0810045555190111,0.0983372649338309,0.108150850978152,0.118392387981779,0.138805347135779
750,51,"alpha1",0.655265329275771,0.657490526280865,0.0851235102801151,0.488963654756643,0.597342106149988,0.657490526280865,0.714113559664477,0.815823304234441
750,51,"beta1",0.194202167226327,0.192612401660079,0.0487612162067229,0.101596578355173,0.160118396625076,0.192612401660079,0.226891530584524,0.293647286820156
750,52,"alpha0",0.0988092387409844,0.0971322430509964,0.0240833655003356,0.0706237707621731,0.0880927396514891,0.0971322430509964,0.106655123388338,0.124122169137841
750,52,"alpha1",0.516450904133082,0.518826978505151,0.0717986721791802,0.376853820809033,0.468887423248179,0.518826978505151,0.566103001474466,0.651577437536645
750,52,"beta1",0.241745069092219,0.239459310315907,0.0534560537885543,0.145465140745823,0.205888911540004,0.239459310315907,0.272971049032927,0.357768940764927
750,53,"alpha0",0.100751241006404,0.0998794685745749,0.0216613024745221,0.0737742866320451,0.0906051028133608,0.0998794685745749,0.108420316502569,0.127245198066273
750,53,"alpha1",0.721650776854611,0.724878156105417,0.0713076757337695,0.578654268282966,0.677339007796183,0.724878156105417,0.773456889334218,0.841999574715219
750,53,"beta1",0.172053956522674,0.170504535461143,0.0449039290226203,0.0875544309165485,0.140783093467433,0.170504535461143,0.201170811563378,0.265637251925829
750,54,"alpha0",0.10635159338446,0.10402823905339,0.0257756154484559,0.0741471090435405,0.0933047594096336,0.10402823905339,0.115154564120576,0.14317312043824
750,54,"alpha1",0.727343017814013,0.732728826155389,0.0782324159603502,0.564728286751263,0.686575138708234,0.732728826155389,0.779351748929783,0.850060060353126
750,54,"beta1",0.177863829919058,0.173978837682983,0.0490582820012212,0.0871081629434198,0.143615913805533,0.173978837682983,0.210483286350444,0.281821507779332
750,55,"alpha0",0.0880247428512193,0.0865306673712339,0.0207698540957599,0.0641787647516145,0.077822322287463,0.0865306673712339,0.0952707943110091,0.116122425505503
750,55,"alpha1",0.699187176082431,0.70044761251437,0.0785933026233731,0.544111089113066,0.648111886387361,0.70044761251437,0.752295866263285,0.850449157958688
750,55,"beta1",0.185480953460757,0.183959681783091,0.0509005290773756,0.0938243022397513,0.148417136963054,0.183959681783091,0.219630158142077,0.289038761533772
750,56,"alpha0",0.0872233973117902,0.0854449392108153,0.0219819491731977,0.0633489344703441,0.0775085167256059,0.0854449392108153,0.0937759907316158,0.111301947544979
750,56,"alpha1",0.668880428568312,0.672506340102812,0.0780514440931558,0.515461472646714,0.621683525320334,0.672506340102812,0.719483641294,0.806398280257877
750,56,"beta1",0.220301357409636,0.219933303619508,0.0498760906363519,0.127843667666861,0.185720834362273,0.219933303619508,0.253605767203451,0.320250110325229
750,57,"alpha0",0.0906764254712014,0.0890297967985713,0.0233790819727274,0.0626014224428937,0.0792358960995576,0.0890297967985713,0.0993641044158538,0.119604139850521
750,57,"alpha1",0.619450422079901,0.620018158493256,0.0805707659932574,0.462458439135174,0.568235983997425,0.620018158493256,0.674563788430789,0.769381484509985
750,57,"beta1",0.226337814539275,0.225514210425719,0.0561879892197921,0.124634839567012,0.188171125503418,0.225514210425719,0.261349277593479,0.340770067411232
750,58,"alpha0",0.089557849732247,0.0879699543553136,0.0232136500878634,0.0598862548156811,0.0774237068000237,0.0879699543553136,0.0983941304983856,0.12023600842806
750,58,"alpha1",0.597550680207457,0.59650437210659,0.0709317648946805,0.467126448799385,0.549867808538982,0.59650437210659,0.64704800252912,0.733581777049196
750,58,"beta1",0.29628570569426,0.293853484935627,0.0601096035460911,0.183730013136884,0.256111797773878,0.293853484935627,0.336381769255431,0.416486674933721
750,59,"alpha0",0.0946042763270271,0.0930013684147209,0.0232177710107833,0.0695417835128094,0.0840421034429518,0.0930013684147209,0.102383742769473,0.120222741230109
750,59,"alpha1",0.667245343575875,0.6685462219817,0.0716881685866635,0.537570033067952,0.61822601923737,0.6685462219817,0.718563350058687,0.799357819378107
750,59,"beta1",0.206719361559183,0.205040837794364,0.0456155075008667,0.122399585279227,0.174541535399616,0.205040837794364,0.23668326306286,0.29924634905033
750,60,"alpha0",0.130286301626886,0.130103608173863,0.022997560125583,0.0956030061882008,0.118403670981425,0.130103608173863,0.140584329866089,0.162517659753994
750,60,"alpha1",0.712273905173641,0.717345238643551,0.0809396947932529,0.54497685074254,0.660715147750325,0.717345238643551,0.770295197710143,0.849437272141707
750,60,"beta1",0.15148200683029,0.144418708528992,0.0451472917135723,0.0803193565191525,0.11987317789778,0.144418708528992,0.176759748183823,0.255221296268877
750,61,"alpha0",0.101801288583798,0.100530991104007,0.0204844185934796,0.0741614269458112,0.0912074491630787,0.100530991104007,0.109760056913091,0.135623518114348
750,61,"alpha1",0.697751152271099,0.700939784774184,0.0668991183921262,0.564385708420629,0.655485783454824,0.700939784774184,0.744317845176932,0.814498903656353
750,61,"beta1",0.21039088999029,0.208922070131573,0.0404859077386421,0.135126289855158,0.181312739133977,0.208922070131573,0.236832587822517,0.293794906024755
750,62,"alpha0",0.0988318265828549,0.0973132917579135,0.0267296819099208,0.0692435622924016,0.0869186977353689,0.0973132917579135,0.106627228206289,0.130316435649478
750,62,"alpha1",0.677309539001044,0.684231540194865,0.0636541132259086,0.543927787559553,0.637104359460751,0.684231540194865,0.725158242522718,0.777908669908726
750,62,"beta1",0.25319050252796,0.251234716734017,0.0442522165842466,0.171200737622265,0.22376486543647,0.251234716734017,0.28024215398333,0.348170608317333
750,63,"alpha0",0.0984124220760872,0.0982544930528242,0.020912149861144,0.0678754295798472,0.0886915976339415,0.0982544930528242,0.107017345389687,0.123975957693228
750,63,"alpha1",0.70046946156917,0.705762227221931,0.0720214138164654,0.547724622021031,0.657324109231938,0.705762227221931,0.752410947942068,0.821651467386758
750,63,"beta1",0.219377792625257,0.214503028685154,0.0503966700621211,0.134648066909889,0.183445611676366,0.214503028685154,0.2500543443364,0.329781550749509
750,64,"alpha0",0.118721341291362,0.117945981599872,0.0225442067999256,0.0840725796446505,0.107239984651679,0.117945981599872,0.128664912403336,0.151659068789228
750,64,"alpha1",0.74047633781174,0.746306767661825,0.0877232041081595,0.568792085918081,0.688180171546421,0.746306767661825,0.800355740538293,0.895089215962946
750,64,"beta1",0.124375490553439,0.11530010880399,0.0540505506047692,0.042081014631404,0.0863722787350651,0.11530010880399,0.154559506999292,0.251648392919069
750,65,"alpha0",0.114150363904214,0.113385122133566,0.0213338493295215,0.0861236561701849,0.103582386505972,0.113385122133566,0.122696602781348,0.141684612150914
750,65,"alpha1",0.703402022007281,0.707525805537654,0.0706038126983295,0.563005847159238,0.659708366981719,0.707525805537654,0.753708214843262,0.821309498930165
750,65,"beta1",0.185950179450053,0.182150429485159,0.0410975387243453,0.115077039603284,0.15682715509751,0.182150429485159,0.211779879492275,0.275161393330389
750,66,"alpha0",0.0875867305683005,0.0862854957218161,0.023487126840514,0.0622350523661272,0.0778308889575102,0.0862854957218161,0.0944512240209615,0.111747212936709
750,66,"alpha1",0.74193303241797,0.748037458476445,0.0769135621714424,0.603382283779926,0.693910897192169,0.748037458476445,0.795831583540306,0.862048703363558
750,66,"beta1",0.165555185174502,0.162016247704203,0.0447972189275194,0.0865059710689657,0.135885810419794,0.162016247704203,0.191944901549899,0.265892570576152
750,67,"alpha0",0.0883544525884025,0.087054190238294,0.025286839686453,0.0584976624394557,0.0769379711563979,0.087054190238294,0.0966902052880466,0.115119105504169
750,67,"alpha1",0.725360181531324,0.730067524844493,0.0576480946895931,0.613816281094272,0.692894119072025,0.730067524844493,0.763263470593253,0.819338195373949
750,67,"beta1",0.22648265206603,0.225138257845653,0.046463111524263,0.143705925515448,0.193994292563247,0.225138257845653,0.255805182753935,0.322726116891167
750,68,"alpha0",0.10429795161568,0.103763558698044,0.023114401968761,0.0741385607563822,0.093778429684435,0.103763558698044,0.112769357534452,0.13116640765127
750,68,"alpha1",0.681815950027737,0.685721066455868,0.0770128808265535,0.536804394849646,0.628925271827385,0.685721066455868,0.738873988268583,0.815155732380006
750,68,"beta1",0.166027180286989,0.162222837736007,0.0484783032659029,0.0823810879637268,0.13134960614873,0.162222837736007,0.197201986874893,0.27123672643219
750,69,"alpha0",0.115268679568829,0.114353927857593,0.0246742975018558,0.0835191114771785,0.103626447638907,0.114353927857593,0.12483463380555,0.144930062869196
750,69,"alpha1",0.697168045033215,0.701088924843831,0.0736009926139451,0.552812477050574,0.654207028177846,0.701088924843831,0.746771032041599,0.823752173902605
750,69,"beta1",0.196486975821841,0.191817116045939,0.0466559343381611,0.115198822102925,0.163984911852996,0.191817116045939,0.22561928446861,0.297364328566015
750,70,"alpha0",0.10635756208612,0.104425271220592,0.0272336472514954,0.0755497394007722,0.0943870622716653,0.104425271220592,0.114479949292252,0.136151855319666
750,70,"alpha1",0.698402461615235,0.703625642275545,0.0793655885400165,0.550425707425277,0.648545016103252,0.703625642275545,0.752260042097063,0.835201574802802
750,70,"beta1",0.180250494036092,0.178148540019894,0.0513967039388457,0.0826007788626926,0.145160769147468,0.178148540019894,0.213217778027487,0.287971266556596
750,71,"alpha0",0.111933026106385,0.111582460046287,0.0217504390464492,0.0826306715099453,0.101213403052913,0.111582460046287,0.120843777814495,0.137958055436026
750,71,"alpha1",0.735985973688786,0.743169475227318,0.0811432766933078,0.5860250113186,0.688348687661193,0.743169475227318,0.789864926769718,0.868546073125569
750,71,"beta1",0.14568717958721,0.139092127960807,0.0476930493242963,0.0727519377278193,0.112268293050022,0.139092127960807,0.172658009756009,0.256421801974987
750,72,"alpha0",0.106831578713866,0.105409016812994,0.0256313318107572,0.0791472302557222,0.0965307281306301,0.105409016812994,0.113750802595105,0.131570125264952
750,72,"alpha1",0.815922245524785,0.822384825099958,0.0833336538281625,0.658613323930441,0.764565368000645,0.822384825099958,0.875263795522903,0.944808232485735
750,72,"beta1",0.0946095700526279,0.0862757917547957,0.0458623226445497,0.0274118474524239,0.060447433973751,0.0862757917547957,0.12145002169911,0.20076517975604
750,73,"alpha0",0.111445030744316,0.109656696227765,0.0257578748425559,0.0796989286913706,0.0989177936847365,0.109656696227765,0.121114488649158,0.142165663369435
750,73,"alpha1",0.745758652030759,0.750623949928567,0.0559503799343315,0.634713402049672,0.715770390518152,0.750623949928567,0.780906528178253,0.842496644884894
750,73,"beta1",0.215437618806763,0.214348149171849,0.0433334664355402,0.135800641943877,0.186363721843579,0.214348149171849,0.242229708435483,0.307075391842692
750,74,"alpha0",0.12594478958992,0.125898911016879,0.0291171643048669,0.0895606007804465,0.112116781423059,0.125898911016879,0.136623591383453,0.157566468733424
750,74,"alpha1",0.583835678004324,0.581816444259542,0.076908079096094,0.443390754832052,0.532000173010439,0.581816444259542,0.635589830568339,0.732132777874496
750,74,"beta1",0.162516677832126,0.154196366565424,0.0602708366933303,0.0641576217719272,0.118539059834253,0.154196366565424,0.199843015209624,0.302646200001952
750,75,"alpha0",0.109292609772804,0.107963629517189,0.0222893535019893,0.0800840879571504,0.0968764247812485,0.107963629517189,0.11861911358816,0.140841513628877
750,75,"alpha1",0.612858773570663,0.609947739055935,0.07682780043359,0.478102415964624,0.558810176602293,0.609947739055935,0.660765600179789,0.770406777771856
750,75,"beta1",0.230528190914052,0.229107528243484,0.0534298037544606,0.129713231510768,0.19387261464933,0.229107528243484,0.267370862681545,0.337598726894427
750,76,"alpha0",0.111626076081379,0.11014881524955,0.0246858254829708,0.0806649672249227,0.0997099420193103,0.11014881524955,0.120414515471751,0.143584736010111
750,76,"alpha1",0.707713079136322,0.716196875510387,0.0706795420554749,0.569782679927441,0.668665733852156,0.716196875510387,0.755231435736218,0.816614218153738
750,76,"beta1",0.193061852421387,0.191576011070115,0.0458253698978917,0.108084365180738,0.161596928253616,0.191576011070115,0.222253677168484,0.288515688390868
750,77,"alpha0",0.114591492237215,0.113743083064417,0.0221311331432587,0.0865863895090214,0.104384613790344,0.113743083064417,0.12283930759687,0.140893135204843
750,77,"alpha1",0.784590479649269,0.78790440448643,0.0705684721065899,0.647468718408511,0.739332317087409,0.78790440448643,0.836396551191589,0.903003771011535
750,77,"beta1",0.11916898931763,0.115575577951898,0.0363465259791406,0.058681663283539,0.0941637489148132,0.115575577951898,0.140317457568485,0.203566276949568
750,78,"alpha0",0.0911544150505234,0.0898756017154003,0.0218387192638813,0.0634757326127453,0.0811676109299036,0.0898756017154003,0.0983057446463943,0.116600157145639
750,78,"alpha1",0.642041337187496,0.645785254892353,0.0691222823240526,0.508740644084566,0.60007084225588,0.645785254892353,0.688051663941112,0.76266305929681
750,78,"beta1",0.260125425154227,0.258045347212146,0.0449654445715275,0.176149640984965,0.230114138603186,0.258045347212146,0.287880738926165,0.354886141356974
750,79,"alpha0",0.100182952988877,0.0998722521338353,0.0213809197281512,0.0710204222726438,0.0898496761907963,0.0998722521338353,0.108796737726891,0.124704686188989
750,79,"alpha1",0.61553545124257,0.61623158769488,0.0771194412334369,0.470427505985805,0.5645658400875,0.61623158769488,0.669337181813656,0.757926840538488
750,79,"beta1",0.244328520889208,0.239889545569181,0.0485291873181679,0.160282686511409,0.210177553420688,0.239889545569181,0.273927531349749,0.352807873107331
750,80,"alpha0",0.109693537212701,0.108711879936441,0.0219663436688019,0.0797398340767452,0.0997782843377789,0.108711879936441,0.117836498331825,0.134992890301551
750,80,"alpha1",0.685069638190676,0.687779667155861,0.0858704020285227,0.514405754635928,0.630511111488075,0.687779667155861,0.742643299613469,0.84073091128689
750,80,"beta1",0.172785694525922,0.16813182846918,0.0485184873466329,0.0896577579146258,0.138199008414915,0.16813182846918,0.202827524443557,0.276728691812673
750,81,"alpha0",0.112482527734408,0.110581877688415,0.0259200520235709,0.0821428262955727,0.100979904519316,0.110581877688415,0.120363954569053,0.142309021444902
750,81,"alpha1",0.527776578943519,0.528613347385993,0.0778272842669923,0.377810544839117,0.475769143867455,0.528613347385993,0.57941652150731,0.683602809955069
750,81,"beta1",0.228169068791943,0.224349968895809,0.0567579214873627,0.128023096095611,0.188132444371198,0.224349968895809,0.264097190017499,0.349707000297154
750,82,"alpha0",0.0914727050152569,0.0898811009669615,0.0238667806928895,0.0653166975237938,0.0813391931177424,0.0898811009669615,0.0983268026841294,0.116175508655404
750,82,"alpha1",0.589788627847165,0.588019154588382,0.0792917897895137,0.441739181574723,0.538929275097702,0.588019154588382,0.639773875171793,0.747042668707245
750,82,"beta1",0.248202498942954,0.244975078973409,0.0516351422460359,0.157579019218366,0.212351827540886,0.244975078973409,0.280544597276377,0.360361717410821
750,83,"alpha0",0.141933689236216,0.142350890444137,0.0230059428519892,0.103574460819159,0.129289448427514,0.142350890444137,0.153904080284111,0.17500826293886
750,83,"alpha1",0.681942704598831,0.681139224299497,0.0846099211865545,0.519590058905294,0.624482238688957,0.681139224299497,0.73917208022706,0.844076046083012
750,83,"beta1",0.101728759293106,0.0944625342338969,0.0487207514692754,0.0294568004520763,0.0671950066385942,0.0944625342338969,0.129584258435037,0.208338524005207
750,84,"alpha0",0.130194069604486,0.129715680443188,0.0245331991574514,0.0901546725710366,0.115988491971376,0.129715680443188,0.143163962368913,0.169937850970598
750,84,"alpha1",0.670535344147273,0.669377986020815,0.0853108472240173,0.511284558919447,0.618023714963931,0.669377986020815,0.723780586772593,0.844874778563097
750,84,"beta1",0.143668654025825,0.137226785182065,0.0560725462395965,0.0494520499384395,0.103817281046083,0.137226785182065,0.180071955571223,0.262167511890786
750,85,"alpha0",0.0906247004023786,0.0899950761301136,0.0179040847177601,0.064108349371386,0.0811130662426976,0.0899950761301136,0.0986055609257557,0.116394222831392
750,85,"alpha1",0.636721151718473,0.638970717250895,0.0782157595782972,0.492612445139984,0.589648516132355,0.638970717250895,0.687994614419427,0.776417108091719
750,85,"beta1",0.217898900504565,0.214949353123648,0.0444930428017258,0.142492129661664,0.186020571824787,0.214949353123648,0.245632395175956,0.31664003005761
750,86,"alpha0",0.118986937090929,0.117679559537562,0.028151657467016,0.0821234669329119,0.10511073188728,0.117679559537562,0.130042992139368,0.154414267277012
750,86,"alpha1",0.657605661887578,0.660167812872915,0.0820250056056399,0.50911276283613,0.609273868979698,0.660167812872915,0.709685054987646,0.803840948376382
750,86,"beta1",0.169478115507846,0.163220157947197,0.0562877781673459,0.0762239785626532,0.128417030659512,0.163220157947197,0.205318130958553,0.291714152987129
750,87,"alpha0",0.0897446971826723,0.0889887610591887,0.0214073668447441,0.0630119562463986,0.0791877055609787,0.0889887610591887,0.0980687717264148,0.114226214919049
750,87,"alpha1",0.610178651548266,0.609485392775506,0.0796475923940144,0.461181543860141,0.554137084499272,0.609485392775506,0.664373643242744,0.759110332025035
750,87,"beta1",0.212978404565506,0.208771851263646,0.0549154667167562,0.116002898555017,0.172791536346385,0.208771851263646,0.250375456253957,0.325430153627063
750,88,"alpha0",0.116431005750821,0.115978885211524,0.0227732229542127,0.082514072007866,0.104304867719369,0.115978885211524,0.126929408404334,0.147157609869111
750,88,"alpha1",0.700345452909605,0.704173606662438,0.0681076653833718,0.565063377990005,0.660559160233568,0.704173606662438,0.747064000888345,0.815584991278781
750,88,"beta1",0.201485737425533,0.198398534812915,0.0442075200738751,0.123980373188439,0.170512087527135,0.198398534812915,0.228305648582375,0.299089055054647
750,89,"alpha0",0.0995999647285469,0.0981010680588152,0.0234114878335571,0.0688299299185315,0.0872880505512564,0.0981010680588152,0.10923659730648,0.134643622195322
750,89,"alpha1",0.699755979860368,0.707195891882341,0.0799781945995676,0.546114578108312,0.652009065581177,0.707195891882341,0.754259955191518,0.838219982178863
750,89,"beta1",0.199280331563103,0.198969998091068,0.0539910418828354,0.0974022465041125,0.16276518690062,0.198969998091068,0.234992673730641,0.30672664580126
750,90,"alpha0",0.105799784794433,0.105197903028492,0.024143434151848,0.0725034239036667,0.0937608773413201,0.105197903028492,0.115823835974557,0.135245311690272
750,90,"alpha1",0.642407127538445,0.645639213490724,0.0713294220810013,0.502469355377369,0.598894966945778,0.645639213490724,0.690377399933664,0.770185608852742
750,90,"beta1",0.273701360307757,0.270151734953794,0.0491062051992732,0.188784350197294,0.238644600235479,0.270151734953794,0.303981052044669,0.378350241204679
750,91,"alpha0",0.130658566474579,0.130015165645132,0.0247347019565586,0.0931907756008646,0.116927651892503,0.130015165645132,0.141677037582682,0.166939069477681
750,91,"alpha1",0.688400809654142,0.68964482667686,0.0742037401225468,0.540932252266184,0.641824985976671,0.68964482667686,0.738997908346409,0.823457659163463
750,91,"beta1",0.20629399826157,0.204687456388051,0.0504289836682325,0.112358442638483,0.170347189944405,0.204687456388051,0.241267855695429,0.309747694463938
750,92,"alpha0",0.0962891900975674,0.0954136777700566,0.0210577752900734,0.0720437155913236,0.0869983920457816,0.0954136777700566,0.103206208397247,0.119257232682263
750,92,"alpha1",0.73126822764689,0.739059259184358,0.0745999064032401,0.590250288058604,0.691283296326891,0.739059259184358,0.781702873982305,0.842455038834446
750,92,"beta1",0.187996825805696,0.185494610079967,0.0389691216111372,0.117789840990453,0.161581602223815,0.185494610079967,0.211158355269797,0.272941748268255
750,93,"alpha0",0.110948135245097,0.110608469483577,0.0232944839532191,0.0766111012023874,0.0994416441905696,0.110608469483577,0.121093315745624,0.140471691756335
750,93,"alpha1",0.712259181340788,0.718365414108607,0.0770423177929488,0.555530719726746,0.664546356281497,0.718365414108607,0.765409935205071,0.842456976184215
750,93,"beta1",0.183082463076602,0.177766507662692,0.0516240609940652,0.0997372421821675,0.146438722377727,0.177766507662692,0.21484760953557,0.294856534269524
750,94,"alpha0",0.0925872887050219,0.0903529984040452,0.0243696073368019,0.0691926262611157,0.0830627487850499,0.0903529984040452,0.0986650266997253,0.115804902594523
750,94,"alpha1",0.727020160367166,0.733292463983336,0.0578486316963929,0.615277058196206,0.694734945339588,0.733292463983336,0.765685773508438,0.814918475397449
750,94,"beta1",0.2171082367483,0.215157433214431,0.0369150021006546,0.152006615493914,0.192097113114851,0.215157433214431,0.240467797742285,0.293265571024392
750,95,"alpha0",0.139749826155346,0.138951337907653,0.0215758693130202,0.107520789362996,0.127247910326654,0.138951337907653,0.150757395791471,0.171708321508743
750,95,"alpha1",0.62572718043264,0.62415446640388,0.0750302006123612,0.486856437007163,0.572849913559787,0.62415446640388,0.675490160756694,0.774876314676937
750,95,"beta1",0.0948045292353001,0.0887511527312502,0.0498281222561805,0.0146851045958815,0.0584144468443929,0.0887511527312502,0.126087424465395,0.205005177143563
750,96,"alpha0",0.0885254068581807,0.0868961683129503,0.0234986295295567,0.0615787382396068,0.077811906020352,0.0868961683129503,0.096474840345577,0.114587299370753
750,96,"alpha1",0.714623188069369,0.717113083324778,0.0652511282961944,0.596388409002041,0.675943415853947,0.717113083324778,0.756440856245876,0.829560580354523
750,96,"beta1",0.211700701507049,0.210047494620721,0.0475706240543906,0.122810294989689,0.179008554276908,0.210047494620721,0.241931597741138,0.312037562655001
750,97,"alpha0",0.108370464333781,0.107407046453759,0.025491455559488,0.0710337716783372,0.0952845214309529,0.107407046453759,0.118364463070612,0.145984742164656
750,97,"alpha1",0.581790046231472,0.581022292195396,0.0811869660703294,0.425312327272073,0.529084307784975,0.581022292195396,0.638335074193844,0.732608648184556
750,97,"beta1",0.251624021100823,0.246868063994669,0.0645759364697762,0.143498123645148,0.207322888115666,0.246868063994669,0.28922753740428,0.394175265739639
750,98,"alpha0",0.0854997922110751,0.0827745867704226,0.0274024587427765,0.0603069687799558,0.074387591258644,0.0827745867704226,0.0927524175753085,0.110335459359349
750,98,"alpha1",0.59914281413271,0.602863088573562,0.0688176526615465,0.453529954575119,0.555042502523354,0.602863088573562,0.649100405019819,0.722391697462461
750,98,"beta1",0.320382160754933,0.318980394536593,0.0536275526879747,0.214850474991812,0.285198785409731,0.318980394536593,0.356873080668898,0.424202748402242
750,99,"alpha0",0.114801373619612,0.114727368416265,0.017275143468517,0.0878198671475805,0.105798994598827,0.114727368416265,0.123106075516621,0.138451109859636
750,99,"alpha1",0.759113942330439,0.763243147520667,0.0662472217384903,0.628772891187028,0.720363926892506,0.763243147520667,0.805169660000564,0.873872460610497
750,99,"beta1",0.154375277889797,0.151440940820594,0.0364321571959285,0.0917372112235335,0.128878899026197,0.151440940820594,0.175634721554279,0.234253228690691
750,100,"alpha0",0.0980496049820037,0.0965415947070012,0.0247558875723663,0.066744536430479,0.0856054910837604,0.0965415947070012,0.106810767235209,0.132818224236106
750,100,"alpha1",0.592352947093281,0.593486368364137,0.0783714103424391,0.431675673794421,0.543840582955856,0.593486368364137,0.645956279073555,0.72988651630197
750,100,"beta1",0.286321811147193,0.283140409830027,0.0582855525128096,0.169789763644299,0.247664560967921,0.283140409830027,0.324621964656262,0.409348183703788
750,101,"alpha0",0.0983719964270293,0.0974829618066235,0.0204409587978742,0.073110062741995,0.089384669633054,0.0974829618066235,0.10544308387267,0.122765695246017
750,101,"alpha1",0.740808690171651,0.749186786777188,0.075666330910182,0.59507386294876,0.697915050988273,0.749186786777188,0.792232758857969,0.859228843815433
750,101,"beta1",0.169461663674753,0.165820925807496,0.0424949854230314,0.094581064300811,0.139950393501651,0.165820925807496,0.195939137096721,0.261851226875067
750,102,"alpha0",0.118003640162358,0.115988239743275,0.0239260733789653,0.0821927856014208,0.103624497876315,0.115988239743275,0.129962458365745,0.157691135805167
750,102,"alpha1",0.608667590606754,0.604337343309419,0.0854431310852113,0.450137315996708,0.552670023480213,0.604337343309419,0.662352511982291,0.789117304748476
750,102,"beta1",0.136976717825944,0.133073497468266,0.0689521960825046,0.0139825093187763,0.0888703027887168,0.133073497468266,0.183074478584198,0.279137279940571
750,103,"alpha0",0.105767553804479,0.104846089203386,0.0223738063140366,0.0765296322078281,0.0939874522983926,0.104846089203386,0.114998455597873,0.134257324673781
750,103,"alpha1",0.774304885295491,0.778765726260355,0.0727847690825837,0.626502640893681,0.734980593677634,0.778765726260355,0.82478808345083,0.890941155973502
750,103,"beta1",0.141977193588659,0.139158108853801,0.0445374044992494,0.0656610086510767,0.110252282026555,0.139158108853801,0.168857497202727,0.242933370432242
750,104,"alpha0",0.088399154938036,0.0868992817353011,0.0215303777877054,0.0611721454623906,0.0771755128382055,0.0868992817353011,0.0972711803171729,0.118027879564483
750,104,"alpha1",0.639614439899992,0.64115125277929,0.0725164713787567,0.49898301915755,0.592195153348568,0.64115125277929,0.68878937369029,0.778256069713795
750,104,"beta1",0.237144785237016,0.236498805656736,0.0560179662433037,0.132234288186944,0.20054191614979,0.236498805656736,0.27436629326274,0.346648157632947
750,105,"alpha0",0.119215912471951,0.118005159701275,0.0247238727017426,0.0877747448054184,0.107404186880869,0.118005159701275,0.12827078056251,0.150842313832207
750,105,"alpha1",0.732384172173194,0.732373170965605,0.0712754692461928,0.605707913747187,0.686090080842948,0.732373170965605,0.780794742571406,0.864069088263861
750,105,"beta1",0.168728310615103,0.166833801725756,0.0419619944336233,0.0909473067551965,0.139667844296121,0.166833801725756,0.195601876635255,0.25546802987486
750,106,"alpha0",0.0848645734062014,0.0828162333303375,0.0271179442236559,0.0524619531023781,0.0722743188691447,0.0828162333303375,0.0936446690720705,0.120511865755555
750,106,"alpha1",0.59351367730494,0.594760640655223,0.0730426093812697,0.455156508062154,0.5496203319119,0.594760640655223,0.64179783659118,0.723970083989191
750,106,"beta1",0.279367465503869,0.277409948082607,0.057959003217936,0.164454161873354,0.239933860105723,0.277409948082607,0.315895045006383,0.397864227892047
750,107,"alpha0",0.0940916904948764,0.0935527914903985,0.0213013024035495,0.0659373413414244,0.0827979306579181,0.0935527914903985,0.102376537812626,0.124795894211131
750,107,"alpha1",0.68397368253354,0.686101706532442,0.0807703189446039,0.531949819286699,0.631950456256414,0.686101706532442,0.73829207373493,0.830915374444791
750,107,"beta1",0.178651682014887,0.177805212134318,0.0532638241775605,0.0715069946445236,0.143030977863982,0.177805212134318,0.213130296457322,0.28777570487669
750,108,"alpha0",0.07852538239517,0.0771585582139497,0.0243402801936452,0.050647923451192,0.0666605192764564,0.0771585582139497,0.0867473271110826,0.109363084162436
750,108,"alpha1",0.59574057690809,0.597194328668662,0.0590902693520368,0.481403172912112,0.556554484624324,0.597194328668662,0.635076801498896,0.709081666949962
750,108,"beta1",0.326580203525187,0.327298126775667,0.0519853398084303,0.226600238527032,0.292109614913797,0.327298126775667,0.361898327199434,0.428760757559662
750,109,"alpha0",0.111707717469146,0.110658934657036,0.0228450959776025,0.0834521255207911,0.100838277221558,0.110658934657036,0.120149202010657,0.138788810811621
750,109,"alpha1",0.762003132024122,0.767804136670264,0.0663667440277883,0.621675277597688,0.728223297057474,0.767804136670264,0.807457714705452,0.862750949696285
750,109,"beta1",0.176825721342492,0.174365830658488,0.0439308424231425,0.097606629602693,0.14639156493393,0.174365830658488,0.204239584393444,0.268553382800466
750,110,"alpha0",0.107168295862084,0.10718518672544,0.0225576167195977,0.073840338543232,0.0944582110430273,0.10718518672544,0.118001922903762,0.138851764958645
750,110,"alpha1",0.634414240428127,0.635678408256775,0.074464135015616,0.482125355510195,0.585458008527328,0.635678408256775,0.687110215088875,0.77093039346561
750,110,"beta1",0.216636239015522,0.210939105998068,0.0502470171066559,0.132491744479427,0.18160832721462,0.210939105998068,0.247580683363659,0.327730156202022
750,111,"alpha0",0.101890912386071,0.100890081760279,0.0204606465663863,0.0716117391356844,0.090961064926381,0.100890081760279,0.111235937221542,0.132695714138384
750,111,"alpha1",0.617603844953103,0.616079033144553,0.0798676044166081,0.465229539205428,0.562579395447662,0.616079033144553,0.672511328296052,0.777003919971639
750,111,"beta1",0.236663729217369,0.235200789405371,0.0552159376949326,0.135460534013669,0.198438483468872,0.235200789405371,0.271533919164284,0.348601074241944
750,112,"alpha0",0.0920144755392713,0.0906626232719178,0.0217110587654879,0.0657311554848406,0.0819197989160065,0.0906626232719178,0.0995644495576894,0.11690311053093
750,112,"alpha1",0.676400851714649,0.680232765184697,0.0606209497788018,0.548512337670907,0.640311923140448,0.680232765184697,0.71790015525609,0.784319937006093
750,112,"beta1",0.2347413158953,0.232826818620914,0.0472202450235201,0.148534357210592,0.202697417922264,0.232826818620914,0.265549093897394,0.332360258048927
750,113,"alpha0",0.136622704310954,0.135742393387168,0.0266011573957572,0.0986869526064364,0.122917901338526,0.135742393387168,0.147855548673802,0.171937241814133
750,113,"alpha1",0.70629273108585,0.707688079631986,0.0734473123402314,0.563578754496509,0.659368001488398,0.707688079631986,0.755577304149932,0.849065953308095
750,113,"beta1",0.141833926331496,0.138929187662664,0.0457023878674601,0.0627574895749108,0.109633395089348,0.138929187662664,0.17119677129184,0.238182643262485
750,114,"alpha0",0.11887742760361,0.118660091537465,0.0217757339500532,0.0882626116701994,0.109262715554484,0.118660091537465,0.127540511632677,0.143442362442772
750,114,"alpha1",0.694225605810212,0.690182166804639,0.0868415910206062,0.535563220505589,0.632740644178956,0.690182166804639,0.755499612091481,0.862723217071929
750,114,"beta1",0.153383224667018,0.150020000971916,0.040603453059345,0.0854124724399346,0.12499211164606,0.150020000971916,0.177264496621784,0.24046564946385
750,115,"alpha0",0.0867329907464864,0.085263996369087,0.0276515268520425,0.0575061337525089,0.0764468252348252,0.085263996369087,0.0938761896892752,0.11027158805335
750,115,"alpha1",0.706801439147003,0.716554815775078,0.0746711232970064,0.551215094863717,0.661303982261212,0.716554815775078,0.759056436271013,0.828508601478104
750,115,"beta1",0.217193464684446,0.212604216015385,0.0534409199395435,0.126747060900691,0.178859229727676,0.212604216015385,0.250342830034161,0.334839062909234
750,116,"alpha0",0.0992533542564744,0.0983299993219084,0.0197193592659872,0.0732122674458864,0.088658106030418,0.0983299993219084,0.107835889560743,0.126434216829977
750,116,"alpha1",0.584473027486998,0.579173069138834,0.0874606199164015,0.43227846324445,0.524846847642063,0.579173069138834,0.642826595858576,0.761292662244436
750,116,"beta1",0.189895624220095,0.186496523950204,0.0529164835961963,0.0991839740217536,0.150343927568686,0.186496523950204,0.225558697818351,0.298822327925453
750,117,"alpha0",0.102142155574957,0.101612557442466,0.0208789209696956,0.0744471431723514,0.0926502107806579,0.101612557442466,0.109899019530861,0.127564356334154
750,117,"alpha1",0.714339605939614,0.715873992255218,0.0729059962635688,0.574326265724134,0.667288276299368,0.715873992255218,0.763817036450472,0.848458613026621
750,117,"beta1",0.164210887756568,0.159900585354452,0.0420863789094664,0.095233181469898,0.134289365048342,0.159900585354452,0.190917651557152,0.259652244045835
750,118,"alpha0",0.0874370498280056,0.085850302526289,0.0225128911344253,0.0622731799153311,0.0775423541272253,0.085850302526289,0.0948419213055956,0.111585643622696
750,118,"alpha1",0.727153222088791,0.732575364178799,0.0774991209657921,0.581231510270185,0.678732913521157,0.732575364178799,0.778311111891242,0.862534373478719
750,118,"beta1",0.174611567193357,0.172052737782019,0.0524067720243085,0.082683911066073,0.135713594328709,0.172052737782019,0.209607185624949,0.283776651483394
750,119,"alpha0",0.107659775678296,0.106298739495572,0.0208475789909006,0.0812517425072331,0.0979504193722357,0.106298739495572,0.115398171862388,0.135191119665
750,119,"alpha1",0.669058728111709,0.670681348680473,0.0733518184365057,0.529058598327777,0.619845856123715,0.670681348680473,0.720613735214643,0.799776566597076
750,119,"beta1",0.183265564584163,0.181026496503059,0.0421324225078151,0.107257672188403,0.153300863398612,0.181026496503059,0.21063265089426,0.271144083473251
750,120,"alpha0",0.140793672935326,0.140515362970489,0.0235793693256156,0.10139910154623,0.125927806560127,0.140515362970489,0.154358944550568,0.179585411585405
750,120,"alpha1",0.618451343219581,0.616607986278566,0.0794509935895711,0.466949840450689,0.56789592551417,0.616607986278566,0.667957753473399,0.79486321494681
750,120,"beta1",0.18159051672314,0.175739243262812,0.0530399868539805,0.0918548926764234,0.143379818631506,0.175739243262812,0.212633894054709,0.301709475731992
750,121,"alpha0",0.118660748983781,0.117140030583706,0.0239742548902775,0.0894128483441202,0.106480932052861,0.117140030583706,0.127709681720461,0.147665073689047
750,121,"alpha1",0.654160734091657,0.654881576927937,0.0749684437197212,0.508080102184177,0.603279741341357,0.654881576927937,0.706323134011251,0.791896273690886
750,121,"beta1",0.164320123106968,0.160072518318502,0.0486316270049114,0.0801049522681756,0.129854427160169,0.160072518318502,0.194584914374015,0.268843970346798
750,122,"alpha0",0.12558478178895,0.125146079825457,0.0242034458065958,0.0919564305371093,0.113561201414109,0.125146079825457,0.135573115646053,0.155492772098807
750,122,"alpha1",0.712586693031741,0.714742596990963,0.08601456986569,0.544980666979884,0.653450275015066,0.714742596990963,0.774184473409069,0.872503301726406
750,122,"beta1",0.117658148233149,0.111895893857699,0.0453288293741176,0.0462723379343518,0.0842795627901482,0.111895893857699,0.145208275289416,0.221310881053701
750,123,"alpha0",0.115458343499741,0.11348456723128,0.030519048293875,0.0829958319724566,0.102689451176637,0.11348456723128,0.124038749803126,0.146423699498051
750,123,"alpha1",0.626536230871776,0.625696546217007,0.0770676833447401,0.474171214974704,0.580862210761123,0.625696546217007,0.675080130748544,0.775000790818458
750,123,"beta1",0.195043287458135,0.192562633272685,0.049869117173723,0.107223730102071,0.160631923427299,0.192562633272685,0.226881565073379,0.300373080534419
750,124,"alpha0",0.111119969778895,0.110201988454077,0.0237712918220749,0.0768664464636686,0.100504451104873,0.110201988454077,0.12000921596047,0.142044269468661
750,124,"alpha1",0.6783287830317,0.678784957423644,0.0783569882589682,0.537677937281934,0.629992270931217,0.678784957423644,0.727758802634308,0.828672898238235
750,124,"beta1",0.121244037673414,0.116077907947819,0.0476624766491363,0.0442015831672206,0.0866042984466746,0.116077907947819,0.150064220222367,0.230454449047067
750,125,"alpha0",0.0886662774614532,0.0853894248623249,0.0301805915628822,0.0624791167276287,0.0765621013641447,0.0853894248623249,0.0945224147612596,0.116631763725251
750,125,"alpha1",0.660731236305716,0.666619350695412,0.0817353969433257,0.512499009548839,0.617082634506014,0.666619350695412,0.711882689153894,0.793051162293726
750,125,"beta1",0.227854487099562,0.227405982902876,0.0518762142627471,0.133904880917947,0.194930211108653,0.227405982902876,0.260576282769654,0.329235041863393
750,126,"alpha0",0.0826496339281355,0.0805569791845922,0.0258966155405225,0.0568664759113751,0.0711949984220835,0.0805569791845922,0.0899737304570963,0.109753359141283
750,126,"alpha1",0.610929214950046,0.615370855137722,0.0677386988317352,0.466846689054555,0.569364388602413,0.615370855137722,0.655762019026469,0.734038476803891
750,126,"beta1",0.285215408769763,0.280354122777422,0.0543230271082681,0.184919583482834,0.247595283611895,0.280354122777422,0.321303647758369,0.398458792189845
750,127,"alpha0",0.0970145635598512,0.0962661539675991,0.0216830209063932,0.0629791723060698,0.0857227551539146,0.0962661539675991,0.106784949711922,0.129758066478206
750,127,"alpha1",0.544475620666918,0.543094407890225,0.0739084470463445,0.404464341630677,0.494042072687063,0.543094407890225,0.594240681634261,0.686513819948444
750,127,"beta1",0.281826169824194,0.279183400534481,0.0655746776192088,0.16764205982975,0.234627745897817,0.279183400534481,0.324891736415236,0.422463336800776
750,128,"alpha0",0.106312606556964,0.106065816588349,0.0222615607965735,0.0744984781163566,0.0949275461283179,0.106065816588349,0.115858793963209,0.135174208359799
750,128,"alpha1",0.69795383076569,0.700959930869347,0.0657927264442775,0.562196434653598,0.653837846696496,0.700959930869347,0.744910336285542,0.816485326150886
750,128,"beta1",0.203872810570782,0.197862773467808,0.0494575591406342,0.122935788115727,0.16751045623457,0.197862773467808,0.236745707018824,0.309362499079665
750,129,"alpha0",0.101315195323161,0.09886023046359,0.0302872850511975,0.0715741466339846,0.0892630777549588,0.09886023046359,0.108624561672482,0.130425208408416
750,129,"alpha1",0.695418911627592,0.698632424449052,0.0679097759974012,0.565293839914875,0.651665545135277,0.698632424449052,0.742635784061246,0.812408379128275
750,129,"beta1",0.230854991091983,0.229159848233894,0.0493083273369191,0.137633885569338,0.197817979409219,0.229159848233894,0.262001510348083,0.334100591263309
750,130,"alpha0",0.124481378399159,0.123019043331225,0.0263144535988853,0.0838396285877132,0.110310321568449,0.123019043331225,0.136660068228835,0.162977946756187
750,130,"alpha1",0.699326971558472,0.705428763795665,0.076718779401505,0.537586607960628,0.655965611157362,0.705428763795665,0.750521446849436,0.826144055499855
750,130,"beta1",0.18672275037285,0.183947664108831,0.0496586740552956,0.100110137247112,0.151124345418146,0.183947664108831,0.218401380669948,0.295784453555929
750,131,"alpha0",0.120248749737397,0.118562824993998,0.0251951560914393,0.0862580073114881,0.107470034452718,0.118562824993998,0.13013088196422,0.153897464398135
750,131,"alpha1",0.724158816429615,0.726999012284317,0.0766221487631194,0.578408292002967,0.680296352155308,0.726999012284317,0.774573462459977,0.856079010439463
750,131,"beta1",0.155607685479144,0.153322942477286,0.043660975604834,0.0766158952210963,0.125741264893443,0.153322942477286,0.183027473906387,0.252606721266769
750,132,"alpha0",0.112114472332641,0.111395033272434,0.0242932110838677,0.081102927052948,0.0999228110886025,0.111395033272434,0.122212160146438,0.143207915773729
750,132,"alpha1",0.596561688618272,0.600308441994147,0.0710944075625336,0.454819401336661,0.550017089821712,0.600308441994147,0.645935394581782,0.725853845265978
750,132,"beta1",0.246308920749655,0.24237299219848,0.0525860656689074,0.155187634778067,0.208362911396707,0.24237299219848,0.28038128709351,0.35851369408547
750,133,"alpha0",0.122010460935785,0.122170204910549,0.0234750430733052,0.0805273211584946,0.10993857511727,0.122170204910549,0.133489928310077,0.155672001720232
750,133,"alpha1",0.594772067171859,0.590925105620469,0.0762747979730958,0.453530131306733,0.541587278748902,0.590925105620469,0.644210166246333,0.758538715236125
750,133,"beta1",0.178874421988927,0.176087732208386,0.0549440335263931,0.0856927756252321,0.138111697244386,0.176087732208386,0.214371548572578,0.299688392525175
750,134,"alpha0",0.0899951425493273,0.088751493716398,0.0187016698299021,0.0649108130597979,0.0805585817351038,0.088751493716398,0.0975026908980306,0.116753153205459
750,134,"alpha1",0.642606794488416,0.643454885535188,0.0622897964488536,0.52075989977263,0.602475532513429,0.643454885535188,0.68615688023869,0.756139955485201
750,134,"beta1",0.273046995072583,0.271447324088812,0.0415430962158442,0.198574762919913,0.243688475562453,0.271447324088812,0.300191438082616,0.359742229626471
750,135,"alpha0",0.102996968016471,0.102239640491154,0.0191601808183129,0.0755245820239602,0.0932236695914876,0.102239640491154,0.110706960375219,0.130620686397372
750,135,"alpha1",0.695259320083706,0.700135873267839,0.0733753537956263,0.548982340503889,0.647897223266285,0.700135873267839,0.7462037116073,0.821101000015262
750,135,"beta1",0.225145095842854,0.223237991787193,0.0455618283878813,0.143227746391355,0.191737004793898,0.223237991787193,0.257044471779456,0.318922944210604
750,136,"alpha0",0.1117085118609,0.110923583380211,0.0256822055045541,0.080654603773588,0.0991377384670898,0.110923583380211,0.120555717624043,0.142965673465446
750,136,"alpha1",0.731794690059046,0.737448695556411,0.0780100704163516,0.581763946398983,0.68363250241538,0.737448695556411,0.787053057637873,0.858652666270088
750,136,"beta1",0.158232056603298,0.155550486794075,0.047733544784773,0.0751241206102975,0.123547444099633,0.155550486794075,0.188795169786788,0.258096552532164
750,137,"alpha0",0.119470142100118,0.118255453747724,0.0214942621401121,0.0911738679388459,0.107992306110712,0.118255453747724,0.129034253292545,0.149004822726389
750,137,"alpha1",0.734835954278565,0.739900058007198,0.064270484533784,0.603081060962285,0.698738152658745,0.739900058007198,0.77925223073338,0.838639293904791
750,137,"beta1",0.192511952801393,0.189530062620404,0.0423587928465129,0.120671083734932,0.160500681249523,0.189530062620404,0.221762638953616,0.27848020545048
750,138,"alpha0",0.109317904988732,0.108358055179321,0.0233339889309483,0.0765611092565624,0.0977506440906732,0.108358055179321,0.11887152533799,0.141207330143541
750,138,"alpha1",0.643039290665613,0.645571024893879,0.0833248809612691,0.481434592942522,0.586839521720215,0.645571024893879,0.702677501722099,0.796163132048378
750,138,"beta1",0.217381105880143,0.212154712144752,0.0574910796508048,0.117606808234692,0.17727151575574,0.212154712144752,0.252899781917054,0.342808443156361
750,139,"alpha0",0.0958836666567998,0.0945513087854268,0.0248243128838059,0.062598886481858,0.0822554642249002,0.0945513087854268,0.106255499761891,0.130129390296467
750,139,"alpha1",0.586146775371314,0.585098619067081,0.0799769511082208,0.431835981162582,0.532991859441554,0.585098619067081,0.640302270036327,0.738728976841156
750,139,"beta1",0.286444948708892,0.284111957387588,0.0630804758804222,0.166592895228139,0.242685588767131,0.284111957387588,0.328175760240953,0.417011106817417
750,140,"alpha0",0.0972824729511914,0.0953403842278998,0.0243437566416141,0.0700693824533637,0.0859163965208368,0.0953403842278998,0.105657729239427,0.1266103406051
750,140,"alpha1",0.653185215265583,0.65121157356781,0.0786094203752877,0.507054303216695,0.599471445095363,0.65121157356781,0.70802086317246,0.808334724857254
750,140,"beta1",0.191744439415091,0.189980494066867,0.050437735914842,0.10172418171792,0.156279427215323,0.189980494066867,0.224322194657023,0.299335222599386
750,141,"alpha0",0.0788737892998083,0.0770640353309008,0.0247947689077907,0.0542188584675402,0.0691243758783499,0.0770640353309008,0.0854968732348632,0.101412617292674
750,141,"alpha1",0.648983854762714,0.651843061624987,0.0777105169253112,0.489121087350132,0.601429912125944,0.651843061624987,0.703013931139433,0.78645727188232
750,141,"beta1",0.264132745569719,0.263712702792355,0.056985712989569,0.157803874502851,0.222263898713517,0.263712702792355,0.304204224809843,0.377278121806776
750,142,"alpha0",0.0979743625365241,0.0967976349525528,0.0239193516110379,0.0706324813310248,0.087808385513253,0.0967976349525528,0.105103609586641,0.122726516956993
750,142,"alpha1",0.735836462152812,0.74284972004031,0.0883524488205483,0.571704042445471,0.684898269189419,0.74284972004031,0.793871566210651,0.885642400046966
750,142,"beta1",0.152198125222851,0.146960714637773,0.0501931230046404,0.0649294700550433,0.117206128260741,0.146960714637773,0.184031943651222,0.259428425542522
750,143,"alpha0",0.103077818073364,0.10209830179918,0.0226068727266583,0.0747900546072731,0.0922387037447128,0.10209830179918,0.111738758317263,0.130477334678216
750,143,"alpha1",0.720990967369155,0.722043329925273,0.0720552125796309,0.578307419367137,0.677183086861629,0.722043329925273,0.770205994989099,0.849701452312779
750,143,"beta1",0.164004352181562,0.160899861138101,0.0462233386067244,0.0824872852179712,0.131307436665646,0.160899861138101,0.19451418595068,0.259284333109741
750,144,"alpha0",0.123490349687817,0.121316093591832,0.0262475358687322,0.0897577115147637,0.110785562965123,0.121316093591832,0.132661521969314,0.160106145249813
750,144,"alpha1",0.642163099590995,0.642418037577839,0.0765569415150368,0.502025750943502,0.589992402252506,0.642418037577839,0.697771052765801,0.779901648523481
750,144,"beta1",0.222847831975893,0.22077447877177,0.0480454315651698,0.134841976382641,0.190878188423091,0.22077447877177,0.252601793543285,0.32456435155849
750,145,"alpha0",0.144144272020014,0.142323359061138,0.0281522525109566,0.103674109791118,0.12882010792841,0.142323359061138,0.157028134506863,0.184091722562236
750,145,"alpha1",0.721404477079539,0.723471095763576,0.0707952752432492,0.592553176533398,0.679568562254233,0.723471095763576,0.76641831928743,0.853536694096823
750,145,"beta1",0.147465377225149,0.145199405513271,0.0470208690662924,0.0653752962554265,0.114191464242701,0.145199405513271,0.175796491158821,0.250981721693112
750,146,"alpha0",0.105078455614808,0.103866155503522,0.0221778627381174,0.0779552800149121,0.0943783982521695,0.103866155503522,0.113475003112616,0.131846182817698
750,146,"alpha1",0.694185951508994,0.69302953343616,0.0841368853650433,0.544766149103452,0.636045201504309,0.69302953343616,0.754294985956473,0.855032775182773
750,146,"beta1",0.13339347737427,0.130872375291805,0.0444293822102352,0.0565833940931111,0.100979904303234,0.130872375291805,0.162809995686428,0.226112421178152
750,147,"alpha0",0.0883594637813234,0.086905449020449,0.0224230957314617,0.0568365985943615,0.0766491576399994,0.086905449020449,0.0984078727189985,0.120952031271269
750,147,"alpha1",0.613564924782117,0.614779656034501,0.0759408993187752,0.469835360919413,0.56184458488681,0.614779656034501,0.663968823173836,0.759637196669634
750,147,"beta1",0.257441904678435,0.254068310911272,0.0650219800677618,0.137824676285176,0.214581410536086,0.254068310911272,0.298041797536478,0.387503058806163
750,148,"alpha0",0.114649791375082,0.113678403923673,0.0263093162798948,0.0805119726444314,0.102163696212401,0.113678403923673,0.124320784816142,0.148095684654595
750,148,"alpha1",0.556168025682389,0.55610790467666,0.0761117097559249,0.402507460629671,0.507521975723312,0.55610790467666,0.605553505022828,0.702354765691062
750,148,"beta1",0.187241859657513,0.181096072498673,0.0575122504344743,0.0938928437836378,0.144798443573669,0.181096072498673,0.224191441260679,0.312729964646689
750,149,"alpha0",0.0995769878303359,0.0989640857748094,0.02184946224539,0.0702982332806248,0.0887702787137995,0.0989640857748094,0.108327251544889,0.127156255696373
750,149,"alpha1",0.777602024767257,0.78231821558592,0.0764801393470345,0.629028124325823,0.734366069621451,0.78231821558592,0.829376313761024,0.900643200483415
750,149,"beta1",0.143506230970711,0.136727940240735,0.0508585233673316,0.063803480901367,0.105909588954378,0.136727940240735,0.17398580494611,0.258137146703362
750,150,"alpha0",0.115166580158727,0.11400393488448,0.0237778862219719,0.078991262497474,0.10238776438259,0.11400393488448,0.126686970451804,0.150149977605432
750,150,"alpha1",0.597496477044339,0.593134498807222,0.0847688575862431,0.443899040181466,0.538556083455247,0.593134498807222,0.652096692853748,0.777274803826278
750,150,"beta1",0.203373337190776,0.199258772084465,0.0568897756944673,0.105158507074224,0.162025447812226,0.199258772084465,0.240420735229379,0.325026165000539
750,151,"alpha0",0.115846705486912,0.114747176472917,0.0198047856817713,0.0921615135109861,0.106930760739999,0.114747176472917,0.122639038413378,0.138927174125179
750,151,"alpha1",0.784969906557669,0.791748357659092,0.0799808910116701,0.632471053917525,0.738515678494986,0.791748357659092,0.839091949897765,0.91319052218823
750,151,"beta1",0.0902004217800201,0.0871646320313687,0.0339239687535743,0.0340067057490479,0.0659233768191148,0.0871646320313687,0.111757630919732,0.161980595871034
750,152,"alpha0",0.108015420911166,0.106894211828967,0.0283702660039147,0.0686725485285835,0.0932678869333771,0.106894211828967,0.120092385964969,0.146028474584856
750,152,"alpha1",0.608979510245773,0.607560011185063,0.082125682785049,0.451309674008076,0.560169816348585,0.607560011185063,0.660163676334736,0.768190500348134
750,152,"beta1",0.238835890171773,0.234271031035528,0.0682620388852817,0.125245639876676,0.188670665843228,0.234271031035528,0.280564703052798,0.394420127291165
750,153,"alpha0",0.11642111375812,0.116153681646829,0.0245816434900834,0.0790610785767521,0.103815245156107,0.116153681646829,0.127317317538082,0.149294157003288
750,153,"alpha1",0.764887039615792,0.770204802975407,0.0782920263773729,0.614698819398042,0.716343439931386,0.770204802975407,0.819705209620836,0.895734188264478
750,153,"beta1",0.14217992989972,0.136367674141546,0.0500280828435408,0.0610616250283139,0.104843510758991,0.136367674141546,0.174622793063808,0.252147438377498
750,154,"alpha0",0.115456805606334,0.114139056502708,0.0225756149095739,0.0860387043160788,0.104823474977944,0.114139056502708,0.123573505059484,0.144557302980597
750,154,"alpha1",0.798701694013749,0.805418362874946,0.066078883281212,0.670896049934248,0.759666479981498,0.805418362874946,0.845038690420669,0.90217340189057
750,154,"beta1",0.117922637498535,0.113964982193328,0.0360102020963945,0.0577266406867612,0.0920342783612706,0.113964982193328,0.140591746298397,0.199420107271664
750,155,"alpha0",0.0917280793873369,0.0894488671694977,0.0284823485044275,0.0652120402492743,0.081019859469479,0.0894488671694977,0.097927345561273,0.117210534769957
750,155,"alpha1",0.699795125592422,0.703588242664862,0.0809676146348849,0.548478253139004,0.653317615290635,0.703588242664862,0.754987996212881,0.835136342103277
750,155,"beta1",0.191874986072491,0.18924955208901,0.0493517907023111,0.102813736620587,0.156777246133811,0.18924955208901,0.223971783307455,0.298720099879992
750,156,"alpha0",0.0990894381149491,0.0971715106965023,0.0240728158790509,0.0720062859991565,0.0878576174715303,0.0971715106965023,0.106741385174282,0.127219532788805
750,156,"alpha1",0.701405151536811,0.704451064552714,0.0680884353506684,0.572084652450668,0.656167381253365,0.704451064552714,0.7492157573082,0.822796958444558
750,156,"beta1",0.195442933995161,0.194976524759554,0.0452274119727848,0.108356208880039,0.16397623308123,0.194976524759554,0.226984832951226,0.282774420616476
750,157,"alpha0",0.100353407835188,0.099001518785488,0.0240731051679631,0.0748033729471716,0.0898711028906294,0.099001518785488,0.107697175097259,0.124074866662762
750,157,"alpha1",0.79016495512145,0.79767389178643,0.0682706935046798,0.648871679897007,0.749159226116589,0.79767389178643,0.839068825773487,0.895248482853165
750,157,"beta1",0.131471928296001,0.128266507201596,0.0370767684311537,0.0697173482611897,0.104655159340882,0.128266507201596,0.153764825401188,0.214152156149464
750,158,"alpha0",0.134532013443637,0.13303414041192,0.0252196483291059,0.0979330783046102,0.119671202229455,0.13303414041192,0.146256276444044,0.174724424610251
750,158,"alpha1",0.625781543204279,0.62826245037239,0.0812062304387043,0.480291099495986,0.572207267585029,0.62826245037239,0.684520700279172,0.765759888752911
750,158,"beta1",0.159122212105111,0.155989157838746,0.0537450024225373,0.0656047767122989,0.118291658190773,0.155989157838746,0.196920092662457,0.265645232292625
750,159,"alpha0",0.101456974132944,0.0996457022197457,0.023161559303729,0.0753402196921092,0.0899387015093757,0.0996457022197457,0.109424720018681,0.129907219044766
750,159,"alpha1",0.791836331716524,0.799572536093002,0.0741431780502599,0.644570716064191,0.750882932227277,0.799572536093002,0.842531490084776,0.905177098513678
750,159,"beta1",0.128115189928998,0.124608125214742,0.0407309134171309,0.0564775557159031,0.0991295367675399,0.124608125214742,0.153754800502486,0.218742279590674
750,160,"alpha0",0.107611673591306,0.106649760003096,0.0243679986424764,0.0723405713650036,0.0957714775056529,0.106649760003096,0.117919304399452,0.137530431382453
750,160,"alpha1",0.679761055073912,0.680597513907057,0.0792087542874219,0.531498600048674,0.630639709968925,0.680597513907057,0.731837777022745,0.826848927061149
750,160,"beta1",0.178264592944159,0.174214104423178,0.0526472853536427,0.0877036445951654,0.140181642642329,0.174214104423178,0.211613231515985,0.292360310183872
750,161,"alpha0",0.122687846575311,0.121333288747209,0.0236779907252612,0.0907991505127502,0.110150452529565,0.121333288747209,0.132744096160354,0.152831349813682
750,161,"alpha1",0.706516796191442,0.711828558496607,0.0757949560763252,0.548339173499974,0.666258678600159,0.711828558496607,0.754453173805573,0.836243021811103
750,161,"beta1",0.19849544466283,0.195175642139662,0.0450485750268023,0.118482699472478,0.166491527105855,0.195175642139662,0.227454429922108,0.295708812893863
750,162,"alpha0",0.113279141359407,0.11168147757948,0.0269569548841349,0.0817735698468415,0.101175839734157,0.11168147757948,0.122005325554827,0.144726464319797
750,162,"alpha1",0.750226378137695,0.75543786756787,0.0755284695238793,0.596189895826014,0.704564364605034,0.75543786756787,0.804686074859274,0.873150466790604
750,162,"beta1",0.158098889090163,0.15488777117,0.0478140230048702,0.0726387151141684,0.124380155901789,0.15488777117,0.188026083566396,0.260557476790097
750,163,"alpha0",0.10444048757269,0.103037298762229,0.0244184073099632,0.0739500808579358,0.0924784379238449,0.103037298762229,0.113420478461686,0.134009377738512
750,163,"alpha1",0.722796864564496,0.725199085016709,0.0790525941854951,0.584427627897295,0.676740117563741,0.725199085016709,0.772889521689106,0.858316123052597
750,163,"beta1",0.151953623668009,0.149031421966839,0.0435412862151192,0.0785804546304944,0.121183210948492,0.149031421966839,0.179432690479756,0.246220644454832
750,164,"alpha0",0.099493316850435,0.0985647588155013,0.0210449455830463,0.0698454485206373,0.0886318764883801,0.0985647588155013,0.108664707749597,0.131132759554316
750,164,"alpha1",0.674572215229307,0.675802138479797,0.0769697984800396,0.518861038270605,0.626803693859862,0.675802138479797,0.72492903919377,0.819233785003672
750,164,"beta1",0.208384207760112,0.20351457818006,0.0515531466000297,0.117953491084974,0.173786517930801,0.20351457818006,0.237367312420246,0.319898394118509
750,165,"alpha0",0.0877614000127881,0.086221026948819,0.0267480701192407,0.060921075790535,0.0773476935511142,0.086221026948819,0.094572605297194,0.111294361866624
750,165,"alpha1",0.701225374200899,0.707870155955691,0.0672629047430794,0.565174184074367,0.664060111536296,0.707870155955691,0.747662273032381,0.807758043997443
750,165,"beta1",0.229696620448959,0.226430408605549,0.0451819893713301,0.150519189919852,0.197753328209955,0.226430408605549,0.258079544039318,0.328210338335771
750,166,"alpha0",0.10057426461215,0.0996763391938319,0.0217309355620972,0.0713520707612082,0.0889008495642205,0.0996763391938319,0.11022312990672,0.12964816356698
750,166,"alpha1",0.622567192906451,0.62177598523546,0.0759691245824797,0.478710505685014,0.572060067986766,0.62177598523546,0.675733700834818,0.764002257319115
750,166,"beta1",0.238750548666024,0.235976454842882,0.0496652639764164,0.149602470816865,0.203364173240724,0.235976454842882,0.271611979596571,0.344740851353778
750,167,"alpha0",0.100386970377812,0.0993574774814596,0.0241366937134816,0.0713558385115411,0.0891264300486157,0.0993574774814596,0.108676980524762,0.126934685617986
750,167,"alpha1",0.752413089010272,0.760661990374402,0.0684102986486529,0.610277222332965,0.717914145727011,0.760661990374402,0.797378332506662,0.852845521929858
750,167,"beta1",0.187878997472334,0.182355761245101,0.0440923090213383,0.115990561709913,0.155755831527352,0.182355761245101,0.216569634608358,0.285820272244034
750,168,"alpha0",0.0861120505766205,0.0844256069707594,0.0239828015007038,0.0576227543819237,0.0759706997092196,0.0844256069707594,0.0935622399170444,0.110743546056064
750,168,"alpha1",0.67911739595579,0.67837206581834,0.0847238159162584,0.517715510337076,0.622484145507306,0.67837206581834,0.742658349249356,0.824372738995881
750,168,"beta1",0.18380419509591,0.180205929829535,0.0518694918826132,0.0967739119714566,0.145905129929653,0.180205929829535,0.215984626922034,0.296206903894682
750,169,"alpha0",0.125437773828713,0.126137037801743,0.0285101296627855,0.0769573820571176,0.109137279420005,0.126137037801743,0.140187350046794,0.167389178155241
750,169,"alpha1",0.543507292081343,0.541118372133095,0.0751573510642868,0.410919515687373,0.489445731749192,0.541118372133095,0.592872063801003,0.702207012773922
750,169,"beta1",0.231040280532096,0.221116421998115,0.0770764201823591,0.101423443533587,0.177116522633492,0.221116421998115,0.280372068696198,0.403918153319101
750,170,"alpha0",0.123009734567167,0.121763154572407,0.0259791888272352,0.0824198101753915,0.107816182602182,0.121763154572407,0.136154859277209,0.164981972733932
750,170,"alpha1",0.628489100232897,0.634486638216823,0.0870310459030476,0.45393333476894,0.573955185321243,0.634486638216823,0.687346592953076,0.789731076852991
750,170,"beta1",0.210567783914974,0.206324547064095,0.0596884591828335,0.107089210398115,0.168852291724328,0.206324547064095,0.246719750210084,0.343898870242814
750,171,"alpha0",0.085731063321823,0.0841374006411331,0.0240314057015786,0.0571117940359815,0.0740658136992046,0.0841374006411331,0.0942159072777495,0.116017727008091
750,171,"alpha1",0.635786025949397,0.636456292377302,0.0779906282950316,0.494552516376162,0.583316501796827,0.636456292377302,0.687223675615465,0.78787486866223
750,171,"beta1",0.219376154385271,0.214281711704635,0.0625947478897935,0.108335712199401,0.174617739927647,0.214281711704635,0.259736781259249,0.351830281691778
750,172,"alpha0",0.0869034907065053,0.0855023039542273,0.0244694987097855,0.0612215440401761,0.0763071938745525,0.0855023039542273,0.0942964678132774,0.111675212870738
750,172,"alpha1",0.750939896020972,0.756357236106002,0.0685166910424994,0.60908454315853,0.712134851553579,0.756357236106002,0.796575666637982,0.866465578381699
750,172,"beta1",0.159461068234934,0.156116488659621,0.0461052308172539,0.077351999711931,0.125777259327567,0.156116488659621,0.19196870181113,0.254567067083918
750,173,"alpha0",0.111908622429602,0.11181244026759,0.0206331244742375,0.0835374652966283,0.102520888433483,0.11181244026759,0.120085966823079,0.13606051134919
750,173,"alpha1",0.826731639703914,0.836007342892983,0.0630126744297021,0.710644243160792,0.793385873668083,0.836007342892983,0.868274985039539,0.916639707483519
750,173,"beta1",0.103834878361146,0.0997173613669944,0.0314232110075489,0.0532811035662289,0.081546044728749,0.0997173613669944,0.122330440548616,0.174796145475926
750,174,"alpha0",0.0939960518859109,0.0924183664235843,0.0222734050880181,0.0690002077305303,0.0836137382600133,0.0924183664235843,0.101778724377351,0.118941937367936
750,174,"alpha1",0.740093485014679,0.745666391018462,0.0626039641741172,0.61186476200967,0.707392860898263,0.745666391018462,0.77905579547386,0.843206287177239
750,174,"beta1",0.208854373374918,0.205407453677694,0.0447398692202782,0.130028734154403,0.176266292530431,0.205407453677694,0.237707862891123,0.304467731997727
750,175,"alpha0",0.123258958182423,0.123174924391636,0.0239060893146902,0.0844406091005219,0.110520797405627,0.123174924391636,0.135063282472583,0.158056364851918
750,175,"alpha1",0.687265526691961,0.6869427062316,0.0898853651476894,0.517487368755935,0.629044607017177,0.6869427062316,0.75345368969047,0.84378088470827
750,175,"beta1",0.147537290387455,0.141300283364855,0.0529856997020761,0.0615108847224501,0.109396827471382,0.141300283364855,0.179957827288018,0.268547958875924
750,176,"alpha0",0.0971513366398738,0.0956423399039996,0.0256476240718249,0.0720731008462625,0.0871248222159466,0.0956423399039996,0.103010025026536,0.119567411124558
750,176,"alpha1",0.767030231041021,0.778083055169551,0.0713000840656359,0.620284436387747,0.731253561142974,0.778083055169551,0.814187287860396,0.866418269648337
750,176,"beta1",0.161334433622279,0.15684742005166,0.0409847859257426,0.0945567045697051,0.13196846614678,0.15684742005166,0.186757470632496,0.250097571266327
750,177,"alpha0",0.0913521913243147,0.0904028464363254,0.0219532711316834,0.0632900277805138,0.0802805121215934,0.0904028464363254,0.0999456476583092,0.120464231989207
750,177,"alpha1",0.624033248473769,0.618944932552381,0.096178514307252,0.454375376123934,0.555838660557861,0.618944932552381,0.692710026444469,0.811444083730295
750,177,"beta1",0.212179866293363,0.210617789873224,0.070732140120885,0.088306344039546,0.15919593505133,0.210617789873224,0.258193910116096,0.362288160801987
750,178,"alpha0",0.0952404825265455,0.0941003744168852,0.0247323570996439,0.0650297030236102,0.0842306758537606,0.0941003744168852,0.103477021847529,0.124838474867421
750,178,"alpha1",0.723976391399868,0.732486078331163,0.070972582440825,0.574667336261845,0.684168764665549,0.732486078331163,0.772464777270172,0.837452591855889
750,178,"beta1",0.200586252528746,0.194563002746323,0.0486527106318554,0.118866553004907,0.166362143063109,0.194563002746323,0.230268591149945,0.311737851017129
750,179,"alpha0",0.124072678076372,0.123684939475047,0.0228730071852565,0.0872175247020446,0.111960348993247,0.123684939475047,0.135014714211832,0.15623643371715
750,179,"alpha1",0.747725684366059,0.750173426011404,0.0853338763317068,0.59913220201841,0.694048873247157,0.750173426011404,0.806155306658793,0.896515821775009
750,179,"beta1",0.103979136360862,0.098144334820843,0.0421880428449405,0.0375871192802944,0.0731774451311053,0.098144334820843,0.129148053989606,0.203417376585112
750,180,"alpha0",0.114089969402733,0.1129974030807,0.0250165191384937,0.0775736652285389,0.101110349334586,0.1129974030807,0.125191630404893,0.153999743921998
750,180,"alpha1",0.552732557030689,0.555127264666191,0.0754176520561103,0.407873357061946,0.503800362947645,0.555127264666191,0.603274689369047,0.695631121857008
750,180,"beta1",0.239065491254333,0.23581029692242,0.0669691688196953,0.113391015430336,0.193333608480182,0.23581029692242,0.279658968431575,0.385070756893345
750,181,"alpha0",0.131551214559717,0.130558843432803,0.0229850090601466,0.0967938506208207,0.117763149539919,0.130558843432803,0.143382472631898,0.168400526884188
750,181,"alpha1",0.587978752817289,0.588548881483481,0.0798403954468578,0.427546657052467,0.536721790571934,0.588548881483481,0.63841736673838,0.750643596999824
750,181,"beta1",0.188411725900771,0.183835267746758,0.0551138336258844,0.0923378552589075,0.149408783731226,0.183835267746758,0.22451738432744,0.305926772558186
750,182,"alpha0",0.113347995418061,0.113308391250808,0.0226443435128993,0.076492415131509,0.101411675940565,0.113308391250808,0.123774207747206,0.147311393605229
750,182,"alpha1",0.737454723039322,0.739714128730754,0.087104062970241,0.573343082547394,0.682495817470173,0.739714128730754,0.79606021707065,0.903961552604392
750,182,"beta1",0.125224045542989,0.120949823373774,0.0488861972125671,0.0436769833032168,0.0911728814006381,0.120949823373774,0.151853821153411,0.239579797434769
750,183,"alpha0",0.119356190836866,0.118002207003072,0.024943155964962,0.086554633170121,0.107199947237846,0.118002207003072,0.129020156556595,0.150517682165767
750,183,"alpha1",0.773137419132442,0.778762620618482,0.0735333563583633,0.627316147394044,0.727204017258136,0.778762620618482,0.826175400318216,0.895993211582275
750,183,"beta1",0.145243740973261,0.141929943206998,0.0459193337328296,0.0665922853215554,0.112269573714003,0.141929943206998,0.17236917945492,0.249029139452727
750,184,"alpha0",0.110410131752171,0.109451759384971,0.0246646531445793,0.0805421065115842,0.0983557283457428,0.109451759384971,0.11963733795116,0.139286233257216
750,184,"alpha1",0.727350591933838,0.730785948392794,0.0693104587749353,0.596289317960728,0.684645494620517,0.730785948392794,0.773821584976293,0.847506093468415
750,184,"beta1",0.162947421943405,0.160175272020392,0.0462065238087965,0.0833189203522087,0.129958721046044,0.160175272020392,0.191257958215064,0.264949872648574
750,185,"alpha0",0.119157424012721,0.118367796848316,0.0242510462023999,0.0859646929986923,0.106719014964848,0.118367796848316,0.129367063072436,0.150962549092766
750,185,"alpha1",0.760749892059154,0.77076599075658,0.0740538571322954,0.606739078255318,0.723645140493058,0.77076599075658,0.80919014569541,0.87130014065774
750,185,"beta1",0.168512298798968,0.162663416255354,0.0466244516194449,0.0947964077555582,0.134949817363532,0.162663416255354,0.196025585593741,0.272624474449827
750,186,"alpha0",0.114827097953523,0.113930644295926,0.0210966289195458,0.0862588506636278,0.103631136626816,0.113930644295926,0.123934742005274,0.144297143183804
750,186,"alpha1",0.747295961460913,0.751388945663412,0.0639019630576463,0.611935436139339,0.710764118372907,0.751388945663412,0.791425580719343,0.854314222984086
750,186,"beta1",0.188725039842306,0.186944763117337,0.0428543306501775,0.108664646015931,0.159531517227273,0.186944763117337,0.217389553747721,0.276357891491144
750,187,"alpha0",0.122635902746394,0.121683007164353,0.024413916530206,0.0861868466663483,0.10939520481072,0.121683007164353,0.134157653713144,0.158496625676697
750,187,"alpha1",0.804653621754259,0.81074350303132,0.0660471302678867,0.68219515499267,0.770026278931435,0.81074350303132,0.848071519978531,0.902774486010692
750,187,"beta1",0.134492735541745,0.131110898064143,0.0433567882705013,0.0562726437461561,0.105533717876414,0.131110898064143,0.160137245590559,0.227333647302915
750,188,"alpha0",0.126970932380969,0.12692238875031,0.0205656547874923,0.0963801822023383,0.116753974684026,0.12692238875031,0.136276275851021,0.152896478372464
750,188,"alpha1",0.694787245130459,0.694507639794983,0.0796324839381922,0.537838468470271,0.641720850441767,0.694507639794983,0.750061171715683,0.848611261052096
750,188,"beta1",0.114545690537458,0.110467995149543,0.045792689191152,0.041549088658504,0.0804289641234578,0.110467995149543,0.142369422410206,0.2158112053163
750,189,"alpha0",0.106676875442339,0.105253735162316,0.0206507043141104,0.0802066922167217,0.0962174464050359,0.105253735162316,0.11484887459864,0.134066788072261
750,189,"alpha1",0.796110830097443,0.804667380563309,0.0685007859475988,0.650366249356422,0.759500260361584,0.804667380563309,0.842031105796772,0.903501367136769
750,189,"beta1",0.122831558069357,0.120116500238225,0.0374278988999962,0.058709921173719,0.0962864237819474,0.120116500238225,0.146689942410431,0.205752178361608
750,190,"alpha0",0.0975632312181537,0.0958542938276415,0.0211431557246454,0.0694810047024944,0.086111874405708,0.0958542938276415,0.106243714399157,0.130189850853549
750,190,"alpha1",0.662877590382798,0.670500207198036,0.0775077612574618,0.502595468216919,0.615698505014744,0.670500207198036,0.718082900574428,0.791432644802666
750,190,"beta1",0.239520224885088,0.237424046763969,0.0492100429387594,0.150083400833031,0.204518728967293,0.237424046763969,0.272144316228053,0.345283116272751
750,191,"alpha0",0.0861768106707401,0.0844477743077928,0.0239032156177709,0.0596758598264314,0.0753805902278748,0.0844477743077928,0.0938636708767075,0.114031517556871
750,191,"alpha1",0.544186604038005,0.543408748205059,0.076182019373038,0.404355151887206,0.492542301663774,0.543408748205059,0.592484588107874,0.700422341131993
750,191,"beta1",0.294196280008058,0.292654360999745,0.0568833725059087,0.183629562573854,0.255380340862074,0.292654360999745,0.331220308026363,0.411924434298332
750,192,"alpha0",0.101746759832377,0.100581092867527,0.0230018902301931,0.0703657888632241,0.0902276947268345,0.100581092867527,0.111176918661903,0.133098042728597
750,192,"alpha1",0.598241187121432,0.595722812352622,0.0738263196924556,0.463026371074195,0.550553851952348,0.595722812352622,0.645975511262607,0.752629027299261
750,192,"beta1",0.228282596541622,0.225913777699579,0.0522075541169362,0.135821082796179,0.191208434721664,0.225913777699579,0.261523790553966,0.337224697209227
750,193,"alpha0",0.108683446619668,0.107645049400975,0.0220760222616177,0.0774568917951983,0.0976515912937244,0.107645049400975,0.117916501285721,0.137891054941654
750,193,"alpha1",0.733425033599859,0.739327524848187,0.061786059665371,0.611129052866389,0.695827043711585,0.739327524848187,0.777128762359196,0.833720581709189
750,193,"beta1",0.209617679522328,0.207365337574251,0.0430165601956853,0.132584578648826,0.178882965044737,0.207365337574251,0.236978231973381,0.303010337415514
750,194,"alpha0",0.0976906663186099,0.0965064422132334,0.0231538027562809,0.0693259039911127,0.0875699859839342,0.0965064422132334,0.105515406123005,0.122873077603828
750,194,"alpha1",0.736923150449511,0.740956231548873,0.0751551507253587,0.586363144514338,0.690457073840099,0.740956231548873,0.790329497676523,0.864630018752847
750,194,"beta1",0.168053592262357,0.162686186923243,0.0502250169193219,0.0849625777705913,0.131870088593802,0.162686186923243,0.199685010863956,0.278835967058711
750,195,"alpha0",0.10585446125507,0.104457977828525,0.0287869934208302,0.0732919528523994,0.0934069374203541,0.104457977828525,0.114900203053413,0.135261722494302
750,195,"alpha1",0.606982524479898,0.605557203205195,0.0862250951562541,0.445961497086473,0.546009816471881,0.605557203205195,0.665105135339064,0.778772520428373
750,195,"beta1",0.217390093971661,0.215940861832815,0.0546995277305452,0.115587303111355,0.17808140145531,0.215940861832815,0.253453105735248,0.331557942386904
750,196,"alpha0",0.131555694584583,0.131225264747382,0.0221709172410586,0.0937573591854353,0.118315205526299,0.131225264747382,0.143688370800317,0.170030714170725
750,196,"alpha1",0.736009417440744,0.738941353159127,0.0704941703343565,0.598652254833691,0.691140281576677,0.738941353159127,0.783621202469016,0.8636584588731
750,196,"beta1",0.158363497406114,0.155827801754324,0.0467971178439502,0.0738419895958725,0.125430386257164,0.155827801754324,0.18776261652748,0.260153571465009
750,197,"alpha0",0.123111630656993,0.122152772706055,0.0224090149502862,0.0939901196231023,0.111056911750164,0.122152772706055,0.132838675193697,0.152225901819063
750,197,"alpha1",0.728426402093556,0.733269966150847,0.0723335307543412,0.582640708211579,0.68381080801049,0.733269966150847,0.778683073439862,0.852556042044506
750,197,"beta1",0.178599047731199,0.175776658531615,0.0452196478656721,0.100458150621038,0.146340758313305,0.175776658531615,0.207841176664332,0.278041925328602
750,198,"alpha0",0.0733376506274697,0.0721902095814684,0.0220684855345533,0.0500859950707646,0.0643240100044714,0.0721902095814684,0.0798868356353049,0.0959166400493043
750,198,"alpha1",0.550990432489922,0.549357680922353,0.0775455838713967,0.40995591188927,0.495651810409328,0.549357680922353,0.606132493989741,0.696510464556583
750,198,"beta1",0.319057478406207,0.316526587578484,0.0563655035069448,0.214063532515645,0.279881946069596,0.316526587578484,0.356687714026793,0.436427364952038
750,199,"alpha0",0.110128785817867,0.108891297007283,0.0235939413864391,0.0760503999431857,0.0977504595602719,0.108891297007283,0.119971239799984,0.144718820189129
750,199,"alpha1",0.626191040376491,0.626783253016995,0.0823867244722748,0.470393239052055,0.573761650809407,0.626783253016995,0.678994302923468,0.78389727126989
750,199,"beta1",0.232211925958744,0.229873417945255,0.0605651419361873,0.123501763693839,0.188809630114959,0.229873417945255,0.270764784858683,0.360468211229841
750,200,"alpha0",0.120916172740282,0.119176443122345,0.0258686850803885,0.0923077263332248,0.109165708828783,0.119176443122345,0.12897013811776,0.152028488637835
750,200,"alpha1",0.726063712417772,0.726422723293251,0.0908458083896826,0.562855737877896,0.667201125681949,0.726422723293251,0.787357945315062,0.89677590733773
750,200,"beta1",0.107877113024064,0.104879872634186,0.0408299174645057,0.0366733894326244,0.0786424603333101,0.104879872634186,0.134521569490084,0.193183950674649
750,201,"alpha0",0.086239914272012,0.0847972457902823,0.0238093093221774,0.0585580241742172,0.0758336645568416,0.0847972457902823,0.0943557078963074,0.114175031873647
750,201,"alpha1",0.660795671586105,0.665751338358544,0.0778443256976941,0.504404211386857,0.606858553913358,0.665751338358544,0.720288621178242,0.790060107583577
750,201,"beta1",0.228694462876382,0.224840439015045,0.0558283627558313,0.13267151120635,0.187560352554044,0.224840439015045,0.265338914671552,0.346525788528135
750,202,"alpha0",0.107533258651442,0.107297794870693,0.0208267025986356,0.0802715964534386,0.0983752490244043,0.107297794870693,0.114974782221431,0.127959911724867
750,202,"alpha1",0.801742132149636,0.808774578367821,0.0567713464405644,0.693476883780507,0.773731732200348,0.808774578367821,0.838257243436298,0.880969243237073
750,202,"beta1",0.154594618940676,0.151969772633252,0.0308417803205001,0.101356627057944,0.133011172589982,0.151969772633252,0.173609532583795,0.220948800221985
750,203,"alpha0",0.104379690760141,0.103468053901125,0.0228230532626168,0.0713992685182757,0.0919794473377836,0.103468053901125,0.11434800455333,0.139051604454482
750,203,"alpha1",0.679800363232287,0.681584698543603,0.0731688886475647,0.531917249731367,0.634695069041814,0.681584698543603,0.731198780543752,0.80662081352026
750,203,"beta1",0.213687724192944,0.211643624316473,0.0461164214231315,0.127110158061036,0.182656226909833,0.211643624316473,0.241835487121012,0.31332644969882
750,204,"alpha0",0.135343218913794,0.134893676059632,0.0259566290192466,0.0988185070401897,0.121718413432339,0.134893676059632,0.146744774501185,0.169405229769456
750,204,"alpha1",0.721653595297661,0.723383071794021,0.0791085039590189,0.578746577011751,0.665430807386232,0.723383071794021,0.778297030251821,0.862596541623991
750,204,"beta1",0.141175028986496,0.136321738412191,0.0474366213065128,0.062255842363641,0.107597117422241,0.136321738412191,0.169562226045681,0.249057124541245
750,205,"alpha0",0.105725986349052,0.104609630716641,0.0230990051246878,0.0735611847214235,0.092756592062297,0.104609630716641,0.116243959724849,0.140366997305004
750,205,"alpha1",0.612577778984694,0.61489893683531,0.0788320759711141,0.459152530442805,0.56153548549668,0.61489893683531,0.66297406024099,0.774677331126584
750,205,"beta1",0.233943831908253,0.232498779500177,0.0659680826699145,0.119247643802245,0.183548743548805,0.232498779500177,0.280213452272279,0.370011097230307
750,206,"alpha0",0.0969732278116662,0.0963007254872503,0.024756780785342,0.0645285322678589,0.0849931749780578,0.0963007254872503,0.106627034884986,0.125971795615387
750,206,"alpha1",0.669859543598648,0.672291136993067,0.0750933952642664,0.528936691288036,0.621973873542942,0.672291136993067,0.721909692511686,0.805252776665894
750,206,"beta1",0.217411596801404,0.212891364768741,0.0519272919445985,0.127458113010639,0.181316030222838,0.212891364768741,0.248789652260589,0.332196146188228
750,207,"alpha0",0.116348261331235,0.114439450556727,0.0268248659529737,0.0780135935966224,0.101571785129163,0.114439450556727,0.127468125726718,0.155518467420684
750,207,"alpha1",0.658202281223421,0.662484365124792,0.0759668977623784,0.509158930263696,0.607269920286084,0.662484365124792,0.709918487946063,0.795994817723508
750,207,"beta1",0.226460904987135,0.223260071007282,0.0554677094723197,0.124630283226611,0.187259200393472,0.223260071007282,0.26352736822554,0.339429388454579
750,208,"alpha0",0.0917808184362192,0.089705507448818,0.0246627457992616,0.0650271036006456,0.0807927571298225,0.089705507448818,0.0993446775841723,0.120978884922524
750,208,"alpha1",0.619880545060824,0.622612953864206,0.0808411412467439,0.468346397054035,0.572093316497046,0.622612953864206,0.671578359842789,0.769161378270552
750,208,"beta1",0.173769172618654,0.168744930950339,0.0596768858604859,0.0698792023369295,0.129766356192708,0.168744930950339,0.214816626247231,0.299075789213473
750,209,"alpha0",0.0845583065527144,0.0822018779635603,0.0247143292183702,0.0575917160394314,0.0734563709720674,0.0822018779635603,0.0918905397613176,0.11384705547862
750,209,"alpha1",0.61969937978297,0.622980484303278,0.0753228985512726,0.466802506117377,0.574696456183771,0.622980484303278,0.669261899727271,0.761993239616533
750,209,"beta1",0.279041828301949,0.276850583858945,0.0530493060624562,0.180731385422689,0.242013774969894,0.276850583858945,0.314841393270737,0.387103618630534
750,210,"alpha0",0.101427576448503,0.100986820209802,0.0230064301440551,0.0661237257463872,0.089207312937575,0.100986820209802,0.112629077824185,0.134356871595879
750,210,"alpha1",0.640170978674625,0.638356274752135,0.0780012136408064,0.486658913508843,0.589298105694776,0.638356274752135,0.690246260069006,0.802233141801895
750,210,"beta1",0.202114062045392,0.196136717664525,0.0640231955380393,0.0963216159233245,0.155832553399265,0.196136717664525,0.243637812492142,0.341380740029803
750,211,"alpha0",0.0903088533447246,0.0885078357787825,0.0294348721538235,0.0613981008436589,0.0786719677950719,0.0885078357787825,0.0973339073085134,0.116407304332455
750,211,"alpha1",0.68240518937577,0.684335714027001,0.0742864090077854,0.536067272747148,0.638076960090234,0.684335714027001,0.732355835632441,0.809168416091117
750,211,"beta1",0.225597212170473,0.222906644515218,0.051393588078798,0.134511637336515,0.192063019496784,0.222906644515218,0.25573891016785,0.335187182690829
750,212,"alpha0",0.111019885708884,0.110287484065936,0.0206219787867291,0.0816445882718038,0.101081136573484,0.110287484065936,0.119226028355123,0.139314528628015
750,212,"alpha1",0.740564971493836,0.748297352607719,0.0749046357541857,0.590562492696187,0.695845439679227,0.748297352607719,0.791410147327755,0.867288938683408
750,212,"beta1",0.155749104612528,0.151671911358089,0.0423391218824898,0.0818559338186035,0.126709091562364,0.151671911358089,0.18121725620894,0.248163186281412
750,213,"alpha0",0.12521944810762,0.124586540090536,0.0245537666778805,0.0875995366709506,0.110797311836551,0.124586540090536,0.137085215772807,0.164014858760012
750,213,"alpha1",0.63747363230094,0.63513781093001,0.0760017943767458,0.496180096759079,0.586596582546119,0.63513781093001,0.69317212219242,0.779376662455201
750,213,"beta1",0.215976546337303,0.211831486447727,0.0574691177210151,0.111354509831961,0.176346748562309,0.211831486447727,0.253422709653542,0.331895646369511
750,214,"alpha0",0.119633207372223,0.117317812803126,0.0282611793609097,0.0872165811007497,0.106429259159633,0.117317812803126,0.129677855520859,0.150419199597044
750,214,"alpha1",0.66074028688408,0.660908126774097,0.0785905031766167,0.506445160145813,0.611670322479305,0.660908126774097,0.712147006436367,0.811720544952659
750,214,"beta1",0.195410235073617,0.191016636201048,0.051007913279479,0.107153766075251,0.159478637651543,0.191016636201048,0.226790856333079,0.306066573314459
750,215,"alpha0",0.100808702864681,0.0998254785982123,0.0242346227207303,0.069026202458194,0.088704747227563,0.0998254785982123,0.110789691684618,0.131213693066289
750,215,"alpha1",0.615116653285134,0.615599293046577,0.0725945953648701,0.475123983624251,0.564972927165241,0.615599293046577,0.6639410730138,0.756061581516474
750,215,"beta1",0.25139157753394,0.24799081520626,0.0543698727300707,0.155027064456788,0.213763585783881,0.24799081520626,0.285839237847925,0.366746381913356
750,216,"alpha0",0.101440104224016,0.100017152307505,0.0248665691273025,0.0673519206168486,0.0882019296314301,0.100017152307505,0.112858163631032,0.134619910281977
750,216,"alpha1",0.525599137432929,0.523302549424525,0.070623994895327,0.400566218002067,0.474764313268202,0.523302549424525,0.571688325637188,0.673663386962584
750,216,"beta1",0.261121257765972,0.255640505689741,0.0675323676267641,0.143840907494133,0.211338230093667,0.255640505689741,0.305292398575435,0.402977614048769
750,217,"alpha0",0.0923528660535221,0.0900701566446033,0.026960492554953,0.0602668441212942,0.0790847781002663,0.0900701566446033,0.102221504460049,0.124967890365861
750,217,"alpha1",0.629000149489349,0.634039949909146,0.071135381913821,0.492781103774765,0.587499008152267,0.634039949909146,0.675362252516124,0.747937845455915
750,217,"beta1",0.271341286297802,0.27012309670627,0.0540002373735855,0.166882046898037,0.233602580364353,0.27012309670627,0.308131648665216,0.379314379089666
750,218,"alpha0",0.0759515968757424,0.0740419049983493,0.0262278330744314,0.0479792952802581,0.0646339668534863,0.0740419049983493,0.083293060994521,0.103602054913955
750,218,"alpha1",0.563110318630248,0.566748879343397,0.0779836219339324,0.408192923579863,0.510603690225177,0.566748879343397,0.619879165474945,0.700895979661984
750,218,"beta1",0.306588241134815,0.303280303465896,0.0620403652721533,0.190693452412974,0.264446620009013,0.303280303465896,0.34658088971216,0.435070755122076
750,219,"alpha0",0.101487697185414,0.0999382273765037,0.0241402272248445,0.0726053994397586,0.0904757427934574,0.0999382273765037,0.10972568286203,0.130049926934537
750,219,"alpha1",0.645932930293408,0.644483030666359,0.073691431004395,0.506745319216706,0.596277120803172,0.644483030666359,0.699234432661372,0.782843469498487
750,219,"beta1",0.233989297423,0.232070906624327,0.0493377953204981,0.145890350719452,0.198685949226114,0.232070906624327,0.266818453258047,0.338515200628439
750,220,"alpha0",0.0854574829795764,0.0837913592977768,0.0235777451346453,0.0628380128736927,0.0761377045169096,0.0837913592977768,0.0913813976478565,0.108968265765892
750,220,"alpha1",0.703975876050619,0.709573214424827,0.0621664826817818,0.574371036797835,0.668166594658973,0.709573214424827,0.74625471833052,0.803229922457144
750,220,"beta1",0.227413841057017,0.225435376115941,0.03939922501265,0.154063587557489,0.200014956577685,0.225435376115941,0.253246877597184,0.309930634728842
750,221,"alpha0",0.103235157706303,0.102204447474278,0.028344053280621,0.0687980974525531,0.0895541965911373,0.102204447474278,0.113674328783848,0.134433097849552
750,221,"alpha1",0.735951226230144,0.742652352203484,0.0740405474413413,0.587188440193342,0.694814771272078,0.742652352203484,0.785501251233422,0.852399202392397
750,221,"beta1",0.198457186463384,0.192915100853303,0.0514111767431997,0.114237569849208,0.161729024190728,0.192915100853303,0.22884899375459,0.315637657067012
750,222,"alpha0",0.14596372560034,0.145901911327895,0.0210306233746317,0.112055114746523,0.134546398504912,0.145901911327895,0.156133091613337,0.17713310326806
750,222,"alpha1",0.780790457696384,0.783083941368233,0.0867002040499163,0.619548487956072,0.725876438666642,0.783083941368233,0.841274605913532,0.930693123097013
750,222,"beta1",0.059511525341165,0.0533959600743247,0.034306008873426,0.010977777564908,0.0348624524241315,0.0533959600743247,0.0768410257784489,0.143697524732353
750,223,"alpha0",0.0984934583248068,0.0976953439244576,0.021321267903505,0.069703685362143,0.0885653042113692,0.0976953439244576,0.10687351454371,0.123414721539679
750,223,"alpha1",0.748802514924923,0.753819700192253,0.0848956736698174,0.593092728130611,0.703982655491235,0.753819700192253,0.803193922069414,0.88353467738186
750,223,"beta1",0.149404944842904,0.144662498739051,0.0493384874479949,0.066930397958879,0.115383332531618,0.144662498739051,0.179270108232795,0.258067520856978
750,224,"alpha0",0.107910972695342,0.106168678047065,0.0281177831473214,0.0722315206191872,0.0943115277569225,0.106168678047065,0.117594235162134,0.14597156816499
750,224,"alpha1",0.60236895478208,0.603814151026951,0.0891759718806023,0.427812030801775,0.543395097885783,0.603814151026951,0.664094192223525,0.767416249047331
750,224,"beta1",0.226270646044813,0.221600943344392,0.0617346250853053,0.11784639633737,0.186357468438983,0.221600943344392,0.262498454503785,0.358498258521137
750,225,"alpha0",0.101192575193285,0.099784655821358,0.0266861380826646,0.0691622780538668,0.0883510129366993,0.099784655821358,0.11050814466505,0.134311014195329
750,225,"alpha1",0.590260331547956,0.589383759844352,0.0788192643058126,0.434340752784877,0.537739791084974,0.589383759844352,0.64195411421282,0.746977415324888
750,225,"beta1",0.238861092845008,0.237262829181809,0.0591377175623401,0.118358350119505,0.200068580069109,0.237262829181809,0.276683634960532,0.359948857275904
750,226,"alpha0",0.11486684239712,0.113576917853667,0.0230437878877577,0.0877659151387819,0.104812760563851,0.113576917853667,0.12270195321435,0.139944906161328
750,226,"alpha1",0.784915842738407,0.789131751797191,0.0689438504785444,0.658683150469602,0.745400204720889,0.789131751797191,0.832362073232742,0.893703275454989
750,226,"beta1",0.123617697305629,0.118636330455866,0.0373113919605587,0.0640079738383309,0.0965612899379728,0.118636330455866,0.145006800929332,0.207473335775146
750,227,"alpha0",0.115514780083304,0.114797000295492,0.024500802774384,0.0776625086355424,0.101465774082935,0.114797000295492,0.127629590399009,0.152213045558877
750,227,"alpha1",0.567733442643829,0.561897351039638,0.0820660920203357,0.422751803670074,0.514389228540368,0.561897351039638,0.614044881534129,0.769048405260642
750,227,"beta1",0.202913248659492,0.197560353537021,0.0702611716401294,0.0770744109017353,0.153156020926955,0.197560353537021,0.251002166081808,0.348883407665015
750,228,"alpha0",0.104997004197123,0.104396211523104,0.0213586788667432,0.0725108948505862,0.0935105722890429,0.104396211523104,0.115156767089652,0.135403130921363
750,228,"alpha1",0.617193649133728,0.619068952684726,0.0777330246245633,0.462443591693605,0.567045718738449,0.619068952684726,0.670216777407581,0.762504544989329
750,228,"beta1",0.242929994850323,0.237570207303279,0.0556987547924441,0.149951610593095,0.20190313092846,0.237570207303279,0.280441839967546,0.362269266791492
750,229,"alpha0",0.0932312413864142,0.0909480890800227,0.0278856930527037,0.0643217472655306,0.0811778337435688,0.0909480890800227,0.101305538483887,0.122839693903224
750,229,"alpha1",0.699523591251005,0.704382688643281,0.0737772883754949,0.546255886286067,0.6545455505105,0.704382688643281,0.752832174603572,0.824972753206143
750,229,"beta1",0.190321214944499,0.186795637816991,0.0518273382741767,0.0959718129847815,0.154327233507115,0.186795637816991,0.225412887628654,0.296844065860069
750,230,"alpha0",0.0909628370816462,0.0892352386041733,0.0252128607238812,0.0623736386244372,0.0791738930675243,0.0892352386041733,0.0995835791720869,0.118696555070636
750,230,"alpha1",0.640002874941543,0.641399426158336,0.0736905913725174,0.490148825579149,0.593405653951752,0.641399426158336,0.692933973902827,0.772970704728796
750,230,"beta1",0.252604215905849,0.247528683833998,0.0574656078891334,0.150007729362419,0.215960963793212,0.247528683833998,0.285118447678034,0.377649320153638
750,231,"alpha0",0.0940081407712199,0.093274588000848,0.0204923477742331,0.0674126573140343,0.0836767040363195,0.093274588000848,0.101777085852703,0.118904311610686
750,231,"alpha1",0.682371241750536,0.685967365146112,0.0741686633647495,0.539246391752861,0.638467897701397,0.685967365146112,0.731010580650135,0.815980399124163
750,231,"beta1",0.221038640051692,0.219609504830943,0.0467111842489948,0.136582346354428,0.186190621818546,0.219609504830943,0.253193482493069,0.315894396298031
750,232,"alpha0",0.089180111169256,0.0878971229881148,0.0210216271195214,0.0634638122436709,0.0787003244394291,0.0878971229881148,0.0975134973171628,0.116473698872549
750,232,"alpha1",0.672343005614853,0.672970624498112,0.0694907993546226,0.540101768625603,0.626384885186047,0.672970624498112,0.719307936294037,0.806774094393918
750,232,"beta1",0.233065137971155,0.229395492837359,0.0516837570527896,0.138983098502004,0.196197705392939,0.229395492837359,0.269020640623161,0.339094987921218
750,233,"alpha0",0.106629693296697,0.105598417035468,0.0229236809262872,0.0746691788855189,0.095797361192245,0.105598417035468,0.11553160034944,0.135996430461812
750,233,"alpha1",0.713659025057986,0.720431136736211,0.0710937037298922,0.569622589823974,0.67778984499575,0.720431136736211,0.760032939672639,0.82221077777725
750,233,"beta1",0.179075756598813,0.17575590341425,0.0448421953161811,0.101842374634523,0.147222778417123,0.17575590341425,0.206339154342778,0.277428483243154
750,234,"alpha0",0.102252046390237,0.10067669339435,0.0263402938895785,0.069271564221969,0.0884813241058047,0.10067669339435,0.112408824677783,0.137695696005685
750,234,"alpha1",0.663234571960459,0.667022552668056,0.0789902698662773,0.501599657603558,0.613485461632867,0.667022552668056,0.716231875675886,0.81148346176322
750,234,"beta1",0.23051401799189,0.229334473442428,0.0564151408500106,0.12301678187891,0.190859873329534,0.229334473442428,0.268401889014078,0.345193014479664
750,235,"alpha0",0.100020204796907,0.0986654075378327,0.0251275365220484,0.0722862325298503,0.0892273566424852,0.0986654075378327,0.107863000150162,0.12658426745407
750,235,"alpha1",0.669481187782199,0.672149922916284,0.0763044167005748,0.522198948360699,0.622645431557271,0.672149922916284,0.720343993915939,0.803004934180659
750,235,"beta1",0.192120526481226,0.18854497390662,0.0486660465918765,0.108997798929421,0.157369389868426,0.18854497390662,0.222827853750928,0.298749495810054
750,236,"alpha0",0.0971682135339086,0.0948370463019122,0.0229783600472122,0.0692236488542269,0.0848857299613828,0.0948370463019122,0.106096314466208,0.130837082822734
750,236,"alpha1",0.663057198310587,0.669246445896319,0.0745579395048584,0.502344364318935,0.6199961765856,0.669246445896319,0.71530548732308,0.787276677838861
750,236,"beta1",0.249260622789217,0.248432525682446,0.0492402279263053,0.1598083894317,0.213279517507445,0.248432525682446,0.282664111796333,0.351230560593437
750,237,"alpha0",0.0938300148052112,0.0935424801832016,0.0233143065579129,0.0650316710872013,0.0825884499766467,0.0935424801832016,0.102806038228101,0.120814728608028
750,237,"alpha1",0.655029412624801,0.657619293363843,0.0704887939772758,0.509976003296985,0.611306240258262,0.657619293363843,0.703351755121598,0.779435929037908
750,237,"beta1",0.246015479658238,0.240680686259916,0.0523602706508431,0.155240405293342,0.21019063229535,0.240680686259916,0.278765684691948,0.361706741502468
750,238,"alpha0",0.125436631439895,0.124612271675525,0.0271325958504325,0.0847492691664746,0.111240570984009,0.124612271675525,0.137707316065913,0.164680999322404
750,238,"alpha1",0.506839787176022,0.506495532745537,0.0711705799272091,0.376255377923099,0.459682128206734,0.506495532745537,0.551899827716908,0.649991391226012
750,238,"beta1",0.204071444980061,0.19565328704167,0.0639307879368714,0.100681892127871,0.158613789460965,0.19565328704167,0.240014146855526,0.356424917271228
750,239,"alpha0",0.0841062425745765,0.0834331512533378,0.0250064244266531,0.056987951791748,0.073227543185101,0.0834331512533378,0.0919104680277363,0.107215823398227
750,239,"alpha1",0.631517480521292,0.633868608333875,0.0678465569827104,0.503919095342374,0.58930812440647,0.633868608333875,0.675580397121631,0.760743028306325
750,239,"beta1",0.274663104792165,0.272384425438313,0.0527088581379177,0.178350983927592,0.238479701197857,0.272384425438313,0.310290047571193,0.382106716352508
750,240,"alpha0",0.118467044168173,0.117486230430647,0.0218101450067205,0.0846733099956372,0.10573457158839,0.117486230430647,0.129527293423883,0.152457717531384
750,240,"alpha1",0.585016746939447,0.582997918958027,0.0773499274268784,0.445764939935689,0.53208517610443,0.582997918958027,0.635827608256398,0.739565770716765
750,240,"beta1",0.228857457695773,0.225644863012106,0.0560945759419557,0.128600121356547,0.190150245245129,0.225644863012106,0.264070065817598,0.348109141471882
750,241,"alpha0",0.108960513219058,0.107423271715904,0.0241324653058616,0.0798397996708141,0.0969678724080964,0.107423271715904,0.118375518837983,0.137495546205666
750,241,"alpha1",0.708442969582865,0.714921953587815,0.0784812922320446,0.549558110580455,0.660169381638235,0.714921953587815,0.760839200736066,0.84694476709511
750,241,"beta1",0.189373130920756,0.18503948296428,0.050550385182013,0.103002316508456,0.152645142835412,0.18503948296428,0.223110262497295,0.297919546062235
750,242,"alpha0",0.106913495415379,0.106574703798474,0.0243263716869641,0.0738182000972585,0.0950291522143268,0.106574703798474,0.116949871390784,0.134253381649662
750,242,"alpha1",0.72011078557306,0.72366395735204,0.0713503005286057,0.580656549578148,0.675675084781607,0.72366395735204,0.768926806293656,0.846340137039928
750,242,"beta1",0.201121946990824,0.197056319358778,0.0468971042646934,0.120049187610586,0.168297211148981,0.197056319358778,0.229355067059166,0.305247494266242
750,243,"alpha0",0.0961232240299158,0.0952190282395254,0.0211597416683412,0.0696383287598493,0.0860868626689661,0.0952190282395254,0.103431609911081,0.122579100582971
750,243,"alpha1",0.663325636719793,0.659719863823447,0.0754840822201113,0.527563708244663,0.611771609849403,0.659719863823447,0.716203894883603,0.807481740245281
750,243,"beta1",0.202909173307595,0.199575235834127,0.0474213475869778,0.121858230338248,0.167455094627218,0.199575235834127,0.233607912869131,0.303106148617831
750,244,"alpha0",0.102485359182362,0.100639599275705,0.0244180398330274,0.0737447039840932,0.0903002176248176,0.100639599275705,0.110687897352463,0.137108776912486
750,244,"alpha1",0.660272720282314,0.664327502400397,0.0812250033843981,0.511206916985865,0.610331767010081,0.664327502400397,0.714801307390083,0.801478977212308
750,244,"beta1",0.187429947330718,0.183782504809652,0.051837429841916,0.0946377037097281,0.152415958018949,0.183782504809652,0.220478380130586,0.299082141654804
750,245,"alpha0",0.116082003643046,0.115287360553704,0.0222136431947315,0.0867092663135007,0.105453534535438,0.115287360553704,0.124828111168574,0.142263256755366
750,245,"alpha1",0.636959286237763,0.639893190477375,0.0715799529117045,0.495041641551591,0.58901019587152,0.639893190477375,0.685661301562399,0.771510626005878
750,245,"beta1",0.136951359208948,0.132502768396773,0.0445091823126207,0.0621049365934517,0.105469378260777,0.132502768396773,0.164799889590897,0.236379459290667
750,246,"alpha0",0.090064756477725,0.0884010070667123,0.0274386021194024,0.0626971897886354,0.0794234180429858,0.0884010070667123,0.0969808282815263,0.114664031541791
750,246,"alpha1",0.667727428993417,0.665293127463473,0.0745768135440908,0.52412674817489,0.620302121641598,0.665293127463473,0.716386370676096,0.812862786694136
750,246,"beta1",0.224778470534003,0.22502315013574,0.0549070352075322,0.116079261909605,0.188095739025865,0.22502315013574,0.262850775698623,0.328158101902966
750,247,"alpha0",0.105444852439183,0.1039499417581,0.0232297010117329,0.0752920008353315,0.0934352641458822,0.1039499417581,0.114310249756807,0.137409008810361
750,247,"alpha1",0.651846462871083,0.654528838845559,0.079919796933399,0.496395431164596,0.599607867107796,0.654528838845559,0.708079385144947,0.794730598498292
750,247,"beta1",0.217624709127803,0.213962629712617,0.0548356521105115,0.116565076360231,0.181017563506968,0.213962629712617,0.250199055490443,0.339576612636067
750,248,"alpha0",0.0887022552829111,0.0865880054161324,0.0261549006971904,0.058254975694125,0.07660331144387,0.0865880054161324,0.0971355828526664,0.120949942844438
750,248,"alpha1",0.697079777264348,0.697728860664385,0.0758114894200636,0.552227402489911,0.649474314913252,0.697728860664385,0.749611030353901,0.834287886327318
750,248,"beta1",0.209076555717692,0.20793410191261,0.0585450933901617,0.101766386438472,0.167012500984872,0.20793410191261,0.249325444095331,0.329558963256257
750,249,"alpha0",0.107365722569991,0.106582056394605,0.0245405452757577,0.0748155688146849,0.0957373020157084,0.106582056394605,0.11699145494634,0.135430990320629
750,249,"alpha1",0.556091313454732,0.551258614460653,0.0686438388663881,0.435859531628945,0.508274175692666,0.551258614460653,0.598504962616139,0.706843303156988
750,249,"beta1",0.222005753201301,0.218308028844473,0.0537078741044535,0.128705370454558,0.183780076723798,0.218308028844473,0.255412019428304,0.341918347347263
750,250,"alpha0",0.108677936934936,0.10684557759835,0.024805275972547,0.0762312845145896,0.0963771786825215,0.10684557759835,0.118330420234017,0.143232679701489
750,250,"alpha1",0.645976636387195,0.646599044210625,0.0780445214429473,0.492015997230936,0.595202964690081,0.646599044210625,0.697257409462184,0.797116886398778
750,250,"beta1",0.220963728880988,0.218173402390152,0.0554245151573547,0.120480402743906,0.180485576269081,0.218173402390152,0.256872235850568,0.336191719883503
750,251,"alpha0",0.0988936054528993,0.0974318822004272,0.0216596317716372,0.0749737505156624,0.0894510484512523,0.0974318822004272,0.105983703290151,0.122583269672487
750,251,"alpha1",0.7812165110477,0.78931324996079,0.0720593125161585,0.644609648674308,0.745175216856445,0.78931324996079,0.827950590638372,0.885172283241229
750,251,"beta1",0.141644811634329,0.138481465580892,0.037177016532073,0.0781466043792465,0.115433263869452,0.138481465580892,0.163811096888052,0.223218746232589
750,252,"alpha0",0.0897545573681343,0.087510266974405,0.0235257235081899,0.0629360841725807,0.0790388856541916,0.087510266974405,0.0974568009116082,0.117682343547128
750,252,"alpha1",0.719900421041102,0.726513389746318,0.0693222084699759,0.57964239388715,0.67851605986501,0.726513389746318,0.766682364145118,0.835112851392845
750,252,"beta1",0.202468973802343,0.201258449130678,0.0455634185658687,0.117527242269695,0.170969740986704,0.201258449130678,0.232783526424942,0.295503162184344
750,253,"alpha0",0.0913379330142794,0.0903764312912117,0.0240929705358578,0.0563860531702822,0.0799055423092922,0.0903764312912117,0.100942832262413,0.123287842257852
750,253,"alpha1",0.6381418321664,0.63951046322896,0.0766848343358714,0.479692138101559,0.589391304629258,0.63951046322896,0.689677720180424,0.781113454292658
750,253,"beta1",0.245054294203566,0.239378087693711,0.0597441349896514,0.143722197863868,0.202474803028914,0.239378087693711,0.281580510898629,0.377090854262959
750,254,"alpha0",0.0834628886216201,0.0821732893960616,0.0211603448004334,0.0543003184377637,0.0732075557373288,0.0821732893960616,0.0916336372168268,0.112574949617092
750,254,"alpha1",0.595127548964714,0.597325785100158,0.068701992501401,0.465741143253737,0.549237468869917,0.597325785100158,0.64465288876613,0.719116617424444
750,254,"beta1",0.312034511164653,0.307502913213385,0.0549502317627382,0.21114360203397,0.274386898493619,0.307502913213385,0.346840599314707,0.42913785271012
750,255,"alpha0",0.10217253478827,0.10084447587727,0.0228144686503094,0.0699807444488759,0.0903670839579254,0.10084447587727,0.11199730995055,0.134069309509936
750,255,"alpha1",0.708195675595402,0.714721977268134,0.0776060788134139,0.546094618252276,0.662867424997414,0.714721977268134,0.759861353255825,0.845006392589176
750,255,"beta1",0.186843348205952,0.18451455205428,0.0510738284830544,0.0958611450589506,0.150502692647616,0.18451455205428,0.221208996417818,0.293968169363055
750,256,"alpha0",0.100378286659538,0.0971372977093801,0.0274360541087931,0.0702384361038945,0.0869315173810993,0.0971372977093801,0.108653108149956,0.137734790316924
750,256,"alpha1",0.649774358825174,0.654156839648474,0.0761235919292019,0.492581596210117,0.605421614522951,0.654156839648474,0.700897984748544,0.781737479303635
750,256,"beta1",0.252214396810387,0.251051687259368,0.0526292349614182,0.149953810426284,0.219670012066014,0.251051687259368,0.28573187538877,0.352515061825261
750,257,"alpha0",0.0984748902847564,0.097766571705421,0.0189105955429938,0.0711015258113576,0.088847168066718,0.097766571705421,0.106599026110481,0.123669431611842
750,257,"alpha1",0.630179300631021,0.629228589238977,0.0789064326440143,0.482302380246852,0.576753763843254,0.629228589238977,0.684022614431498,0.778446715336174
750,257,"beta1",0.216068527207434,0.212841996381418,0.0555428077149002,0.118272137411596,0.175992139800342,0.212841996381418,0.251365351662015,0.335842569644412
750,258,"alpha0",0.133674936833452,0.133569929068709,0.0215711234285697,0.0970291690538348,0.12129712562961,0.133569929068709,0.1450181214185,0.167798471874518
750,258,"alpha1",0.678586496837545,0.683298560869172,0.078463422712427,0.519350480112407,0.631051080092617,0.683298560869172,0.729527066357534,0.821239216102335
750,258,"beta1",0.121033429034158,0.117037082045519,0.0480899163576192,0.041167456676369,0.0859500506647852,0.117037082045519,0.150829160950584,0.230199185313874
750,259,"alpha0",0.083516944367016,0.0820354588011631,0.0245160280601491,0.0576779301301158,0.0736866278027135,0.0820354588011631,0.0903193614622623,0.109368089185508
750,259,"alpha1",0.617216099577808,0.616750262795868,0.0736831362708746,0.474775961153386,0.566640178704549,0.616750262795868,0.666483439424572,0.763704779884127
750,259,"beta1",0.262436945829728,0.261160385407078,0.0498008777513049,0.170404319049142,0.228853943113102,0.261160385407078,0.296615254018112,0.363447299373788
750,260,"alpha0",0.120719505143487,0.119194975475632,0.0254502849207912,0.082844639634188,0.107451757088027,0.119194975475632,0.131389416414638,0.15864146798451
750,260,"alpha1",0.530102433492488,0.526280129888601,0.0803896482134922,0.379567893004738,0.4789610214323,0.526280129888601,0.579538991518438,0.703222250673957
750,260,"beta1",0.172234457346907,0.16632053533204,0.0699639943799117,0.0481889189704609,0.123812595878371,0.16632053533204,0.214478064177194,0.325613903037285
750,261,"alpha0",0.161900675974529,0.162214683361206,0.0242208255017599,0.119370593433564,0.146557622723117,0.162214683361206,0.176213382078806,0.202363961174482
750,261,"alpha1",0.631820383143797,0.625981320833436,0.0879760402351999,0.481901814168364,0.572215730845752,0.625981320833436,0.687386681079189,0.818061585330245
750,261,"beta1",0.115837744107473,0.111214601814354,0.0526566070482519,0.0246718795789289,0.0777372366696936,0.111214601814354,0.150127596595702,0.228461672434587
750,262,"alpha0",0.0852062143633309,0.0838030284806011,0.0245306942693707,0.0595758187659519,0.0753990633284906,0.0838030284806011,0.0919494790718884,0.109541620535463
750,262,"alpha1",0.627999089477073,0.632401486618044,0.0815902483608645,0.458651546266757,0.574267858135149,0.632401486618044,0.685187864176782,0.774684090300789
750,262,"beta1",0.255244505168104,0.251377329297379,0.0540724641027673,0.163471371659047,0.216114056990201,0.251377329297379,0.287800534186215,0.372767040562379
750,263,"alpha0",0.0958341863831465,0.0941965805292167,0.0206958272426075,0.0721493534321158,0.086634539565779,0.0941965805292167,0.102879194956817,0.120744349033753
750,263,"alpha1",0.675550857814408,0.678540032438299,0.0704479346693959,0.538288121303501,0.630446248763077,0.678540032438299,0.723137951697372,0.807704502112262
750,263,"beta1",0.220026776247362,0.218093666581157,0.0436514843143928,0.139719862125707,0.189968108435906,0.218093666581157,0.247984978468176,0.311216361380224
750,264,"alpha0",0.121955437646863,0.120503351293975,0.0249453955208021,0.0916423083089062,0.110650147397488,0.120503351293975,0.130264346033979,0.150978746319938
750,264,"alpha1",0.693067282965015,0.690787101813282,0.0899104610875991,0.530847961398551,0.635623557307425,0.690787101813282,0.750576278208051,0.863895675468186
750,264,"beta1",0.10160411393706,0.0970774278830469,0.044209380962572,0.0282619501336462,0.0691193704886379,0.0970774278830469,0.12729745543318,0.201501659372332
750,265,"alpha0",0.106465637104422,0.105805339690993,0.020957672241516,0.0774492504473201,0.0963282184332308,0.105805339690993,0.114962284640276,0.133681418907027
750,265,"alpha1",0.732155340113369,0.735095933047963,0.0659713153034752,0.604062975609618,0.691305246948123,0.735095933047963,0.775786108688049,0.853208846883217
750,265,"beta1",0.191008413609466,0.188246278540453,0.0435601061016248,0.114944730871388,0.160852823604195,0.188246278540453,0.218320900067539,0.285510475637153
750,266,"alpha0",0.0945335271024284,0.0921304030417627,0.0246927067198812,0.0617474252298739,0.0815228972944121,0.0921304030417627,0.104709168955435,0.129226859283539
750,266,"alpha1",0.580214850189717,0.583796060848061,0.0778319652363926,0.416789225427766,0.530367823907683,0.583796060848061,0.633538925763791,0.725138478494701
750,266,"beta1",0.273131091009749,0.271229210975777,0.0585528546012865,0.163559767241136,0.232454549987357,0.271229210975777,0.312624186661132,0.391916464982333
750,267,"alpha0",0.0927294168327765,0.0915729440708886,0.023002370010731,0.0622075145712964,0.0817961214087317,0.0915729440708886,0.101397195738295,0.119545855038097
750,267,"alpha1",0.690230086720291,0.69254341718671,0.0740164943346985,0.546924862596297,0.64516884990321,0.69254341718671,0.742474860441177,0.816862031595474
750,267,"beta1",0.224553249553873,0.219684864923923,0.056631108250123,0.131311645773233,0.182924584482509,0.219684864923923,0.262709828784346,0.343946451657275
750,268,"alpha0",0.110269362082203,0.108563981118739,0.0238417126101371,0.0788396659559636,0.0983693415212329,0.108563981118739,0.119073303372162,0.145580907778578
750,268,"alpha1",0.691753483738922,0.694574546259769,0.0720903254754968,0.540241999822543,0.646331176090849,0.694574546259769,0.74223188546955,0.821201397375609
750,268,"beta1",0.197176862469696,0.196059038120049,0.0529253603429595,0.0981089749921551,0.159933881676585,0.196059038120049,0.230591077782747,0.304437406943341
750,269,"alpha0",0.084234221779656,0.0819706499688539,0.0247763563292171,0.0539751276721793,0.0718489220345674,0.0819706499688539,0.0927671606225688,0.120466013466664
750,269,"alpha1",0.55999059834192,0.55837770462218,0.0682727481599206,0.430638381662621,0.514552775820848,0.55837770462218,0.60325926799486,0.705498929015475
750,269,"beta1",0.291062967731103,0.290984667381841,0.0648366979539674,0.161851463325452,0.249407457464012,0.290984667381841,0.334220606132738,0.418588449999378
750,270,"alpha0",0.122245017841254,0.121701623988242,0.0244293423548402,0.0880329364433512,0.108304311246526,0.121701623988242,0.13402064622917,0.155720597100138
750,270,"alpha1",0.679755221872353,0.68208690877476,0.071834564740458,0.530853163108466,0.635713145873796,0.68208690877476,0.730581981227447,0.807642660195688
750,270,"beta1",0.211375374487024,0.208208459235274,0.0483891142301245,0.12649517581048,0.17710816169776,0.208208459235274,0.242252333501462,0.31264471727859
750,271,"alpha0",0.122915748297527,0.12176853470509,0.0260499187634352,0.0925140234629109,0.111305651021104,0.12176853470509,0.131304096286434,0.150302994959608
750,271,"alpha1",0.764246317003761,0.771760075911657,0.0766032775089045,0.614970104027572,0.726537481418976,0.771760075911657,0.81477636694982,0.875752724111067
750,271,"beta1",0.145325602964433,0.141804583530163,0.0381379585453199,0.0785582874610528,0.11881783891114,0.141804583530163,0.168716902888566,0.229582313878366
750,272,"alpha0",0.102756351148677,0.101703308181974,0.021900161802507,0.0745554536236873,0.0928005803819823,0.101703308181974,0.110327251101524,0.130031712633077
750,272,"alpha1",0.765607035256438,0.769167319659702,0.0745141330349325,0.619900180582727,0.721984107095018,0.769167319659702,0.815306608896526,0.894440365171613
750,272,"beta1",0.146168140995337,0.143236307101962,0.0455095992190446,0.0661445694283419,0.113408040963563,0.143236307101962,0.175582197827046,0.242803364777674
750,273,"alpha0",0.097641627173047,0.0972117950471078,0.0246023200696266,0.0647777143844694,0.0860487029819622,0.0972117950471078,0.106855786445471,0.127256320229672
750,273,"alpha1",0.640679468956643,0.638286743759331,0.0705535506609455,0.510069134813069,0.593505628608457,0.638286743759331,0.689229781671105,0.778247943585284
750,273,"beta1",0.237866643891625,0.234274555900233,0.0546672442541671,0.138464436695681,0.200867552179862,0.234274555900233,0.27246057288367,0.351151285354011
750,274,"alpha0",0.104721867262535,0.102562947107325,0.0259594293409306,0.0743296915336603,0.0912837083552617,0.102562947107325,0.113827792954999,0.143825553066357
750,274,"alpha1",0.607978082864768,0.60619113757241,0.0774731392457984,0.462134022140862,0.55653055527758,0.60619113757241,0.655887275286994,0.773954894101158
750,274,"beta1",0.210075330661832,0.207844323453723,0.0602058157152474,0.0961907127696461,0.167939978931734,0.207844323453723,0.248165837487819,0.33680836996702
750,275,"alpha0",0.108964855753292,0.10835825675912,0.0212537061196677,0.0769179653980256,0.0980808335830499,0.10835825675912,0.118066666628433,0.140515847691721
750,275,"alpha1",0.671574554037182,0.676767714395633,0.0744015504695646,0.528110025719086,0.626619304961713,0.676767714395633,0.719918157620237,0.802443995918208
750,275,"beta1",0.217687890024052,0.212222571621309,0.0458330825714136,0.139159531992717,0.184704767386718,0.212222571621309,0.24659116207186,0.315919599326001
750,276,"alpha0",0.105145575288839,0.10357766944682,0.0248656664399393,0.073140397352829,0.092575066932835,0.10357766944682,0.114617597059071,0.139620224596023
750,276,"alpha1",0.70018822688491,0.702402451574117,0.0726289500841325,0.564693437338575,0.656235726952631,0.702402451574117,0.749573778841597,0.825545594579286
750,276,"beta1",0.202176074700903,0.198992257344565,0.0568660709048091,0.0967221607047061,0.161301623401918,0.198992257344565,0.239179279705325,0.316564222237748
750,277,"alpha0",0.134728538799173,0.134531398276773,0.0208619683335226,0.10067641596023,0.123369697827388,0.134531398276773,0.145014226976846,0.16699194916114
750,277,"alpha1",0.737354508380366,0.737472806268681,0.0857151051325557,0.579913462549152,0.683139767437997,0.737472806268681,0.796324731218885,0.887814907895137
750,277,"beta1",0.102481727216659,0.0972565943687319,0.0426890903064708,0.0327527854396414,0.0723701389147984,0.0972565943687319,0.127196001812669,0.197699319774023
750,278,"alpha0",0.0896195051900762,0.0882157861348558,0.0249316000588018,0.0607464434607747,0.0787703016574109,0.0882157861348558,0.0974745836873191,0.114988115001771
750,278,"alpha1",0.71367595352477,0.713048747131952,0.0678930449323128,0.594458992471541,0.671513249398903,0.713048747131952,0.7569912377433,0.842403244149797
750,278,"beta1",0.184238649231579,0.181256290968122,0.0483171820668638,0.103368348968191,0.148478641385009,0.181256290968122,0.216050796572058,0.289426628638251
750,279,"alpha0",0.112323815286154,0.111785925083136,0.0195110774900713,0.0833383966551944,0.101888048360122,0.111785925083136,0.121020347084785,0.14308372331478
750,279,"alpha1",0.610359097400535,0.605792028026936,0.0775982993307294,0.475921583819278,0.558864104183355,0.605792028026936,0.656999845530783,0.770532489851465
750,279,"beta1",0.17183064363866,0.168323644157539,0.0500910648809256,0.082516603931532,0.137121761695475,0.168323644157539,0.202522216053327,0.279654585244588
750,280,"alpha0",0.115470197549518,0.11497875355806,0.0249271744457965,0.0816127629860977,0.10170828689112,0.11497875355806,0.126527503736649,0.147336382938931
750,280,"alpha1",0.690714636223396,0.69338407984618,0.0847183237891556,0.530010153636949,0.635950809956398,0.69338407984618,0.748431106890692,0.843755099159056
750,280,"beta1",0.150653766637102,0.144205871930821,0.0575971307713754,0.0566890681709592,0.108331730394118,0.144205871930821,0.186159355065899,0.276103668421497
750,281,"alpha0",0.0857037831214542,0.08387645721414,0.0244536732551482,0.0601193937796815,0.0748975113520019,0.08387645721414,0.0923055741698948,0.112806868314294
750,281,"alpha1",0.610286259351221,0.615424270569139,0.0791958448854782,0.445889352359231,0.561122879123673,0.615424270569139,0.66463557633062,0.754203698044789
750,281,"beta1",0.285398169366059,0.28356922078442,0.0540547432016646,0.188609810685585,0.249173565201203,0.28356922078442,0.318842033888581,0.400694789478303
750,282,"alpha0",0.113135991101283,0.111695991905425,0.0234856709224367,0.0826805751634637,0.101768970467804,0.111695991905425,0.121600573108579,0.141409713893639
750,282,"alpha1",0.754094234354056,0.762350488720722,0.0842383834177759,0.591170672557933,0.709554487259978,0.762350488720722,0.809845456626188,0.884296426399798
750,282,"beta1",0.1348926016112,0.131836373417331,0.0379848059505925,0.0699605468057298,0.107301566004013,0.131836373417331,0.159193655813062,0.216911899099294
750,283,"alpha0",0.137914065240644,0.13725045608425,0.0244889038136448,0.104047098214002,0.126392155181197,0.13725045608425,0.147775605657952,0.167706901458915
750,283,"alpha1",0.823205436538008,0.829943827312915,0.0643511104664784,0.702382495412147,0.78925588597654,0.829943827312915,0.865562439170274,0.918125482254174
750,283,"beta1",0.106951010463318,0.10179363492815,0.0375423393696833,0.0494408554400999,0.0808845382190208,0.10179363492815,0.127329220364102,0.192962726299494
750,284,"alpha0",0.0966740606430026,0.0957913975180457,0.0190679864272468,0.0709202331311034,0.0865961146342988,0.0957913975180457,0.104430267376437,0.12323826126869
750,284,"alpha1",0.716008854877203,0.719436507456915,0.063611665790193,0.590805467074327,0.675006831270949,0.719436507456915,0.760788842640721,0.827971986364775
750,284,"beta1",0.201575265929644,0.200404165062804,0.0422122348335546,0.120609450182398,0.173372842197652,0.200404165062804,0.229950231857382,0.287370039516734
750,285,"alpha0",0.100978951560236,0.098331908279738,0.0275417053320642,0.0684100856667386,0.0867916348530245,0.098331908279738,0.110941510617769,0.142540615556704
750,285,"alpha1",0.558092768031969,0.560804787316743,0.0831954465867641,0.398566224376455,0.505629194589338,0.560804787316743,0.612963716113509,0.715538296898358
750,285,"beta1",0.214242192030301,0.212304725892568,0.0716375978026136,0.0854020127612435,0.162546990622405,0.212304725892568,0.262363148708863,0.362925389664468
750,286,"alpha0",0.0868433260016754,0.0856752132995894,0.0219600017790836,0.0635434847382216,0.0787788055347126,0.0856752132995894,0.0925043094184569,0.107123119824576
750,286,"alpha1",0.691581527603478,0.694897592101797,0.0607915532574415,0.569326119803562,0.654190287724609,0.694897592101797,0.735042527699743,0.793572652012937
750,286,"beta1",0.240140384156209,0.237556710974701,0.0391493345434099,0.169021786726087,0.213919530719477,0.237556710974701,0.264491617089733,0.325138930104427
750,287,"alpha0",0.134707917340976,0.134055476267558,0.0242185228963572,0.101452534155304,0.122391402361525,0.134055476267558,0.144651374015168,0.165325536019323
750,287,"alpha1",0.789869752635582,0.794576204551129,0.0831089651216775,0.630760966912833,0.74358258823573,0.794576204551129,0.846050972418514,0.925140220187734
750,287,"beta1",0.0759000609472559,0.0709153357473657,0.0343420916713486,0.0237381169701941,0.050402012943089,0.0709153357473657,0.095585718459086,0.157434901383217
750,288,"alpha0",0.0899310719319291,0.0876492923229884,0.027853896886111,0.0648373819251664,0.0792615636829619,0.0876492923229884,0.0960298905586059,0.115774067465074
750,288,"alpha1",0.661495411236965,0.663083463052953,0.0705710967410348,0.526391574437774,0.616505166622262,0.663083463052953,0.710510810081972,0.787314534685075
750,288,"beta1",0.2267267834784,0.225224570078619,0.0442217964220141,0.142942364130359,0.197096673375072,0.225224570078619,0.256194739334605,0.315111286700019
750,289,"alpha0",0.111336943770521,0.110437706449135,0.0227352073628555,0.0785586954150223,0.0993973023120027,0.110437706449135,0.121091257455243,0.141164303943885
750,289,"alpha1",0.72686312269482,0.732360946055236,0.0698342602074111,0.589296413353665,0.685135879527361,0.732360946055236,0.775574255528792,0.843594963511552
750,289,"beta1",0.19153216498042,0.187559944703322,0.0442634810187751,0.118145667978376,0.158083815196937,0.187559944703322,0.221598749318965,0.286395673308335
750,290,"alpha0",0.0996050233516372,0.0982803379697981,0.0223427169667035,0.0737547652841281,0.0894730940068416,0.0982803379697981,0.107365582204541,0.12444328076423
750,290,"alpha1",0.647379493378664,0.649920754805108,0.0672004440250069,0.513925708969302,0.606137095375802,0.649920754805108,0.692301355228326,0.768823813868415
750,290,"beta1",0.211990733285417,0.209863730295282,0.043050588621875,0.133561618863936,0.180873391346588,0.209863730295282,0.240483871508962,0.297529520320213
750,291,"alpha0",0.110733678260765,0.109239439144052,0.0253340259174178,0.0747117931539179,0.0984482390850841,0.109239439144052,0.121118332468752,0.143689137147259
750,291,"alpha1",0.570956852881536,0.571458480631952,0.0789565751813329,0.41614393420363,0.519093322401736,0.571458480631952,0.626171967599044,0.719268046870934
750,291,"beta1",0.229125516864974,0.225154498167969,0.0571692778416152,0.12585301227829,0.189870534719331,0.225154498167969,0.263739532540253,0.35497181739727
750,292,"alpha0",0.121137656112305,0.119697398845072,0.0262687781313744,0.0859550027158424,0.107725980748642,0.119697398845072,0.132201358470878,0.156288519786238
750,292,"alpha1",0.70110978813261,0.704760918845587,0.0748086171018278,0.554094679804719,0.653392125389366,0.704760918845587,0.752878877040041,0.829723872914717
750,292,"beta1",0.166452111488132,0.162744995305573,0.0490681602963903,0.07743550335935,0.13229515714907,0.162744995305573,0.19982584877908,0.266855877776199
750,293,"alpha0",0.104467568578009,0.10429312851011,0.0213176821528473,0.0719949360903589,0.0951026975498982,0.10429312851011,0.113225665277641,0.128709870521334
750,293,"alpha1",0.711702759925731,0.718289146320328,0.0790416132786585,0.562068752867322,0.663132521856047,0.718289146320328,0.767652798602289,0.841230672918549
750,293,"beta1",0.19028373474845,0.185320378280219,0.04392158784694,0.122267470414453,0.158753781839176,0.185320378280219,0.214218905196676,0.295447766084824
750,294,"alpha0",0.0966719148183042,0.0953943093929655,0.0245155828492365,0.0715479175907927,0.0860496041135474,0.0953943093929655,0.103975081095005,0.12061357264561
750,294,"alpha1",0.728509154621969,0.734773456338794,0.0729726136684362,0.581480255807743,0.686836994523856,0.734773456338794,0.778801204520868,0.844853368345903
750,294,"beta1",0.186063157227447,0.182196315140748,0.0423858356462755,0.111115969550355,0.156466334647127,0.182196315140748,0.21283042949704,0.27918289772361
750,295,"alpha0",0.102404248505653,0.100767579635901,0.0255985187512843,0.0760809352384208,0.0918832424342615,0.100767579635901,0.109343568728548,0.126770618772367
750,295,"alpha1",0.723242518389262,0.727697150806956,0.0683647041199457,0.584858905520497,0.685428350744839,0.727697150806956,0.766713917540096,0.839973194105403
750,295,"beta1",0.180748913495973,0.177560737320034,0.0397618939302891,0.112238963707718,0.152720653815047,0.177560737320034,0.205474916899921,0.267529988241995
750,296,"alpha0",0.0723669707401363,0.0706200116318419,0.0226840796365492,0.0520596595241944,0.0640990430427963,0.0706200116318419,0.076969922323781,0.0929304271791061
750,296,"alpha1",0.586688460836208,0.587454654823487,0.0657965818595375,0.463066838123584,0.542231184725141,0.587454654823487,0.632149380697801,0.712315458554985
750,296,"beta1",0.309065936111942,0.309389209716668,0.0468527098387366,0.217858680275244,0.276862272752982,0.309389209716668,0.340842166806348,0.397415114546146
750,297,"alpha0",0.13139253222966,0.130415202616593,0.0237692981115692,0.0993658888076348,0.120391548604095,0.130415202616593,0.140622643593121,0.162745028946964
750,297,"alpha1",0.79765438152945,0.804403827724694,0.0728243949364301,0.661143364220706,0.763523899973919,0.804403827724694,0.844303466201413,0.905344910089793
750,297,"beta1",0.121709206330899,0.118391652814072,0.0368737758018809,0.0598887354757458,0.0958920075037925,0.118391652814072,0.143719083647696,0.203801430939312
750,298,"alpha0",0.113702078574527,0.111806001990082,0.0262517856451076,0.0848066770089483,0.102647943479768,0.111806001990082,0.121289420523887,0.140093569228943
750,298,"alpha1",0.676565384596154,0.671740395141886,0.0817901364720675,0.5254646984315,0.62191148664061,0.671740395141886,0.728652249450007,0.849270949135033
750,298,"beta1",0.163586733303714,0.160538607172099,0.044740147654666,0.087420966004327,0.13163112516986,0.160538607172099,0.191844505497415,0.256710192467157
750,299,"alpha0",0.11073610850886,0.109883555408199,0.0256348642068967,0.0761812087741248,0.0970969289117109,0.109883555408199,0.121156896183464,0.143875144269531
750,299,"alpha1",0.656465105101435,0.661239202637017,0.0794552215040798,0.503253908457974,0.609109564673351,0.661239202637017,0.711199925607199,0.789616407606127
750,299,"beta1",0.235303251501295,0.229982291486014,0.0523744436145962,0.147822389551844,0.199071832636343,0.229982291486014,0.265714485756273,0.350409109251334
750,300,"alpha0",0.099363945465173,0.0970795541564112,0.0256935158229619,0.0685770101023418,0.0851863516514942,0.0970795541564112,0.109370479707368,0.13895421770059
750,300,"alpha1",0.604767912578237,0.608709794860114,0.0822396625697559,0.450161903516533,0.55052855538146,0.608709794860114,0.657668284966682,0.769416565921855
750,300,"beta1",0.273054860191854,0.274671156809442,0.0625231595114341,0.150173434474961,0.229631919429371,0.274671156809442,0.315910142343012,0.396690344346745
750,301,"alpha0",0.119374441158776,0.118575335897359,0.0225040990730355,0.0847423121047466,0.107753909327472,0.118575335897359,0.12892018333837,0.15262082382527
750,301,"alpha1",0.762162413215357,0.764491549001104,0.0654268634182541,0.64032266311539,0.724085589684782,0.764491549001104,0.804662442601063,0.878888230818488
750,301,"beta1",0.140263432394346,0.138562910415842,0.0379890092659951,0.0725669018048426,0.114089403923517,0.138562910415842,0.16420986356594,0.219161689003137
750,302,"alpha0",0.0998032488736754,0.0984978257669457,0.0219663065299622,0.0698952416670743,0.0889869940809325,0.0984978257669457,0.108164148075765,0.128758429330303
750,302,"alpha1",0.683997589602934,0.687439660088758,0.0697293905344307,0.540785845440272,0.639543706535101,0.687439660088758,0.732404336686898,0.807310785934645
750,302,"beta1",0.228856267153954,0.226422970980074,0.0473479131303025,0.140510884890377,0.196219254208964,0.226422970980074,0.259596715451453,0.329034365040467
750,303,"alpha0",0.0968814924061461,0.0945785778798039,0.0275483514011312,0.0662412416743582,0.0846560863027913,0.0945785778798039,0.105444234560978,0.126607978294642
750,303,"alpha1",0.640908929128239,0.641745406702885,0.0790159474918226,0.486227490916906,0.590281583570725,0.641745406702885,0.694216049998232,0.788161706468806
750,303,"beta1",0.210290640763906,0.209044377841794,0.0556256666399776,0.106077327555153,0.170338887583134,0.209044377841794,0.247973000163144,0.320300050793289
750,304,"alpha0",0.108710450005221,0.107268654110895,0.0259677208663906,0.0709358124855984,0.0942678790045366,0.107268654110895,0.120253343907461,0.147476189408952
750,304,"alpha1",0.576186156132295,0.57559645673867,0.0760973831954394,0.430308962581953,0.52444721197373,0.57559645673867,0.630586459807382,0.719868618497004
750,304,"beta1",0.233761145917194,0.231298610986403,0.0601920822793865,0.125707199258992,0.189849545664251,0.231298610986403,0.272831941891368,0.359316492183024
750,305,"alpha0",0.1005200899088,0.0995953636303119,0.0240054458515381,0.0735554844095419,0.0908930277405458,0.0995953636303119,0.107542570876039,0.125031824481597
750,305,"alpha1",0.762909483091031,0.767469613089557,0.0792997250264322,0.60783309490467,0.714327258333937,0.767469613089557,0.819233529993931,0.896839893276868
750,305,"beta1",0.139681683683753,0.135754901691082,0.0434526682480111,0.0689991813024793,0.10933674083368,0.135754901691082,0.164747323354308,0.241232187315105
750,306,"alpha0",0.0904116945228942,0.0897312991995071,0.0213200426077771,0.0639522043330825,0.0806882959180169,0.0897312991995071,0.0977036661518702,0.114641386429529
750,306,"alpha1",0.749784607915795,0.75390680204938,0.067769103853821,0.615201910971108,0.711141437779139,0.75390680204938,0.793547482559973,0.869960242591258
750,306,"beta1",0.189450921476041,0.187043815635245,0.0472457443736807,0.10341990089668,0.156963202712143,0.187043815635245,0.218048458016497,0.293722531997939
750,307,"alpha0",0.0793687409850198,0.0777391030737775,0.0247725104244531,0.0545957347854184,0.0695315497908557,0.0777391030737775,0.0862269714223493,0.102044929337011
750,307,"alpha1",0.682317119873083,0.686801914465592,0.0646118002344156,0.557559334028086,0.645117484152631,0.686801914465592,0.726290580686485,0.788989069121386
750,307,"beta1",0.25647492032753,0.254605991024221,0.0479905876887153,0.166958626629723,0.221923098902318,0.254605991024221,0.289613221474148,0.352289003962954
750,308,"alpha0",0.0831116957960303,0.0818835133872123,0.0204707312789108,0.059558183137835,0.0736781068060689,0.0818835133872123,0.089873133961591,0.106817974417778
750,308,"alpha1",0.724874336355926,0.729978169945768,0.0688515664426791,0.584606026416691,0.684804184569921,0.729978169945768,0.77167674429608,0.839000276328054
750,308,"beta1",0.204319697528583,0.2038299519121,0.0435582053449366,0.123778705163154,0.172337055954162,0.2038299519121,0.233363960856097,0.292974907224695
750,309,"alpha0",0.106322708849965,0.104622306906659,0.0287201474538995,0.0686335772645085,0.0917196702871788,0.104622306906659,0.117076303354534,0.147231572243758
750,309,"alpha1",0.645052441756502,0.644338565698618,0.0785539833322221,0.494409387897625,0.593502620478007,0.644338565698618,0.696244468684201,0.799916238775665
750,309,"beta1",0.228159212245665,0.223967710367889,0.0626216385820054,0.109153907158538,0.184525432340425,0.223967710367889,0.272491280216078,0.350713798406084
750,310,"alpha0",0.122384569409656,0.121176512100299,0.0265932516129923,0.0946536536053856,0.111498305803791,0.121176512100299,0.129795401071904,0.146354873186795
750,310,"alpha1",0.77715087292315,0.782149040273559,0.0714806429169214,0.644352414549906,0.73643828353705,0.782149040273559,0.824982518330193,0.892098462503731
750,310,"beta1",0.120444605782003,0.118008571914477,0.0335967448074582,0.0630328811951293,0.0972370204294281,0.118008571914477,0.140229509301932,0.196442299198418
750,311,"alpha0",0.141613589065141,0.140248501300552,0.0261601182703622,0.105639305273587,0.129010220212274,0.140248501300552,0.151490865357771,0.175674460981202
750,311,"alpha1",0.704822406099574,0.708918170052751,0.0707410047566862,0.572051610027324,0.659983674584489,0.708918170052751,0.754213089662082,0.829724363455308
750,311,"beta1",0.163245327154429,0.160668631334679,0.0395385753273869,0.0934827345677624,0.135319581181807,0.160668631334679,0.187470497954709,0.24925823204484
750,312,"alpha0",0.114838652162994,0.113747788786697,0.0225945111794194,0.0840246959017624,0.104508310854942,0.113747788786697,0.122888504415861,0.145679261250059
750,312,"alpha1",0.751675521288304,0.762363560894436,0.073208246545684,0.607352327741192,0.71155652490829,0.762363560894436,0.80138277372093,0.859293549511179
750,312,"beta1",0.162048135318209,0.158366490650533,0.0387669721537792,0.0996363122113094,0.134224632379505,0.158366490650533,0.185315155379399,0.250144451462814
750,313,"alpha0",0.1224704856496,0.121881190122637,0.022822265827509,0.0920894672182402,0.111259768268606,0.121881190122637,0.131410706760157,0.150850011453107
750,313,"alpha1",0.817282157670357,0.822758093567137,0.049013944203632,0.718743216884309,0.792329068167068,0.822758093567137,0.848912991863361,0.891146131247651
750,313,"beta1",0.151250853544426,0.148297634976503,0.0353134890288336,0.088008790091565,0.126723260104427,0.148297634976503,0.174239904273244,0.224986034603905
750,314,"alpha0",0.10657650166119,0.105354156902106,0.0273539685363467,0.0705135376682196,0.0929515434337327,0.105354156902106,0.116907268926025,0.141753532695574
750,314,"alpha1",0.664259318299053,0.665684398679171,0.0728393017416277,0.519777653145975,0.61687587193163,0.665684398679171,0.716465949034968,0.791483076739961
750,314,"beta1",0.244725102847764,0.241520013210274,0.0494824841862749,0.157147026034839,0.210311754186486,0.241520013210274,0.276864644534384,0.348484793868504
750,315,"alpha0",0.116757888271842,0.116153452390244,0.0216995629308647,0.0868816524953389,0.105581275688301,0.116153452390244,0.125304611484567,0.147682462161607
750,315,"alpha1",0.693674064764066,0.693722256531676,0.0738654311012278,0.555014697035405,0.646339151835471,0.693722256531676,0.744461275511186,0.829853438476054
750,315,"beta1",0.195470953000786,0.194290776957079,0.042397908489872,0.116075973477827,0.165384883195988,0.194290776957079,0.224425436649984,0.280351574588511
750,316,"alpha0",0.105911363090373,0.104309492623214,0.0257194588249859,0.0752344644425997,0.095198847351739,0.104309492623214,0.113310840071782,0.134978735294197
750,316,"alpha1",0.663894783598371,0.667266728750385,0.0852400956341662,0.508937180358238,0.60976655838812,0.667266728750385,0.723593978815842,0.81467097434186
750,316,"beta1",0.174303086899016,0.169255558642596,0.0511464852664089,0.0872098284305988,0.139368793155903,0.169255558642596,0.202756051413254,0.291840607372595
750,317,"alpha0",0.101201273454488,0.0999886331066533,0.0233695883238943,0.070939917322939,0.0898155683899528,0.0999886331066533,0.110084690716095,0.130574914656706
750,317,"alpha1",0.574367338516531,0.574651717937163,0.0756763155296659,0.438020339947514,0.526187713776576,0.574651717937163,0.622019759899307,0.7281079192091
750,317,"beta1",0.250953918303652,0.24725718576944,0.0510264356692655,0.16074654500029,0.215292602561222,0.24725718576944,0.283997523163271,0.358192448444963
750,318,"alpha0",0.114262327158301,0.113825573730044,0.0259997225763535,0.0794970362717121,0.101748760515428,0.113825573730044,0.12448933120476,0.145598210616442
750,318,"alpha1",0.727950145494667,0.731651655960037,0.0698625723844732,0.596440161053769,0.680916936742972,0.731651655960037,0.774887910326943,0.852884862497254
750,318,"beta1",0.170677363572416,0.168302961453781,0.0489179131036561,0.0801746652373275,0.138139226901667,0.168302961453781,0.201640526958537,0.274160674166564
750,319,"alpha0",0.102896433042791,0.100712890086589,0.0274749430056086,0.0709541998851283,0.0892356282889445,0.100712890086589,0.11244212907264,0.137792259471746
750,319,"alpha1",0.605216937202797,0.608571165576934,0.0757097934182178,0.450705445874694,0.55475689229639,0.608571165576934,0.657983107584936,0.744678991113195
750,319,"beta1",0.291709102282762,0.288414617161221,0.0580121869910063,0.186981236390238,0.253240408887355,0.288414617161221,0.329875033985962,0.413504346179793
750,320,"alpha0",0.107210357192988,0.106515847837997,0.020526361703522,0.0803555758009399,0.0976108534881033,0.106515847837997,0.114938412045617,0.131799993366575
750,320,"alpha1",0.789650625308707,0.795535346676991,0.0635098420265998,0.671537548482022,0.754819927858137,0.795535346676991,0.831679691307426,0.889169321619053
750,320,"beta1",0.142601431078199,0.141253908489793,0.0382439853027459,0.0752833128639782,0.11477500006351,0.141253908489793,0.167129927120075,0.223518555781854
750,321,"alpha0",0.114558678949033,0.113001707754994,0.0232577385781258,0.0828707118752712,0.101175153617245,0.113001707754994,0.125384564834031,0.14921674499127
750,321,"alpha1",0.648246702067021,0.648997045864298,0.086632154836583,0.483943543982155,0.590572218238249,0.648997045864298,0.703492178257721,0.823671732402175
750,321,"beta1",0.170866309983027,0.166842307168984,0.0521965473711468,0.0814953010809463,0.132315465040819,0.166842307168984,0.206623461420053,0.278733063689243
750,322,"alpha0",0.129706873096366,0.128115690137814,0.0276742990296053,0.0850011655717415,0.113272655631768,0.128115690137814,0.144547920761654,0.175727197979376
750,322,"alpha1",0.61039678142808,0.610473974446353,0.0814409140088896,0.45409611443555,0.554502582187985,0.610473974446353,0.666928202926694,0.771469769591756
750,322,"beta1",0.178901296431463,0.175053405589787,0.0754518204013939,0.0478391750255408,0.122717071838403,0.175053405589787,0.228003768657374,0.344693554106003
750,323,"alpha0",0.114448361739933,0.114546106253805,0.0204282406240585,0.0845183984171337,0.103859627816862,0.114546106253805,0.124090441352135,0.140631501068685
750,323,"alpha1",0.799689241033155,0.806308808243843,0.0869067082538443,0.635715570400651,0.747742995189858,0.806308808243843,0.862596643448123,0.934820980699006
750,323,"beta1",0.0815820539671887,0.075510435021282,0.0458451410591587,0.0122368860320857,0.0451808460665884,0.075510435021282,0.113455221963889,0.180184905571668
750,324,"alpha0",0.11333745812278,0.112095612576185,0.0273545679782904,0.0749293028298787,0.0982717976389317,0.112095612576185,0.126419910130868,0.149635316376472
750,324,"alpha1",0.573093757947562,0.571790574007301,0.0703886074889236,0.442274560492279,0.525237156970848,0.571790574007301,0.619488806522648,0.71661440993208
750,324,"beta1",0.185551864717967,0.178744776658241,0.0658827863512385,0.0719105792149529,0.137426037457169,0.178744776658241,0.227686902317813,0.327046533916589
750,325,"alpha0",0.09323785261833,0.0920870889125606,0.021192472228993,0.0657168042064353,0.0832384188078611,0.0920870889125606,0.101145740003058,0.120272813045839
750,325,"alpha1",0.65119349398439,0.652207534223449,0.0631625267178993,0.531837775186052,0.608769129729402,0.652207534223449,0.695795057120125,0.766381328360407
750,325,"beta1",0.247872090675898,0.245691394372438,0.0489375075953639,0.157718903167012,0.214068986401858,0.245691394372438,0.279672095988287,0.349778582485832
750,326,"alpha0",0.11474961187433,0.113304385275034,0.0260897681825608,0.0864726663564184,0.103716309472793,0.113304385275034,0.122057116719759,0.140611289335636
750,326,"alpha1",0.777215092134955,0.784987260562463,0.0819491507959783,0.614890895205203,0.731583382267231,0.784987260562463,0.834838919567452,0.900359486839023
750,326,"beta1",0.116782163138496,0.111633796977014,0.0380794158342209,0.0555742309300277,0.0887975535664783,0.111633796977014,0.140141279196137,0.203620713591188
750,327,"alpha0",0.101851122314618,0.100191425512345,0.021569344959759,0.0736605042151383,0.0900453720804794,0.100191425512345,0.111243190809584,0.131571270901665
750,327,"alpha1",0.504523559326288,0.503886622286337,0.0657227555302903,0.375819534353886,0.460253336712221,0.503886622286337,0.548814528633474,0.632028982975576
750,327,"beta1",0.264187943404341,0.261771198219422,0.0518729325432044,0.170312986576592,0.227048011028823,0.261771198219422,0.299984801791109,0.368384293299344
750,328,"alpha0",0.085825329155264,0.0842735588588708,0.0252446235399699,0.0606243834428904,0.0757675119012029,0.0842735588588708,0.0922789074864781,0.108971136449258
750,328,"alpha1",0.740642237264657,0.743691805650026,0.0687906202923025,0.602167412700471,0.699918300690111,0.743691805650026,0.786573853618092,0.858755209475084
750,328,"beta1",0.189293747355046,0.186059273749539,0.0473992365810423,0.105693579211247,0.15477673996773,0.186059273749539,0.220338922437083,0.288941356705683
750,329,"alpha0",0.106990631636391,0.104709474695387,0.0255437173769918,0.0749813788649828,0.0935942268094702,0.104709474695387,0.117091896295547,0.145118304769361
750,329,"alpha1",0.68735769527659,0.688566549299241,0.0844461711749092,0.521324073840089,0.630230410752525,0.688566549299241,0.748443915039836,0.840935108248494
750,329,"beta1",0.159999417703128,0.154866020521871,0.0564652538648267,0.0545188147007976,0.122514032558619,0.154866020521871,0.192213659593748,0.282206518045393
750,330,"alpha0",0.113489168656904,0.112323116554308,0.0230588329591373,0.0834947904748608,0.101926316297714,0.112323116554308,0.121845705023184,0.143677915507112
750,330,"alpha1",0.71561338802449,0.720458468199888,0.0740118760944862,0.568279535630497,0.665657021011089,0.720458468199888,0.768056093956888,0.847179150530055
750,330,"beta1",0.169347250837131,0.166000043843378,0.0465494604706048,0.0857728515937477,0.137007331948574,0.166000043843378,0.199524413700099,0.26892431981469
750,331,"alpha0",0.080069895760979,0.0781047187014712,0.0273977674430837,0.046835363946293,0.0691549486605423,0.0781047187014712,0.0875571473185642,0.112565083224817
750,331,"alpha1",0.622288391659797,0.627634003900545,0.0710741625063669,0.470438951516611,0.580341050281583,0.627634003900545,0.67246421369452,0.744387712820462
750,331,"beta1",0.282546829759126,0.277658281062052,0.0642013619124686,0.169409438514001,0.240672407628297,0.277658281062052,0.321113449922915,0.424818745885904
750,332,"alpha0",0.108612658441708,0.107743579722664,0.0250717018374509,0.077355088107832,0.0969196847853075,0.107743579722664,0.117725671571104,0.13643374790065
750,332,"alpha1",0.693326797998653,0.699879891962943,0.0783560424120895,0.52478059853651,0.643349151818798,0.699879891962943,0.751183128812662,0.822527236868554
750,332,"beta1",0.201574710061249,0.197084911856307,0.0487555775572025,0.121256112361167,0.165475520084716,0.197084911856307,0.233677864202469,0.308270792867096
750,333,"alpha0",0.0940957470761428,0.0919534989050657,0.0278504541677304,0.0652537307749031,0.0818324497526611,0.0919534989050657,0.101592415870104,0.123502211541987
750,333,"alpha1",0.694770784060193,0.698193690015398,0.0713875019846896,0.569282870362141,0.652739547052209,0.698193690015398,0.743099708280278,0.814747150782312
750,333,"beta1",0.222038769047359,0.21793824005097,0.0529193211759468,0.122925131430185,0.185926751200693,0.21793824005097,0.257670708968529,0.33066032722277
750,334,"alpha0",0.0888889449207397,0.0865577468019544,0.0256932045539263,0.0640163612926223,0.0781239956998124,0.0865577468019544,0.0953231257299299,0.116775712253771
750,334,"alpha1",0.662165052978713,0.666576458027128,0.0805599789655304,0.508446479557793,0.61485461373327,0.666576458027128,0.715051884559715,0.800738191870327
750,334,"beta1",0.227378275322047,0.224028387350033,0.0515451065319533,0.13212804021198,0.192741947816552,0.224028387350033,0.261399953671415,0.331145627246642
750,335,"alpha0",0.119491310724992,0.117619190251906,0.0215282969948856,0.0915248513692334,0.107913145735698,0.117619190251906,0.12859344848784,0.151821072804682
750,335,"alpha1",0.817580012642746,0.825657176832922,0.0682383783688676,0.678113760483045,0.782910939861315,0.825657176832922,0.862151068066025,0.923175579122082
750,335,"beta1",0.0991399763698338,0.0957277817758044,0.0392892287660254,0.0326204963320419,0.0704007325407592,0.0957277817758044,0.124020950814663,0.185680862286434
750,336,"alpha0",0.10902616311817,0.108135993966962,0.0200941354860453,0.0800910398908523,0.0986391985394409,0.108135993966962,0.118131615700878,0.137536042937393
750,336,"alpha1",0.696250962740535,0.700875922583186,0.0800312690525062,0.554592367272369,0.646745933672267,0.700875922583186,0.75283274615983,0.827337824745157
750,336,"beta1",0.143517614659182,0.140360463402318,0.0441385097808375,0.0665247872318895,0.112574450807467,0.140360463402318,0.172026722774435,0.23972383166304
750,337,"alpha0",0.164176620380586,0.163344020049172,0.0282217805736291,0.114935194052602,0.148233719461333,0.163344020049172,0.178456546741475,0.212298590327518
750,337,"alpha1",0.673358579185341,0.674728043653523,0.0859645444358171,0.508464609612894,0.616893849911605,0.674728043653523,0.732954723371108,0.830861216229485
750,337,"beta1",0.117320031983514,0.112166323778215,0.051974308997766,0.0348043244432664,0.0797835310454008,0.112166323778215,0.146758659341883,0.232011251692162
750,338,"alpha0",0.0895714594743089,0.0881915862999884,0.0187462615283618,0.066099646356126,0.0806418443957455,0.0881915862999884,0.096524555308922,0.115394377223386
750,338,"alpha1",0.676309632324692,0.679265741709465,0.0783311108216676,0.518873856189071,0.622976306909167,0.679265741709465,0.730769413382956,0.814597976630098
750,338,"beta1",0.225284750902867,0.22285401203655,0.0491296941583897,0.136372128895196,0.190005063663911,0.22285401203655,0.2577107308426,0.32718002096379
750,339,"alpha0",0.11766709028706,0.116696543314086,0.0253151542782806,0.086122833838808,0.106707997525193,0.116696543314086,0.126136146205217,0.145618149341085
750,339,"alpha1",0.675449188254597,0.676636519575555,0.0786755696751228,0.511958040333987,0.624637170336964,0.676636519575555,0.728921458538296,0.821654272217912
750,339,"beta1",0.17501296190813,0.171202334342994,0.0427212278511855,0.101912716912706,0.145375900975595,0.171202334342994,0.199793078930131,0.270041470388589
750,340,"alpha0",0.0970454709092866,0.0953083909657121,0.0231426062059782,0.0705785275152013,0.0855141486010332,0.0953083909657121,0.105306174939614,0.129575076396426
750,340,"alpha1",0.702242633013694,0.708609402387011,0.0723271765975433,0.550190128249699,0.660567213292675,0.708609402387011,0.753025102231949,0.821557232192219
750,340,"beta1",0.187241962474362,0.185248335180312,0.0471073768272522,0.102467910463464,0.15314181910288,0.185248335180312,0.217767406781417,0.283209754210803
750,341,"alpha0",0.104513195805946,0.102843390512202,0.0239048298430517,0.0744585031081183,0.0920894494872814,0.102843390512202,0.11392492166093,0.13519149102005
750,341,"alpha1",0.706497369494641,0.71052978579546,0.0755179049054248,0.554377787311925,0.658791438140075,0.71052978579546,0.758477447284255,0.839770936670886
750,341,"beta1",0.180869810362305,0.177381044221963,0.0462427715214109,0.0985789092758809,0.147798116357496,0.177381044221963,0.210666670380044,0.276622540803332
750,342,"alpha0",0.116128897029942,0.114991861374064,0.026838659200043,0.0790336302163025,0.101202819195954,0.114991861374064,0.127492224181915,0.154470096337603
750,342,"alpha1",0.694177709734029,0.696494199519536,0.0833583314822436,0.53494789490692,0.646718025503857,0.696494199519536,0.746586981345349,0.846581647837451
750,342,"beta1",0.174551896919077,0.171146151233993,0.0560707377285742,0.0767247715690739,0.132983788856345,0.171146151233993,0.213179461223541,0.290026662346967
750,343,"alpha0",0.103304793049729,0.102537619004389,0.0258380817172418,0.0710382467246327,0.089943450722924,0.102537619004389,0.112972181422099,0.133955032421857
750,343,"alpha1",0.600001745549965,0.596266857669678,0.0794814042834879,0.449546084634114,0.547707823863219,0.596266857669678,0.651575912486542,0.762684121768314
750,343,"beta1",0.208880498862454,0.205309693280106,0.0568161160974206,0.104405341992323,0.16924975766962,0.205309693280106,0.246167439936989,0.324961169149039
750,344,"alpha0",0.108054894136624,0.106764820537923,0.0256623507249914,0.0784792254693574,0.097503569684186,0.106764820537923,0.115532167722568,0.135738796090664
750,344,"alpha1",0.741088256381496,0.749575119087107,0.0618588016298134,0.620080381357925,0.706422858169565,0.749575119087107,0.783513946616225,0.833224992411616
750,344,"beta1",0.202045739872685,0.198385031200548,0.0393010979919511,0.13481910578757,0.174534397432001,0.198385031200548,0.226526404642804,0.288864033095871
750,345,"alpha0",0.10236196469762,0.101476590743744,0.0256720535027133,0.0724903324889719,0.0915543327878146,0.101476590743744,0.110417314920448,0.129067766481237
750,345,"alpha1",0.659216635815056,0.6631031987696,0.078540669878996,0.502876282243933,0.609472335936522,0.6631031987696,0.711295219819101,0.8040140014912
750,345,"beta1",0.179510686739214,0.173553283728655,0.0542475338299682,0.0872191983519275,0.142781185351721,0.173553283728655,0.210409883485613,0.300602726630996
750,346,"alpha0",0.125734313373659,0.124569928194352,0.0276730255146268,0.0838566013291568,0.107926637361,0.124569928194352,0.141619235352422,0.171735676799517
750,346,"alpha1",0.591841930394185,0.590413067948443,0.0784507254226784,0.431648437139165,0.541955079122562,0.590413067948443,0.643101087759016,0.745871109239594
750,346,"beta1",0.216110848623174,0.2120101708537,0.0654708508860271,0.101787554572319,0.167518065381929,0.2120101708537,0.260229205394931,0.349096821143022
750,347,"alpha0",0.098838675559422,0.0981450995746092,0.0198947903803427,0.0716192173850854,0.089456048019649,0.0981450995746092,0.106633120125462,0.122514728358197
750,347,"alpha1",0.683538494104744,0.684585305964106,0.0692770589061596,0.551345413603716,0.638322732345063,0.684585305964106,0.732534953962925,0.808169095455782
750,347,"beta1",0.214712803404817,0.211398306877568,0.0420743681926541,0.143361709344292,0.183895459053734,0.211398306877568,0.2410897476357,0.305291760663898
750,348,"alpha0",0.111307278161553,0.109143237254654,0.0277631732259009,0.0802160590573125,0.0990939739421267,0.109143237254654,0.119344194960969,0.144226009789722
750,348,"alpha1",0.724572559614671,0.730480505120923,0.0664785206232704,0.594390106516277,0.689884734762535,0.730480505120923,0.766796693189403,0.829611542091726
750,348,"beta1",0.207431239666591,0.207071413987854,0.0431110928812178,0.127453387999872,0.177694564438072,0.207071413987854,0.235239914933826,0.295803524118372
750,349,"alpha0",0.126226757378233,0.125405516120612,0.0217028156939482,0.0934533565740794,0.113852672015843,0.125405516120612,0.137260686827507,0.16046390092664
750,349,"alpha1",0.648601391185613,0.648197071613528,0.0788287151460265,0.508636227142244,0.592659441678942,0.648197071613528,0.701963466959459,0.801051401021886
750,349,"beta1",0.160183127941219,0.159050866489103,0.0487896958820561,0.0726854077903585,0.124839677663573,0.159050866489103,0.190442559217357,0.265792599540711
750,350,"alpha0",0.111247919599398,0.11060526124485,0.0222584842585073,0.0797885719918449,0.0981127215936291,0.11060526124485,0.122163856141638,0.143553467739112
750,350,"alpha1",0.688906434259627,0.687764781720337,0.0794995384459089,0.543799445862319,0.636266969888029,0.687764781720337,0.741542056625096,0.843994947210533
750,350,"beta1",0.195404253161061,0.192426734391309,0.0532623354883602,0.10317261262082,0.156409486149239,0.192426734391309,0.229012833357215,0.311452611020629
750,351,"alpha0",0.1275769268447,0.126051933832997,0.0252835021220075,0.0864200394428978,0.111835937528055,0.126051933832997,0.141342111894914,0.171882195624676
750,351,"alpha1",0.405728355019268,0.400233521821209,0.066361954808242,0.283456436495386,0.360846350160936,0.400233521821209,0.450258301605682,0.544127980456588
750,351,"beta1",0.262281711724578,0.261966126740001,0.0717815327087487,0.118910910305914,0.21586636197313,0.261966126740001,0.309901537659757,0.403843360532124
750,352,"alpha0",0.0827063807825153,0.0806678662114455,0.0248710144746309,0.0572218986306937,0.0721439793088326,0.0806678662114455,0.0894817478393903,0.10865469646866
750,352,"alpha1",0.662136526657595,0.666414745834711,0.0765127120052179,0.514071847662139,0.612812565797122,0.666414745834711,0.714852204605798,0.800927916914546
750,352,"beta1",0.221339716210218,0.21748230527655,0.0536482080176036,0.124283584299331,0.184351648730679,0.21748230527655,0.256411987807287,0.332518753431043
750,353,"alpha0",0.107038732025725,0.10603884758191,0.0231821712778898,0.0780277539921844,0.0962330836472341,0.10603884758191,0.115403979211559,0.132280708686355
750,353,"alpha1",0.740516768120561,0.745065817596637,0.0791150489777673,0.589890891298988,0.692772654298258,0.745065817596637,0.794424360885741,0.875729653063519
750,353,"beta1",0.159579267274486,0.154869244162121,0.0455822917106462,0.0848532963149288,0.127161840902182,0.154869244162121,0.186735004432358,0.265877677326682
750,354,"alpha0",0.124614220697969,0.123048818776618,0.0278779995190937,0.0810158080585568,0.10896593078206,0.123048818776618,0.13731408856645,0.169185500730447
750,354,"alpha1",0.630035767672758,0.62852562183041,0.0831804878186263,0.476850768825929,0.575423641091,0.62852562183041,0.687995178258666,0.786640925943043
750,354,"beta1",0.182480747698467,0.181292643646608,0.0638968256979071,0.0587761840886174,0.138021812376121,0.181292643646608,0.224943409874778,0.312416546518584
750,355,"alpha0",0.0949597643784776,0.0926603643064177,0.0265529261926231,0.070579400094708,0.084763119363541,0.0926603643064177,0.100519646882412,0.117946315631671
750,355,"alpha1",0.66770615804709,0.667853992814013,0.0729502340556749,0.525348911665154,0.626481005979445,0.667853992814013,0.714051768113497,0.803683891247339
750,355,"beta1",0.16655667448899,0.164955564898749,0.0440465261405492,0.0845348343481973,0.135907734263729,0.164955564898749,0.195567838579935,0.255713728535854
750,356,"alpha0",0.0846821696338791,0.0826154862390135,0.0247405460588406,0.0596243199881633,0.0744592033165557,0.0826154862390135,0.0913351071558576,0.109147390371757
750,356,"alpha1",0.710103665468691,0.716974724308912,0.0704478734652173,0.569369974994926,0.669509687727095,0.716974724308912,0.758258454583922,0.824269448650809
750,356,"beta1",0.22181890958922,0.21868797461699,0.0456132880547642,0.141992448147177,0.187823912536099,0.21868797461699,0.253204272288257,0.316823711633043
750,357,"alpha0",0.108411215969862,0.106658902859794,0.0253019727387143,0.077176404752886,0.0963551751306104,0.106658902859794,0.117498488211659,0.140085739284092
750,357,"alpha1",0.686446646512221,0.687716935348923,0.0730012113743749,0.534109108438229,0.641931187415684,0.687716935348923,0.736909239319199,0.814573747918008
750,357,"beta1",0.189119303459142,0.185992604241323,0.0461891645243398,0.107365748181699,0.157559265664907,0.185992604241323,0.215823387559071,0.294534045425247
750,358,"alpha0",0.117551935590497,0.116176687564607,0.0256724821808353,0.0799931889444047,0.10375920323394,0.116176687564607,0.128907507220759,0.154430966980115
750,358,"alpha1",0.6980855499383,0.699100322771125,0.0756039392555185,0.54689069806996,0.65344281804252,0.699100322771125,0.748763480266467,0.830502945824888
750,358,"beta1",0.207365483618776,0.203133119787096,0.0516571443586137,0.112857923284363,0.172205117343176,0.203133119787096,0.241089354469935,0.315574734952079
750,359,"alpha0",0.111457661363537,0.110370113159943,0.0206885083357553,0.0831272855267643,0.100021706015304,0.110370113159943,0.120730096823932,0.143616914546347
750,359,"alpha1",0.664627324833346,0.667981040868204,0.0834787196873455,0.510532828308153,0.607590820571914,0.667981040868204,0.724762030955641,0.814079878704339
750,359,"beta1",0.182768367982489,0.180653247958634,0.048689057273297,0.0971840029473102,0.147290773955302,0.180653247958634,0.215581229600909,0.283310710998482
750,360,"alpha0",0.0753524025530416,0.0740175681423202,0.02310021352831,0.0549246917400497,0.0663059742051245,0.0740175681423202,0.0806878556572324,0.0949700125777263
750,360,"alpha1",0.644661056552949,0.649003499227072,0.066717799109531,0.504793055841672,0.601832174528685,0.649003499227072,0.693592087440585,0.760800781506299
750,360,"beta1",0.279210786866095,0.276960094068594,0.0468313164620535,0.194525739867406,0.246916434155811,0.276960094068594,0.309768438209818,0.377311831050358
750,361,"alpha0",0.114361805946202,0.113476404311822,0.0254476509226439,0.0787433617428218,0.101507207430518,0.113476404311822,0.124705648381511,0.147527131276998
750,361,"alpha1",0.706943496578774,0.712874179208443,0.0749751888579808,0.556688272231137,0.662054706801472,0.712874179208443,0.758725712791369,0.833308099501703
750,361,"beta1",0.204468336669058,0.198884947347999,0.0504949914598115,0.120481469949475,0.168165252037874,0.198884947347999,0.235986361732207,0.317532646853442
750,362,"alpha0",0.115003114115649,0.113976822118375,0.0225870672813101,0.0874889234117278,0.105244118732957,0.113976822118375,0.12254990162212,0.140092642933868
750,362,"alpha1",0.66433762469717,0.664938197760894,0.0753508015550991,0.518739096405509,0.616337489423822,0.664938197760894,0.711111845953131,0.815400138559814
750,362,"beta1",0.160556321518054,0.155689345853414,0.037317052813916,0.101063701291958,0.134190751138933,0.155689345853414,0.182368497146304,0.24796554356424
750,363,"alpha0",0.0773640288024297,0.0755532330557304,0.0224439086051715,0.0487084874164686,0.0667006113020107,0.0755532330557304,0.0850904201838445,0.112339127428524
750,363,"alpha1",0.557731020424409,0.557979864354937,0.0711392366150404,0.421109249451985,0.509915936776068,0.557979864354937,0.60694535133341,0.697436186640185
750,363,"beta1",0.325366717374556,0.32260806515765,0.0627936647945398,0.209235737348146,0.283037121064948,0.32260806515765,0.366863898278068,0.448397183817832
750,364,"alpha0",0.104113734731803,0.10312037706423,0.0259484280142084,0.0684787221453832,0.0914676182951823,0.10312037706423,0.113533300227837,0.139965707284074
750,364,"alpha1",0.632929547079622,0.631150007514201,0.078834304639276,0.479939305093459,0.581745792404802,0.631150007514201,0.682564569683977,0.789312972215574
750,364,"beta1",0.22544512885038,0.2197371202825,0.0583334265368713,0.12605534826532,0.183531284885626,0.2197371202825,0.263340540156562,0.353028942255765
750,365,"alpha0",0.10769923916536,0.105603778105553,0.0263713917364669,0.078289050594021,0.0961455817242061,0.105603778105553,0.115634692503054,0.138088843590529
750,365,"alpha1",0.58753885024588,0.588548765461898,0.0746747726158333,0.452636798407355,0.540133448827755,0.588548765461898,0.634647489173071,0.729913834805003
750,365,"beta1",0.246091453258001,0.244802189679145,0.0451597001278622,0.161678884610351,0.214231450866001,0.244802189679145,0.276543044354263,0.336305459845099
750,366,"alpha0",0.0915500878461977,0.0897777974095295,0.0214113521201452,0.0664140614952784,0.0808684687497193,0.0897777974095295,0.0995304836282052,0.120021781346751
750,366,"alpha1",0.620295113278979,0.622295961687903,0.0663493688083586,0.489859405292298,0.578788244626917,0.622295961687903,0.665807720668998,0.741767885308244
750,366,"beta1",0.292017544717921,0.290529366268982,0.0436742675519927,0.209574007349024,0.262749522913043,0.290529366268982,0.32026108623613,0.382180237447172
750,367,"alpha0",0.107550279191692,0.105285241942051,0.0277275818818682,0.0730096879963047,0.0951003381124196,0.105285241942051,0.116575491904292,0.143538658078217
750,367,"alpha1",0.588216789756067,0.588078641063678,0.0765503652259958,0.446449640368882,0.540816689442366,0.588078641063678,0.638196188804478,0.741049326141753
750,367,"beta1",0.21282486211619,0.211208345314182,0.0639669697501152,0.096092485774358,0.169129743398516,0.211208345314182,0.252915939814486,0.350095181408952
750,368,"alpha0",0.0961312993952539,0.094634773519299,0.0210246917928657,0.0717013498089176,0.0857591617231244,0.094634773519299,0.103861479263783,0.121933961326906
750,368,"alpha1",0.770993116050928,0.776338089357776,0.066999593728374,0.644813572624869,0.733448189404371,0.776338089357776,0.814323566516407,0.878766659877209
750,368,"beta1",0.158082438301766,0.156360812699503,0.0409490556500958,0.0842714593309874,0.129879897974811,0.156360812699503,0.184950208620051,0.242311994762024
750,369,"alpha0",0.109684975182083,0.108345296307902,0.0245173571884634,0.0736946292374541,0.0959922413614877,0.108345296307902,0.120196224582114,0.150614899310887
750,369,"alpha1",0.621491581820194,0.622366157765616,0.0787759699175045,0.466351493707798,0.569459546719713,0.622366157765616,0.673713341293641,0.773214261339199
750,369,"beta1",0.170320737404216,0.171108367061801,0.0632603326144238,0.045383360784885,0.126365670601605,0.171108367061801,0.212736189441442,0.296621377242697
750,370,"alpha0",0.0894295049432886,0.0883303695481077,0.0240663393931184,0.0589999992745834,0.0780115151899876,0.0883303695481077,0.0981709757927121,0.118341918107249
750,370,"alpha1",0.740716350739073,0.748079151947099,0.0714489836329251,0.595421563304576,0.695113219541897,0.748079151947099,0.792392111046422,0.859016645269703
750,370,"beta1",0.202825871976633,0.197055387512789,0.0565525310524812,0.104511681754759,0.163018615107958,0.197055387512789,0.237986557977371,0.327377164680228
750,371,"alpha0",0.116095432029818,0.115359447746194,0.0232970509905468,0.0787865382747558,0.101660532742481,0.115359447746194,0.128886138755063,0.154748888647382
750,371,"alpha1",0.571109816205501,0.569324826252126,0.0805545446011125,0.425427990614364,0.517865663258666,0.569324826252126,0.619969241604564,0.741508437485805
750,371,"beta1",0.204937128822905,0.203493171726815,0.0657315842484904,0.0842112094176639,0.158380471442743,0.203493171726815,0.248678258522332,0.336379980116351
750,372,"alpha0",0.131411529993546,0.130396774811531,0.0230701738987963,0.0953621209160911,0.118376590023001,0.130396774811531,0.14246316523234,0.172085467174679
750,372,"alpha1",0.699081296207034,0.699967164805065,0.0776775712391116,0.552773938064478,0.645602833463762,0.699967164805065,0.751326834847329,0.851813604729555
750,372,"beta1",0.155232341301753,0.151547438438002,0.0487636637139215,0.0686919617682208,0.119836386067188,0.151547438438002,0.187504646343573,0.257155495492526
750,373,"alpha0",0.12896069787353,0.127854289445681,0.023863564922798,0.097547548907528,0.117746444947789,0.127854289445681,0.137549135254499,0.159172725792362
750,373,"alpha1",0.789123471085671,0.794698725031795,0.0647809150583904,0.665335850460199,0.754278036985147,0.794698725031795,0.830295048531719,0.896717864802967
750,373,"beta1",0.133639880201381,0.130141906301172,0.0396593138530962,0.0656309572412363,0.104083026422874,0.130141906301172,0.158994888346007,0.221444261393585
750,374,"alpha0",0.119882721512987,0.119842347634915,0.0197305529439817,0.0868292186768585,0.109342717115266,0.119842347634915,0.130060084742531,0.14898530452297
750,374,"alpha1",0.705666490205848,0.707123265817743,0.0708795546331941,0.568209774876261,0.660311237856448,0.707123265817743,0.756438299057723,0.828052417341979
750,374,"beta1",0.203601870559568,0.200924146422953,0.0436322294979986,0.126377505601392,0.172423524510642,0.200924146422953,0.23221176195376,0.2961727153045
750,375,"alpha0",0.115192992384642,0.114012483310966,0.0235482358256293,0.0827772083125904,0.101670300509013,0.114012483310966,0.126362932980098,0.150443667431097
750,375,"alpha1",0.665355043942091,0.669502069725348,0.0773861466988251,0.503635364095255,0.616613305114403,0.669502069725348,0.719743553352681,0.797754197206051
750,375,"beta1",0.222585219449556,0.217796516910409,0.0522047976587791,0.135232554270734,0.182923230270091,0.217796516910409,0.258246513460875,0.332832522002447
750,376,"alpha0",0.0999994859035846,0.0984137845360965,0.0229456932468612,0.0726993988902488,0.0884204675975492,0.0984137845360965,0.108509162849332,0.130061370264912
750,376,"alpha1",0.66755361787852,0.671796989763756,0.0627878294363858,0.546797575706503,0.628493353356303,0.671796989763756,0.711274557861005,0.773924865834802
750,376,"beta1",0.255219587255382,0.252067803139723,0.0421252470621302,0.177328312149186,0.225329867610396,0.252067803139723,0.282882499406725,0.342672578087924
750,377,"alpha0",0.110022546149401,0.109296392007513,0.0204083267760967,0.0821423167729947,0.0993606946990598,0.109296392007513,0.11919461280315,0.137653072392924
750,377,"alpha1",0.713776635530149,0.71569998681581,0.0687787900628593,0.568618824509186,0.670118426661233,0.71569998681581,0.762566214471774,0.836757764549192
750,377,"beta1",0.174970598048396,0.169194053192715,0.0412248232719439,0.107728701305079,0.145330982489142,0.169194053192715,0.20039736111661,0.268039302700052
750,378,"alpha0",0.0999919263400452,0.0977900404188571,0.0235162497152917,0.0717092435532478,0.0888938502120072,0.0977900404188571,0.1075866540407,0.132099579349556
750,378,"alpha1",0.667344174005146,0.671560080275482,0.0750282294768186,0.508209877047896,0.621035542856082,0.671560080275482,0.716791490508971,0.80877719567646
750,378,"beta1",0.199069356484995,0.196114563854743,0.0513795629289183,0.101995579333684,0.165357884623908,0.196114563854743,0.231559653598293,0.304098438091291
750,379,"alpha0",0.0883548104236024,0.0876320366982039,0.0201153444547421,0.0637076511427135,0.079939540800255,0.0876320366982039,0.0950374708745907,0.110417491741986
750,379,"alpha1",0.731654828857272,0.736302556595553,0.0782239459086905,0.583302650379872,0.685521662363582,0.736302556595553,0.785578959429276,0.861693318152942
750,379,"beta1",0.131504188717548,0.127233420251489,0.0418425043233534,0.0638656227311721,0.10182881651742,0.127233420251489,0.156667402335087,0.22580149044075
750,380,"alpha0",0.0980808112445179,0.0964270409310657,0.0215799823697694,0.0691907735204234,0.0863089082828512,0.0964270409310657,0.107178571982978,0.131108927599469
750,380,"alpha1",0.640783787377411,0.641967408560639,0.0821146295437776,0.482248212127353,0.586796452671779,0.641967408560639,0.69440481998236,0.80431708328514
750,380,"beta1",0.227300172109688,0.223126157674954,0.0589789458650994,0.119577788715594,0.18610004952143,0.223126157674954,0.267420627084726,0.34857413527221
750,381,"alpha0",0.110636427090405,0.109688617320274,0.0215741941108665,0.0831729018485354,0.100263078486327,0.109688617320274,0.118929971797739,0.137185540134507
750,381,"alpha1",0.634945501136483,0.630810323097902,0.0815833645056546,0.490277639210244,0.581176665369362,0.630810323097902,0.688172231763125,0.802738631016626
750,381,"beta1",0.175270816251438,0.17154077734129,0.047510769521829,0.0916581185988688,0.141233683759786,0.17154077734129,0.205043517947721,0.279109712185257
750,382,"alpha0",0.126237110323172,0.125507842791876,0.0216202837340769,0.0923169004950797,0.11379011341318,0.125507842791876,0.136649499190204,0.160339216996398
750,382,"alpha1",0.577634557111083,0.571955994591773,0.0738657208224226,0.445010831152359,0.526960436378306,0.571955994591773,0.62185855038755,0.739870988213791
750,382,"beta1",0.182678787390999,0.180565785228109,0.0550791263590303,0.0799108567139409,0.145608116460581,0.180565785228109,0.217522545944493,0.299954895970236
750,383,"alpha0",0.0980543893837976,0.0975662849882718,0.0187812587401061,0.0719367723410835,0.0886703248044165,0.0975662849882718,0.106393526171507,0.12121925377633
750,383,"alpha1",0.691171133380773,0.695305227119199,0.0802484710243788,0.52991332563431,0.638382074988951,0.695305227119199,0.748283654258186,0.833282242164029
750,383,"beta1",0.199344364456974,0.192942892553861,0.0502787485760717,0.116258857507594,0.163071983545299,0.192942892553861,0.231066824860659,0.311584239931082
750,384,"alpha0",0.0972024806172642,0.0960063595255314,0.0236496028389367,0.0686487041455761,0.0856463913949153,0.0960063595255314,0.105938123323924,0.125258350578603
750,384,"alpha1",0.633742258853557,0.636471050327466,0.076213353367178,0.478449674010259,0.584033621956414,0.636471050327466,0.68824047529049,0.771241137821503
750,384,"beta1",0.243351446684749,0.241155915856277,0.053713207478993,0.146363612709306,0.207126879292294,0.241155915856277,0.276849451504578,0.354219582141996
750,385,"alpha0",0.105544175583504,0.103983218560001,0.0206185799021589,0.0775216005927641,0.0942565282419351,0.103983218560001,0.114110336898724,0.137025618038661
750,385,"alpha1",0.663093442330407,0.663063981167581,0.0816778996436709,0.512436223434901,0.611049542216979,0.663063981167581,0.716174576549122,0.821324936369568
750,385,"beta1",0.161512770456641,0.159631024004883,0.0537274891186655,0.0655877006624547,0.122579501559106,0.159631024004883,0.196187587814388,0.273837935481767
750,386,"alpha0",0.101265304594554,0.100410023890686,0.0198285732761673,0.0733926899070451,0.0907741739888281,0.100410023890686,0.109807661847207,0.131089390644225
750,386,"alpha1",0.737929414061046,0.743757554362842,0.0713427380467004,0.59685422927436,0.697525397102058,0.743757554362842,0.785026842810838,0.851136336051809
750,386,"beta1",0.178101814882389,0.175970189188676,0.0459838816139288,0.0956765304133315,0.146613674097423,0.175970189188676,0.206654091853404,0.275621317948422
750,387,"alpha0",0.114098240182709,0.113111676320744,0.0194363950386092,0.0852773035662028,0.103140226439999,0.113111676320744,0.123258541948623,0.143581392502998
750,387,"alpha1",0.723361852611505,0.72983047506256,0.0819625327113434,0.557869611937929,0.671799700037728,0.72983047506256,0.782830551997961,0.857753178171194
750,387,"beta1",0.174182357655926,0.170415658899921,0.0428880897264923,0.096687670220969,0.144369374014391,0.170415658899921,0.201847152621071,0.264202967224743
750,388,"alpha0",0.11042686962435,0.10886497863091,0.0242533610426882,0.0792227451214141,0.0980251742969669,0.10886497863091,0.119671172455836,0.142302818498624
750,388,"alpha1",0.615866771998402,0.615146800655994,0.0688587051385134,0.491211870633814,0.57095313681446,0.615146800655994,0.661484028495611,0.751226992528025
750,388,"beta1",0.247074564354331,0.245235062157977,0.0520729983972123,0.151116688687441,0.213468933749061,0.245235062157977,0.279071606913029,0.358802626430936
750,389,"alpha0",0.0979319338136792,0.0947098070246911,0.0308639135679236,0.0660425776750375,0.0843246541162796,0.0947098070246911,0.106359510928339,0.12987720125073
750,389,"alpha1",0.661574446047858,0.667143993361254,0.0677976667240753,0.526680556941726,0.622063929600419,0.667143993361254,0.706822574253388,0.777101158570949
750,389,"beta1",0.255948557749974,0.254918616364552,0.0522051380224955,0.157731166364826,0.224332648207467,0.254918616364552,0.288030710949992,0.359575262080864
750,390,"alpha0",0.100850424688511,0.0991139361833705,0.0220524861845497,0.073825377279372,0.0898777263272863,0.0991139361833705,0.109043216864966,0.131053442504717
750,390,"alpha1",0.665928563056492,0.669474510617352,0.0786974232256779,0.503466565395195,0.619185245702936,0.669474510617352,0.716470945875108,0.816599827007709
750,390,"beta1",0.198717175728054,0.19628094273958,0.0473557697396792,0.113288992287445,0.164837215457301,0.19628094273958,0.230416436898935,0.294483552162764
750,391,"alpha0",0.093496896619663,0.0925630605937579,0.0216756204579019,0.0663544414291977,0.0837790495902715,0.0925630605937579,0.101154403789392,0.119043906940995
750,391,"alpha1",0.718626442439239,0.725806565914468,0.0722233156764932,0.553820723482045,0.675608892799602,0.725806565914468,0.768324774463464,0.839107087362148
750,391,"beta1",0.202407683189201,0.198727214508569,0.0495015378201752,0.115924505804611,0.167095034141265,0.198727214508569,0.233858454629829,0.307101519584413
750,392,"alpha0",0.0958680989956321,0.09387477463282,0.0266578107078463,0.0652459314256612,0.0840257198003609,0.09387477463282,0.104130981880578,0.125175123019576
750,392,"alpha1",0.677092912620743,0.68121785878255,0.0725305476415417,0.538164766976228,0.631967893290794,0.68121785878255,0.727627282479416,0.798513809246329
750,392,"beta1",0.22031595239044,0.217216763627521,0.0488172744377913,0.130165554185665,0.187929104117004,0.217216763627521,0.250941798299794,0.321028386496129
750,393,"alpha0",0.120272513363751,0.119346879551311,0.0214602002316891,0.0896721438877474,0.109815515847721,0.119346879551311,0.128878634827752,0.149557445797848
750,393,"alpha1",0.743180876456324,0.750660843013574,0.0818627086042425,0.591077510017549,0.695340454094376,0.750660843013574,0.796744294096922,0.879627333407537
750,393,"beta1",0.11511278898535,0.113103478298591,0.0428445980935613,0.0397967473197116,0.0851629738921895,0.113103478298591,0.14055689142237,0.216014166573639
750,394,"alpha0",0.0809125608415098,0.078964755631397,0.0257920169164104,0.0570681103832234,0.0713620221284674,0.078964755631397,0.0865804442055265,0.103423368952256
750,394,"alpha1",0.709118732193185,0.717908510236701,0.0690635629130163,0.562830589951399,0.670307847502944,0.717908510236701,0.757734682642339,0.814598802584648
750,394,"beta1",0.211221644439539,0.207249893627257,0.0434691676223654,0.137053771821102,0.1821138810791,0.207249893627257,0.237002771686166,0.307569836363743
750,395,"alpha0",0.124641624984216,0.125236667507641,0.0252250274295546,0.0833700186290213,0.111267994599595,0.125236667507641,0.137699174427975,0.160428672644041
750,395,"alpha1",0.637471430542855,0.634059428038696,0.0878528922390417,0.479287041267146,0.573697501594633,0.634059428038696,0.69571687557195,0.822248694889614
750,395,"beta1",0.111035515545443,0.0999527570752692,0.0654089040972115,0.0137550497509502,0.0620303770449352,0.0999527570752692,0.148883431141896,0.264380282996256
750,396,"alpha0",0.103541063187299,0.102864540082525,0.0207301857259562,0.0758804190571164,0.0939498058275919,0.102864540082525,0.11146676945794,0.128070465703695
750,396,"alpha1",0.773758827094874,0.781482401140815,0.0646408311159925,0.643606410953442,0.738576951685311,0.781482401140815,0.818429561351397,0.870007112345163
750,396,"beta1",0.155582376788787,0.152082153813829,0.0364492518197335,0.0929619926878687,0.129638458717134,0.152082153813829,0.177872756219742,0.235385273695193
750,397,"alpha0",0.114588144277458,0.113155392651934,0.0220647996863967,0.0870491706439173,0.103430930165798,0.113155392651934,0.123147493742866,0.143057601392353
750,397,"alpha1",0.767213142903427,0.772187557564149,0.0708976312842712,0.631962341984652,0.725117312614057,0.772187557564149,0.814564982555709,0.889372017520347
750,397,"beta1",0.137639656697006,0.133462083378264,0.0437658850291086,0.0635393003719318,0.106274241723027,0.133462083378264,0.164307905557655,0.239333965901849
750,398,"alpha0",0.110729687058702,0.108642985529123,0.0238198484216045,0.0817654684144356,0.0978343298991119,0.108642985529123,0.120715973233379,0.142806584230877
750,398,"alpha1",0.647037094553665,0.651538519450166,0.0750046225207817,0.494005869028517,0.598459528673841,0.651538519450166,0.70090030417875,0.779894744571401
750,398,"beta1",0.221949467614746,0.220338405109991,0.0489637393316803,0.134941982013881,0.186892489567207,0.220338405109991,0.253510878720542,0.320607673352897
750,399,"alpha0",0.115230904418221,0.114585957527463,0.0290415734393652,0.0707842972144688,0.101435033963008,0.114585957527463,0.127208123382897,0.151515649379775
750,399,"alpha1",0.63880045294556,0.640657994230446,0.0746699183761117,0.499222686270849,0.590294899808822,0.640657994230446,0.688991345904083,0.779073489896959
750,399,"beta1",0.202937060291804,0.198197656982874,0.0593889953878173,0.1024378679681,0.160497299342208,0.198197656982874,0.240946363751761,0.337554927329258
750,400,"alpha0",0.104813116355175,0.103607212771102,0.0216193710603044,0.0778737169536253,0.0948169126019324,0.103607212771102,0.112307789962181,0.129125618842381
750,400,"alpha1",0.712837046371759,0.715625362537812,0.06960327103132,0.578832023850943,0.666383054123165,0.715625362537812,0.762902253823918,0.837021823826283
750,400,"beta1",0.169216138604156,0.166938315986218,0.0422765816414861,0.0923033003715665,0.139292137093886,0.166938315986218,0.197142667224214,0.260055578068286
750,401,"alpha0",0.11340626461067,0.112361723147597,0.0260018336952612,0.0812538660079847,0.100975396813512,0.112361723147597,0.122730000344566,0.143216973691288
750,401,"alpha1",0.684384715712468,0.68727633240238,0.0684148245856249,0.54828120617176,0.642961091088153,0.68727633240238,0.731632316811559,0.800939533211236
750,401,"beta1",0.216504390643202,0.211488785422717,0.0439026432515421,0.142295089988474,0.186758361064666,0.211488785422717,0.243722284599202,0.308296131977028
750,402,"alpha0",0.0672251969714048,0.0651451143643385,0.0237062441370147,0.0440044889802827,0.0571522589202108,0.0651451143643385,0.0732711953352536,0.0931714193697781
750,402,"alpha1",0.613487526722457,0.615366421992271,0.0684715978551135,0.483394443701188,0.570226649316542,0.615366421992271,0.656997518105183,0.747503082540065
750,402,"beta1",0.270981692433582,0.27099232611574,0.0564763245372919,0.162272910517857,0.233084529372772,0.27099232611574,0.30973475571721,0.381880751613721
750,403,"alpha0",0.121461050741495,0.120458737823733,0.0240356438540325,0.0913810504548912,0.11049653119327,0.120458737823733,0.129890183753002,0.148283459161667
750,403,"alpha1",0.711008452920982,0.711874957884354,0.0828428831702563,0.559132135904812,0.660069287762037,0.711874957884354,0.766214901331784,0.864371732808225
750,403,"beta1",0.130846981308198,0.127399342077967,0.0444150052574773,0.0581826199768281,0.0974052426179613,0.127399342077967,0.158500148692377,0.234025697420282
750,404,"alpha0",0.114940509795492,0.114335065651388,0.0227763302272567,0.0844092617171653,0.103203388230473,0.114335065651388,0.124496668683951,0.141983385401447
750,404,"alpha1",0.721002841741829,0.72198109029698,0.0714856539917715,0.585921494422649,0.672723334490146,0.72198109029698,0.771610282312961,0.848800588195021
750,404,"beta1",0.167080649295534,0.162994932233509,0.0452225927557284,0.0887621025606494,0.135040815353605,0.162994932233509,0.19462314475509,0.269426642133082
750,405,"alpha0",0.0713601441734466,0.0686933460617123,0.0271397677647963,0.0477383708226547,0.0606137070213148,0.0686933460617123,0.0772809133155632,0.0998404605430499
750,405,"alpha1",0.642794034675793,0.645567399577478,0.0629533004815815,0.521149686044662,0.602152498678631,0.645567399577478,0.686490338234808,0.757394929794007
750,405,"beta1",0.299390275183004,0.297432523228148,0.0557689482838705,0.193403013358102,0.261534169515928,0.297432523228148,0.336529877398046,0.411390856338027
750,406,"alpha0",0.11004745824277,0.107941671934656,0.0274391972711793,0.0755614944379953,0.0965128633346853,0.107941671934656,0.120575910962467,0.1428540503638
750,406,"alpha1",0.72019788479858,0.726086301807985,0.0767687500748546,0.580137360251311,0.674685095847328,0.726086301807985,0.771159398774615,0.851788827491126
750,406,"beta1",0.178086390482435,0.175192679651925,0.0466660288830033,0.0982254995182422,0.143261976998857,0.175192679651925,0.209147063521774,0.276972622615039
750,407,"alpha0",0.109282172505964,0.108267384963506,0.0254383741472822,0.0723384205274504,0.0963647693673488,0.108267384963506,0.120411693496965,0.143603219219944
750,407,"alpha1",0.650907759328857,0.648938810231306,0.0784799036096472,0.500032847127874,0.597195205199027,0.648938810231306,0.704116662967949,0.803135617039744
750,407,"beta1",0.235456734080258,0.231197235236824,0.0583037241483975,0.127405498848268,0.194329096671124,0.231197235236824,0.27426715087118,0.356767802600097
750,408,"alpha0",0.101088494678348,0.0998660983399063,0.0222112919671755,0.0720680112339346,0.090468514274393,0.0998660983399063,0.10988715962798,0.129042810334439
750,408,"alpha1",0.674991283771979,0.674945264058939,0.0736063019975777,0.539146451832779,0.627412156591574,0.674945264058939,0.723907770813396,0.809919852436492
750,408,"beta1",0.194653609840865,0.191826946392117,0.0470653412244815,0.110202797768035,0.161637408523024,0.191826946392117,0.223468071177595,0.296972752169733
750,409,"alpha0",0.101199234174328,0.0993096876595686,0.0237456266887793,0.0739647752360141,0.0897950756511635,0.0993096876595686,0.109201909727726,0.129885383197007
750,409,"alpha1",0.696528288089442,0.701715973819728,0.0664014162137149,0.569435900049141,0.65832032349786,0.701715973819728,0.739724855350315,0.812285093631406
750,409,"beta1",0.228309714026596,0.226729902420653,0.0452434782629382,0.144272846539312,0.196535697326556,0.226729902420653,0.258313215921808,0.322096229255545
750,410,"alpha0",0.115174655327428,0.114596970761585,0.023346512770519,0.0809598345729151,0.103725038942818,0.114596970761585,0.124603906723399,0.146292936843402
750,410,"alpha1",0.619962660567477,0.619013012124468,0.0811048055061828,0.469447856172256,0.565156054292686,0.619013012124468,0.672864716564082,0.79292867691866
750,410,"beta1",0.247058827830739,0.243814439272216,0.0505793173151404,0.152362650457635,0.212286541446826,0.243814439272216,0.278983154044702,0.352711626885558
750,411,"alpha0",0.10987691155165,0.109482531632247,0.0248095647948151,0.0740980419973278,0.0969235237090676,0.109482531632247,0.120761328150763,0.142286212637269
750,411,"alpha1",0.70838627848394,0.710983344982453,0.0641971854064076,0.583517060428868,0.669676443289796,0.710983344982453,0.751196620302127,0.823011343229469
750,411,"beta1",0.225028158583767,0.222683876434273,0.0483956488518969,0.136857905729884,0.191615645795413,0.222683876434273,0.25591470117324,0.325434453692624
750,412,"alpha0",0.100495288469399,0.0994132167925953,0.0246178115042895,0.0697555710452848,0.0889319301905672,0.0994132167925953,0.108932176482683,0.130051051742623
750,412,"alpha1",0.605587854621041,0.605279187515626,0.0805781137580429,0.448923118565077,0.552971136873032,0.605279187515626,0.658197342010088,0.761224288906774
750,412,"beta1",0.250742754174888,0.246909360112613,0.0562334141541119,0.156065230685634,0.209365741783417,0.246909360112613,0.289936498263614,0.36756492450874
750,413,"alpha0",0.1453686489526,0.144382899218966,0.0225109390342936,0.112905615901394,0.133714666871148,0.144382899218966,0.155551091044469,0.17710835656669
750,413,"alpha1",0.677309473432289,0.674125997195823,0.0911622362879869,0.50105842958415,0.619518185654276,0.674125997195823,0.731449819192455,0.87486281751035
750,413,"beta1",0.0816573252627398,0.0748920025263114,0.0414665240981406,0.0212068489169561,0.0520790389806551,0.0748920025263114,0.104429539976469,0.182480139491746
750,414,"alpha0",0.104409347709099,0.10348693022454,0.0212949653016449,0.074256188896177,0.094132268473199,0.10348693022454,0.113097177116943,0.131833316864841
750,414,"alpha1",0.73082351844841,0.730645968278006,0.0748731901019782,0.593366469654924,0.681650578909704,0.730645968278006,0.782688548690664,0.865869814955629
750,414,"beta1",0.185583718656829,0.182042358043525,0.050051579369024,0.101405105145699,0.149261820620802,0.182042358043525,0.218153515459051,0.292045218333562
750,415,"alpha0",0.141326759835353,0.141042609266516,0.0247375858032156,0.102925697851673,0.127144694038516,0.141042609266516,0.153187189517162,0.178479393773323
750,415,"alpha1",0.755429566054537,0.76216385338402,0.0856977855410917,0.592142392793325,0.700194928741253,0.76216385338402,0.814661018463144,0.901078779647764
750,415,"beta1",0.116204532895814,0.112474973705067,0.0455544027486442,0.0397013795541016,0.0834828925952932,0.112474973705067,0.144713492700947,0.213970589056288
750,416,"alpha0",0.100019899334131,0.0982086863902004,0.0256753497143316,0.0682141753168374,0.0877211800602351,0.0982086863902004,0.108492212319892,0.133712141138979
750,416,"alpha1",0.701698655968421,0.708248735379982,0.063689885856024,0.574779218764988,0.666846907934597,0.708248735379982,0.743122617921315,0.8042062091484
750,416,"beta1",0.223800890728006,0.22341405601182,0.0466049995113568,0.134076748948237,0.194045073494848,0.22341405601182,0.254523084193662,0.317065432609722
750,417,"alpha0",0.0986683069716001,0.0976836420975038,0.0222426273657788,0.0685638154950759,0.0880853979641174,0.0976836420975038,0.107716494907164,0.12612096794095
750,417,"alpha1",0.664642899915995,0.668002349302227,0.0776809795019838,0.513738709322014,0.618268540505114,0.668002349302227,0.71670950449463,0.800862292679586
750,417,"beta1",0.219017780778039,0.213508534279506,0.0492239210699263,0.138738174677763,0.184616200857558,0.213508534279506,0.247666470921773,0.331893798631733
750,418,"alpha0",0.0876828830508393,0.0863910205771133,0.0227093349635454,0.0615236639586454,0.0774105153355571,0.0863910205771133,0.0956649529718306,0.113254242810037
750,418,"alpha1",0.664838837048059,0.666945604984793,0.0716848028569533,0.52319651555734,0.616907909242884,0.666945604984793,0.715335975204448,0.796220560481324
750,418,"beta1",0.23720368232556,0.233608352963421,0.0507695326099414,0.147700526297374,0.201699842383825,0.233608352963421,0.270433877997192,0.343539078648212
750,419,"alpha0",0.0966792405684221,0.0958443303634048,0.0223221891825078,0.0682474303712278,0.0856913289955708,0.0958443303634048,0.105380411169659,0.125005709729236
750,419,"alpha1",0.626722921530599,0.62604422592841,0.0750955061773382,0.484817369504289,0.578738512568016,0.62604422592841,0.679882666173604,0.762130265227764
750,419,"beta1",0.251958778812185,0.248555901350091,0.0519565341217961,0.155379598366411,0.216996503890655,0.248555901350091,0.285344225351036,0.363046861679476
750,420,"alpha0",0.120875291434806,0.119891197126696,0.0247814883476813,0.0878971753170575,0.108047251520484,0.119891197126696,0.131370722143608,0.151649575970216
750,420,"alpha1",0.692836337552594,0.690980959736025,0.0883262155896548,0.518497311257399,0.637965280443029,0.690980959736025,0.750015909727442,0.865771571929645
750,420,"beta1",0.149163351733093,0.144359913542116,0.0574389584576328,0.0525505273096683,0.106586873133409,0.144359913542116,0.187141329502119,0.271610375710551
750,421,"alpha0",0.0834524595494057,0.0818106904708621,0.0223971608741476,0.0559197157762393,0.0726042597910705,0.0818106904708621,0.0913937357134053,0.113957843844222
750,421,"alpha1",0.581466525731058,0.582961861565521,0.0692499618100307,0.446891590356184,0.535188634906503,0.582961861565521,0.629568366060611,0.715953697755069
750,421,"beta1",0.304571050004381,0.302262790777967,0.0558462997106657,0.199117243903486,0.265512477871984,0.302262790777967,0.341962504886053,0.420015180256574
750,422,"alpha0",0.109664132789944,0.109137116427343,0.0258694594542578,0.07048881264991,0.096148021630183,0.109137116427343,0.120820351130635,0.145671458071345
750,422,"alpha1",0.723271245866104,0.727771205119398,0.0764421427555178,0.569113438318678,0.679904598600816,0.727771205119398,0.774381725494569,0.851205077781205
750,422,"beta1",0.167114920032415,0.162475784413498,0.0530219963753571,0.0788159408703255,0.129654640767664,0.162475784413498,0.198558317667923,0.282604777899683
750,423,"alpha0",0.10411307985035,0.103789102299852,0.023617891085078,0.0681697397753035,0.0908040359282493,0.103789102299852,0.115512791540883,0.137421108637144
750,423,"alpha1",0.65342059039504,0.656444555622718,0.072753214336551,0.513217114723225,0.60559832419525,0.656444555622718,0.702707853067992,0.789348503790176
750,423,"beta1",0.194801735509145,0.190048856358685,0.056152139762438,0.0930898983516958,0.155175296749189,0.190048856358685,0.231776792392308,0.313596040449761
750,424,"alpha0",0.108084555189789,0.107484193970692,0.0212737666317736,0.0766483903711541,0.0969495090170079,0.107484193970692,0.117853896190793,0.138372786372783
750,424,"alpha1",0.568100651964957,0.562950179343228,0.0825600146158035,0.417501437786219,0.510623283052259,0.562950179343228,0.622293183013023,0.744652551522768
750,424,"beta1",0.208825225969108,0.205525955822669,0.0527733994631514,0.116151848718383,0.171005390491129,0.205525955822669,0.241840058589334,0.322099226600032
750,425,"alpha0",0.122013809050891,0.121420069024857,0.0210810299468633,0.0928252610155536,0.110775448619293,0.121420069024857,0.131029135652303,0.151447605141873
750,425,"alpha1",0.717384869579315,0.720089459118964,0.0874461084477268,0.540986664135866,0.663725213794289,0.720089459118964,0.774626022320824,0.878094309642068
750,425,"beta1",0.116480544340282,0.112096917960899,0.0431321822780039,0.0423205578728959,0.0863407893877325,0.112096917960899,0.144420069754933,0.208322406529018
750,426,"alpha0",0.103516542354966,0.101227437291053,0.0289018072901116,0.0683995889761729,0.0902737869298948,0.101227437291053,0.11233655981181,0.139511330317127
750,426,"alpha1",0.597820742326579,0.59686763292342,0.0830150903757577,0.438010878171713,0.545028686304296,0.59686763292342,0.650282335911378,0.766675608859655
750,426,"beta1",0.263229990914316,0.257815729953163,0.0627054739311654,0.149710589038203,0.221599294755843,0.257815729953163,0.301112164693573,0.396997353612234
750,427,"alpha0",0.0904042334082095,0.0889495826021838,0.0217783123630136,0.0639276372532923,0.0806113201486942,0.0889495826021838,0.0974145655043903,0.118140325033714
750,427,"alpha1",0.65856963455965,0.660462276712693,0.0703643699762559,0.517350566856384,0.61377421024339,0.660462276712693,0.708306934343312,0.785160736423613
750,427,"beta1",0.251189823798983,0.24863045821617,0.0468714943725627,0.167019686780355,0.217793683953367,0.24863045821617,0.282132213249652,0.351580434270679
750,428,"alpha0",0.148571880856702,0.148505990781235,0.0208764381141492,0.113700682757092,0.13752342633716,0.148505990781235,0.158962728125087,0.178116756794034
750,428,"alpha1",0.671032366439602,0.671592235207419,0.0811944327832409,0.519416909854059,0.621411684453755,0.671592235207419,0.726621606726594,0.815722947016429
750,428,"beta1",0.0691167674154572,0.0611410317796569,0.0450694714496288,0.00624443726881665,0.0354556796313492,0.0611410317796569,0.0929337652697182,0.182302107189213
750,429,"alpha0",0.103679685416684,0.103017476810912,0.019414195646497,0.0761720969454876,0.093259813087108,0.103017476810912,0.112357622769875,0.130894678444716
750,429,"alpha1",0.700108878891779,0.704207099024593,0.0755316011202069,0.545391385275243,0.652508725474399,0.704207099024593,0.753038506519029,0.8297195525854
750,429,"beta1",0.189914693120131,0.186620805530367,0.0408066643373325,0.119468050360205,0.160522033692253,0.186620805530367,0.215806660620459,0.279753355143603
750,430,"alpha0",0.0899550138457631,0.089354186589743,0.0214414925812713,0.0556851654289902,0.0779622665201915,0.089354186589743,0.100361225837784,0.123125551144766
750,430,"alpha1",0.686556741257432,0.690483365326437,0.0629458955353218,0.557176030690945,0.650054235405741,0.690483365326437,0.728455033682947,0.793559000322698
750,430,"beta1",0.270609209070476,0.268804640067652,0.0527666227772666,0.176782385689558,0.233543359249657,0.268804640067652,0.302652670063868,0.387321375375973
750,431,"alpha0",0.0909291422113692,0.0891218161022868,0.0213681508030384,0.0595144056939761,0.0798081114130113,0.0891218161022868,0.100087041339947,0.123247639079258
750,431,"alpha1",0.629508277887509,0.631365368123535,0.0775529411230034,0.476354966633209,0.57782079957736,0.631365368123535,0.681132822915973,0.777304879629873
750,431,"beta1",0.255264530765332,0.253213346682072,0.062428303911321,0.143532132134819,0.210721687578188,0.253213346682072,0.295372170874456,0.390659283871564
750,432,"alpha0",0.0815318061994991,0.0790065784100568,0.0288638471018078,0.0578502205828747,0.0716000212699383,0.0790065784100568,0.0865116877084716,0.102960166318147
750,432,"alpha1",0.709576624155547,0.719336596954,0.0676509262481269,0.572965416845326,0.675888561251529,0.719336596954,0.754323012381648,0.807153822425853
750,432,"beta1",0.229179803225155,0.226838156351191,0.0443737646765633,0.149796251248639,0.198539661403453,0.226838156351191,0.255992520441704,0.323194373903311
750,433,"alpha0",0.105612418890764,0.104688035202205,0.0268261160837719,0.0672030459323779,0.0901024322790713,0.104688035202205,0.11738350972802,0.150808976473012
750,433,"alpha1",0.548141392336317,0.547514427445538,0.0858839459568717,0.396935156305801,0.489531570317516,0.547514427445538,0.602419480513876,0.725770118212374
750,433,"beta1",0.231043275107187,0.228369051572889,0.0781420069196462,0.0884309920101724,0.175728401863982,0.228369051572889,0.283360219641303,0.383818592288726
750,434,"alpha0",0.106771166986734,0.104137757643394,0.0258402687919131,0.0752124826320878,0.0930227489005283,0.104137757643394,0.116629937804041,0.147077692606664
750,434,"alpha1",0.519337085067135,0.516419557933357,0.0803519834713673,0.370345681767783,0.466028874564027,0.516419557933357,0.574413537225893,0.677236588643409
750,434,"beta1",0.208281104156051,0.205648025498224,0.0694889172675349,0.0734958483403251,0.160936093549827,0.205648025498224,0.255419964530697,0.345613163143264
750,435,"alpha0",0.103738316002959,0.102511453461725,0.0224135125941938,0.0751747985496319,0.0935016667145304,0.102511453461725,0.111808079534751,0.131677430328035
750,435,"alpha1",0.764775295277893,0.770901552697877,0.0719752539495942,0.623568910251364,0.724432084068879,0.770901552697877,0.811701526759726,0.879665493283759
750,435,"beta1",0.158201871640663,0.155246571532607,0.0420034692141236,0.0807963376410587,0.129423666279764,0.155246571532607,0.185672423279391,0.246812328186883
750,436,"alpha0",0.128135279908464,0.127054423721287,0.0233358388446248,0.0921233943455556,0.114975679923259,0.127054423721287,0.139502599428061,0.165059481306935
750,436,"alpha1",0.698752844574853,0.70314470472602,0.077950290372396,0.545081350594789,0.645360593199708,0.70314470472602,0.75382457300269,0.84163063580837
750,436,"beta1",0.137233127057092,0.135270436490528,0.0511855075350767,0.0467683604649716,0.101311896265255,0.135270436490528,0.16866154346276,0.25178881188542
750,437,"alpha0",0.139623960540223,0.138978331021874,0.0241096472652265,0.104336505271015,0.127697594570004,0.138978331021874,0.150731808322301,0.170140246006206
750,437,"alpha1",0.747728741895103,0.751154922170858,0.0865389236582564,0.570023113209312,0.690470469972112,0.751154922170858,0.811527674460556,0.905163640660015
750,437,"beta1",0.108897224375351,0.101984532997761,0.048965134817502,0.0346523861495906,0.0733872023135174,0.101984532997761,0.135660686970787,0.226511132278799
750,438,"alpha0",0.121133812155456,0.12074651009803,0.0223622917998998,0.0881113423402788,0.108735011433191,0.12074651009803,0.131831837191643,0.153600050124271
750,438,"alpha1",0.733703549782861,0.740487837564784,0.0766773699208394,0.580658375121331,0.687450393353328,0.740487837564784,0.786766539370638,0.860783642811462
750,438,"beta1",0.151147447285824,0.145983373324106,0.0438916222026842,0.0813966702730794,0.120653512877137,0.145983373324106,0.175239929162658,0.251435686986049
750,439,"alpha0",0.0873100936765049,0.0864510566454016,0.0238831377045812,0.0589639143664195,0.0769962246635937,0.0864510566454016,0.0947800786959282,0.113272940142232
750,439,"alpha1",0.60811953483048,0.610215348515788,0.0825975465937513,0.448623377798526,0.555618657237222,0.610215348515788,0.662395788070231,0.764729166834424
750,439,"beta1",0.223449942745699,0.216994868307956,0.0577500709325328,0.131106040667184,0.180512224473457,0.216994868307956,0.25675039009656,0.352375950773974
750,440,"alpha0",0.0869143930396931,0.0844175848580061,0.0258028684875406,0.0526202014263265,0.0722772697312971,0.0844175848580061,0.0978430956941616,0.133284581777512
750,440,"alpha1",0.528336932713691,0.529187058440555,0.0713636379694694,0.39296882818724,0.478215391039359,0.529187058440555,0.579079697083917,0.664179602444086
750,440,"beta1",0.358360566177007,0.35850726491586,0.065097950740909,0.233827367236874,0.315701701965807,0.35850726491586,0.399855080333484,0.486523880512415
750,441,"alpha0",0.0839422046401666,0.083179966576523,0.0198048091206668,0.057810608388833,0.0742684172899439,0.083179966576523,0.0919038400037945,0.109741847042742
750,441,"alpha1",0.661194879801356,0.667056651886351,0.0713554440858909,0.517564796941852,0.612823819144833,0.667056651886351,0.711738126903366,0.789751676516359
750,441,"beta1",0.243562640245868,0.240442319157184,0.0526201302478298,0.149266331048568,0.205356992995822,0.240442319157184,0.27721161367268,0.356582252385428
750,442,"alpha0",0.0950152707002364,0.0934082595190725,0.0261724204993742,0.067233933908231,0.0835910686531672,0.0934082595190725,0.103133389065142,0.120738573511114
750,442,"alpha1",0.504815105319689,0.506585721693503,0.0690293047420807,0.373847035506626,0.456250485879253,0.506585721693503,0.552593583987652,0.636147152509765
750,442,"beta1",0.288031596602241,0.286287589967441,0.0568105180426543,0.182380959997707,0.247669202431085,0.286287589967441,0.324634352139461,0.403733022984332
750,443,"alpha0",0.114274410917296,0.112817268051455,0.0248090688127069,0.0835807045825888,0.101854424016167,0.112817268051455,0.123458084798226,0.144646993153071
750,443,"alpha1",0.656392922546618,0.656537261851054,0.0837135012507165,0.504827808942414,0.598928334707424,0.656537261851054,0.717038711619056,0.809685185948482
750,443,"beta1",0.145770264310498,0.143701530964565,0.049440757330097,0.0570306991091849,0.110398975742121,0.143701530964565,0.177359589573026,0.252932458343758
750,444,"alpha0",0.0977484842728901,0.0965863102511886,0.0244676883135947,0.0664789575384803,0.0864674652824722,0.0965863102511886,0.106761706293326,0.127156452502122
750,444,"alpha1",0.760664628915206,0.765417289055227,0.0628356949225192,0.637289557306735,0.727218949317572,0.765417289055227,0.801068339175128,0.866926310920129
750,444,"beta1",0.184638672535996,0.180924748168121,0.0452808513099075,0.105137787424104,0.152637823594171,0.180924748168121,0.214280581180972,0.281615400541223
750,445,"alpha0",0.10850626640621,0.107752095204849,0.0212776218801522,0.0799791714523596,0.0981251472735952,0.107752095204849,0.11682970561519,0.136056908794247
750,445,"alpha1",0.707583020427579,0.707224963852326,0.0834793293945099,0.552567118832005,0.654228051610942,0.707224963852326,0.765754416097153,0.858757092975096
750,445,"beta1",0.161402245743884,0.158457043464799,0.0410682268122227,0.0887412540290085,0.132319822548153,0.158457043464799,0.18805253309748,0.248629927942935
750,446,"alpha0",0.0879048316659438,0.0870223463500424,0.0189771811707437,0.0585711588162685,0.0780843138894526,0.0870223463500424,0.0967099126800876,0.115411908891478
750,446,"alpha1",0.702209247077509,0.706659329590652,0.0644279578203583,0.567828377152426,0.662614862711015,0.706659329590652,0.746935588370073,0.816924049378271
750,446,"beta1",0.246359757456654,0.242632479299539,0.0520435978208683,0.155072936871951,0.208824330433376,0.242632479299539,0.28020332575894,0.356237079226179
750,447,"alpha0",0.117434424766483,0.116604851349441,0.0218041270250957,0.0852746206521712,0.105255845236952,0.116604851349441,0.127842317600368,0.148727428624862
750,447,"alpha1",0.644832976541847,0.642015459224427,0.0863446079051324,0.480561233119357,0.587445537948377,0.642015459224427,0.701529542554806,0.817365474271862
750,447,"beta1",0.166922094257331,0.160739162757042,0.0534662418715655,0.0760422113974445,0.129107136624775,0.160739162757042,0.200527641193886,0.288004542050833
750,448,"alpha0",0.0989350606495768,0.0979901631334558,0.0209141085715772,0.0717636569304403,0.0883765358665407,0.0979901631334558,0.107430226410012,0.126270731751609
750,448,"alpha1",0.64668391544065,0.649003002912092,0.0720308365303918,0.50747832527695,0.604032946069816,0.649003002912092,0.693101211306499,0.77754388843592
750,448,"beta1",0.223019135616272,0.220447956238298,0.0481854807698765,0.140634992284473,0.187993164561477,0.220447956238298,0.25401019020584,0.324531310505217
750,449,"alpha0",0.115537760850291,0.113936311904955,0.0218754048453607,0.0852166877738382,0.103301453891675,0.113936311904955,0.12509477765221,0.152029187788434
750,449,"alpha1",0.75873921489826,0.762686876975091,0.0663472880666045,0.628320234173535,0.718726475264811,0.762686876975091,0.802776012450247,0.880477595231254
750,449,"beta1",0.17225739192139,0.171872522927501,0.0449487245351907,0.0842945600649233,0.142972143379582,0.171872522927501,0.202739889386478,0.260984603812658
750,450,"alpha0",0.0887186790900195,0.0874153691890122,0.0247828244753597,0.0639358755401391,0.0789058906265573,0.0874153691890122,0.0954268877950264,0.112297618449934
750,450,"alpha1",0.592953889222552,0.589089718421065,0.070702205342526,0.462040757857581,0.545964848773906,0.589089718421065,0.642684058233111,0.729095420810818
750,450,"beta1",0.228909820177549,0.225560426991881,0.0528027958775487,0.137506134011173,0.191930245731113,0.225560426991881,0.261021100278473,0.340876305222431
750,451,"alpha0",0.0903271549020001,0.0890779750838932,0.0194380825473786,0.0638339360501248,0.0802058707389524,0.0890779750838932,0.0980788927674065,0.11991041607004
750,451,"alpha1",0.676947342092177,0.677779154767077,0.0627214718190377,0.553195538834558,0.634334369925917,0.677779154767077,0.721361049376063,0.791410098689911
750,451,"beta1",0.21879158642158,0.216971096398631,0.0504211448405183,0.120064079899159,0.185455373714283,0.216971096398631,0.251712716715827,0.32070550232046
750,452,"alpha0",0.126910029425556,0.127091882000766,0.0197549155522144,0.0922800316900229,0.115310636406659,0.127091882000766,0.137753601551982,0.158869773386451
750,452,"alpha1",0.679889644049686,0.682678917768492,0.0801094876999176,0.528491605851571,0.623870172898446,0.682678917768492,0.735545842406025,0.831978526559087
750,452,"beta1",0.170979899525302,0.16504163792795,0.0480043512290923,0.094684434691409,0.137310264579447,0.16504163792795,0.198026652260647,0.280942998271515
750,453,"alpha0",0.0769205964629267,0.0751296916713508,0.0251495267427541,0.0534908599380897,0.0679693301153893,0.0751296916713508,0.082899952330306,0.0974696254863056
750,453,"alpha1",0.606473570005618,0.606763054059897,0.0722286806186207,0.469717126265459,0.563197502646728,0.606763054059897,0.652873333221004,0.742972167181997
750,453,"beta1",0.260403142377705,0.256199636876902,0.0479460547359026,0.175872953606343,0.227332291840012,0.256199636876902,0.290982911292722,0.363758428603741
750,454,"alpha0",0.0966241994842173,0.0945611796044229,0.0242344367361009,0.0656039812750322,0.0842507377783726,0.0945611796044229,0.106204098660446,0.129107204009957
750,454,"alpha1",0.549038582289328,0.550149690426723,0.0725617192240785,0.410029071813335,0.498409947503669,0.550149690426723,0.598866582927309,0.684058621443638
750,454,"beta1",0.280399166505524,0.281196638834219,0.0637911182125109,0.152363549737809,0.237123943552532,0.281196638834219,0.325004925425641,0.399032556675912
750,455,"alpha0",0.115288935851282,0.114643118415524,0.0206158633632512,0.082842802072757,0.104429565467614,0.114643118415524,0.125196684374723,0.147385263060242
750,455,"alpha1",0.620203312899276,0.61883647280163,0.0832211841995975,0.464540412850906,0.568299811257149,0.61883647280163,0.679669023463445,0.773572984652169
750,455,"beta1",0.177729688855774,0.172501891997965,0.0526439619551077,0.0878588377292457,0.140290282481144,0.172501891997965,0.211265448061111,0.289859693229908
750,456,"alpha0",0.110169271740974,0.108959290890778,0.020725655078992,0.0814905363532609,0.100043936068301,0.108959290890778,0.118453637096552,0.138463007905888
750,456,"alpha1",0.73031814124817,0.734700184392444,0.0773452370428253,0.582875027084973,0.681728034566478,0.734700184392444,0.784106054064232,0.864315220043936
750,456,"beta1",0.153130017930466,0.151093393849302,0.0401324697950017,0.0801059537038758,0.125054469989062,0.151093393849302,0.179234412805007,0.238248638052312
750,457,"alpha0",0.13052956688275,0.129896602072736,0.0219942918834518,0.0997114880586215,0.11884399848696,0.129896602072736,0.140326474486659,0.159879725151076
750,457,"alpha1",0.668027691454183,0.669524208021794,0.0700260071946681,0.525214067925252,0.621823412053191,0.669524208021794,0.716113078691853,0.797327317157569
750,457,"beta1",0.206812332932317,0.204483644294086,0.040707781809275,0.132799137401458,0.178588350398932,0.204483644294086,0.233856309045919,0.289713780410893
750,458,"alpha0",0.0872039467163495,0.0867301811488741,0.0225876944465794,0.059443406512962,0.0770529270245537,0.0867301811488741,0.0947861627123305,0.112726021671439
750,458,"alpha1",0.673556833286262,0.676792436623264,0.0765384127769601,0.518606084343967,0.625675572527799,0.676792436623264,0.726436028459794,0.807373203774013
750,458,"beta1",0.226404955191756,0.220834768324812,0.0528731822651406,0.133707927361723,0.19056004128419,0.220834768324812,0.256443930831324,0.347414618398554
750,459,"alpha0",0.0998263887311282,0.0979608359400243,0.0263964054766114,0.0681468622259619,0.0859836587479175,0.0979608359400243,0.110297627304482,0.13377584383272
750,459,"alpha1",0.692742118929359,0.697572372370834,0.0717984785714913,0.547932704781381,0.648383294333294,0.697572372370834,0.740162702742717,0.820616372710489
750,459,"beta1",0.224790744551163,0.222259575586543,0.0541742235558523,0.125044286815707,0.185820741864917,0.222259575586543,0.260076960269328,0.338126334458201
750,460,"alpha0",0.120162132460318,0.119430143801402,0.0231615737471634,0.0855776846880437,0.109053438010639,0.119430143801402,0.129768604866763,0.150639045674768
750,460,"alpha1",0.670473532851135,0.674053687286451,0.094097975285365,0.488993443660274,0.6134229146098,0.674053687286451,0.731564650593056,0.852399310529972
750,460,"beta1",0.134825193034734,0.128521992614877,0.0494229648211601,0.0510867440095292,0.0994828966168652,0.128521992614877,0.165831431043788,0.24636080544275
750,461,"alpha0",0.114962525902145,0.114461829675641,0.0231005911864888,0.080191608521313,0.102131755591244,0.114461829675641,0.125976370561784,0.15069356943902
750,461,"alpha1",0.62826532195937,0.629010227563825,0.0771984409551396,0.477487944679693,0.578342231378889,0.629010227563825,0.68277284651874,0.769078454126154
750,461,"beta1",0.224213803395169,0.220700961485207,0.0506634253881326,0.135746519753757,0.188646010326602,0.220700961485207,0.256693551540255,0.32980262803773
750,462,"alpha0",0.0841352587933965,0.0825452154885082,0.019870851953346,0.060502242915979,0.074047221701062,0.0825452154885082,0.0914065522605897,0.110395690042693
750,462,"alpha1",0.685743204266757,0.689163582870225,0.0650801624606846,0.565652671034495,0.645157119577583,0.689163582870225,0.73078825771242,0.794302216641024
750,462,"beta1",0.246102834060024,0.24607873127483,0.0464875165725725,0.151890347249654,0.214049767596042,0.24607873127483,0.277903158199378,0.335278080013214
750,463,"alpha0",0.0924398889417306,0.0907971422346456,0.0233917893872557,0.0671180441376562,0.0825718975533059,0.0907971422346456,0.0996812152999483,0.115537279040857
750,463,"alpha1",0.745589514209471,0.751070216922551,0.0577086181365735,0.63155383540273,0.714187359851232,0.751070216922551,0.784030868524551,0.834058731756015
750,463,"beta1",0.211492615666781,0.209216432114028,0.0400877701387813,0.139734283815383,0.182716825102837,0.209216432114028,0.236838633455908,0.295819295339757
750,464,"alpha0",0.104267833952985,0.103246319799349,0.0210799553927428,0.07563228255745,0.0933575735767502,0.103246319799349,0.112847599410995,0.133800672357253
750,464,"alpha1",0.742499915922062,0.749664809611689,0.0759574517323855,0.576796510256847,0.700856705651159,0.749664809611689,0.794298829819053,0.86448952458762
750,464,"beta1",0.171362351709649,0.164908190860305,0.0498347385210457,0.092074964743292,0.134798525014231,0.164908190860305,0.203999166909977,0.275436223596328
750,465,"alpha0",0.100115403843267,0.0983530932555431,0.0216866109645783,0.0715902043230874,0.0887638896620064,0.0983530932555431,0.108585805839638,0.130724766411072
750,465,"alpha1",0.704498783640216,0.707675391986841,0.058257716552369,0.585404442683975,0.671133027570523,0.707675391986841,0.74460907431498,0.801447768355985
750,465,"beta1",0.234276247516759,0.233064123716714,0.0473239976846128,0.144505972744453,0.202219052715987,0.233064123716714,0.266148517528155,0.326150141694719
750,466,"alpha0",0.0707652767392871,0.0690317477556487,0.0261367789576024,0.0485954016718125,0.0619675448631144,0.0690317477556487,0.0760257143168406,0.089003212709679
750,466,"alpha1",0.744706827912301,0.748557095322216,0.0513953854524768,0.647070167579454,0.716978629511204,0.748557095322216,0.778086982636638,0.827233369274069
750,466,"beta1",0.222496240834084,0.219574544766809,0.0379728587520501,0.153257343127155,0.195662567949942,0.219574544766809,0.247244080011453,0.304088958312452
750,467,"alpha0",0.103858392496758,0.10190579304511,0.0288898457347847,0.0743207927921496,0.0913649635470923,0.10190579304511,0.111940250725033,0.132152318369053
750,467,"alpha1",0.757883363245046,0.761779853198804,0.0635838111581017,0.627834567670541,0.719367740082106,0.761779853198804,0.801889677832698,0.864853099305057
750,467,"beta1",0.179223703377993,0.175133686554961,0.0442048808088588,0.101486878679476,0.148345139136243,0.175133686554961,0.207116427786521,0.274717471132228
750,468,"alpha0",0.109328042439546,0.108144032796634,0.0236881296601592,0.0813785068443943,0.098163083381187,0.108144032796634,0.117554126687445,0.137333165078377
750,468,"alpha1",0.759859364611694,0.766904517601473,0.0781267900162549,0.603749881377182,0.714088592036704,0.766904517601473,0.814011538876079,0.887806788990395
750,468,"beta1",0.132257632274348,0.128588888118489,0.0437669305646163,0.055514646994884,0.101646750658489,0.128588888118489,0.159272452170015,0.226214794018826
750,469,"alpha0",0.101769613538511,0.0994156235319895,0.0249761615503972,0.0748915862523049,0.0899972199132493,0.0994156235319895,0.109794744462433,0.131316717157146
750,469,"alpha1",0.596783975376998,0.595920541302235,0.0774543119647525,0.45140250105898,0.543549937059032,0.595920541302235,0.648277433890052,0.752039151320829
750,469,"beta1",0.225700976019479,0.222539869682205,0.0562133949282767,0.123206134669709,0.186180680785473,0.222539869682205,0.262435023043475,0.342996700130925
750,470,"alpha0",0.0962662894865554,0.0943042292087833,0.0224551580947119,0.0680259972424604,0.0851361211939289,0.0943042292087833,0.104411730188347,0.126576622119492
750,470,"alpha1",0.631024083814908,0.631620411669469,0.0770793688064574,0.487649289868425,0.577997126916738,0.631620411669469,0.687116198063374,0.772385937225107
750,470,"beta1",0.262934337589973,0.262244227723181,0.054665562045265,0.162157096526535,0.223835320695168,0.262244227723181,0.301320397706542,0.368257332300069
750,471,"alpha0",0.127434994310508,0.125255970190511,0.0276602840406785,0.0903201688963552,0.112863840349918,0.125255970190511,0.13896128893327,0.164231098336839
750,471,"alpha1",0.666748320459737,0.667155642046143,0.0820950149188586,0.510454403862525,0.611201823187012,0.667155642046143,0.72230265768399,0.827922299849659
750,471,"beta1",0.128054897102366,0.119527628964711,0.0608648379371563,0.0227216761776163,0.0850199415877254,0.119527628964711,0.16452336161031,0.265609258221599
750,472,"alpha0",0.104734905068364,0.104255297428832,0.0217613267444435,0.0759150093347479,0.0948285229408866,0.104255297428832,0.113000655483007,0.131280193483865
750,472,"alpha1",0.736643074348571,0.741168303076385,0.0713566588781102,0.58904427459589,0.6912328029038,0.741168303076385,0.787475845865274,0.864480833298499
750,472,"beta1",0.16313284786666,0.159520279775269,0.0403168957008374,0.0933986652154296,0.135037715779482,0.159520279775269,0.186513339797381,0.256677273181663
750,473,"alpha0",0.141949514790392,0.140492721414074,0.0253460598548243,0.102152442975528,0.127198125259471,0.140492721414074,0.154290987272758,0.186203612466213
750,473,"alpha1",0.577669522578603,0.575672303862856,0.078871450644873,0.430386740292791,0.523890680931721,0.575672303862856,0.627145254457798,0.748550611784346
750,473,"beta1",0.141235244673764,0.139871930292771,0.0581976750563679,0.0332968982926281,0.0997422768209737,0.139871930292771,0.179748367126808,0.257728103628622
750,474,"alpha0",0.102732449512639,0.101349856421836,0.0231486229587466,0.0693858589450001,0.0895421453484664,0.101349856421836,0.113636849432557,0.136320774875076
750,474,"alpha1",0.675218705932632,0.672444216553132,0.0775237014322057,0.535298040956101,0.620429027758527,0.672444216553132,0.73044915933915,0.82630665806652
750,474,"beta1",0.153402180926293,0.153509910577536,0.0574334522279661,0.048754015041545,0.111887522122979,0.153509910577536,0.190315321726111,0.272656829929373
750,475,"alpha0",0.109986883152886,0.109525660707417,0.0232441062267752,0.0741561318718984,0.0968589712786127,0.109525660707417,0.122012932440554,0.143778545854266
750,475,"alpha1",0.641642522619043,0.641537090811657,0.0733465296683855,0.50638112354364,0.589019536246477,0.641537090811657,0.693705020223435,0.782447076028277
750,475,"beta1",0.234020666008644,0.228379628786422,0.0537269158698608,0.143012432131743,0.195363858851282,0.228379628786422,0.269470288854221,0.350788333857863
750,476,"alpha0",0.0860693490178643,0.0848258964625671,0.0212830299599353,0.0606948153472344,0.0753941769621529,0.0848258964625671,0.0941734699904142,0.111435405972055
750,476,"alpha1",0.576996043261229,0.573962476079962,0.0785454841137811,0.433946910741755,0.523774469739853,0.573962476079962,0.631355940650587,0.729787032540067
750,476,"beta1",0.263576077305765,0.259968089998466,0.055252140774986,0.16357728714615,0.225241421575395,0.259968089998466,0.298713929294864,0.378996965341857
750,477,"alpha0",0.116452786286735,0.115586656967633,0.0255715741935187,0.0796744616189552,0.102866686440213,0.115586656967633,0.127998274915457,0.151836352481825
750,477,"alpha1",0.713532983789598,0.720547272702302,0.0828512064663768,0.544701357210558,0.661873387830277,0.720547272702302,0.770211675166435,0.857012432867461
750,477,"beta1",0.170778350709906,0.164563890706463,0.0569656453194276,0.0771497974371445,0.130318656033464,0.164563890706463,0.203367391692361,0.298220337491909
750,478,"alpha0",0.12461007447924,0.122928621504368,0.0244830083081494,0.0965242043526649,0.113883355372274,0.122928621504368,0.132495716245637,0.151138775450085
750,478,"alpha1",0.672509431754049,0.674460632233796,0.0837629053310845,0.517727853789253,0.618344841689893,0.674460632233796,0.723553692289817,0.840437451128328
750,478,"beta1",0.0692492462304252,0.0640611162458594,0.0407784411388452,0.00749388653267081,0.03908817584255,0.0640611162458594,0.093157877304019,0.167966156401311
750,479,"alpha0",0.102295586805619,0.10034796458928,0.0258250082666217,0.0737050098726018,0.0905457418588488,0.10034796458928,0.110135202098984,0.130663685795794
750,479,"alpha1",0.74363780839087,0.748403880584959,0.0657004803886268,0.621464116322618,0.707158741163689,0.748403880584959,0.785794577668446,0.849531818071744
750,479,"beta1",0.197976628056724,0.195499424929344,0.0420409302476407,0.11985476452768,0.169007742979505,0.195499424929344,0.225657983209655,0.285570352744111
750,480,"alpha0",0.115297812635591,0.114334981490634,0.0219895764488487,0.0850656380232074,0.103568756560597,0.114334981490634,0.124484253310255,0.145456351860217
750,480,"alpha1",0.629557605814345,0.628126296143392,0.0824180923263956,0.479623821666755,0.573433929046136,0.628126296143392,0.685540982094072,0.78885262377196
750,480,"beta1",0.198768857193017,0.195494717277771,0.050526855514631,0.109388103061548,0.162806463610105,0.195494717277771,0.230991103282495,0.305885868216528
750,481,"alpha0",0.0934215526830743,0.0921668772703464,0.0252279948761317,0.0603630271943835,0.0798540653245521,0.0921668772703464,0.104004256221116,0.128348149705265
750,481,"alpha1",0.525536588913198,0.523684460429339,0.0731542082896282,0.401214989476882,0.478169365165672,0.523684460429339,0.572221624114453,0.672594557720485
750,481,"beta1",0.25977692243241,0.25776909510307,0.0692712574681369,0.135880744630766,0.208392452840223,0.25776909510307,0.307031799747679,0.401971634862465
750,482,"alpha0",0.0965793420034288,0.095751472915211,0.0200717278392886,0.0724650625666012,0.0874692247842256,0.095751472915211,0.104179730030418,0.11949804393953
750,482,"alpha1",0.776791644444908,0.783533889392,0.067672138988543,0.640518760563113,0.736894469110603,0.783533889392,0.82299820152567,0.886128032852335
750,482,"beta1",0.164353347980947,0.159426575598168,0.0436393083677476,0.0900366725115478,0.133823193822555,0.159426575598168,0.190982423320114,0.260596842281552
750,483,"alpha0",0.0707838144658584,0.0688188996974534,0.023723032599938,0.0471057643236488,0.061188880266967,0.0688188996974534,0.077805857737405,0.0936524697542012
750,483,"alpha1",0.624047109569932,0.625657975253756,0.0649647938885234,0.500392671432118,0.583262548291453,0.625657975253756,0.668931075605436,0.741569566691593
750,483,"beta1",0.291074618339225,0.28993449089978,0.050932127017041,0.191363636713397,0.256437399454987,0.28993449089978,0.323918313601367,0.396391663948823
750,484,"alpha0",0.085196983817235,0.0837612516035732,0.0235932466709969,0.0599829454581381,0.0751605554626849,0.0837612516035732,0.0921842987505541,0.108740476437889
750,484,"alpha1",0.673394253997796,0.675495977957177,0.0792057784716966,0.521756693092467,0.626594951276004,0.675495977957177,0.721702711083476,0.823132669386931
750,484,"beta1",0.227452600141606,0.225168211220289,0.056684620355729,0.123699748019946,0.188206362058999,0.225168211220289,0.261579453176593,0.349826413662458
750,485,"alpha0",0.11942737060799,0.118165522372729,0.0232606389505676,0.0903574950226429,0.10793880476178,0.118165522372729,0.128030824305993,0.149464265308086
750,485,"alpha1",0.756667686109836,0.764085133356726,0.0713372539482458,0.602617016761492,0.713757984009555,0.764085133356726,0.807346995587913,0.866825955121229
750,485,"beta1",0.167954398798281,0.165736418096728,0.0413655461514285,0.0919223281683999,0.140064109172477,0.165736418096728,0.195561875332499,0.252334424707375
750,486,"alpha0",0.119534328086449,0.118764725723169,0.021353507070506,0.0910076209518721,0.109374162013169,0.118764725723169,0.128101701337453,0.145642672997652
750,486,"alpha1",0.666588341762544,0.663720473544358,0.0842501077428624,0.510677940241072,0.609780736859458,0.663720473544358,0.720315721886717,0.845511897805134
750,486,"beta1",0.156135950160764,0.151797154806979,0.0456579035364939,0.0785567625601009,0.12374141700524,0.151797154806979,0.183907529725799,0.258656353514813
750,487,"alpha0",0.101179152565812,0.0995375117076737,0.0215553945057037,0.0743751677978933,0.09083017999792,0.0995375117076737,0.108986328489003,0.130051027798228
750,487,"alpha1",0.573615629730788,0.574285083604764,0.0736511665615958,0.431475384010795,0.526549562120163,0.574285083604764,0.621288535892288,0.717462528221545
750,487,"beta1",0.223901538699859,0.222773867035703,0.0469518322795519,0.136067898807429,0.191780210960193,0.222773867035703,0.254539398940064,0.324445942324352
750,488,"alpha0",0.140855704154766,0.140628913218627,0.0283932986249461,0.0944802647964581,0.125090745609322,0.140628913218627,0.155512048931952,0.183117244066923
750,488,"alpha1",0.587604474237787,0.581314477277745,0.0751401290519363,0.453631594169337,0.533395712479839,0.581314477277745,0.638903192802193,0.747432527681356
750,488,"beta1",0.159948868521365,0.150592451708525,0.0653761415516747,0.0559214130629927,0.11087304106857,0.150592451708525,0.202132355239879,0.306798514435864
750,489,"alpha0",0.126406033720326,0.125514503207152,0.0220053427506321,0.0950550323075758,0.114638977983248,0.125514503207152,0.136482095357394,0.156003691231965
750,489,"alpha1",0.746303718217254,0.748826565611735,0.081378824457737,0.585155835697187,0.693809311462446,0.748826565611735,0.801928973296727,0.89578858601744
750,489,"beta1",0.130060957345799,0.126440888724642,0.0432244197288048,0.0579530634956514,0.0978639803312037,0.126440888724642,0.157038253627254,0.225689539617689
750,490,"alpha0",0.103907745015391,0.103275670187508,0.0213483670462626,0.0718537223404922,0.0924143985501052,0.103275670187508,0.114031460075915,0.137963280078674
750,490,"alpha1",0.630578982757946,0.629413012607537,0.0845662361265942,0.475451831971001,0.577617475842978,0.629413012607537,0.687327254528202,0.791413020757103
750,490,"beta1",0.190067762450999,0.186796250470512,0.0582855315903024,0.0879279758654959,0.147736434845656,0.186796250470512,0.229789865873101,0.311953602775246
750,491,"alpha0",0.129809825909759,0.128359556709481,0.0275362959395404,0.0930539012796135,0.115959309302346,0.128359556709481,0.140792635722762,0.16701310728624
750,491,"alpha1",0.729769654340105,0.733044631512713,0.0824446442278408,0.571712356251284,0.67560524097569,0.733044631512713,0.790715510330307,0.869943854944926
750,491,"beta1",0.165460722864237,0.162248352321493,0.0479252744310287,0.0849573881722304,0.131448601655795,0.162248352321493,0.194531136788548,0.270560772884675
750,492,"alpha0",0.0878866912618506,0.0868955797171841,0.0190294901672765,0.0648220166381313,0.0788396215410447,0.0868955797171841,0.0946135608827818,0.112682111983368
750,492,"alpha1",0.693224237984154,0.699514523504248,0.0616589106486111,0.560646171044275,0.657097338692455,0.699514523504248,0.736386921878392,0.796985837901472
750,492,"beta1",0.234318804132431,0.232119469328485,0.0386629317696007,0.163002443644229,0.207387940366448,0.232119469328485,0.260178746389517,0.314069177689153
750,493,"alpha0",0.118238185842744,0.11741882043775,0.0258135490467648,0.0751484605152626,0.103849492815371,0.11741882043775,0.131259756411124,0.159615427017899
750,493,"alpha1",0.594864809421039,0.597884730674539,0.0723816613217507,0.454913642126824,0.544466958196893,0.597884730674539,0.646896423147177,0.727983003642097
750,493,"beta1",0.250629759768033,0.247538363297386,0.0543266793548109,0.151929242707041,0.21279472679138,0.247538363297386,0.285348163940761,0.364801380286518
750,494,"alpha0",0.116729841979016,0.115827532713332,0.0209413218509839,0.085726113473246,0.106407780316825,0.115827532713332,0.125203143641617,0.145992860283205
750,494,"alpha1",0.715314439551944,0.718019163838507,0.0681339550942828,0.572638562034833,0.673776995637951,0.718019163838507,0.761762388733496,0.838860749333014
750,494,"beta1",0.18494863896325,0.181976995931627,0.0419472798229692,0.112891740411775,0.156440869261303,0.181976995931627,0.209257519854859,0.279735393879302
750,495,"alpha0",0.0945280219660102,0.0937429808920322,0.0205812624031001,0.0656348823730352,0.0839826940175787,0.0937429808920322,0.103496672889159,0.121544133151848
750,495,"alpha1",0.644516592111267,0.64621613674828,0.0859275134687279,0.475362082310335,0.584750923183493,0.64621613674828,0.708055766845354,0.798648957604032
750,495,"beta1",0.203898833580368,0.19631562391759,0.0554881928380304,0.11637786946353,0.164697731346319,0.19631562391759,0.235484653182046,0.337907951095962
750,496,"alpha0",0.120884768595176,0.11984182229369,0.0218202467770426,0.0910446528394058,0.109232038768779,0.11984182229369,0.130660911350427,0.150517060014566
750,496,"alpha1",0.618524683371726,0.620203437040642,0.0812957395776811,0.462958661482587,0.564531057755019,0.620203437040642,0.672973127042294,0.777825608696084
750,496,"beta1",0.17112072876022,0.16761560475394,0.0514622757108933,0.0855226571777069,0.131726332420002,0.16761560475394,0.204745742520762,0.281065332206183
750,497,"alpha0",0.0979155879534384,0.0961002125145191,0.0251932406721959,0.0620214334602828,0.0856429181284773,0.0961002125145191,0.108096688535265,0.132524744987813
750,497,"alpha1",0.631153302448715,0.631445769777003,0.0781265836821245,0.484591770100887,0.581465847309953,0.631445769777003,0.683467397903652,0.769468569314663
750,497,"beta1",0.246556536375238,0.244100379197491,0.0541794399828119,0.146378938514576,0.208987155934304,0.244100379197491,0.28077042048264,0.364042327454254
750,498,"alpha0",0.120903585563225,0.12004628517012,0.021899573302049,0.0885210400350683,0.108576242661515,0.12004628517012,0.132122778979458,0.152152369584917
750,498,"alpha1",0.56841457807195,0.56449616572643,0.081547100168898,0.422181613347561,0.509500068080079,0.56449616572643,0.622767138631665,0.735050661829264
750,498,"beta1",0.165972322883958,0.163496689522998,0.0574964927952401,0.0642645631954803,0.122922224884357,0.163496689522998,0.204679252505774,0.287137424168568
750,499,"alpha0",0.0779441591244139,0.0761353047746832,0.0235139913570984,0.0475820030695361,0.0662207697206622,0.0761353047746832,0.0869455126061489,0.112031238035343
750,499,"alpha1",0.60585942675939,0.606789580204079,0.0716748813522505,0.462234093973901,0.560231348872395,0.606789580204079,0.653515943180105,0.744896711359824
750,499,"beta1",0.294113397137951,0.291878929060124,0.0624110924798387,0.172620855225703,0.252936538614205,0.291878929060124,0.334758953188218,0.418412615828538
750,500,"alpha0",0.110912322673924,0.110228011977831,0.0211422295269885,0.0807476976739867,0.100511620158842,0.110228011977831,0.119672201331772,0.136815073252352
750,500,"alpha1",0.753811895973935,0.759195061744105,0.0543024177729813,0.644591808164002,0.721441966729788,0.759195061744105,0.791283535873205,0.84226457475222
750,500,"beta1",0.183758603725569,0.180517909986477,0.0361976541984473,0.120493820630469,0.15904987661138,0.180517909986477,0.205624094766989,0.264424420602336
1000,1,"alpha0",0.122123967184319,0.121653018038011,0.0218702479728104,0.0876962676407568,0.109709106875005,0.121653018038011,0.133036475292098,0.156103669206707
1000,1,"alpha1",0.565244824243637,0.564306979988376,0.0648438256445022,0.442890433350619,0.520661691473832,0.564306979988376,0.609304677758194,0.69631380149303
1000,1,"beta1",0.215308234634311,0.211446472649584,0.0513502910014329,0.125491155275463,0.17986628699968,0.211446472649584,0.248264061582743,0.32116224409894
1000,2,"alpha0",0.118477616701325,0.11783018389259,0.0231326552832593,0.0884842660336103,0.107708803651531,0.11783018389259,0.127057976284714,0.142697982513972
1000,2,"alpha1",0.684029339564969,0.686322338299098,0.0669656126433787,0.555103726741613,0.644529254239569,0.686322338299098,0.726314985093048,0.804254573593174
1000,2,"beta1",0.166978592894346,0.161469781353169,0.0419957977609377,0.0983270720801755,0.136872004562192,0.161469781353169,0.192910403394295,0.260894333009483
1000,3,"alpha0",0.0873937614396404,0.0859435726556614,0.0215514634097374,0.0633658560268103,0.078086692755726,0.0859435726556614,0.0938853119824491,0.11234255908739
1000,3,"alpha1",0.619260671061778,0.619136876031011,0.0669265387561368,0.495079291796057,0.577735683908984,0.619136876031011,0.66418537445607,0.743003795716548
1000,3,"beta1",0.272131205541881,0.272069932506715,0.0469402130787081,0.180022057914351,0.24067381786656,0.272069932506715,0.302884697660233,0.366714402459041
1000,4,"alpha0",0.102678409981318,0.101197137576491,0.0236086314400967,0.0800339102202403,0.0939594036687641,0.101197137576491,0.108040081978835,0.122329421454665
1000,4,"alpha1",0.799965280493001,0.808846569313782,0.0673798692068684,0.684850547860035,0.771238211714807,0.808846569313782,0.841762354842818,0.883568406479135
1000,4,"beta1",0.137702190188431,0.135617214035426,0.0321605979463957,0.083768506280088,0.115437947127634,0.135617214035426,0.156090454313245,0.207576979690593
1000,5,"alpha0",0.0980290022126644,0.0971137683970108,0.0195552679962025,0.072518742537408,0.0878789873332002,0.0971137683970108,0.105863544693372,0.1252444323379
1000,5,"alpha1",0.632960226756361,0.635831085452819,0.0649296827037412,0.501488420363202,0.589017911236652,0.635831085452819,0.67862421595184,0.750831119558427
1000,5,"beta1",0.263325578879626,0.262759081511802,0.0472496494595962,0.176420705768428,0.231116937480848,0.262759081511802,0.294559352234136,0.356045320305636
1000,6,"alpha0",0.0883542409087229,0.0872341508092735,0.0227685661492882,0.0597749086629982,0.0769258515339477,0.0872341508092735,0.0969628066043383,0.119298633080446
1000,6,"alpha1",0.579548307607134,0.580576427461706,0.0688178872888135,0.442904058234862,0.533265527848953,0.580576427461706,0.627689720275344,0.706913824770051
1000,6,"beta1",0.261543676960104,0.25940199604552,0.0628504997683111,0.143569225731111,0.217190551271049,0.25940199604552,0.302804777282966,0.389470976607161
1000,7,"alpha0",0.112666386826806,0.111666640332189,0.023170964622942,0.0823140756642103,0.100394073276035,0.111666640332189,0.122100170384827,0.145098953307659
1000,7,"alpha1",0.668550483396281,0.668912878308872,0.0801219458890873,0.515568953401261,0.616007157426656,0.668912878308872,0.719335555184115,0.831497040808884
1000,7,"beta1",0.152362083837318,0.147021984798374,0.056209895874994,0.0549958361866238,0.112373193051568,0.147021984798374,0.189818623300689,0.272601336705739
1000,8,"alpha0",0.0962481347236635,0.0947399666939048,0.0267690151273558,0.0674934214718085,0.0859076230086571,0.0947399666939048,0.103458363166179,0.121502225601333
1000,8,"alpha1",0.719256506521309,0.722519599311477,0.0583487390970142,0.611794992886265,0.683832737503482,0.722519599311477,0.759091580418008,0.815151808872765
1000,8,"beta1",0.216287436290258,0.213777665499427,0.0413256300636262,0.143249997836994,0.187252994175576,0.213777665499427,0.242003484206145,0.307668275916388
1000,9,"alpha0",0.0928087312714484,0.092261156437954,0.0205959581444102,0.0673561492273812,0.0838337222765567,0.092261156437954,0.100039772317911,0.115381098512144
1000,9,"alpha1",0.634819356998434,0.63697456532774,0.0681586726002226,0.498130973641993,0.589665584527677,0.63697456532774,0.681773778782422,0.759717053368681
1000,9,"beta1",0.244359851032901,0.241615321051948,0.0457477388090406,0.163148093556771,0.21287738422295,0.241615321051948,0.273667491797433,0.341416492664317
1000,10,"alpha0",0.123669761630426,0.123067473132678,0.0233487722423454,0.0914983025632429,0.112706440211198,0.123067473132678,0.133311999093844,0.150138321358443
1000,10,"alpha1",0.55260388922997,0.550457255339253,0.0691624668070926,0.427068474428914,0.509119602443679,0.550457255339253,0.593549093936166,0.699438888729642
1000,10,"beta1",0.163133223822167,0.157051624548603,0.0519464107365762,0.0717183341013554,0.12648076031594,0.157051624548603,0.196540879399263,0.276169067334058
1000,11,"alpha0",0.0971920062776733,0.0954870256185154,0.0225643246657163,0.0695663262954929,0.0872861504958845,0.0954870256185154,0.104346489695407,0.122443835601742
1000,11,"alpha1",0.664121957113809,0.667921180404203,0.0716266955667384,0.514589514040668,0.619085815164166,0.667921180404203,0.712625135035539,0.792807184299949
1000,11,"beta1",0.216383035037233,0.213779044961661,0.0475321432653247,0.129907778955903,0.184390360918019,0.213779044961661,0.245111417543984,0.317837245897832
1000,12,"alpha0",0.0975676488716735,0.0960710384299858,0.023853317207047,0.071559711722127,0.0878555296434919,0.0960710384299858,0.104038209430244,0.120790996286468
1000,12,"alpha1",0.708726291801037,0.717546565482304,0.0675402332843456,0.57208303148734,0.674590556387012,0.717546565482304,0.754296790895147,0.810042057881176
1000,12,"beta1",0.215699004008874,0.214625401277844,0.0395576120306631,0.143783294356006,0.188356890204175,0.214625401277844,0.241036956302547,0.29835929563308
1000,13,"alpha0",0.108425617180249,0.107732270694068,0.0213340490012616,0.0803343683323296,0.0994038012826021,0.107732270694068,0.115728019864335,0.131971525718098
1000,13,"alpha1",0.737242880137932,0.739643764985369,0.0670957770433593,0.604425723644777,0.697969920485163,0.739643764985369,0.781765530417112,0.854102032825924
1000,13,"beta1",0.152846802889373,0.148722798508218,0.042397166731051,0.0792350934851631,0.122002658148043,0.148722798508218,0.181572166499762,0.241368481849742
1000,14,"alpha0",0.107122534042205,0.105964006994516,0.0248126269474293,0.0769175649611836,0.0962647876903885,0.105964006994516,0.114939997799591,0.134961483478757
1000,14,"alpha1",0.641150750497898,0.641682746602316,0.0688478832142866,0.513224528206385,0.598705939194249,0.641682746602316,0.686554727907826,0.768401185508911
1000,14,"beta1",0.210559502949038,0.206951598682516,0.0487637348421731,0.12323654035942,0.176803540802892,0.206951598682516,0.242310932235288,0.316238840948872
1000,15,"alpha0",0.109157083545407,0.108312991830616,0.0221902194625963,0.0770912918273552,0.0984989003600396,0.108312991830616,0.117858545217793,0.138406805594626
1000,15,"alpha1",0.656082894104192,0.658001269916072,0.0723943570467752,0.512719793936085,0.613312808816094,0.658001269916072,0.703725365496393,0.784118408870777
1000,15,"beta1",0.197569313349426,0.194416145775848,0.0509824310363731,0.105876956007512,0.162584537652574,0.194416145775848,0.229810362373504,0.308388689388318
1000,16,"alpha0",0.104329619894262,0.103041028300816,0.0270723952100241,0.0754649298523726,0.0937261792400741,0.103041028300816,0.111325181571039,0.129905211370446
1000,16,"alpha1",0.698525444268129,0.702342393092431,0.0702418950454096,0.572551785847867,0.657632373214156,0.702342393092431,0.744920888099089,0.820784348672436
1000,16,"beta1",0.199075332468695,0.196935972572106,0.0454555670917254,0.116964673923416,0.168887162278986,0.196935972572106,0.226056881279506,0.297705720498109
1000,17,"alpha0",0.109267772745877,0.108690702288782,0.021423418092906,0.0799988817220639,0.099152626288937,0.108690702288782,0.117388746008442,0.134388467055784
1000,17,"alpha1",0.684972913989403,0.685760543058879,0.0687902531776489,0.556016477740675,0.639963194729102,0.685760543058879,0.73092039737552,0.808720137949591
1000,17,"beta1",0.200430798503121,0.19695238756385,0.0428689712874206,0.121584590315982,0.171108133778524,0.19695238756385,0.226457300229915,0.294397757832945
1000,18,"alpha0",0.100128138803373,0.0991815021054919,0.0235968949317663,0.0764425669134384,0.0907346177313279,0.0991815021054919,0.106350516134913,0.120642643531504
1000,18,"alpha1",0.695980150895448,0.700805999560719,0.0736880295020254,0.551322693466345,0.653972126612479,0.700805999560719,0.743983468873119,0.819108562889252
1000,18,"beta1",0.214472284636918,0.211959335701302,0.040159700766475,0.143486591803164,0.1855873200943,0.211959335701302,0.240487429468437,0.298872974809149
1000,19,"alpha0",0.0886165511188983,0.0869380234743858,0.0264395610534635,0.0649640274370271,0.0787598890223211,0.0869380234743858,0.0944155378021749,0.10973736053947
1000,19,"alpha1",0.656003720279862,0.660749139559428,0.0627346273271756,0.529654447505417,0.62113459906977,0.660749139559428,0.696566041159251,0.761785670890639
1000,19,"beta1",0.265534961383056,0.263902748012859,0.0414627110217027,0.189820824749142,0.237340473989841,0.263902748012859,0.291406214468711,0.352221067211943
1000,20,"alpha0",0.111499622297647,0.110226710057541,0.0237440863663994,0.0788679272658083,0.100055263256718,0.110226710057541,0.12029361231582,0.143461426261944
1000,20,"alpha1",0.635263268343093,0.636474244395121,0.0658985045962442,0.506110152979005,0.593316088489533,0.636474244395121,0.678996791835771,0.759268002517452
1000,20,"beta1",0.188981416848023,0.186490126202517,0.0484915010926099,0.0989583088326121,0.157390173515189,0.186490126202517,0.216085896493854,0.295978125674463
1000,21,"alpha0",0.106268953438241,0.105233198584736,0.0236493995572795,0.0759187434651681,0.0951703463694506,0.105233198584736,0.114775034723465,0.133508236470956
1000,21,"alpha1",0.601485148823598,0.602184038809925,0.068185011499331,0.468420598903562,0.555440372163815,0.602184038809925,0.647930024771003,0.733909771119988
1000,21,"beta1",0.206082342345939,0.202083447247511,0.0520116968103612,0.119132385221369,0.167478552859809,0.202083447247511,0.240982578195278,0.318049972194796
1000,22,"alpha0",0.0834229391195663,0.0820465167937406,0.0233583313659176,0.0594959918263278,0.0740524859792797,0.0820465167937406,0.0894667166617834,0.106009855444861
1000,22,"alpha1",0.603372836584236,0.603879474003956,0.0626626785343876,0.487731214383551,0.560595246879969,0.603879474003956,0.647501395354683,0.718662883330202
1000,22,"beta1",0.296413708826481,0.295638516040507,0.0477912371173584,0.20811749112393,0.263407129968489,0.295638516040507,0.328346679220665,0.392074674373555
1000,23,"alpha0",0.13882374155918,0.137792708945071,0.0239907154833382,0.107771883491365,0.127888188233945,0.137792708945071,0.147932397350504,0.165598828398093
1000,23,"alpha1",0.639012168534112,0.640899774881975,0.0786033240375243,0.499993635886025,0.590042438343717,0.640899774881975,0.689022504414103,0.786558784480311
1000,23,"beta1",0.0970553720981886,0.0912965794959895,0.0422895792715002,0.0320795487021793,0.0648021926459482,0.0912965794959895,0.122813392400219,0.191318806317832
1000,24,"alpha0",0.104888256987717,0.102862380182481,0.0247102870254423,0.0791644020093153,0.0943830380666796,0.102862380182481,0.112157073818207,0.132134411452097
1000,24,"alpha1",0.662238199371262,0.664082772345974,0.069504300098697,0.523085637157934,0.61712753345841,0.664082772345974,0.709945406166701,0.788053004793934
1000,24,"beta1",0.1993331564961,0.197137866581574,0.0444741550533702,0.117375015903698,0.167588863668292,0.197137866581574,0.229033246905429,0.293953017188059
1000,25,"alpha0",0.0903163586846193,0.0893968624315359,0.0198620802239881,0.0639287284471734,0.0804010413773927,0.0893968624315359,0.0979799650209165,0.11705319127943
1000,25,"alpha1",0.563897904497364,0.562891775612964,0.0714977011750427,0.432254046084214,0.51767272534362,0.562891775612964,0.613949604241677,0.697845399977169
1000,25,"beta1",0.23781057075081,0.236115425410645,0.0540549508666514,0.139776048460808,0.199516986575913,0.236115425410645,0.273811460985932,0.349106945659515
1000,26,"alpha0",0.0952189536860733,0.0944498726712365,0.0186249602601639,0.071744659644677,0.0864578013378695,0.0944498726712365,0.102307659968643,0.117267117762865
1000,26,"alpha1",0.718636283887989,0.724600945340463,0.0728493503949325,0.572081784911524,0.674068587899559,0.724600945340463,0.768495324793567,0.84194744626155
1000,26,"beta1",0.200259895264726,0.198143223694523,0.0444700095284125,0.120064284949433,0.169161161524215,0.198143223694523,0.229698001825167,0.287753969182335
1000,27,"alpha0",0.103680964739118,0.103363325554289,0.0201512137899836,0.0788680914322306,0.0943316396937581,0.103363325554289,0.111097803212107,0.125221042856027
1000,27,"alpha1",0.783814618751587,0.79124455307444,0.0625767931145855,0.672051542126799,0.752923900744125,0.79124455307444,0.823574907401856,0.871690197632172
1000,27,"beta1",0.156905128041486,0.1538090982592,0.034893022229331,0.0991045812599426,0.132433811004637,0.1538090982592,0.177561645911383,0.233981867076746
1000,28,"alpha0",0.107763376662015,0.106641301395673,0.0221879511164581,0.0771240317069742,0.0965710197359102,0.106641301395673,0.116535992607601,0.137303381767982
1000,28,"alpha1",0.666454021587784,0.66680334250506,0.067139321901292,0.53837333517784,0.619729210683583,0.66680334250506,0.713239389539068,0.794168231320225
1000,28,"beta1",0.211898196881565,0.207494910398382,0.0477116788645164,0.128486982597321,0.179956078798928,0.207494910398382,0.239548375582384,0.322750106197267
1000,29,"alpha0",0.109530126922059,0.108624915894884,0.0231262874525764,0.0797163377669464,0.0984653397796085,0.108624915894884,0.118674056707076,0.137376578444933
1000,29,"alpha1",0.661046326310843,0.662755614015996,0.0700944635704598,0.527559629893875,0.618373163569848,0.662755614015996,0.708621804186064,0.782495919568964
1000,29,"beta1",0.238208116215163,0.235531716923179,0.0435036298687791,0.161383240140667,0.206865011100126,0.235531716923179,0.266524067202427,0.333424849071007
1000,30,"alpha0",0.104497948898229,0.104025455411219,0.0203253543203303,0.0762312353033019,0.0957918328814697,0.104025455411219,0.111744788844934,0.127069707754623
1000,30,"alpha1",0.647906124076786,0.644956387196603,0.0709944950849841,0.511422044654383,0.602732501407297,0.644956387196603,0.695181714610601,0.786350993660304
1000,30,"beta1",0.209956459932433,0.205835916424352,0.0438538191707291,0.134682404967349,0.180110583707273,0.205835916424352,0.234164868607199,0.311538434645297
1000,31,"alpha0",0.106574739782917,0.105844673440277,0.0198798551736186,0.0761484529131722,0.0959320059812535,0.105844673440277,0.11620578148944,0.135592609606582
1000,31,"alpha1",0.6720178840662,0.670688802578258,0.067356745495822,0.541218173720258,0.627750418768252,0.670688802578258,0.716941039623547,0.801071600008953
1000,31,"beta1",0.237821150598605,0.235076849678323,0.0485566873392886,0.152962962078433,0.203517330190609,0.235076849678323,0.268731103046138,0.341264781682792
1000,32,"alpha0",0.0999033845633001,0.0982784128657469,0.0259327023817415,0.070331422971973,0.0888533811219486,0.0982784128657469,0.107496498751048,0.128140783731708
1000,32,"alpha1",0.644804452857971,0.645164278558633,0.0686405100160103,0.509309280089221,0.599130207628527,0.645164278558633,0.69383517951346,0.769806234483331
1000,32,"beta1",0.22974578674957,0.229163422643062,0.0457529597086762,0.143154076807136,0.197880356779194,0.229163422643062,0.260083469701264,0.323364290311103
1000,33,"alpha0",0.108699306497428,0.108128029453096,0.0192604795713229,0.0825752849584527,0.0992960267756517,0.108128029453096,0.11655641538387,0.132935105215111
1000,33,"alpha1",0.53523739312145,0.530524929378194,0.0676843836548504,0.413157039363423,0.48833593578227,0.530524929378194,0.579849478674243,0.675821311282561
1000,33,"beta1",0.187879278043206,0.183162955214525,0.0524825000903304,0.0965539568693441,0.150263065372596,0.183162955214525,0.220948173747967,0.301716555142288
1000,34,"alpha0",0.107550232448593,0.106579802553608,0.0216335414487371,0.0804770185111984,0.0985465650864654,0.106579802553608,0.114356796487847,0.131495440192443
1000,34,"alpha1",0.73212541078978,0.734484720755971,0.0694116981573642,0.602354397919651,0.690162173336441,0.734484720755971,0.778013206385486,0.852207313085105
1000,34,"beta1",0.157766128812365,0.155022652472456,0.0366679439041986,0.0948405344598823,0.131272256375832,0.155022652472456,0.181234298585463,0.238630618956024
1000,35,"alpha0",0.0970281757254633,0.0957093874753802,0.019237637149145,0.0747973621275777,0.0882416392134854,0.0957093874753802,0.103520371746809,0.119326501241751
1000,35,"alpha1",0.718633159553681,0.72110826541727,0.0650763604738819,0.591275335404509,0.679964916553466,0.72110826541727,0.764681220894728,0.827228345728797
1000,35,"beta1",0.205029520319174,0.20374522008464,0.0387736890880739,0.133344818032825,0.177130693049381,0.20374522008464,0.230597867553916,0.283775768555875
1000,36,"alpha0",0.102464695335873,0.102352562449829,0.0187112576203367,0.0745373138003019,0.0927105943626007,0.102352562449829,0.110975402821529,0.128854549137408
1000,36,"alpha1",0.667107461514269,0.66864093427674,0.0702392431669136,0.54178993959489,0.620855666871025,0.66864093427674,0.711968554912494,0.800352247345442
1000,36,"beta1",0.20361336376328,0.200944177776318,0.0478164042404586,0.11665289649142,0.168873765695335,0.200944177776318,0.23619706546424,0.301527698252445
1000,37,"alpha0",0.108355684827475,0.107486728300378,0.0204784929102287,0.078992074544847,0.0970530038934359,0.107486728300378,0.117591849231809,0.137693883512866
1000,37,"alpha1",0.736290920324636,0.740570113526711,0.0640945968675084,0.600850456028166,0.701051668943968,0.740570113526711,0.78010306427121,0.840500950219705
1000,37,"beta1",0.186440684528919,0.182200941860431,0.0451611961329997,0.109180683960346,0.15453353465283,0.182200941860431,0.215664330671367,0.284332626763901
1000,38,"alpha0",0.0962669748133325,0.0944926850299201,0.0237802677224397,0.0688045054294148,0.0864661633097758,0.0944926850299201,0.103078386778068,0.121409950303137
1000,38,"alpha1",0.686774802601579,0.689697401976424,0.0682992208752344,0.551764671556421,0.642875352436044,0.689697401976424,0.733826971291365,0.809830800485739
1000,38,"beta1",0.219581841628662,0.218749518577227,0.0473445007011819,0.130945695683063,0.186754713669941,0.218749518577227,0.250787728543754,0.318820371358286
1000,39,"alpha0",0.109159949620776,0.107774157398353,0.0219941713988824,0.0842216628621557,0.0989321762324074,0.107774157398353,0.116293714501847,0.134831763983579
1000,39,"alpha1",0.662625886749642,0.661606709704099,0.0660292077182688,0.536527937788495,0.619706060892418,0.661606709704099,0.707639187998104,0.791079196169532
1000,39,"beta1",0.204940933258781,0.202789417158566,0.0383601435424545,0.136217935371066,0.177252248437018,0.202789417158566,0.231756068039946,0.281564896096105
1000,40,"alpha0",0.103697482145393,0.101831592249839,0.0241677751940227,0.0769294405382447,0.092885407440613,0.101831592249839,0.111432332455174,0.132201104356659
1000,40,"alpha1",0.579610884506889,0.584074825356401,0.0635453194548879,0.456006154451168,0.538747273872977,0.584074825356401,0.623754144405892,0.696626669487218
1000,40,"beta1",0.244996121098587,0.243678045765454,0.0487252176444342,0.155429754620214,0.211868805663385,0.243678045765454,0.276657724515077,0.343912052572281
1000,41,"alpha0",0.0909145096847781,0.0892020651791132,0.0226270469294837,0.0677287724992967,0.082170230416979,0.0892020651791132,0.0966741055947614,0.112165595645638
1000,41,"alpha1",0.725730549120566,0.733209728759433,0.0713505350503281,0.58338262795055,0.689326628925407,0.733209728759433,0.773660501815859,0.83040103691237
1000,41,"beta1",0.188478941332196,0.185778814480518,0.0374309590597062,0.12127699993379,0.162533187314306,0.185778814480518,0.212348277881606,0.267532177675931
1000,42,"alpha0",0.112167550474121,0.11189291800483,0.0208343714834392,0.0846252468422907,0.102483552308144,0.11189291800483,0.120120072794203,0.136495796913819
1000,42,"alpha1",0.798343442823625,0.803988631835501,0.0517254600377218,0.699660651500367,0.773386742582603,0.803988631835501,0.831445610888736,0.873902577908918
1000,42,"beta1",0.159063102252559,0.156367976640667,0.0327769561327718,0.101334227890286,0.137122025012833,0.156367976640667,0.17858747015186,0.230763750371715
1000,43,"alpha0",0.107011620830759,0.105998638791296,0.0227158847680768,0.0776439760165948,0.0970118945180155,0.105998638791296,0.114921160176347,0.13630025107393
1000,43,"alpha1",0.63720019036968,0.636049254955443,0.0716101804269175,0.506585446691116,0.588530794221331,0.636049254955443,0.684498471372089,0.778170037756918
1000,43,"beta1",0.228070786504598,0.225599600546261,0.0463304643360056,0.142412134447747,0.19584933112312,0.225599600546261,0.258542227289676,0.324457921881486
1000,44,"alpha0",0.126539947346856,0.125209985332486,0.0235683495077058,0.10027274712519,0.116764788906244,0.125209985332486,0.133611646902763,0.150811144872494
1000,44,"alpha1",0.787637342031957,0.794683184677808,0.063640513173339,0.65704136032061,0.747334708926738,0.794683184677808,0.834689809313717,0.885844303128776
1000,44,"beta1",0.129180011372247,0.127059328287708,0.0305871165457343,0.0763297001102446,0.108572838526031,0.127059328287708,0.147016487718105,0.193793296294812
1000,45,"alpha0",0.100212566514014,0.0984700910611219,0.0251205751490908,0.0721249538980979,0.0885227063690436,0.0984700910611219,0.108128096588823,0.129337785403151
1000,45,"alpha1",0.624242216989135,0.625664803886934,0.0645139600197251,0.496035565357429,0.584528644400737,0.625664803886934,0.665777512539027,0.744637888887112
1000,45,"beta1",0.268060213458046,0.267911682864227,0.0504707645201007,0.16999565776403,0.233800339403281,0.267911682864227,0.301768206422999,0.366989402540706
1000,46,"alpha0",0.0995263613254226,0.0978644131436509,0.0243077640282585,0.0720421126324436,0.0891694820632335,0.0978644131436509,0.106866227189077,0.126618473251235
1000,46,"alpha1",0.670238101873348,0.66980549540389,0.0706146639775611,0.532198134616166,0.626116888002162,0.66980549540389,0.720387747158495,0.798945518163749
1000,46,"beta1",0.216830029660838,0.213690059311374,0.0431960629405524,0.140410359214288,0.187383264941953,0.213690059311374,0.244915961581964,0.308836284355082
1000,47,"alpha0",0.104245608817199,0.103368373357004,0.0243713928854604,0.0749599474100172,0.0938506941401917,0.103368373357004,0.111991716922577,0.128688326052424
1000,47,"alpha1",0.633110736421094,0.632431491314018,0.0686569040449069,0.500484554383197,0.59012615530552,0.632431491314018,0.675628267584373,0.776560839657873
1000,47,"beta1",0.2080607503138,0.204423482038408,0.0458254560622291,0.131588897295644,0.174422627870605,0.204423482038408,0.238848943124548,0.303867060705965
1000,48,"alpha0",0.085225207529866,0.0837700738085775,0.0247653292037008,0.0614375078736519,0.0764002597722363,0.0837700738085775,0.0911371869843677,0.105399302854589
1000,48,"alpha1",0.762186281535603,0.769184499390654,0.0606371090787399,0.640406957223623,0.731895182863653,0.769184499390654,0.800540320467518,0.854505436987701
1000,48,"beta1",0.175452443320081,0.173193488835057,0.0354837124697616,0.110924342969543,0.150989390098395,0.173193488835057,0.198270522056208,0.250952868690393
1000,49,"alpha0",0.106970113283513,0.105136699380904,0.0252749400482525,0.0815177420633899,0.096295745365135,0.105136699380904,0.114209240064089,0.13078175173008
1000,49,"alpha1",0.743108155067883,0.75312808101091,0.0771437208449163,0.592436388703281,0.702179263588798,0.75312808101091,0.795159646487874,0.855545694914848
1000,49,"beta1",0.166517281016494,0.163841814976426,0.0397877424819874,0.0990644797630607,0.137749261086885,0.163841814976426,0.191984529748926,0.254790752566536
1000,50,"alpha0",0.142021713464185,0.141897775905063,0.0203449421382694,0.113254675712947,0.131710567294176,0.141897775905063,0.150876719106908,0.1689602150569
1000,50,"alpha1",0.797732074573504,0.802996880993916,0.0724265143286724,0.661134536973018,0.756748988757785,0.802996880993916,0.846680887552489,0.912545240220817
1000,50,"beta1",0.0973069332549774,0.0948118283428758,0.0301194040300172,0.047066788399106,0.0758568169606944,0.0948118283428758,0.116279790603289,0.160459480137961
1000,51,"alpha0",0.138662432517689,0.137960496550522,0.0255766122926434,0.100940035488277,0.124545704298112,0.137960496550522,0.150819910743041,0.173131761072427
1000,51,"alpha1",0.705127580179912,0.708403712568809,0.0686409007829809,0.572716142715262,0.664585964489828,0.708403712568809,0.750523373532172,0.826636064350061
1000,51,"beta1",0.161036008182836,0.157908530289244,0.0482604738840207,0.0782749099613379,0.126288042205376,0.157908530289244,0.191132874361786,0.265726954937915
1000,52,"alpha0",0.14089818342615,0.140925827428705,0.0214247929495397,0.106496744551701,0.129698254728752,0.140925827428705,0.151177901015665,0.171000320770605
1000,52,"alpha1",0.669208318905144,0.669546382401869,0.0730115546202815,0.536974810212551,0.621115451294275,0.669546382401869,0.714911711929289,0.814280766279126
1000,52,"beta1",0.130000875230836,0.125702107411455,0.0387495027758745,0.0658149032704677,0.103725659110832,0.125702107411455,0.150699786041413,0.218501684818808
1000,53,"alpha0",0.131823792421757,0.131240643438604,0.0199524992208236,0.102239906169361,0.120818253085682,0.131240643438604,0.141307014734874,0.161443339667177
1000,53,"alpha1",0.648088771617939,0.64334553808253,0.076352819704078,0.512282522567637,0.596433329036869,0.64334553808253,0.696176552404909,0.804207509163834
1000,53,"beta1",0.151440354209074,0.14910332293591,0.0425233829667454,0.0736450366314192,0.121825479042894,0.14910332293591,0.177630095451967,0.24060960396009
1000,54,"alpha0",0.0915124343572121,0.0906901062771189,0.0246847196025612,0.0639255352655328,0.0815908691642664,0.0906901062771189,0.0989885010183684,0.114649647413215
1000,54,"alpha1",0.591899473267673,0.589082531711109,0.0726145182569456,0.456753033247514,0.54462272674993,0.589082531711109,0.63630102774983,0.743524479639195
1000,54,"beta1",0.258572869770676,0.256647195570037,0.0528411770488111,0.159753345559561,0.222833151679861,0.256647195570037,0.292845284867444,0.366726826959092
1000,55,"alpha0",0.110357022842408,0.109414696790787,0.0233295492728142,0.0838245341799772,0.101512226770073,0.109414696790787,0.117094963235006,0.133119764552783
1000,55,"alpha1",0.750208111494993,0.752313208969939,0.0708657305590525,0.614455956346575,0.704235100138443,0.752313208969939,0.800569268149662,0.873089635988298
1000,55,"beta1",0.155223043957615,0.152179574131428,0.0369785305839045,0.0927458589293564,0.129744410746347,0.152179574131428,0.177299792357798,0.240887732515477
1000,56,"alpha0",0.0911225454815529,0.0901259685311888,0.0209172810929927,0.0682101829055688,0.0820332140876643,0.0901259685311888,0.0975392680136718,0.11250507393271
1000,56,"alpha1",0.732424863465333,0.738392890898669,0.0655262473721244,0.593533242374615,0.699254765732403,0.738392890898669,0.775649711967524,0.834504915218391
1000,56,"beta1",0.190051377203329,0.188074214493033,0.0349827928517438,0.12936113732623,0.165661719540086,0.188074214493033,0.21234572619405,0.26422165408379
1000,57,"alpha0",0.0999830371592645,0.0989785382157339,0.020925974824217,0.0735768446466103,0.0901495386672454,0.0989785382157339,0.107602097530067,0.126354557112306
1000,57,"alpha1",0.699735129165481,0.699049831890429,0.0704714665233189,0.574692972824134,0.655682124133809,0.699049831890429,0.746045617724091,0.837979294824178
1000,57,"beta1",0.173932302331169,0.171649722382318,0.0430350764719711,0.0973138191649015,0.14408829210278,0.171649722382318,0.201480538610846,0.262639248623395
1000,58,"alpha0",0.100777029376973,0.0994840507387906,0.0202585458948164,0.0737275004177848,0.0914203830357728,0.0994840507387906,0.108366217580713,0.125522223871473
1000,58,"alpha1",0.659811526405599,0.661017597191522,0.0720790794644127,0.529852724692692,0.612911077022238,0.661017597191522,0.708564420657049,0.796652853818299
1000,58,"beta1",0.214607861687743,0.210370970009374,0.0483836815949843,0.129559476364815,0.181810282791034,0.210370970009374,0.243640584570637,0.320405045584822
1000,59,"alpha0",0.0989295684805544,0.0977000660647258,0.0222167597373219,0.0692344535117885,0.0876714742265314,0.0977000660647258,0.107476959303275,0.130765491148197
1000,59,"alpha1",0.681179183809114,0.685690663914349,0.0662695870965368,0.553072404994231,0.642753438693856,0.685690663914349,0.724152227691879,0.799191716674934
1000,59,"beta1",0.201311577705452,0.198790456331649,0.0528900328066406,0.0992525907542876,0.166799198182588,0.198790456331649,0.236736237057792,0.309222669946011
1000,60,"alpha0",0.119578782057114,0.117740429805149,0.0253342345703231,0.0875344052029204,0.106748894709775,0.117740429805149,0.128744437199962,0.154772511642919
1000,60,"alpha1",0.652572236290306,0.655656236638201,0.0759581395775151,0.500639751027436,0.605741160556873,0.655656236638201,0.704248585611289,0.78726589761459
1000,60,"beta1",0.228138975732814,0.226302658505643,0.048842546227449,0.137548032228326,0.194587202242906,0.226302658505643,0.259157444650454,0.328786532873384
1000,61,"alpha0",0.132775181082056,0.132964423470167,0.0204503304069098,0.0981931695111269,0.120895742582227,0.132964423470167,0.144094237622329,0.163877080591309
1000,61,"alpha1",0.670689587487524,0.670824890630396,0.0702155730259045,0.537982625857076,0.627864062460009,0.670824890630396,0.716972967050883,0.798038045663704
1000,61,"beta1",0.169274484876714,0.164287068677916,0.0446994913959291,0.092350199182447,0.138501436546303,0.164287068677916,0.197376816028396,0.26557135028474
1000,62,"alpha0",0.104662521628296,0.103084867670913,0.0243394031291229,0.0743995005788214,0.0932900375695563,0.103084867670913,0.113291172753321,0.133333033700239
1000,62,"alpha1",0.627938507728057,0.628322036033531,0.0659603584130631,0.503401016720156,0.586949741994659,0.628322036033531,0.672124132596485,0.748003121675791
1000,62,"beta1",0.264227605945898,0.262674768250494,0.0486667618264019,0.176676359002236,0.232587272177666,0.262674768250494,0.294600598459554,0.363854163289345
1000,63,"alpha0",0.134424368139703,0.133720759253605,0.0207918225787457,0.0990242484724634,0.121537669218465,0.133720759253605,0.146644809406257,0.171418790001476
1000,63,"alpha1",0.651385170517678,0.653017738635398,0.072802336164499,0.51340521835518,0.605439158390075,0.653017738635398,0.700830867068144,0.785819683224546
1000,63,"beta1",0.141229095744582,0.137842988557422,0.0480165288419521,0.0557955283712865,0.106838164793124,0.137842988557422,0.173189519863439,0.242081455028665
1000,64,"alpha0",0.0954538945161972,0.0939389284254359,0.0240721307706648,0.0684331910117231,0.085168124945939,0.0939389284254359,0.102647444562583,0.120210113900052
1000,64,"alpha1",0.671657131744705,0.675474259511788,0.0649667732403297,0.548367783624231,0.631844544221306,0.675474259511788,0.717180001531208,0.782194121039565
1000,64,"beta1",0.244407726003144,0.240796852270258,0.0473651401092226,0.15815155367259,0.212024041776819,0.240796852270258,0.274261235497245,0.346334417425992
1000,65,"alpha0",0.0963853803751375,0.0949533659841254,0.0241259969098892,0.0691109565556277,0.0856271796440938,0.0949533659841254,0.104147831833254,0.122298369005606
1000,65,"alpha1",0.609113307716815,0.609187268699829,0.0673196749077897,0.482626563326362,0.566957110620752,0.609187268699829,0.651818432443,0.738115955462852
1000,65,"beta1",0.254338506028463,0.250346749419939,0.0481922092058024,0.170476565474618,0.21973832144883,0.250346749419939,0.28544570659715,0.358775148278678
1000,66,"alpha0",0.117634946123985,0.116659678643014,0.019853270566127,0.0856067602969504,0.107460324252821,0.116659678643014,0.126948294694187,0.147677292196943
1000,66,"alpha1",0.589347367865912,0.587905431360873,0.0622788997967361,0.47066458434976,0.547028316907533,0.587905431360873,0.631515225923177,0.711581849478564
1000,66,"beta1",0.22035070930526,0.219417706461782,0.0439766140380385,0.139279255687861,0.189082147890745,0.219417706461782,0.248866810941299,0.310782215165598
1000,67,"alpha0",0.127518162268167,0.126445043585716,0.0254366033674953,0.0933714306654222,0.115828741605044,0.126445043585716,0.136939783830816,0.157694965326206
1000,67,"alpha1",0.742385678845198,0.746095816648981,0.0653856715907652,0.617106185697667,0.703255534767319,0.746095816648981,0.787586658283834,0.85006873094525
1000,67,"beta1",0.174685068364061,0.172225084923009,0.0414742905779579,0.100214439134688,0.145133478921372,0.172225084923009,0.201312045228429,0.262025724817173
1000,68,"alpha0",0.142123953130812,0.14167458373648,0.0213628884113757,0.107691034896993,0.131253513232268,0.14167458373648,0.152157839711248,0.172208364280183
1000,68,"alpha1",0.597534079711702,0.596111766632841,0.0716828196154284,0.465004493176081,0.550423998627928,0.596111766632841,0.645233692379483,0.737115130848116
1000,68,"beta1",0.0913139937796519,0.08526973444985,0.0503619197981326,0.0116646875332052,0.0529241423298894,0.08526973444985,0.122085836126968,0.206284824610122
1000,69,"alpha0",0.0934482722223311,0.0913891043823899,0.0261743842112581,0.067855090774332,0.0834576758049274,0.0913891043823899,0.0997076167597473,0.117774554704092
1000,69,"alpha1",0.698462616183642,0.702613331687047,0.0598992765177692,0.584106476724947,0.663149419681745,0.702613331687047,0.738344898762668,0.802718083096108
1000,69,"beta1",0.225786011407581,0.224513559371945,0.0385212579447547,0.154064202204396,0.199815318144971,0.224513559371945,0.250614970185157,0.304169550899038
1000,70,"alpha0",0.110368425393677,0.109709464011174,0.0211703455885228,0.0777507819007832,0.0996331693352789,0.109709464011174,0.120270135824874,0.138865422637393
1000,70,"alpha1",0.731563309767938,0.736071067871657,0.0718542283944094,0.587456805185455,0.686957397729895,0.736071067871657,0.782277592215681,0.851466288925393
1000,70,"beta1",0.167754966462665,0.162920829500792,0.0488132922491496,0.0855515867847303,0.132052008584735,0.162920829500792,0.198536405390773,0.273845842957974
1000,71,"alpha0",0.0951112575627712,0.0935803846882881,0.0239944903666132,0.0711435037806659,0.085840169686023,0.0935803846882881,0.101315835368494,0.116807291771585
1000,71,"alpha1",0.712073957241157,0.717776035888,0.0697004420066288,0.573011730701642,0.673034578590011,0.717776035888,0.760089564917867,0.827287839824665
1000,71,"beta1",0.199887267305755,0.196817637131775,0.0423894417898554,0.124157955641855,0.170996343184543,0.196817637131775,0.22812385675393,0.290999968768493
1000,72,"alpha0",0.130911183022056,0.129948731279785,0.0226624187711394,0.103333502154035,0.120401141832231,0.129948731279785,0.139230169615448,0.157241198397318
1000,72,"alpha1",0.714319824936446,0.715421321870706,0.0720484357429728,0.577635498808177,0.668291464354074,0.715421321870706,0.762859324780306,0.844605475515247
1000,72,"beta1",0.100958142558689,0.0966291196571405,0.0368629635870881,0.0396814206970812,0.0746733312371656,0.0966291196571405,0.123037322926655,0.182943627226974
1000,73,"alpha0",0.0956702904818287,0.0944257485064191,0.0211974429385494,0.0682409267558119,0.0861391752759923,0.0944257485064191,0.103480734278611,0.121873607545037
1000,73,"alpha1",0.671622978420148,0.673879715671866,0.0729447399411979,0.520975717858726,0.622532368356951,0.673879715671866,0.722501393337154,0.801602624092826
1000,73,"beta1",0.229451811477551,0.225429799815489,0.0504662756766725,0.1409852137068,0.193781527393061,0.225429799815489,0.261494466444532,0.341566629024272
1000,74,"alpha0",0.109975348899511,0.108713937886628,0.0253379096152095,0.0807687801318664,0.0987285842704421,0.108713937886628,0.117755221629885,0.139431716308175
1000,74,"alpha1",0.727409693372866,0.733518649579188,0.0687720850375886,0.587590008202511,0.688418819087817,0.733518649579188,0.773728407816556,0.837839220930883
1000,74,"beta1",0.193557346504205,0.190620757496564,0.0440011258340488,0.11423224659691,0.163676317410596,0.190620757496564,0.221671635438442,0.288086264201501
1000,75,"alpha0",0.106276910933379,0.105678940420877,0.0235453870746739,0.0766945854966318,0.0963570001219989,0.105678940420877,0.114642097266267,0.130267651655516
1000,75,"alpha1",0.67678930695132,0.676582321169195,0.0665340770801421,0.549489640314979,0.636140743202813,0.676582321169195,0.721913161898646,0.79576851088788
1000,75,"beta1",0.222761064631478,0.219917235610688,0.0415929056157143,0.149848306117486,0.193706305715558,0.219917235610688,0.249164188478366,0.314637048946997
1000,76,"alpha0",0.0939517306578581,0.0927387043994073,0.0218513133065169,0.0716563814076791,0.0853403583498946,0.0927387043994073,0.100073338077059,0.114805105430619
1000,76,"alpha1",0.753182619274964,0.759768871037228,0.064382356778467,0.626330877797507,0.714108435604673,0.759768871037228,0.797483326922781,0.857216211507714
1000,76,"beta1",0.162432557966875,0.159898080107056,0.0372689359154201,0.097222351428605,0.13637345498519,0.159898080107056,0.185979637511773,0.243814708297739
1000,77,"alpha0",0.0792679352233168,0.0765559890694859,0.0291484258052511,0.0553417970937009,0.0686131253626384,0.0765559890694859,0.085123154561645,0.105132412978001
1000,77,"alpha1",0.615785938539986,0.617444897101321,0.0641550205008791,0.494454278914167,0.570237923065622,0.617444897101321,0.660581077228422,0.736383174219708
1000,77,"beta1",0.283332651850812,0.283323465826498,0.0528629341573183,0.186371186335162,0.248959526827616,0.283323465826498,0.317660470722123,0.383832519801382
1000,78,"alpha0",0.106390998417974,0.105472715634321,0.0229253955313369,0.0792940385978793,0.0961204325961837,0.105472715634321,0.113996839976704,0.129982907262336
1000,78,"alpha1",0.674987960524513,0.677003989306581,0.0694511209256857,0.557830924152948,0.631966719996066,0.677003989306581,0.720091562923031,0.794732492705468
1000,78,"beta1",0.197081596350186,0.194669811395246,0.0391815819340901,0.126666922831528,0.170179378519758,0.194669811395246,0.222268984372223,0.277856668250491
1000,79,"alpha0",0.0978891298255673,0.0963547072611366,0.0263923915847355,0.0672854296972917,0.0857403479208148,0.0963547072611366,0.106941750070062,0.131806438705019
1000,79,"alpha1",0.638372898195885,0.643148523814438,0.0695997395805569,0.505171973718583,0.593927728887122,0.643148523814438,0.686518320913082,0.758385735163324
1000,79,"beta1",0.208103207332491,0.206239418180533,0.0531347231820812,0.11107145095055,0.172062807867027,0.206239418180533,0.241673639137347,0.318727383245982
1000,80,"alpha0",0.0941502670382859,0.0927689305247998,0.0236412149623981,0.0714614749235446,0.0848712423311328,0.0927689305247998,0.10033549705135,0.113474486872007
1000,80,"alpha1",0.695386604296389,0.699653801033708,0.0694194849152218,0.564887105682996,0.655761381564678,0.699653801033708,0.742096475049875,0.811464890053259
1000,80,"beta1",0.190582894342353,0.187185027771425,0.0384779883349152,0.124036914177344,0.163280208465672,0.187185027771425,0.215547506602168,0.275131452325843
1000,81,"alpha0",0.106847568995712,0.105068099695684,0.0204815105744492,0.0788513547450178,0.0955103007642762,0.105068099695684,0.116024235539155,0.141079144775783
1000,81,"alpha1",0.583572011852628,0.584092765476588,0.0648548496916238,0.459172668019906,0.540311467400781,0.584092765476588,0.625878706100051,0.713952152844687
1000,81,"beta1",0.281982603817697,0.280579539245659,0.0504937562147828,0.18759229284806,0.247223490055599,0.280579539245659,0.314880084956528,0.385901003123083
1000,82,"alpha0",0.112320043284446,0.111833769841069,0.0218731975505632,0.0815280965635816,0.103458350230117,0.111833769841069,0.119778752625904,0.135482878201908
1000,82,"alpha1",0.613393758299272,0.613638236275901,0.0639189598078912,0.493922891562193,0.571543351032911,0.613638236275901,0.655451150147364,0.730353149678063
1000,82,"beta1",0.184380307514052,0.181013347571154,0.0423516690561851,0.110259976231209,0.154771506646398,0.181013347571154,0.210380252981468,0.277719402629903
1000,83,"alpha0",0.112340625760321,0.112034743341575,0.0225311149918366,0.0817147397281391,0.101355795934894,0.112034743341575,0.121577328178273,0.138178314678441
1000,83,"alpha1",0.666689833642855,0.668528814587103,0.0674794983003587,0.539828111693569,0.624982987188488,0.668528814587103,0.713224187636075,0.788204040744532
1000,83,"beta1",0.196512351320372,0.192075252134913,0.0477615603931845,0.117694420498914,0.162565713886258,0.192075252134913,0.225439676130244,0.305101246520125
1000,84,"alpha0",0.111103746544782,0.110752400949736,0.0191622327523166,0.0866479093457734,0.101959174575854,0.110752400949736,0.118728154040221,0.133776150457322
1000,84,"alpha1",0.754786469865351,0.75781996405227,0.0687751681703613,0.618363406370505,0.716187737605581,0.75781996405227,0.798097712845134,0.877210468825631
1000,84,"beta1",0.126811649196362,0.123439277387846,0.0381224204220843,0.0642357294462709,0.0994247895949577,0.123439277387846,0.150308377028941,0.212680395638079
1000,85,"alpha0",0.0801272170582597,0.0789544878175953,0.0227072821471168,0.0560876281052391,0.07137288926852,0.0789544878175953,0.0866261155894962,0.0992658277350956
1000,85,"alpha1",0.690711499647518,0.696135838169512,0.0623509195221078,0.565560593410032,0.655837901611875,0.696135838169512,0.732698008733273,0.795177124397183
1000,85,"beta1",0.237321915621582,0.233459217483976,0.0453137151595717,0.159322489508792,0.205892096130133,0.233459217483976,0.264851139364825,0.335745339205167
1000,86,"alpha0",0.107638046810762,0.106553676671035,0.0243339608913677,0.0783028750800666,0.097096410842405,0.106553676671035,0.115568880474552,0.132928401405672
1000,86,"alpha1",0.717014867403199,0.721889081948675,0.0594600244303267,0.602822666705827,0.683424256229497,0.721889081948675,0.756445932711514,0.812286312012651
1000,86,"beta1",0.213761388431159,0.211254786459749,0.0377488305664488,0.148010742456135,0.187281347070536,0.211254786459749,0.238349689923087,0.292921850365272
1000,87,"alpha0",0.0986455965181597,0.0975875740553505,0.0234233118702056,0.0664547873605852,0.0863542153284662,0.0975875740553505,0.108452265652142,0.128541281604716
1000,87,"alpha1",0.566536309982761,0.567887923487064,0.0674120078149798,0.428118538470793,0.522405298322167,0.567887923487064,0.612597061692838,0.690036278152445
1000,87,"beta1",0.304245274004242,0.302110548258509,0.0567897476549041,0.197380369796622,0.26587043107223,0.302110548258509,0.342354660509084,0.41784069508852
1000,88,"alpha0",0.137732779770895,0.137531804066237,0.0215813507607374,0.106710169148633,0.126109094978298,0.137531804066237,0.147669152778749,0.166993150154615
1000,88,"alpha1",0.698707677898957,0.697463123575577,0.0819275079009998,0.552862599070194,0.646816623701177,0.697463123575577,0.750690738496623,0.863255243487339
1000,88,"beta1",0.0800582837214619,0.0741679009602443,0.0430613248932498,0.0144342263444657,0.0500469595415737,0.0741679009602443,0.102642851607174,0.178127047053247
1000,89,"alpha0",0.0871933537381466,0.085789506759491,0.0229395645429523,0.0650367760554863,0.0783469956822538,0.085789506759491,0.0931717861728849,0.106723395990246
1000,89,"alpha1",0.574666080106676,0.574236226064541,0.0705960825359107,0.441114268542207,0.526503341760686,0.574236226064541,0.621313097758197,0.714501695697965
1000,89,"beta1",0.270305009457178,0.267083348096535,0.0461415312453198,0.18750405173897,0.237804642455378,0.267083348096535,0.301091735810816,0.363574871752928
1000,90,"alpha0",0.107849783951604,0.106247904308915,0.0236330603481567,0.0804385741214608,0.0966718512604801,0.106247904308915,0.11548084066965,0.136845433604201
1000,90,"alpha1",0.669922780910641,0.671663764757304,0.0765337533596117,0.514891222236988,0.623955753923576,0.671663764757304,0.719181753590602,0.811913032503946
1000,90,"beta1",0.21613060013545,0.214206961059206,0.045078109826639,0.134231994804333,0.185885967739711,0.214206961059206,0.245097533203356,0.308110297399124
1000,91,"alpha0",0.115222233501687,0.114034097913945,0.0207870312346476,0.0841812532484856,0.104080898128299,0.114034097913945,0.124874898972527,0.147488712048262
1000,91,"alpha1",0.647883861505858,0.647997895476416,0.0621017015105065,0.529759850390964,0.606161607630178,0.647997895476416,0.690391874608453,0.76413843438845
1000,91,"beta1",0.222838754149902,0.221520446280344,0.0476165741010648,0.132179085074354,0.190587045621038,0.221520446280344,0.25361713484361,0.323946692326862
1000,92,"alpha0",0.107177508776778,0.105770208932834,0.0254560411766237,0.0755766158451212,0.095503346510961,0.105770208932834,0.116374622130549,0.135601133809248
1000,92,"alpha1",0.58288340882276,0.581629183878719,0.0730633197086071,0.450567784154805,0.533000639455787,0.581629183878719,0.634281443932221,0.718619729102298
1000,92,"beta1",0.226812317969985,0.223583094631645,0.0558634586318889,0.124905274028153,0.187434336685601,0.223583094631645,0.263459661349538,0.344607497459412
1000,93,"alpha0",0.0982572667171632,0.0972717143185978,0.0194368892471198,0.0719874853966389,0.0885519180407982,0.0972717143185978,0.106447008889412,0.124317420726443
1000,93,"alpha1",0.716476128696619,0.721014748872115,0.058551338058908,0.595327307769943,0.680228031221982,0.721014748872115,0.757942976411969,0.817793589926858
1000,93,"beta1",0.2188775199995,0.2162769657168,0.0427269707879373,0.142186326134081,0.188116826861642,0.2162769657168,0.247503593393798,0.306812874392053
1000,94,"alpha0",0.107389840148648,0.106522107897497,0.0204077014106042,0.0832063722732602,0.098164148005279,0.106522107897497,0.113967094783658,0.129949024905745
1000,94,"alpha1",0.799795308943005,0.806883880381345,0.0568314733677557,0.695707717648087,0.770940169353385,0.806883880381345,0.83681490566832,0.879359682563072
1000,94,"beta1",0.14920622708312,0.146565188715861,0.0327909280832803,0.0939387008788917,0.126288971179235,0.146565188715861,0.168920253742825,0.218413065876302
1000,95,"alpha0",0.108356202025231,0.106749593948624,0.0262416230094949,0.0823170404156729,0.0978293486063238,0.106749593948624,0.115506189115518,0.133949715928968
1000,95,"alpha1",0.638963914097017,0.64040281335526,0.0678245196927314,0.509373510403381,0.595277535964545,0.64040281335526,0.683008560909378,0.768885311169669
1000,95,"beta1",0.185619816225193,0.182264464469628,0.0464724116575916,0.101907767582071,0.154078823415062,0.182264464469628,0.216880668258611,0.280792188599163
1000,96,"alpha0",0.116311976470949,0.115724625927578,0.0214278543508191,0.0834805666270805,0.103735789365398,0.115724625927578,0.126829422831316,0.151582304221101
1000,96,"alpha1",0.749996876066101,0.753138300960942,0.0632730592345331,0.627016039837185,0.711848237018375,0.753138300960942,0.790866400498214,0.867753729405387
1000,96,"beta1",0.159559780432508,0.156092101317254,0.0460737784487772,0.0764427477110173,0.126898179591673,0.156092101317254,0.190161473333897,0.255858787486908
1000,97,"alpha0",0.10016405014986,0.0990356492497202,0.0208736849122744,0.0759219359637923,0.0908468206329695,0.0990356492497202,0.107130060516108,0.122747215045518
1000,97,"alpha1",0.732737477550507,0.736575159283166,0.0627758577393904,0.607499326227951,0.694900583236427,0.736575159283166,0.776114859270812,0.839322799904032
1000,97,"beta1",0.169939411730227,0.167209104061162,0.0390579678319592,0.101436385282241,0.140477537420919,0.167209104061162,0.196364938390684,0.250304538894083
1000,98,"alpha0",0.0931956673203379,0.092234534697809,0.0216787296837374,0.0683284658135999,0.083657648230074,0.092234534697809,0.100271368093222,0.114873770246617
1000,98,"alpha1",0.666337089009255,0.669981310662386,0.0716122932443524,0.526154404030758,0.622617166774518,0.669981310662386,0.713419013001771,0.791283258267627
1000,98,"beta1",0.245734952427984,0.242815637909969,0.0449874019781257,0.165941521186761,0.213092219575736,0.242815637909969,0.275842607180497,0.339251460717059
1000,99,"alpha0",0.122736360411805,0.121709454940025,0.0213736320552425,0.0963690733381379,0.112972092817006,0.121709454940025,0.130187737255101,0.148696604740606
1000,99,"alpha1",0.775813398472599,0.779987941890325,0.0602041795887375,0.654003635453388,0.742878018342834,0.779987941890325,0.816363789809079,0.873671579346937
1000,99,"beta1",0.152423836829501,0.148933221205359,0.0361833988227749,0.0905036389341642,0.127027062992719,0.148933221205359,0.174481423260807,0.23212658540698
1000,100,"alpha0",0.0898687563787357,0.0888024359892065,0.0209670159434736,0.0667727583518136,0.08075417317741,0.0888024359892065,0.0967349036249375,0.111630976496629
1000,100,"alpha1",0.57344550684567,0.573833524589706,0.0660270620142359,0.457417362877645,0.529589226209933,0.573833524589706,0.615763465697073,0.702590544644038
1000,100,"beta1",0.24891280500417,0.245631721735925,0.0472902450329215,0.162610141409135,0.215661645639665,0.245631721735925,0.280207399943885,0.349320823515585
1000,101,"alpha0",0.0918301251685723,0.09039581183287,0.0223196342661903,0.0698925268948253,0.0824517243042368,0.09039581183287,0.0978973962000694,0.112169190764171
1000,101,"alpha1",0.661074561313668,0.661887289201652,0.0626093971692929,0.537772773016796,0.620016454440497,0.661887289201652,0.705160552025975,0.780260765994379
1000,101,"beta1",0.212134763003653,0.210853775824373,0.0397127311554335,0.137824112610703,0.186763303532385,0.210853775824373,0.23679069769987,0.294065146695331
1000,102,"alpha0",0.0899172776140619,0.0889373159398835,0.0202864090294782,0.0662763933762988,0.0809224968155691,0.0889373159398835,0.0968291250608493,0.111593460267406
1000,102,"alpha1",0.70171214151229,0.707394628969974,0.0554752000490494,0.589671055517044,0.66598072321491,0.707394628969974,0.738999355575531,0.797470085409102
1000,102,"beta1",0.233775879730157,0.232738800334407,0.0400081748162488,0.161930515946329,0.2067289738235,0.232738800334407,0.259596325185539,0.314949383780502
1000,103,"alpha0",0.107453543566173,0.106319879798764,0.0235865566534621,0.0758359465060846,0.0965048564534093,0.106319879798764,0.116228160447112,0.134514280559356
1000,103,"alpha1",0.666820729334387,0.668381680423847,0.0736836000666746,0.531731086190033,0.620273227218927,0.668381680423847,0.717742484262546,0.79616940000186
1000,103,"beta1",0.173647725819012,0.169548342541698,0.049897409590075,0.0885740131087798,0.136609586489084,0.169548342541698,0.207966968179456,0.279870156285107
1000,104,"alpha0",0.112937795611363,0.111781788686403,0.0239761950571789,0.0842826540171647,0.102588634498129,0.111781788686403,0.121065071147326,0.138385497703688
1000,104,"alpha1",0.697508779848341,0.701010251638401,0.0700510755043925,0.56527919079637,0.65478763835521,0.701010251638401,0.745800390092878,0.817117175086753
1000,104,"beta1",0.195124142352449,0.191691624163944,0.04336346474343,0.119914815096344,0.163291857996991,0.191691624163944,0.224295544860772,0.282166525312614
1000,105,"alpha0",0.118876406911741,0.117391918922661,0.0244823542319443,0.0917811473272537,0.108056370977297,0.117391918922661,0.126677489849138,0.145220841236567
1000,105,"alpha1",0.700653229107239,0.700777500739575,0.0702074124851445,0.574291915225058,0.656791540740298,0.700777500739575,0.742316525257908,0.839533332904486
1000,105,"beta1",0.177572326000378,0.175930020207904,0.040083755671012,0.105891939824141,0.149520009970612,0.175930020207904,0.202568556013286,0.261119160707646
1000,106,"alpha0",0.133200988890886,0.131992554462279,0.0265846476539611,0.0900306135475054,0.117953133239558,0.131992554462279,0.146160012858341,0.180940523939363
1000,106,"alpha1",0.615485693117554,0.61358737055316,0.0690662702463083,0.485355876067021,0.57092377546789,0.61358737055316,0.660871362408376,0.751513941698678
1000,106,"beta1",0.172980842778405,0.170717197030458,0.0642536304042389,0.0407579412425046,0.129981554092095,0.170717197030458,0.214591630257503,0.304666471030079
1000,107,"alpha0",0.0993925775104464,0.0982545612447513,0.02331771881087,0.0679372534376148,0.0873918755711782,0.0982545612447513,0.108471939078703,0.131691253165608
1000,107,"alpha1",0.610592787867229,0.608587481020227,0.0688371456501292,0.48153087105255,0.569335325279406,0.608587481020227,0.65458666909354,0.74813387040456
1000,107,"beta1",0.2255733955132,0.22360912445004,0.0513576981971755,0.129839751606371,0.189770691144793,0.22360912445004,0.259741865543299,0.32908627406878
1000,108,"alpha0",0.0990478312983993,0.0976513122837013,0.0209591689545653,0.0744674772677627,0.08942599611251,0.0976513122837013,0.10576530309163,0.125732396366964
1000,108,"alpha1",0.726912675714927,0.730299520064262,0.0651715121141596,0.600333570574117,0.689737323018606,0.730299520064262,0.772346535820416,0.834506651175715
1000,108,"beta1",0.193149143753361,0.190859215732623,0.042534055100809,0.113155523149275,0.163482627188388,0.190859215732623,0.222078925738753,0.279234983351845
1000,109,"alpha0",0.0937381946071037,0.0931784152887048,0.0197863636069881,0.0684067752584339,0.0843111627117992,0.0931784152887048,0.101341861093187,0.117213805229538
1000,109,"alpha1",0.634573887052159,0.636147359933479,0.0678543724910646,0.499607251089997,0.591317330469431,0.636147359933479,0.681744863386207,0.75843289209474
1000,109,"beta1",0.218731623704018,0.214989753229208,0.0503793956698459,0.131974274597825,0.182733318742272,0.214989753229208,0.250228915345014,0.330422205921664
1000,110,"alpha0",0.133197232668449,0.131456594487453,0.0261149036921899,0.100780384380181,0.121152001933508,0.131456594487453,0.14230174241977,0.163630189003323
1000,110,"alpha1",0.765136543857691,0.770458068922616,0.0732200915014809,0.620436572261292,0.722179401059572,0.770458068922616,0.816182840990254,0.888164286441306
1000,110,"beta1",0.131274583128228,0.128747808146178,0.0389757013657631,0.0616712005853944,0.104000010494303,0.128747808146178,0.155749843136091,0.216618073768962
1000,111,"alpha0",0.110450181193068,0.109611420726272,0.0228690987376997,0.0820687728745485,0.0995882994990742,0.109611420726272,0.118786151074497,0.137730242487401
1000,111,"alpha1",0.602125520830921,0.597811831893723,0.072339336699858,0.465960140615275,0.554077269201319,0.597811831893723,0.646602414992941,0.762170831599712
1000,111,"beta1",0.193399725116003,0.191202566356951,0.0462889676705131,0.104897127429179,0.161896615251569,0.191202566356951,0.224405048590947,0.289698540122179
1000,112,"alpha0",0.0953757082901973,0.0935579860289032,0.024386937538423,0.0712425174287625,0.0857251061479257,0.0935579860289032,0.101489234912844,0.117559442055599
1000,112,"alpha1",0.687336162080425,0.689954070807577,0.0628455200363847,0.562639066828359,0.651664257436883,0.689954070807577,0.730534507625321,0.79323953574486
1000,112,"beta1",0.212347721124705,0.210858024560053,0.0364918288153023,0.148607096925694,0.186236022404767,0.210858024560053,0.235061176988841,0.286929178445677
1000,113,"alpha0",0.112277153479184,0.110618190410336,0.0243607176294178,0.0861022315567016,0.102140147096895,0.110618190410336,0.119086875167997,0.139547052881029
1000,113,"alpha1",0.637770030159581,0.634348078159787,0.0749208965487538,0.497107319848376,0.587930016733746,0.634348078159787,0.687718383690232,0.780552168112012
1000,113,"beta1",0.165774331637853,0.163324262414494,0.0414876664217377,0.0906399236006183,0.137834247407756,0.163324262414494,0.192081358408888,0.255245878149419
1000,114,"alpha0",0.114322775449611,0.113019930094815,0.0215858229863508,0.0894248514206762,0.104227115754593,0.113019930094815,0.122201825411179,0.138680982550382
1000,114,"alpha1",0.755534325326243,0.761795647557192,0.0667469239941325,0.616048371887557,0.714307405446007,0.761795647557192,0.803843862766792,0.866924733729731
1000,114,"beta1",0.147880752011007,0.145345479588459,0.0431236821748656,0.0735776145511282,0.11612385123629,0.145345479588459,0.175381740405286,0.240365795194255
1000,115,"alpha0",0.0918143029333651,0.0897702508900784,0.0263895614149794,0.0671947953222189,0.082003118539767,0.0897702508900784,0.0977388862836565,0.113869848676074
1000,115,"alpha1",0.685358606070263,0.689598653312971,0.0566155533714476,0.566834466645954,0.651480607228653,0.689598653312971,0.724794299978087,0.781937041775617
1000,115,"beta1",0.241572337333954,0.239505059370169,0.0388117641451467,0.171514866179964,0.214783343310553,0.239505059370169,0.265305939773428,0.328990633479844
1000,116,"alpha0",0.0973922113545816,0.0964977513338394,0.0198423796567398,0.0716228050005014,0.0878372412052099,0.0964977513338394,0.105000312911902,0.123458524016928
1000,116,"alpha1",0.69592768713571,0.699505050993712,0.06673970036956,0.570860538353363,0.658689724290374,0.699505050993712,0.73933822260667,0.806736485663165
1000,116,"beta1",0.222678346800311,0.219046399464111,0.0445373255690788,0.144567788063984,0.190489744578853,0.219046399464111,0.251766415656521,0.31600794129644
1000,117,"alpha0",0.101774126061101,0.101195425663546,0.0228714165905739,0.0725751216374266,0.0925805546593699,0.101195425663546,0.109275511677643,0.125398771444678
1000,117,"alpha1",0.707648659633518,0.707185188700807,0.074504592069795,0.580103316681666,0.660767465643747,0.707185188700807,0.755597945182048,0.839638703743691
1000,117,"beta1",0.165868019666303,0.161716787253665,0.0417188229037665,0.0948104437276468,0.136741008433429,0.161716787253665,0.191257336859369,0.262817477927191
1000,118,"alpha0",0.102230377887571,0.101649448600266,0.0217785186301562,0.0701698528411038,0.0915167994461832,0.101649448600266,0.111374209701717,0.131254188009533
1000,118,"alpha1",0.607706930852904,0.607735590510767,0.0666602713213102,0.483848649636978,0.563657470023199,0.607735590510767,0.651029262895209,0.741742637390637
1000,118,"beta1",0.247044116758282,0.243868820794029,0.051811781018689,0.153029879892412,0.210996592996674,0.243868820794029,0.27950694821077,0.357739789792398
1000,119,"alpha0",0.106462849675011,0.105715931581919,0.0214686080489508,0.0773892483790237,0.0957529281134282,0.105715931581919,0.115385891847689,0.134504346364901
1000,119,"alpha1",0.694240798599596,0.696599992313393,0.0646198245023039,0.571517504528318,0.653258008236522,0.696599992313393,0.736924606189065,0.816676563011872
1000,119,"beta1",0.180861381791444,0.177476463904311,0.0449274257473487,0.102539356987946,0.150247089197303,0.177476463904311,0.208303548471958,0.275788679662526
1000,120,"alpha0",0.105337154033977,0.103645786369804,0.0222955106095143,0.078475704426895,0.094835084352078,0.103645786369804,0.113014503024043,0.134259724138069
1000,120,"alpha1",0.659045241485522,0.662502129302693,0.0717527706533277,0.517462306532712,0.617498528010038,0.662502129302693,0.705398024472058,0.782711720851119
1000,120,"beta1",0.207139385884663,0.205241736271186,0.0457475064361779,0.124191902937553,0.174128421591307,0.205241736271186,0.238025065625812,0.30064499005277
1000,121,"alpha0",0.111133896869385,0.110036892800323,0.022892733229745,0.084799985608327,0.100668477627393,0.110036892800323,0.118325511991337,0.137679929627429
1000,121,"alpha1",0.738184396469588,0.747964430383692,0.0729904299726051,0.605328438582736,0.694335532339826,0.747964430383692,0.788668942995071,0.848898857219431
1000,121,"beta1",0.16016708636679,0.155991776140052,0.0399571997542399,0.0926374746722484,0.131388011102362,0.155991776140052,0.185976224869663,0.245585879059346
1000,122,"alpha0",0.120294700224233,0.119528282486757,0.019712741164724,0.0957465279918911,0.110894210192145,0.119528282486757,0.127535922127231,0.144627293457363
1000,122,"alpha1",0.764935843708558,0.770021740964089,0.0756546987328356,0.625471018129265,0.721235407415111,0.770021740964089,0.813332445277841,0.899898849577505
1000,122,"beta1",0.108903423088712,0.1058033563352,0.0365800144291885,0.0461687637601422,0.0841324931376007,0.1058033563352,0.130888431746476,0.186452817453077
1000,123,"alpha0",0.119759885838532,0.118105557692881,0.0244610298333478,0.0884330387097101,0.107898912909509,0.118105557692881,0.128345192348969,0.154383569500696
1000,123,"alpha1",0.608778520743814,0.609302393609778,0.0765168912445807,0.468298840456684,0.561838169743282,0.609302393609778,0.656988238152218,0.750931568878065
1000,123,"beta1",0.168636829752344,0.166452402120515,0.0492565576613995,0.0733846191295949,0.134917946263785,0.166452402120515,0.201707817031615,0.268403751880586
1000,124,"alpha0",0.108115627748088,0.107440781972478,0.0207114149738879,0.083900139153627,0.098948713769599,0.107440781972478,0.115220144329966,0.130497272465971
1000,124,"alpha1",0.725502266826448,0.72757521682834,0.0664771257597949,0.594751499907722,0.681987669240332,0.72757521682834,0.772171500222125,0.845098375647994
1000,124,"beta1",0.176258737733093,0.174078532538548,0.0388755079959531,0.105437036085947,0.149557574360594,0.174078532538548,0.200939725707919,0.258723809317565
1000,125,"alpha0",0.0995601152471609,0.0981581599180888,0.0219327979366091,0.0731266769806347,0.0905675756584391,0.0981581599180888,0.106333368468072,0.121711816891086
1000,125,"alpha1",0.70157477272042,0.700250784847208,0.0743823395524397,0.567805744427948,0.654803511114508,0.700250784847208,0.752453070200399,0.834908265850976
1000,125,"beta1",0.175458380858059,0.173480436831249,0.0382118583350955,0.106772240796807,0.148893789125296,0.173480436831249,0.199564920611245,0.255715736012667
1000,126,"alpha0",0.0880327042960829,0.0867104657179237,0.0242711852286382,0.0638577392153308,0.0790117554090809,0.0867104657179237,0.0944650296829661,0.109702085225324
1000,126,"alpha1",0.606075211709518,0.604351785892032,0.0713757740794324,0.474520143077939,0.560543927940726,0.604351785892032,0.65027942960194,0.752647800478856
1000,126,"beta1",0.261998271523354,0.258085403133506,0.0465147801772352,0.178236941691327,0.228889394219932,0.258085403133506,0.29319626798637,0.359310523850786
1000,127,"alpha0",0.097112329245376,0.0954035362193231,0.0222724387766741,0.0713430124087872,0.0861004019002946,0.0954035362193231,0.105552879940747,0.124535408895631
1000,127,"alpha1",0.67899629981974,0.682017987541273,0.0602786736435673,0.552539947158873,0.64342975932903,0.682017987541273,0.71972391913244,0.780956921263529
1000,127,"beta1",0.2429948437716,0.242484724058706,0.0442113129941108,0.158147158119231,0.212824673919784,0.242484724058706,0.272904954211515,0.330163490892971
1000,128,"alpha0",0.0919185035193569,0.0905481497502419,0.0241685833596389,0.0688147922080406,0.0830045549429821,0.0905481497502419,0.0977073238325985,0.11340140570058
1000,128,"alpha1",0.689937133812605,0.694286281609139,0.0609807607774034,0.568128396174095,0.653904891113467,0.694286281609139,0.73091237583497,0.793170587623149
1000,128,"beta1",0.227035612185539,0.225943731208832,0.0377135519783875,0.156265808188212,0.200741663996767,0.225943731208832,0.251471853332579,0.304046486994814
1000,129,"alpha0",0.0952898773733022,0.0937100195745665,0.0229784460215333,0.0699599097699458,0.0851224190294769,0.0937100195745665,0.103004256770573,0.119843495012462
1000,129,"alpha1",0.677490737139998,0.682251876803615,0.0617852763294954,0.547626038022799,0.636854869706495,0.682251876803615,0.721939251302823,0.784299781575905
1000,129,"beta1",0.256704378826308,0.253050627433584,0.0437135074050649,0.179212328796807,0.225957856560741,0.253050627433584,0.286948342960235,0.348051566519476
1000,130,"alpha0",0.0989261499464288,0.0977610904111896,0.0219832224624506,0.0733229023963963,0.0886590714156812,0.0977610904111896,0.106822573604488,0.124309915592222
1000,130,"alpha1",0.710546950739113,0.708428543429172,0.0755072558167678,0.573238074757874,0.662368580219497,0.708428543429172,0.762201967068604,0.849431304348376
1000,130,"beta1",0.134147159980816,0.129892689308708,0.0473422056965162,0.0531214702058884,0.100171565417088,0.129892689308708,0.164515352150891,0.237558968145178
1000,131,"alpha0",0.0890775327195811,0.086835031566364,0.0281102794327231,0.062893525192814,0.0773892975948354,0.086835031566364,0.0958520958143959,0.11452409092589
1000,131,"alpha1",0.553618273360832,0.552757312696014,0.0643852677075085,0.430627015127903,0.510855012226999,0.552757312696014,0.594679896566953,0.689660607411761
1000,131,"beta1",0.286446223235193,0.285652863981755,0.054899450889675,0.182213116936002,0.249320100539702,0.285652863981755,0.325492671419483,0.391045332892999
1000,132,"alpha0",0.106690678026589,0.105349533176181,0.0222414488131355,0.0767518759505303,0.0948095659061951,0.105349533176181,0.116496124622219,0.137070732092998
1000,132,"alpha1",0.563434534271691,0.560226002068663,0.0651735033514245,0.443049572514391,0.51933408387138,0.560226002068663,0.606038067783332,0.699833647951439
1000,132,"beta1",0.232177614715884,0.229551656527902,0.0568834132092523,0.123046694507929,0.195067959400803,0.229551656527902,0.268317815192344,0.35114734825365
1000,133,"alpha0",0.0849217288058464,0.0826090782227995,0.0242414779188201,0.0583893512358128,0.0735338479775698,0.0826090782227995,0.0923203938013127,0.114727584295748
1000,133,"alpha1",0.602149861250163,0.604340051341386,0.0653260376881477,0.4741566767837,0.559416068538808,0.604340051341386,0.648158118684307,0.720113854122458
1000,133,"beta1",0.283146068175493,0.282422012430028,0.0570787992372067,0.176567925968434,0.244937990601941,0.282422012430028,0.32210356515847,0.396051301936704
1000,134,"alpha0",0.096712930988948,0.0957207777588772,0.0205370142186934,0.0706262704719947,0.0859702329047949,0.0957207777588772,0.105117101605602,0.122446601148976
1000,134,"alpha1",0.715184703835794,0.716729253202027,0.0609161750284644,0.594103940095696,0.679533446654554,0.716729253202027,0.757430640691722,0.820417443409733
1000,134,"beta1",0.215078673160367,0.212381585687131,0.0442667514891042,0.133051080994942,0.184165346327413,0.212381585687131,0.244897170872561,0.30747273262364
1000,135,"alpha0",0.104047219912286,0.10257600205129,0.0234296701952127,0.0791986583245039,0.0945839265681597,0.10257600205129,0.110642969019133,0.126230248283236
1000,135,"alpha1",0.710618578710578,0.71323876634776,0.0747067613852876,0.577432762817027,0.665479217930266,0.71323876634776,0.760306191646211,0.844951436773608
1000,135,"beta1",0.153530012870641,0.150937215037888,0.0394593044705092,0.0837164147586397,0.125060514473561,0.150937215037888,0.178786641765866,0.240014694063007
1000,136,"alpha0",0.0898781467110984,0.0892384607355092,0.0213969863834894,0.0643645998765821,0.0796715710171672,0.0892384607355092,0.0979465241074436,0.114560667241139
1000,136,"alpha1",0.690505359531236,0.694462205352008,0.0552716011128157,0.580225169186089,0.658153705866083,0.694462205352008,0.728290829194969,0.782562509397229
1000,136,"beta1",0.263798322627358,0.261808422360201,0.0418969229167752,0.188379095965112,0.233613722746932,0.261808422360201,0.292378873268424,0.34899883038505
1000,137,"alpha0",0.101433204072923,0.100114378393789,0.0250642264874831,0.0755205274749308,0.0904699188106543,0.100114378393789,0.109139033695035,0.125801545046647
1000,137,"alpha1",0.593316715110567,0.594026766613283,0.0663896172975071,0.461684890271651,0.550345536089989,0.594026766613283,0.637927154598496,0.722287055345994
1000,137,"beta1",0.233531927635366,0.230100457715339,0.0467976659328122,0.151965243144113,0.200239547540371,0.230100457715339,0.263472920932466,0.333087074473576
1000,138,"alpha0",0.104814031293901,0.104022163244931,0.0215292136234222,0.0776876712452299,0.0953097955291475,0.104022163244931,0.112524523559109,0.127719477228299
1000,138,"alpha1",0.713559169402902,0.71475087520318,0.0679158600044798,0.588120179874133,0.671419443660445,0.71475087520318,0.759423292100387,0.831273035123904
1000,138,"beta1",0.175484350661614,0.171181962065845,0.0411553476711988,0.106515468097647,0.146010798511781,0.171181962065845,0.200016242107568,0.269375561297239
1000,139,"alpha0",0.125053955479476,0.124991051520652,0.0232941039701646,0.090066192963704,0.114268231999036,0.124991051520652,0.134759108091985,0.154031951432362
1000,139,"alpha1",0.501395044307116,0.501248661383499,0.0626560498599974,0.380686663831277,0.457654838696772,0.501248661383499,0.545196114832654,0.62171898864167
1000,139,"beta1",0.185047095764247,0.178714547104923,0.0592745483472214,0.08770684627664,0.141647810638416,0.178714547104923,0.221768215825275,0.316863735120306
1000,140,"alpha0",0.113650755352249,0.11238068465695,0.0204612176987812,0.0859143133575481,0.103373167611004,0.11238068465695,0.1223531331872,0.141418480340044
1000,140,"alpha1",0.650127628799053,0.65191017832648,0.0678427006828228,0.514432157910167,0.608580320827712,0.65191017832648,0.694988532134388,0.780575680804035
1000,140,"beta1",0.195090703883756,0.192565618782585,0.0435674053934353,0.116463244891647,0.16340465165404,0.192565618782585,0.22454794771873,0.283225018194525
1000,141,"alpha0",0.0762022220416524,0.0745658983151709,0.0239697826224041,0.0540425313139445,0.0672288976211001,0.0745658983151709,0.0813252264294958,0.0982595602651294
1000,141,"alpha1",0.591363202609407,0.594684032632243,0.069403810077986,0.456496687020073,0.5489523488931,0.594684032632243,0.640177089348148,0.710721857508736
1000,141,"beta1",0.309519990980961,0.309102307992388,0.0503398990282789,0.214700797287852,0.274304665970817,0.309102307992388,0.342475539743553,0.408715135215397
1000,142,"alpha0",0.11568817765242,0.115273995642718,0.0245380694695451,0.0809087386797161,0.104847682585484,0.115273995642718,0.125013472266452,0.141780386288175
1000,142,"alpha1",0.666890250914109,0.668583251383029,0.0717233463949154,0.525478642251018,0.622082376966155,0.668583251383029,0.712703998259584,0.805009686124961
1000,142,"beta1",0.195942168015198,0.189685145502004,0.0486856169288371,0.117951152785085,0.162279785643819,0.189685145502004,0.222099960760832,0.311789115680955
1000,143,"alpha0",0.0894229356063443,0.0865521036301195,0.0309996803744938,0.0665685986144897,0.0796851221126678,0.0865521036301195,0.0936708000454681,0.110298303040608
1000,143,"alpha1",0.710763678183117,0.716237200699121,0.0640960252428511,0.59037653769248,0.672681876532214,0.716237200699121,0.754108836520344,0.815421442616271
1000,143,"beta1",0.224216375796805,0.223150639706152,0.039990633261209,0.15101583757274,0.195795121556994,0.223150639706152,0.251624768745284,0.304793994869752
1000,144,"alpha0",0.0928791688745496,0.0914546743718352,0.0190637580885181,0.0696642995854342,0.0836765698347218,0.0914546743718352,0.10041670198457,0.116127832578776
1000,144,"alpha1",0.574553855702921,0.575479333429462,0.0648765382964949,0.452421981642529,0.532997810103707,0.575479333429462,0.616437474609861,0.699339704512706
1000,144,"beta1",0.265082645319562,0.264377618193471,0.0486049283308869,0.173684703643075,0.231353287771493,0.264377618193471,0.296854069261191,0.363507730462151
1000,145,"alpha0",0.104160946646016,0.102673182523378,0.0245109172667713,0.0750141617407712,0.0922457984462852,0.102673182523378,0.112923930291728,0.133932489860263
1000,145,"alpha1",0.709237763217127,0.710533288964027,0.0751778495248113,0.574661824224486,0.65917650906517,0.710533288964027,0.759302944636402,0.852296511536236
1000,145,"beta1",0.172914689835703,0.171532095905682,0.0533575341169601,0.0769212460172233,0.134457764766304,0.171532095905682,0.207785550728642,0.282435400260206
1000,146,"alpha0",0.113539566451546,0.112743240327764,0.0201389374093896,0.0892979372383558,0.104612475888967,0.112743240327764,0.12067595644238,0.136593201962494
1000,146,"alpha1",0.734353188025824,0.736495605073225,0.0618647579847353,0.614290261709547,0.694651655084605,0.736495605073225,0.777109160653619,0.847139802493855
1000,146,"beta1",0.145591263517864,0.14263003169655,0.0367401296172297,0.0808025408246002,0.120115928098556,0.14263003169655,0.168847050908467,0.224260929686343
1000,147,"alpha0",0.0951271859487879,0.0932029359779917,0.0254289655609703,0.0716664872135157,0.0849460251170104,0.0932029359779917,0.100928947580315,0.119408651523534
1000,147,"alpha1",0.711988408209306,0.718294497760326,0.0632318832205325,0.587077147950394,0.679007048124489,0.718294497760326,0.753598864298739,0.808917536710171
1000,147,"beta1",0.226806380468141,0.224491642164635,0.0381098640331388,0.158140884166445,0.200602708557435,0.224491642164635,0.250904573167611,0.305113665700917
1000,148,"alpha0",0.122526366709092,0.121703723930074,0.0231498642057919,0.0889693266102678,0.110848733132659,0.121703723930074,0.132272704410428,0.154375318338407
1000,148,"alpha1",0.752090961288207,0.756297494345982,0.0786021420356241,0.613484039742417,0.707918961081854,0.756297494345982,0.804535000296384,0.878477239536327
1000,148,"beta1",0.144449065472222,0.141205046227547,0.0444524652649945,0.0661935664748523,0.112985388506432,0.141205046227547,0.172824724467242,0.240407368811205
1000,149,"alpha0",0.0894462993298239,0.0875379439416457,0.0254879790289495,0.0642265510009659,0.0795117920014968,0.0875379439416457,0.0952323915875344,0.116610727210083
1000,149,"alpha1",0.663083764560824,0.665646855415483,0.0630602176457902,0.537342241570261,0.623052517025631,0.665646855415483,0.707698389927066,0.776851487302028
1000,149,"beta1",0.248282388752906,0.248086638915996,0.048517596196229,0.15424348599583,0.216907221802618,0.248086638915996,0.278971011701931,0.344434494933733
1000,150,"alpha0",0.0961527915012958,0.0953293498366759,0.0190676803513387,0.0689196907499843,0.0865043228769289,0.0953293498366759,0.103897750301709,0.122846970059365
1000,150,"alpha1",0.70152112824702,0.702531284976564,0.059458347978617,0.586534522022192,0.661005892185055,0.702531284976564,0.743811217367705,0.811020871847575
1000,150,"beta1",0.190033156759537,0.187511476812176,0.0456634987484612,0.104806135288648,0.160442570229076,0.187511476812176,0.218061403871479,0.289445268422441
1000,151,"alpha0",0.103689031501869,0.102828359740636,0.0229650019379987,0.0710472730601813,0.0927221683964428,0.102828359740636,0.113360389296857,0.132102919569289
1000,151,"alpha1",0.550750354928303,0.549261703604035,0.0705766264795806,0.413650258454359,0.503948824927918,0.549261703604035,0.597706739482935,0.692032796820836
1000,151,"beta1",0.225731547052808,0.220596169885718,0.0560937892000098,0.132374482216796,0.184035518274377,0.220596169885718,0.260885789725682,0.346019884251766
1000,152,"alpha0",0.0986103737654326,0.0983476643489159,0.0221156065600592,0.0719725486519529,0.0889702926333161,0.0983476643489159,0.106304525765623,0.120798695405926
1000,152,"alpha1",0.70901585775173,0.709545426433439,0.0662123475823635,0.592024372321706,0.666570418327238,0.709545426433439,0.750837376973967,0.83969291749683
1000,152,"beta1",0.186738398006334,0.182427913979718,0.0440824273664677,0.110272877522767,0.155893583909844,0.182427913979718,0.211951018617499,0.286767422249243
1000,153,"alpha0",0.105630085281704,0.104665344863477,0.0228370065578993,0.0744604295054089,0.0944891766469999,0.104665344863477,0.114952416097252,0.135656831012678
1000,153,"alpha1",0.738573296436289,0.741427641505009,0.0661253394360089,0.622173268562655,0.701187709647742,0.741427641505009,0.779503082267364,0.855110163180362
1000,153,"beta1",0.193243058841656,0.190030634329808,0.0479787233630101,0.107693923521864,0.158973819080353,0.190030634329808,0.224014368549702,0.296162781512299
1000,154,"alpha0",0.0977445734236548,0.0966163861854303,0.0223031871856427,0.0717440303465814,0.0873879573704169,0.0966163861854303,0.105061683033764,0.12439240067108
1000,154,"alpha1",0.633246058009391,0.634380619892418,0.0658447703978031,0.503250144026693,0.58926615004882,0.634380619892418,0.677060404484716,0.760660430609703
1000,154,"beta1",0.219679290249579,0.218536158572319,0.0481967339465569,0.132384666431051,0.187055785053733,0.218536158572319,0.251482284450767,0.316815154594488
1000,155,"alpha0",0.137077426142405,0.136143247952857,0.020286528881142,0.110265260784161,0.126777455322059,0.136143247952857,0.145423779292318,0.164825242377652
1000,155,"alpha1",0.731409216289815,0.731913021174542,0.0717898425170273,0.5979672194126,0.686483051059388,0.731913021174542,0.779810147109398,0.857952045484007
1000,155,"beta1",0.137777139485202,0.135243820983138,0.0312766121816296,0.084283879850028,0.115000383283989,0.135243820983138,0.158639498825818,0.203113707081808
1000,156,"alpha0",0.13644434019657,0.136178591967728,0.0208591112903058,0.10518837174741,0.124309562629883,0.136178591967728,0.147048236421567,0.167720382555435
1000,156,"alpha1",0.73829313309983,0.742923223602641,0.0791284670145275,0.602293508727024,0.69164882757089,0.742923223602641,0.791654879780651,0.870966125960844
1000,156,"beta1",0.129035098278219,0.124683960257798,0.0408693038464422,0.061325481796586,0.0997695527883571,0.124683960257798,0.154466752538883,0.222688409006271
1000,157,"alpha0",0.102046664570526,0.100736806894623,0.0219659450449942,0.073266644850708,0.0915290416673615,0.100736806894623,0.110219829220685,0.130820867685724
1000,157,"alpha1",0.662527442184045,0.667618724756473,0.0648063040328087,0.524884686167169,0.623934206773724,0.667618724756473,0.708544980587242,0.769284918413291
1000,157,"beta1",0.258510805118844,0.256179723306581,0.0451588162276853,0.178096483633615,0.226665242070641,0.256179723306581,0.287157889735256,0.356306048966837
1000,158,"alpha0",0.0996109190929038,0.0980275380657207,0.0228062375282739,0.0751429907893136,0.0905822244266726,0.0980275380657207,0.105387827593264,0.123756782827203
1000,158,"alpha1",0.755341901011292,0.761930140757402,0.0734122141402404,0.61643112866724,0.715999014238981,0.761930140757402,0.803944886088866,0.86777868249665
1000,158,"beta1",0.149398180380277,0.14779606133919,0.0399716043651736,0.0756194522611795,0.122089997005989,0.14779606133919,0.174701700889034,0.234119319554871
1000,159,"alpha0",0.123680889421623,0.122670325159472,0.0232869390947223,0.0893568197849947,0.111527711049551,0.122670325159472,0.13414836667332,0.155258422313674
1000,159,"alpha1",0.652618729817022,0.654336050275645,0.0716929697829795,0.515912560122037,0.606258337341984,0.654336050275645,0.699166660118506,0.792471072022064
1000,159,"beta1",0.175332876799503,0.170609914260485,0.0540718587742006,0.0804604728268247,0.137875717494103,0.170609914260485,0.208929428583711,0.297220561645128
1000,160,"alpha0",0.084256516382702,0.0828269021045133,0.0233298009853316,0.0584397882013061,0.0750021774549721,0.0828269021045133,0.0905849111594635,0.108827029694417
1000,160,"alpha1",0.672877670153948,0.673689335040488,0.0620574072913081,0.546303151644424,0.63475804233089,0.673689335040488,0.714135364682745,0.788530031612562
1000,160,"beta1",0.238351032527852,0.235734983883075,0.0485483072639559,0.149577581689536,0.204403955877187,0.235734983883075,0.269615226400429,0.341107520529678
1000,161,"alpha0",0.100264919230464,0.0989272772225652,0.0221532674303929,0.0736590133899504,0.0904919854617087,0.0989272772225652,0.107478628205927,0.126532825610654
1000,161,"alpha1",0.661136741375673,0.660937973225387,0.0697889479939128,0.537345993071122,0.616414620032178,0.660937973225387,0.707259728649627,0.792711721405913
1000,161,"beta1",0.231105522343676,0.230145304136103,0.0425950744464934,0.153516151243014,0.200758804455141,0.230145304136103,0.258926499576541,0.318403644606844
1000,162,"alpha0",0.109466050568795,0.1083363419603,0.0220292253010254,0.0828797419706887,0.0998301180335998,0.1083363419603,0.116736635656686,0.133372661886859
1000,162,"alpha1",0.781525306453915,0.787897385826938,0.0540599660038318,0.679491883269642,0.754713880275105,0.787897385826938,0.815805369487189,0.860061547396162
1000,162,"beta1",0.171703161342974,0.168569903628118,0.0327220039412821,0.113867340000559,0.149354189497735,0.168569903628118,0.192119290422905,0.24243575654991
1000,163,"alpha0",0.12649135522703,0.125170714860931,0.0247327388629043,0.0966145148329246,0.115267567684067,0.125170714860931,0.134649582162174,0.153530850963874
1000,163,"alpha1",0.760622103182187,0.76816200743604,0.0691114325283103,0.632814504301239,0.725911260985589,0.76816200743604,0.804904022946008,0.866291909098487
1000,163,"beta1",0.144957837582415,0.14248290022944,0.0370160548394041,0.0789188414376495,0.119329288556763,0.14248290022944,0.168285971564758,0.224631480300909
1000,164,"alpha0",0.104351962114015,0.102833606828534,0.0224646100787789,0.0762837132601779,0.0932815172112829,0.102833606828534,0.112969493755223,0.13360945229359
1000,164,"alpha1",0.709366177705448,0.713065838002901,0.0694285568843772,0.573139661004379,0.663796432752081,0.713065838002901,0.758037433235991,0.833206510477578
1000,164,"beta1",0.171780386964943,0.169899559762098,0.0468351486549499,0.0824033448587952,0.140857704028756,0.169899559762098,0.201210541953717,0.271310567764375
1000,165,"alpha0",0.115892059287629,0.115196042980682,0.0226915940901336,0.0861336951698011,0.105930326527732,0.115196042980682,0.12376542781804,0.141702028680036
1000,165,"alpha1",0.534224642205199,0.531260786806284,0.0662704358421739,0.406073958711334,0.491987757812977,0.531260786806284,0.575761303564213,0.672898594835242
1000,165,"beta1",0.220053405537731,0.216131221116524,0.0485862762347736,0.134524613732625,0.187392613238722,0.216131221116524,0.249381921302373,0.320843795433525
1000,166,"alpha0",0.104018135291209,0.102839332790421,0.0234346258233719,0.0760170296347073,0.0926028315699872,0.102839332790421,0.11266920365741,0.132609087887688
1000,166,"alpha1",0.649737693074699,0.650625228982927,0.0673065329016248,0.527858196119514,0.605075371290287,0.650625228982927,0.694157752927822,0.780544158611608
1000,166,"beta1",0.223422536644554,0.222866935169691,0.0462766324984629,0.136761368554588,0.191265235268661,0.222866935169691,0.254943621043835,0.31524617059909
1000,167,"alpha0",0.117508137018761,0.116882261232008,0.0178774460326617,0.0925110023901532,0.108274736654939,0.116882261232008,0.125276618733672,0.141500339158693
1000,167,"alpha1",0.760265630037811,0.765432267725429,0.0643743885556716,0.63783223036223,0.722919077454334,0.765432267725429,0.804746503371663,0.860244410879605
1000,167,"beta1",0.162820121130319,0.160934497770683,0.0321062402543953,0.106381137080073,0.140366955232926,0.160934497770683,0.182921231639259,0.233938494242066
1000,168,"alpha0",0.099097173256354,0.0980363800651658,0.0204229241936745,0.0707983017659291,0.0892866756380731,0.0980363800651658,0.106910356255315,0.127410782448831
1000,168,"alpha1",0.676882067723197,0.680706996447566,0.0672654061539252,0.545230625605311,0.634293701119684,0.680706996447566,0.722354885162415,0.800424824447046
1000,168,"beta1",0.238746674246891,0.236971538681308,0.0479202103826615,0.152414765174994,0.205444135512863,0.236971538681308,0.268938599260564,0.341055650801823
1000,169,"alpha0",0.12108022050631,0.119924024887899,0.0256622825020264,0.0881848636976507,0.108096856985193,0.119924024887899,0.130873201163364,0.153689618886228
1000,169,"alpha1",0.695530425889029,0.696778246382336,0.0781062663517258,0.554810601683186,0.64494807138695,0.696778246382336,0.748043309687016,0.837017124546378
1000,169,"beta1",0.169624595207407,0.165341705454127,0.0453498775172082,0.0921966677188596,0.137336531449476,0.165341705454127,0.196830301650696,0.270312983590733
1000,170,"alpha0",0.109693179637446,0.109082483621538,0.0243574944466589,0.0791647050646217,0.0988783359726192,0.109082483621538,0.118206106749846,0.134605301853263
1000,170,"alpha1",0.674603269812429,0.676229584968916,0.0664324451193242,0.540921589531058,0.630277669491099,0.676229584968916,0.722918258169826,0.795948302173306
1000,170,"beta1",0.2239616662779,0.220562429451433,0.0455487318825969,0.143284552329025,0.192073791246014,0.220562429451433,0.253504247588125,0.323860788362058
1000,171,"alpha0",0.0919592733647188,0.0901478036408229,0.0252786030865592,0.0658922951095717,0.080779119059728,0.0901478036408229,0.0999583237023375,0.117373066905747
1000,171,"alpha1",0.671245017474968,0.675646966583428,0.0612389632524506,0.553075388589063,0.63395130788605,0.675646966583428,0.712573749709153,0.778046830161356
1000,171,"beta1",0.258017257744286,0.25540345730292,0.04549436461214,0.174047577955654,0.226212979309643,0.25540345730292,0.287852288121795,0.352687089261114
1000,172,"alpha0",0.114409824696422,0.112993912386232,0.0227491742009278,0.0838179167479084,0.103919058339835,0.112993912386232,0.122388787106687,0.143900887205176
1000,172,"alpha1",0.60875825120541,0.608166219200689,0.0697416308275655,0.483934867914663,0.563946455303722,0.608166219200689,0.651220759203185,0.746953009912727
1000,172,"beta1",0.150155209815297,0.148446522531269,0.0522061491720728,0.056258551261752,0.114505909601145,0.148446522531269,0.183307946997487,0.259952018454065
1000,173,"alpha0",0.12008358229304,0.11931125262587,0.0197254540822392,0.0877743177057056,0.109620690779972,0.11931125262587,0.12980381528725,0.1496977695278
1000,173,"alpha1",0.773956339139376,0.780819695748249,0.065122877603973,0.644283187941744,0.738973636493759,0.780819695748249,0.818212650190575,0.87480421838795
1000,173,"beta1",0.154246894013704,0.152121208936002,0.0401410793906928,0.0841351144035342,0.125648049422855,0.152121208936002,0.179414399355803,0.240592728072175
1000,174,"alpha0",0.115260021219529,0.114526591131816,0.0201433224981702,0.0900762056421304,0.105387593791433,0.114526591131816,0.12314880779951,0.141044858181089
1000,174,"alpha1",0.695533927256582,0.693909353129842,0.062388262670639,0.578830331077999,0.655030403388068,0.693909353129842,0.739399936046937,0.810787120873651
1000,174,"beta1",0.171441872196175,0.169729221186835,0.0367710867886834,0.103482074056955,0.146065108841177,0.169729221186835,0.194969472577189,0.248537261136534
1000,175,"alpha0",0.10823282145921,0.10712730332027,0.0212420366340638,0.0830860945294145,0.0981576779241425,0.10712730332027,0.11602525819163,0.133472680711971
1000,175,"alpha1",0.756360631459711,0.760508155531859,0.0717361262827702,0.621409476376859,0.713447160783024,0.760508155531859,0.803924698581677,0.879044406715532
1000,175,"beta1",0.138811390592269,0.135800661036238,0.0406392781141033,0.0677801929846387,0.111220828845997,0.135800661036238,0.163010039273359,0.227919690291835
1000,176,"alpha0",0.122923809314683,0.121521684392587,0.0227448239244542,0.0911195752001268,0.111292149875045,0.121521684392587,0.132423726966526,0.154651375648492
1000,176,"alpha1",0.671634469895569,0.674194888838367,0.0755452146847206,0.52478584084682,0.625548752120107,0.674194888838367,0.72356596676726,0.805069110823135
1000,176,"beta1",0.128085037523731,0.126204746424829,0.0479934664711993,0.04553374445231,0.0931568405756567,0.126204746424829,0.159010506720615,0.232230815531144
1000,177,"alpha0",0.112062885782934,0.111833099776958,0.020641231061473,0.0800085768524761,0.101924165445031,0.111833099776958,0.120970509719452,0.141665067402495
1000,177,"alpha1",0.747604040819471,0.752770815869113,0.0701737908638658,0.617582053241113,0.709110988196976,0.752770815869113,0.794018055818276,0.858218865192663
1000,177,"beta1",0.165255269849029,0.159201613898954,0.044055848553341,0.0935943337138695,0.133711030849704,0.159201613898954,0.191860146080249,0.266244789590835
1000,178,"alpha0",0.139990580488081,0.138525003849145,0.0231379428438318,0.103792076084728,0.126588187899726,0.138525003849145,0.151056862910424,0.176000243535536
1000,178,"alpha1",0.618352408455684,0.620027988910515,0.0700402970694451,0.483797610141031,0.575853877542999,0.620027988910515,0.66381705881234,0.753078965480356
1000,178,"beta1",0.143229591508953,0.140233677811825,0.0507876990287937,0.0537377485179983,0.105785952685329,0.140233677811825,0.176329587781281,0.253464340769193
1000,179,"alpha0",0.112909265676897,0.11191429455848,0.0212358236822097,0.0879908095284846,0.104286601173346,0.11191429455848,0.119724522870586,0.135042317112052
1000,179,"alpha1",0.765782385078158,0.77227896582101,0.0649156931388332,0.644252903490833,0.730632671289227,0.77227896582101,0.80839177386183,0.862487491592809
1000,179,"beta1",0.155242646136017,0.15302360206982,0.0329293294151923,0.096359784670895,0.132120137962081,0.15302360206982,0.175745094551523,0.226531288001012
1000,180,"alpha0",0.103344922380158,0.102603097480297,0.0221394559184004,0.0750010729169183,0.0923063602994372,0.102603097480297,0.11173355300693,0.13049965965549
1000,180,"alpha1",0.644886465217245,0.647472337975084,0.0684143724022113,0.5172381514217,0.601966896078963,0.647472337975084,0.691327844589408,0.765821316675784
1000,180,"beta1",0.235101127626025,0.231270095160121,0.0432720369913153,0.161111855012575,0.204039260264236,0.231270095160121,0.261904975015556,0.329277745857065
1000,181,"alpha0",0.108677216890732,0.107187560460858,0.0247173991588754,0.0792092094278781,0.0962950390400593,0.107187560460858,0.117630141142077,0.141120004854129
1000,181,"alpha1",0.552846275143076,0.550290263753177,0.0665889124510204,0.430598755821435,0.507123254582946,0.550290263753177,0.59384153301239,0.695986162475057
1000,181,"beta1",0.252963172360992,0.251099607117128,0.0574016737385875,0.147178501685484,0.212588109721073,0.251099607117128,0.294594819575138,0.362883740783891
1000,182,"alpha0",0.11847904639992,0.118013378384005,0.023743716685484,0.0823906699876399,0.107556015751928,0.118013378384005,0.127932914793376,0.15052067104081
1000,182,"alpha1",0.646507506632163,0.647529823153006,0.0758985573070552,0.50629303195516,0.599455645541858,0.647529823153006,0.69508226548765,0.792225881012787
1000,182,"beta1",0.173770568685479,0.167864436275972,0.0506884319597659,0.0950621126231347,0.138510264976475,0.167864436275972,0.201358627706919,0.288629487509912
1000,183,"alpha0",0.108389663217827,0.107113232363837,0.0224843009122371,0.0784712228628618,0.0973697244788511,0.107113232363837,0.116950458119871,0.138719245304523
1000,183,"alpha1",0.641930017767969,0.643117488389248,0.0758274136404216,0.49862243333983,0.595146878291244,0.643117488389248,0.693970925683125,0.775569387212948
1000,183,"beta1",0.208330722301896,0.20588440787248,0.0497680966645329,0.118325845000178,0.17519205776639,0.20588440787248,0.239748884835893,0.313822891818595
1000,184,"alpha0",0.0796508694530927,0.0785174361537027,0.0201497701126401,0.0551850609941645,0.0705031490143363,0.0785174361537027,0.0867166395922038,0.103049123646627
1000,184,"alpha1",0.647324837184577,0.651493935415936,0.0624184583053354,0.519492297829129,0.612026087460341,0.651493935415936,0.688998830870586,0.753293699644346
1000,184,"beta1",0.258745691499915,0.257033151760942,0.043808396148861,0.177947323704127,0.228401590681313,0.257033151760942,0.288127020482278,0.347396194943598
1000,185,"alpha0",0.105895719291941,0.105843469729818,0.0174675285621246,0.0780240649080971,0.0958612395883129,0.105843469729818,0.114414100374111,0.132733493703549
1000,185,"alpha1",0.703005906880732,0.706252118747315,0.0662275270167823,0.576585618059047,0.66196181939884,0.706252118747315,0.747584346671757,0.819745505206203
1000,185,"beta1",0.197705914989658,0.194822955135391,0.0433317653696823,0.121266154519561,0.167448145764998,0.194822955135391,0.2243561912572,0.290902507151692
1000,186,"alpha0",0.0997534320518927,0.0991806367328298,0.021636963274544,0.0751698222514032,0.090031168383763,0.0991806367328298,0.106623572184454,0.122114243093896
1000,186,"alpha1",0.759573565240581,0.766618578849976,0.0568788532762694,0.648791172589805,0.734458837513426,0.766618578849976,0.794184783184391,0.839312597246075
1000,186,"beta1",0.204569075130242,0.202123368818408,0.0368458235468591,0.142305799539361,0.178090115839029,0.202123368818408,0.227312048094033,0.283933836540155
1000,187,"alpha0",0.0896415954010834,0.0886495117399892,0.0226860411979808,0.0630506222698789,0.079745871252963,0.0886495117399892,0.0972598650090582,0.113322018975738
1000,187,"alpha1",0.675041534527712,0.678028641205802,0.0587041146547542,0.559076929373145,0.6378047566573,0.678028641205802,0.714715671343538,0.776761974299099
1000,187,"beta1",0.24128663043994,0.23959239143176,0.0429737223360975,0.163758285617881,0.211398791049046,0.23959239143176,0.269497488800551,0.33000531402817
1000,188,"alpha0",0.110102527803468,0.109826781688648,0.0196237935033125,0.0793557140117461,0.099189693489619,0.109826781688648,0.120092933658182,0.137938121997489
1000,188,"alpha1",0.559482241548715,0.559609186533005,0.0628457904026108,0.441395605234326,0.52099963241778,0.559609186533005,0.598519628757039,0.681474608265931
1000,188,"beta1",0.220833157285127,0.215242157301998,0.0533678337587381,0.131999398419191,0.18227523965595,0.215242157301998,0.253933266237403,0.339446835303813
1000,189,"alpha0",0.114854826865595,0.113996509403151,0.0235728985406895,0.0857211084731087,0.104510463989441,0.113996509403151,0.123166799757041,0.14086918641467
1000,189,"alpha1",0.734953346664354,0.738179553970203,0.0665790781796428,0.607755697901747,0.693750147073956,0.738179553970203,0.779002758193843,0.852293238190975
1000,189,"beta1",0.164543260172338,0.162231896392591,0.0391765992663228,0.0933801329606286,0.137895535931853,0.162231896392591,0.189002766250221,0.249942880071672
1000,190,"alpha0",0.0948773626302327,0.0934374648171065,0.0216776497214028,0.0726381398384296,0.0861884210554889,0.0934374648171065,0.100606965507909,0.116968457447752
1000,190,"alpha1",0.711760780279904,0.714532298833446,0.0798048138271686,0.573808987154975,0.668872135448046,0.714532298833446,0.759952145088145,0.853906617248198
1000,190,"beta1",0.140839582888953,0.135992389342272,0.0425181385945115,0.0695295752326411,0.110877467341644,0.135992389342272,0.167101454355299,0.233993948530191
1000,191,"alpha0",0.113095238322132,0.111911848308086,0.0226776038872928,0.0877456424193218,0.103161143000333,0.111911848308086,0.120186379030284,0.137721998687821
1000,191,"alpha1",0.664430904863983,0.663969577415717,0.0682490133808674,0.537125234087946,0.623213978135294,0.663969577415717,0.706496781493738,0.800529544537107
1000,191,"beta1",0.163730905375831,0.162147460242912,0.0419939907999384,0.0883222378474709,0.133586136014877,0.162147460242912,0.191747573190722,0.248797878992548
1000,192,"alpha0",0.0987322965936633,0.0978936006799223,0.0220881823603198,0.0735083963313792,0.0893142245000363,0.0978936006799223,0.105977766233371,0.121363721132093
1000,192,"alpha1",0.708717349832913,0.712556807189464,0.0651445919773439,0.584095493827761,0.66955751122394,0.712556807189464,0.753508296444907,0.814283773951263
1000,192,"beta1",0.200717992787312,0.196366542171536,0.0398925825245013,0.134052674392167,0.172150351910606,0.196366542171536,0.225681832685088,0.28747665116794
1000,193,"alpha0",0.0928267580500232,0.0908235788447943,0.0264926918959071,0.0618537970710463,0.0800830925319818,0.0908235788447943,0.101696882596102,0.128199554196451
1000,193,"alpha1",0.537860398448744,0.53880326704677,0.0673894332900154,0.409696813907056,0.494029980293882,0.53880326704677,0.580695905104544,0.67040575321483
1000,193,"beta1",0.285548277293755,0.282010438755192,0.0626318480336463,0.16933962269967,0.242487979247244,0.282010438755192,0.326182910568336,0.415621682750316
1000,194,"alpha0",0.0837224750505064,0.0823591374219987,0.0241154018431363,0.0586544011690773,0.0733844406926238,0.0823591374219987,0.0907238316205973,0.107887236047431
1000,194,"alpha1",0.627333839000952,0.628457157973675,0.0643697744698244,0.501195038537797,0.585419171123911,0.628457157973675,0.669500205715146,0.753460025399241
1000,194,"beta1",0.268930567049433,0.267124040635591,0.0463586483342952,0.181857224595229,0.236117959368882,0.267124040635591,0.29948720349805,0.363392521074538
1000,195,"alpha0",0.129081300115957,0.128891293125285,0.0219279626006561,0.0919709394310465,0.116762929155562,0.128891293125285,0.140990666078518,0.161696228026642
1000,195,"alpha1",0.613782276122047,0.610408211498754,0.0742334824446855,0.478907976676316,0.564145284957834,0.610408211498754,0.662329988109528,0.766243025234206
1000,195,"beta1",0.181712390430988,0.175666985300048,0.0513245445372546,0.0978272296857215,0.143442132104757,0.175666985300048,0.212579111658346,0.298735359673356
1000,196,"alpha0",0.0866813042533728,0.0851688752296347,0.0242370712086714,0.0648727891977753,0.0782610841425204,0.0851688752296347,0.091981658034945,0.106122494095583
1000,196,"alpha1",0.712118572999788,0.716199573351404,0.0560166852361217,0.602072194200225,0.679802923274322,0.716199573351404,0.75051640155653,0.803134276505917
1000,196,"beta1",0.238012198937134,0.236400276297638,0.0393808332301744,0.166951863765165,0.2113803677488,0.236400276297638,0.263506913123698,0.318557234698673
1000,197,"alpha0",0.115333648130036,0.113748626103106,0.0260990306588552,0.0855828175911142,0.104720928826849,0.113748626103106,0.122985446278551,0.141046920435674
1000,197,"alpha1",0.682000658636577,0.685275125074467,0.0778737807670124,0.539194809678393,0.636384619010517,0.685275125074467,0.732651228189322,0.820945066041222
1000,197,"beta1",0.168748384333358,0.165120648846522,0.0439841504231608,0.0927145009913228,0.138098480078219,0.165120648846522,0.196082888866059,0.26659367396376
1000,198,"alpha0",0.0973211430860059,0.0964103896369868,0.0212538188841266,0.0707071778233416,0.0867127208550488,0.0964103896369868,0.105182036153988,0.12467485900549
1000,198,"alpha1",0.659408175109073,0.661530338975901,0.0700329618228724,0.524770070805109,0.615791140216683,0.661530338975901,0.70778022179405,0.784945699400068
1000,198,"beta1",0.242011864716995,0.238867587248987,0.0470290387894356,0.158868863529323,0.208162041447493,0.238867587248987,0.272484007205586,0.339704112605152
1000,199,"alpha0",0.100341352459529,0.0990832160780626,0.0230303797446784,0.0727655299426654,0.0900029474384878,0.0990832160780626,0.108060626144087,0.125251523942453
1000,199,"alpha1",0.619386354717605,0.620568678962243,0.0675214349276347,0.492222082649614,0.577089352519162,0.620568678962243,0.664375221147622,0.748668217232077
1000,199,"beta1",0.256625551140344,0.252690091183705,0.0469001298818353,0.178003850780111,0.221694821145438,0.252690091183705,0.286538967442197,0.357184814966142
1000,200,"alpha0",0.106004416073533,0.105154966615256,0.0204519963524008,0.0833973998666113,0.0978154324326382,0.105154966615256,0.111743182820218,0.126763627178203
1000,200,"alpha1",0.755287846815757,0.763488005542463,0.0710380176294501,0.609461798598157,0.722249905744532,0.763488005542463,0.801287517098223,0.855377382359783
1000,200,"beta1",0.160309965219358,0.15783499530774,0.0306803367653911,0.107688996301637,0.138441236666829,0.15783499530774,0.180233494610562,0.226335849776831
1000,201,"alpha0",0.0972699952455658,0.0960869180877181,0.0183016828009809,0.0729991035336521,0.088245350228504,0.0960869180877181,0.105204486612012,0.121139859680014
1000,201,"alpha1",0.690291034182088,0.690568746987538,0.0638781986412612,0.565666509812893,0.647366106562048,0.690568746987538,0.735894129438093,0.809004391492925
1000,201,"beta1",0.208182940929174,0.204743902549383,0.0427789574889323,0.133841423708861,0.176963580158271,0.204743902549383,0.236577834380692,0.299147360329761
1000,202,"alpha0",0.0926694071320443,0.0921306576619077,0.0238840595633196,0.065370863992748,0.0819301595890652,0.0921306576619077,0.10070618081964,0.116296100072441
1000,202,"alpha1",0.573631528123649,0.572484037167253,0.0730801922208833,0.42903394026982,0.524288553105142,0.572484037167253,0.622386818260135,0.7199120723675
1000,202,"beta1",0.26284275017287,0.258240985433593,0.0555661593923217,0.163267688834343,0.223763057609881,0.258240985433593,0.297802051615693,0.390547151088141
1000,203,"alpha0",0.100350337441893,0.099073279259248,0.024348871425147,0.0746265761424224,0.0904799626563195,0.099073279259248,0.10696361753539,0.122649790003435
1000,203,"alpha1",0.641694134575067,0.643308597879439,0.0745150204074178,0.502462536748268,0.595877737052911,0.643308597879439,0.69212545616953,0.775150663530668
1000,203,"beta1",0.2172126675768,0.213867763547604,0.0439264921947159,0.13571759370927,0.187818831452897,0.213867763547604,0.24371464365363,0.313446354350376
1000,204,"alpha0",0.0923644289374084,0.0908199942872363,0.0214560112841459,0.06826607795867,0.0827334864671599,0.0908199942872363,0.098704057714262,0.118730737926853
1000,204,"alpha1",0.610548674945047,0.612300101233607,0.0669942561516604,0.483395876667515,0.566587716117302,0.612300101233607,0.658136661239041,0.730799471962629
1000,204,"beta1",0.222536747966291,0.221744296307833,0.0487988833605301,0.134204203463765,0.190639842028976,0.221744296307833,0.254196365335025,0.320643564916866
1000,205,"alpha0",0.123815285702509,0.122747760977858,0.0242489564982504,0.0923894250518293,0.112333920454634,0.122747760977858,0.132891249799557,0.151256271446757
1000,205,"alpha1",0.687043437321783,0.689747972842974,0.0737695245569523,0.542242993311987,0.640768349486264,0.689747972842974,0.737010561466316,0.817585027020577
1000,205,"beta1",0.173550476804812,0.170172253987034,0.0442717900307977,0.0944693773204454,0.140527318825734,0.170172253987034,0.204301663882741,0.266363923906166
1000,206,"alpha0",0.0896888684146342,0.0868331044459413,0.0270335958029125,0.0631021689227931,0.0778813827048726,0.0868331044459413,0.0966964832894393,0.122301402717377
1000,206,"alpha1",0.636931481735706,0.63783434698406,0.0707249295576891,0.505246737457644,0.592080486161517,0.63783434698406,0.684433488331416,0.767653395343795
1000,206,"beta1",0.234039218620877,0.235669943538788,0.0552905407304385,0.125324460919574,0.197650299699152,0.235669943538788,0.272499538425515,0.332235519405722
1000,207,"alpha0",0.0946989500369073,0.0931083087529019,0.0223110448762288,0.0697354270630947,0.0856523059257447,0.0931083087529019,0.101480907148577,0.118935929082541
1000,207,"alpha1",0.746498465699375,0.753225582829619,0.0614716125261532,0.62911340222456,0.713227439781142,0.753225582829619,0.787392277700518,0.841423768790408
1000,207,"beta1",0.196388690862767,0.193922411757488,0.0375936655453025,0.127114323544346,0.170736337120725,0.193922411757488,0.219440601950308,0.274818774982963
1000,208,"alpha0",0.113364416985481,0.112166689018507,0.0227670553892397,0.0845115353777851,0.101723773919348,0.112166689018507,0.122516427541734,0.143541371585318
1000,208,"alpha1",0.620546065860428,0.617394425281889,0.0754578271711718,0.487506904217945,0.570809410600823,0.617394425281889,0.666531782038242,0.775891231029557
1000,208,"beta1",0.199792936022317,0.198381277668896,0.0512192581842793,0.103008242144542,0.164574326122616,0.198381277668896,0.233828562556661,0.304355738841554
1000,209,"alpha0",0.0880555611725976,0.0871330577791663,0.0221382819482915,0.0635833752214565,0.0794415851196834,0.0871330577791663,0.0943154673230967,0.109263630087282
1000,209,"alpha1",0.702209849712215,0.708835301225443,0.0594996173886863,0.579937991302833,0.670039452251364,0.708835301225443,0.741479933356469,0.800199829447786
1000,209,"beta1",0.223563970299275,0.221181819033319,0.0390555225496309,0.15198851426753,0.197310791800542,0.221181819033319,0.247595932087482,0.308080201511275
1000,210,"alpha0",0.0995285764358141,0.0979114591092809,0.0247652381578044,0.0706286041444212,0.0892264648920248,0.0979114591092809,0.107005152318811,0.128752120489726
1000,210,"alpha1",0.701680717374849,0.706392350002272,0.0675687361233924,0.572635352635752,0.661651525623637,0.706392350002272,0.746700686479289,0.817513575613915
1000,210,"beta1",0.198954486728179,0.197689395147105,0.0481063275166394,0.111269173881299,0.164808982427049,0.197689395147105,0.231016912588633,0.296966504150935
1000,211,"alpha0",0.106703592338729,0.105312530625301,0.0243972948732436,0.0780659115701382,0.0952958110454859,0.105312530625301,0.115206975188143,0.135024054251055
1000,211,"alpha1",0.692840538815256,0.697394426381262,0.0672647392877629,0.564251089327705,0.654105663977678,0.697394426381262,0.737072786612943,0.803930755450702
1000,211,"beta1",0.213441776012256,0.211534105684275,0.043781144105111,0.131053036796789,0.18325088875181,0.211534105684275,0.24286063791093,0.301884446814246
1000,212,"alpha0",0.108962647244111,0.107221798659864,0.0251023306857891,0.0782771979768306,0.0974175600224369,0.107221798659864,0.117355817776634,0.138968127362351
1000,212,"alpha1",0.64704685054247,0.650423450125971,0.0727162321909585,0.507781991865574,0.60351261521853,0.650423450125971,0.694942823409663,0.775191373013731
1000,212,"beta1",0.205636540593651,0.203988404967916,0.0475462981948656,0.119666155204009,0.172125479930349,0.203988404967916,0.235746727047824,0.304889484442623
1000,213,"alpha0",0.115272562142622,0.114136266947917,0.0235631762300135,0.0853928145014812,0.10408132897993,0.114136266947917,0.123603615978028,0.143603107935099
1000,213,"alpha1",0.750175982525119,0.756106360440467,0.0707167608894949,0.617634937839386,0.709089420881572,0.756106360440467,0.798538584333871,0.861126648103222
1000,213,"beta1",0.175279683636567,0.173848000415288,0.0419902298296907,0.0982948357594161,0.145815772405024,0.173848000415288,0.202634495471361,0.262795014054973
1000,214,"alpha0",0.125679397769731,0.12539201628683,0.0213518358381502,0.0924748717570187,0.113872440262167,0.12539201628683,0.136186109201933,0.155758702335604
1000,214,"alpha1",0.671255293559559,0.671787000949299,0.083194881740944,0.517016881895345,0.619898799337013,0.671787000949299,0.727770955122642,0.817972900175036
1000,214,"beta1",0.152751899403694,0.147044716339221,0.047633704095971,0.0746158334199963,0.118340484748889,0.147044716339221,0.183698648281584,0.258051205027468
1000,215,"alpha0",0.110658367730703,0.109130776735168,0.024657814740044,0.0817495716397469,0.0990197095278569,0.109130776735168,0.119457359526432,0.138818468347431
1000,215,"alpha1",0.591385583621499,0.58866166557601,0.0661137416776654,0.470868148800147,0.548790304696519,0.58866166557601,0.632865057093098,0.731984729288936
1000,215,"beta1",0.202922553471036,0.200518292786139,0.0495562070840519,0.113428762552671,0.167475068131491,0.200518292786139,0.236935411180096,0.305108892672994
1000,216,"alpha0",0.0894300921284226,0.0878806355402977,0.0227686847459835,0.0674740345048076,0.0808779086907537,0.0878806355402977,0.0953714161669559,0.110040127285898
1000,216,"alpha1",0.668749032145175,0.672332699868183,0.0632912353323958,0.539811731416119,0.628142345522017,0.672332699868183,0.71254414539278,0.782902329357745
1000,216,"beta1",0.229038807943849,0.226361472468377,0.0425217411080185,0.152609410499955,0.198724014044831,0.226361472468377,0.257395691886017,0.315924817747111
1000,217,"alpha0",0.0974029879552705,0.0967646515182177,0.0207179710850055,0.0726131194930595,0.0885136146989826,0.0967646515182177,0.104380777903746,0.117712895789281
1000,217,"alpha1",0.719742438197282,0.723360932274366,0.0636164352246541,0.601139626484539,0.682163025890159,0.723360932274366,0.761792193958286,0.830777409343931
1000,217,"beta1",0.196404994294048,0.193326206058904,0.0373270749619931,0.130540726066392,0.170260141492463,0.193326206058904,0.219543282267931,0.277676791505581
1000,218,"alpha0",0.0837452475000978,0.0823018617709527,0.0220951715124851,0.0603831469947597,0.0747607394009636,0.0823018617709527,0.0899682636874179,0.107591381084399
1000,218,"alpha1",0.608312939862359,0.605425235231252,0.0758721840929791,0.467943097512796,0.557911405701579,0.605425235231252,0.658474515531509,0.763704691774857
1000,218,"beta1",0.249541002857137,0.246943568971089,0.050707091502834,0.154625557855133,0.215702477969131,0.246943568971089,0.281965992976863,0.355113302638828
1000,219,"alpha0",0.105641192653243,0.104608454520881,0.0234162405021612,0.0773936016971832,0.0948247007497211,0.104608454520881,0.113637791155565,0.132296242794335
1000,219,"alpha1",0.720340929991708,0.723546079811279,0.0709349661357015,0.575173988550394,0.677107563469741,0.723546079811279,0.769782283077647,0.845282725000512
1000,219,"beta1",0.168011429360319,0.162824988400982,0.0490738235012068,0.082559302867028,0.132773209623372,0.162824988400982,0.199139630559028,0.272835649477158
1000,220,"alpha0",0.08736256020487,0.0861626346434436,0.022635712298617,0.0542388608097758,0.0753680971110297,0.0861626346434436,0.0970570328351518,0.125063006122665
1000,220,"alpha1",0.504783280749471,0.50197595963833,0.0692075745237193,0.377251438184231,0.457820806459329,0.50197595963833,0.55031396330219,0.645903200903319
1000,220,"beta1",0.336404644969986,0.335987177013461,0.063469580600521,0.204973623663576,0.295406463137996,0.335987177013461,0.378070731957504,0.461607243546972
1000,221,"alpha0",0.111781850441665,0.111258947137276,0.0220731113767437,0.0816984227105061,0.100856253030044,0.111258947137276,0.120300610260591,0.138561364263668
1000,221,"alpha1",0.666814630778294,0.665850765970518,0.0736070217714164,0.512864648672901,0.620565070617332,0.665850765970518,0.715187066605793,0.807153557354525
1000,221,"beta1",0.203502576496696,0.199671021091523,0.0450043116385185,0.129000117641877,0.169968510652744,0.199671021091523,0.23396132984896,0.298321562160231
1000,222,"alpha0",0.0924483853741938,0.0900345603729274,0.0286856245286129,0.0683896787480781,0.0823192058976351,0.0900345603729274,0.0978837760365016,0.114621746558565
1000,222,"alpha1",0.70938392021481,0.716435661992416,0.0728889764237485,0.578506568500466,0.673618854671948,0.716435661992416,0.754628020122364,0.820609041509583
1000,222,"beta1",0.192146817602968,0.189613442568877,0.0409425896785852,0.117179751008071,0.16427921725622,0.189613442568877,0.217744875201089,0.28202477849168
1000,223,"alpha0",0.111986064254465,0.110967042693492,0.0209244745226699,0.0845898195287603,0.102039721323408,0.110967042693492,0.119695705833399,0.137820393832559
1000,223,"alpha1",0.656747621854989,0.660543417812813,0.0720357530458909,0.511987606175818,0.615050056108761,0.660543417812813,0.705477078300427,0.779735004311175
1000,223,"beta1",0.200076141090903,0.198273330092723,0.039464008771752,0.128458858105675,0.171773408380117,0.198273330092723,0.227534880596027,0.280996756455348
1000,224,"alpha0",0.0878163992247241,0.0870520960037231,0.0207162045771926,0.0663002025948578,0.0796732173677495,0.0870520960037231,0.0937212558383806,0.107218511850225
1000,224,"alpha1",0.609067957163698,0.610577619718615,0.0693347984016312,0.477972336089142,0.562665864246107,0.610577619718615,0.654614847685117,0.743229663886798
1000,224,"beta1",0.288210855509179,0.286537576250988,0.0458416027301408,0.203205645428314,0.256287258070355,0.286537576250988,0.317664649352574,0.381672827333813
1000,225,"alpha0",0.113951353163348,0.112765850580458,0.0244799164533908,0.0854526780983,0.10294426859264,0.112765850580458,0.121421304592612,0.142339841979634
1000,225,"alpha1",0.73012091576648,0.730884444541841,0.0865471978638657,0.571850048798313,0.677946197538394,0.730884444541841,0.783595568446233,0.884364205297959
1000,225,"beta1",0.118882896804343,0.112744950317939,0.0447199782901156,0.0470121580750955,0.0863425990957719,0.112744950317939,0.146285536630756,0.222864622960008
1000,226,"alpha0",0.111235178400653,0.110349401185014,0.0193935300525628,0.0862311494575992,0.101433486660047,0.110349401185014,0.118984113662715,0.135131132944264
1000,226,"alpha1",0.733839516471308,0.737495438870195,0.0694695043422104,0.59986708550095,0.69729906312595,0.737495438870195,0.778096882966357,0.852976374550786
1000,226,"beta1",0.167675277330801,0.163996225174104,0.0376229127607492,0.103680707752177,0.140330219412084,0.163996225174104,0.192661077172968,0.249487918465251
1000,227,"alpha0",0.100245992448137,0.0984705955776498,0.0272252207862306,0.0740544200918058,0.0908750070383561,0.0984705955776498,0.10605051165268,0.123576051375698
1000,227,"alpha1",0.714437464743559,0.717418569896844,0.0531796193897202,0.606851280035734,0.68367910873425,0.717418569896844,0.750528816519179,0.804951783630095
1000,227,"beta1",0.232268932990933,0.231501994219426,0.03617118877763,0.161606589033297,0.208409668243623,0.231501994219426,0.256443527808336,0.303818772082275
1000,228,"alpha0",0.129786395168283,0.129386384979838,0.0230475834615105,0.0968818516984077,0.118868941136452,0.129386384979838,0.139465150580914,0.156905719567596
1000,228,"alpha1",0.65536110363422,0.65270721654461,0.0770774328659731,0.513530631826918,0.604977473407992,0.65270721654461,0.706307610106304,0.802498132408861
1000,228,"beta1",0.148734310074984,0.143575137619602,0.0431125410194156,0.0758002142405079,0.119879133166683,0.143575137619602,0.172195045647265,0.24521704188273
1000,229,"alpha0",0.0979294166684026,0.0966706024109743,0.0231458451145505,0.072048019193278,0.0880099707538118,0.0966706024109743,0.105062993738706,0.121324848407481
1000,229,"alpha1",0.734167990347182,0.740638272110733,0.0648509935242991,0.611514978798345,0.698060017390847,0.740638272110733,0.778499929020159,0.831741703055661
1000,229,"beta1",0.19186849821079,0.187941129638158,0.0384907175284986,0.126091256382799,0.164572251130534,0.187941129638158,0.214457145935173,0.279160480344338
1000,230,"alpha0",0.113438459075071,0.11316720508659,0.0196801142014635,0.0813706599481099,0.103139128807382,0.11316720508659,0.122617857101551,0.141502129944433
1000,230,"alpha1",0.581329373601272,0.578890107005148,0.0679118858504353,0.450366586794016,0.538340637740735,0.578890107005148,0.623705970802055,0.722585306481588
1000,230,"beta1",0.226440610319385,0.222472991673424,0.0529911582875042,0.132364309889451,0.189090831133439,0.222472991673424,0.260350834476856,0.338823016514742
1000,231,"alpha0",0.110930565382285,0.110218553407079,0.0213180639428835,0.0823365889880439,0.100961536635513,0.110218553407079,0.118917307985259,0.135209726263569
1000,231,"alpha1",0.726847819566129,0.730814030177744,0.0664826311638698,0.598262795303049,0.685444092296995,0.730814030177744,0.773306092697656,0.841714273252382
1000,231,"beta1",0.172622779768551,0.168587239675074,0.0423490414073754,0.100921546557179,0.14225383600705,0.168587239675074,0.199686487878408,0.263139830983515
1000,232,"alpha0",0.0954582820783948,0.0944686768537412,0.0214456684752968,0.0721845211142372,0.0865534571470405,0.0944686768537412,0.10183780449925,0.117589486655114
1000,232,"alpha1",0.714550445277115,0.718941663450758,0.0723886148465132,0.584327260057578,0.675248189580501,0.718941663450758,0.761209046403043,0.828159612295947
1000,232,"beta1",0.184454423959019,0.180655438178665,0.0395626383891777,0.116873026494702,0.156757959936689,0.180655438178665,0.207855351926699,0.275776183609786
1000,233,"alpha0",0.0843623493673576,0.0826064860409578,0.0222584741271486,0.0609809729488323,0.0748274283243315,0.0826064860409578,0.0910122788133456,0.109571893257456
1000,233,"alpha1",0.676486074214048,0.682134999286518,0.071723842958452,0.541554990621658,0.634030678663696,0.682134999286518,0.724382215251288,0.798076980357985
1000,233,"beta1",0.227447922427562,0.224962761594035,0.0469349015410914,0.141643832090653,0.195918583494486,0.224962761594035,0.256364819026765,0.329532938085882
1000,234,"alpha0",0.0869546702660176,0.085177900727597,0.0245482235643633,0.0644226069416808,0.0780271317567922,0.085177900727597,0.0924780650093223,0.108014865985996
1000,234,"alpha1",0.656603947633931,0.660042143906846,0.0770403697594532,0.506084798358792,0.608517411347366,0.660042143906846,0.706815272652207,0.796585178046677
1000,234,"beta1",0.216671074636048,0.213246897324786,0.0448357380867089,0.136869296378315,0.185578974251406,0.213246897324786,0.245426411170172,0.31081627476731
1000,235,"alpha0",0.101906856264209,0.100717056094586,0.021441990891871,0.0757555032009967,0.0922658370589244,0.100717056094586,0.109462101407191,0.125649160983705
1000,235,"alpha1",0.74188225415868,0.752228241087195,0.0795017614417731,0.59116524354826,0.697177693494926,0.752228241087195,0.793775581564122,0.869051077898507
1000,235,"beta1",0.16370481505723,0.160214130214029,0.0472251297618163,0.0817131696272243,0.12973326513347,0.160214130214029,0.19443006865818,0.265779035513901
1000,236,"alpha0",0.0985523389748124,0.097221898401675,0.0261400695730447,0.0714599739488024,0.0886662737754732,0.097221898401675,0.105458821372955,0.122039912624479
1000,236,"alpha1",0.744116035122992,0.751587624455689,0.0617020613610426,0.625313296636375,0.71340065264538,0.751587624455689,0.78446300079142,0.832331549108682
1000,236,"beta1",0.193493938695529,0.190242884780155,0.0358957867686401,0.1338625698882,0.168740664984811,0.190242884780155,0.214283534978919,0.271455651318515
1000,237,"alpha0",0.0932513687159566,0.0923746239621977,0.0209459199316575,0.0700342590301238,0.0849162730843665,0.0923746239621977,0.0992351888658241,0.115615124651314
1000,237,"alpha1",0.69497447138037,0.697610894538396,0.062748061704861,0.577922107129189,0.65981813738405,0.697610894538396,0.736031743088345,0.802575788177142
1000,237,"beta1",0.210063807304693,0.208911719897739,0.0395355014188239,0.135079151824444,0.183175264395722,0.208911719897739,0.235235464133879,0.291324447381156
1000,238,"alpha0",0.100597049065397,0.0993270361280627,0.0227249533075169,0.0756715503643815,0.0911204666617865,0.0993270361280627,0.107808747496145,0.123397536716983
1000,238,"alpha1",0.757135361586981,0.763090829542746,0.0568733748203409,0.652413349642084,0.729246745659059,0.763090829542746,0.793266230782452,0.838738346344983
1000,238,"beta1",0.197727875343985,0.19451542254652,0.0372005221471902,0.135482411569642,0.170794795067767,0.19451542254652,0.221056371522262,0.27880304388024
1000,239,"alpha0",0.0838195130325649,0.0826554643450069,0.0218392076051741,0.0596462524007174,0.0736137288952662,0.0826554643450069,0.0914472273215334,0.107864618540646
1000,239,"alpha1",0.618138829655755,0.618711004222875,0.0678355467581089,0.48847187970686,0.575461720669883,0.618711004222875,0.660361640772389,0.747143988682509
1000,239,"beta1",0.221202531400347,0.21930374732905,0.0534915378444694,0.119169361205569,0.18582334491277,0.21930374732905,0.254415061220215,0.333141054877023
1000,240,"alpha0",0.104373566973084,0.103588244346341,0.0190776864810391,0.0766852746586969,0.0945169645239215,0.103588244346341,0.112625602656905,0.133077129907095
1000,240,"alpha1",0.668582376920722,0.669386332634645,0.0746528875986404,0.53096471661587,0.614284053750439,0.669386332634645,0.723246443643958,0.809032166521122
1000,240,"beta1",0.188507500821655,0.185805872606675,0.0440814410037618,0.110425058442478,0.15781019135498,0.185805872606675,0.215339004060996,0.284708961465508
1000,241,"alpha0",0.0958616112907277,0.0949219970604071,0.0237201554582696,0.0696081997973057,0.084930406720192,0.0949219970604071,0.10316480040391,0.121510873666983
1000,241,"alpha1",0.55783323769077,0.556096482645646,0.0739292501973612,0.424685977094493,0.511454616284199,0.556096482645646,0.607107524666102,0.70014819266026
1000,241,"beta1",0.243692794961364,0.242088994190627,0.0525662834912006,0.14426895143071,0.208080255118831,0.242088994190627,0.277548776390685,0.352524623188488
1000,242,"alpha0",0.116488695461042,0.115003531841195,0.0257068256667574,0.0847465040354791,0.104197814196493,0.115003531841195,0.125153877022579,0.150623224193322
1000,242,"alpha1",0.663588821358947,0.66223036303771,0.0724885568374618,0.529560282771912,0.618034771815803,0.66223036303771,0.712153495049466,0.802478509224921
1000,242,"beta1",0.150545690133642,0.148140143539737,0.0495022225028102,0.0628483639514734,0.117539318596821,0.148140143539737,0.179660945996537,0.259910394372635
1000,243,"alpha0",0.107838198457093,0.106608794045808,0.021307062554804,0.0788486442492736,0.0977093792497436,0.106608794045808,0.116151932999971,0.135897432156524
1000,243,"alpha1",0.697324736666426,0.697975288426206,0.0744497030540146,0.559335000919804,0.647261348607234,0.697975288426206,0.750162420066056,0.829669424569849
1000,243,"beta1",0.170618280798255,0.168106387798659,0.0466507955194979,0.0888429646595529,0.137893292864613,0.168106387798659,0.199259831520795,0.275932664691604
1000,244,"alpha0",0.102256375958799,0.101230375727547,0.0235527994240579,0.0697751457782912,0.089943115516307,0.101230375727547,0.112057977627521,0.135850674471335
1000,244,"alpha1",0.59263303657237,0.591834190615361,0.0700992045181309,0.46303507307008,0.544521541435355,0.591834190615361,0.638710922303768,0.736043590478448
1000,244,"beta1",0.242766284385763,0.239553913793637,0.061942569167895,0.12754768222121,0.200016019579546,0.239553913793637,0.283453428712439,0.368972819326896
1000,245,"alpha0",0.110128382475576,0.10888605400425,0.0209045378097239,0.0847568273274336,0.100304981349901,0.10888605400425,0.117044749883088,0.135473228347753
1000,245,"alpha1",0.752978633514542,0.759618018646687,0.0659787570185773,0.625977407540323,0.71811316427283,0.759618018646687,0.795895926409833,0.855423918175595
1000,245,"beta1",0.169894878123535,0.168050372588332,0.0334757787911377,0.109909448848862,0.145694199791108,0.168050372588332,0.191853958603107,0.239631849965545
1000,246,"alpha0",0.117629830640639,0.115787343665252,0.0255795754132944,0.0882965982899567,0.105803853887527,0.115787343665252,0.12604655735766,0.147164958770961
1000,246,"alpha1",0.681346187136191,0.686699339658035,0.0646266221330164,0.540339049418891,0.644994176553693,0.686699339658035,0.724496220573899,0.78881992255429
1000,246,"beta1",0.219936702162248,0.218890048434237,0.0365636498360788,0.152915429409895,0.194166318158607,0.218890048434237,0.244123143530993,0.294787093756409
1000,247,"alpha0",0.100206509631713,0.0988157757032442,0.0232845515975499,0.0731930023040503,0.0901427669171511,0.0988157757032442,0.107327182146056,0.126644435610048
1000,247,"alpha1",0.695080000673221,0.700850817069,0.0665188545904904,0.561194204690994,0.655806328272965,0.700850817069,0.740596589556365,0.808572087978721
1000,247,"beta1",0.219658471629563,0.217518919715936,0.0432499729859336,0.140704287257776,0.189445631547099,0.217518919715936,0.247987687292947,0.311411169518923
1000,248,"alpha0",0.0973186150996932,0.0959525790533173,0.0235375728572852,0.0731151409279966,0.0879724065067961,0.0959525790533173,0.10427253800137,0.118162044519777
1000,248,"alpha1",0.65906174185419,0.662704998740884,0.0828986573362926,0.503182928137303,0.609763253664981,0.662704998740884,0.712500918677499,0.80902264435794
1000,248,"beta1",0.194210168638847,0.188282001027513,0.0494192428985502,0.113236594542533,0.159083635057492,0.188282001027513,0.224659313754832,0.307762557315366
1000,249,"alpha0",0.10955560333691,0.108507404260639,0.0203908505068664,0.0794185549981915,0.0983485962745172,0.108507404260639,0.118604850178103,0.141386826025805
1000,249,"alpha1",0.699732995837532,0.699238467154746,0.0745104035004946,0.566932367229036,0.654109755433834,0.699238467154746,0.7438716785562,0.847617622002375
1000,249,"beta1",0.185419871615517,0.181057227349414,0.0478129224336767,0.104522670577985,0.15143032643178,0.181057227349414,0.21480068693287,0.288642421114429
1000,250,"alpha0",0.111311590652473,0.110290173107461,0.0244723059672619,0.0783097803182277,0.0987876150802309,0.110290173107461,0.120918846692394,0.145642228410231
1000,250,"alpha1",0.665628700838498,0.667435360102483,0.0673666460255764,0.536399579639204,0.62499391153609,0.667435360102483,0.708168357998364,0.789378517282436
1000,250,"beta1",0.199187015603444,0.197733478733972,0.050650385162161,0.102901356427974,0.165526982847375,0.197733478733972,0.230856003981958,0.306661285212311
1000,251,"alpha0",0.0976749038918248,0.0964969170037793,0.0227395366083368,0.073634829616589,0.0883949657995974,0.0964969170037793,0.103775467276016,0.119381377007868
1000,251,"alpha1",0.740222417136519,0.745905409446451,0.063807721577072,0.61680128248239,0.701476260561423,0.745905409446451,0.783404964019774,0.846673441247769
1000,251,"beta1",0.178858694921027,0.174687171167472,0.0420046269741114,0.103752751018317,0.149536265548379,0.174687171167472,0.206398299130645,0.272282762251558
1000,252,"alpha0",0.0836670442826474,0.0824933898784289,0.0224424368366706,0.0567626245978332,0.0736551541917287,0.0824933898784289,0.0914073677352167,0.110951863853392
1000,252,"alpha1",0.646224503622226,0.649589535373141,0.068703348877506,0.512366371423994,0.602644562997656,0.649589535373141,0.693188863298115,0.767141029902381
1000,252,"beta1",0.275108951276229,0.272044969141857,0.051522642347887,0.179964928717489,0.239471418538403,0.272044969141857,0.307785424809169,0.380756268558024
1000,253,"alpha0",0.12000158201029,0.118910215064811,0.0212890388383585,0.0950831866009599,0.110268737835584,0.118910215064811,0.12739940466185,0.144711805739952
1000,253,"alpha1",0.785910934506445,0.791843711527263,0.0606974833513477,0.664459257247478,0.753128674451478,0.791843711527263,0.826252105140421,0.878382759722857
1000,253,"beta1",0.152254389699001,0.149557707153789,0.0340673046747618,0.0921854266404468,0.128095314687825,0.149557707153789,0.174106711407154,0.224582092836325
1000,254,"alpha0",0.112559052490609,0.112311695574494,0.0202743664793939,0.082493748849955,0.101960097139002,0.112311695574494,0.12174519206321,0.139739913178076
1000,254,"alpha1",0.700728640055435,0.704223495647587,0.0612400084756221,0.583225651248689,0.660133826121944,0.704223495647587,0.743244921282331,0.813739314017811
1000,254,"beta1",0.201352236624165,0.197599081916778,0.0415820198333748,0.12887794689816,0.172048126474545,0.197599081916778,0.226482362404308,0.294499549853161
1000,255,"alpha0",0.102497466090373,0.100782198028938,0.0229328861405452,0.0777194242248339,0.0918631891861832,0.100782198028938,0.110012442540768,0.126664092297321
1000,255,"alpha1",0.706405932084663,0.711455438227473,0.0773365424865868,0.559850478687709,0.657706789266403,0.711455438227473,0.757486929797139,0.844219257586374
1000,255,"beta1",0.180542828652132,0.177958230280548,0.0464286029328166,0.0998034612787594,0.147278892099473,0.177958230280548,0.21067080520044,0.278300950372427
1000,256,"alpha0",0.110357009311762,0.109467645461804,0.0212183693086987,0.0845730455553412,0.100227548518306,0.109467645461804,0.11801885374948,0.13463676897744
1000,256,"alpha1",0.727112682698728,0.732645340106479,0.0623659662664123,0.605986825299031,0.693525670600141,0.732645340106479,0.766610896159182,0.830240718367378
1000,256,"beta1",0.199077481578541,0.196585366904509,0.0384904845567073,0.130318334537281,0.171938272579717,0.196585366904509,0.223139371876621,0.280903608680384
1000,257,"alpha0",0.094915372096704,0.0949030151754604,0.0210386246639387,0.0648725496860258,0.0848168857826183,0.0949030151754604,0.103194196757308,0.121459217094661
1000,257,"alpha1",0.701538510194138,0.704752089713186,0.0652570153022965,0.580837654421387,0.662366284951522,0.704752089713186,0.744122421785123,0.815929953379785
1000,257,"beta1",0.222792020007603,0.220005481630073,0.0487369682958443,0.137804137235851,0.188696978074403,0.220005481630073,0.252030093301393,0.332051437122202
1000,258,"alpha0",0.0909025229912522,0.0894548924536708,0.0216323314494531,0.0648790219418795,0.0812155945868985,0.0894548924536708,0.0979923727927396,0.118069753616425
1000,258,"alpha1",0.65261544535317,0.652201992561133,0.0704283916129558,0.520936597391682,0.602961831762834,0.652201992561133,0.701700615712287,0.78706662828038
1000,258,"beta1",0.221064768680172,0.220584347415001,0.0505038516794854,0.123831952256596,0.188654613018764,0.220584347415001,0.254293342000476,0.318719914479848
1000,259,"alpha0",0.0855718703704285,0.0842036158388833,0.0206346807024821,0.0609193353952425,0.0760845915275407,0.0842036158388833,0.0932532593675693,0.109127453957835
1000,259,"alpha1",0.692177976237369,0.695516758026916,0.0625496223436399,0.566839212180928,0.654370084751026,0.695516758026916,0.733647909793352,0.804353765037412
1000,259,"beta1",0.227698999822062,0.224962879036818,0.0472453955390383,0.143511628485596,0.195203748785014,0.224962879036818,0.257707717199941,0.326016259225138
1000,260,"alpha0",0.0906339039337277,0.0895039687725946,0.019695977290689,0.0685607462097427,0.082494148013448,0.0895039687725946,0.0968512956506938,0.111723158666734
1000,260,"alpha1",0.662501548589664,0.665039885970733,0.0628955572164771,0.544745032045901,0.624654169211114,0.665039885970733,0.705761691922523,0.769394935686344
1000,260,"beta1",0.256373890623269,0.254442111583625,0.039105065792938,0.182830088446403,0.22912170724583,0.254442111583625,0.281277345413618,0.337357468891857
1000,261,"alpha0",0.124493621369079,0.122617427979933,0.0254336382549927,0.0937207423626977,0.112410552150216,0.122617427979933,0.132649748078405,0.162064223852715
1000,261,"alpha1",0.751235026036915,0.755220945942875,0.0736121264040226,0.602962464731515,0.710589922871109,0.755220945942875,0.798749931692543,0.874372343125652
1000,261,"beta1",0.149293867153969,0.148680898579783,0.0416230128404902,0.0687251693057017,0.121204056581931,0.148680898579783,0.175989743448124,0.231592690694118
1000,262,"alpha0",0.12527085760481,0.124462237310086,0.0205920617780238,0.0992436710099052,0.115200678924526,0.124462237310086,0.133024581864845,0.150489056776321
1000,262,"alpha1",0.705921607037283,0.709195997698777,0.0672415103405229,0.577038806413676,0.665947689516477,0.709195997698777,0.750357609551815,0.821501375819627
1000,262,"beta1",0.165504754814285,0.16310904661625,0.0383806933390008,0.0985056447992243,0.137759415140474,0.16310904661625,0.190261586152135,0.247967316513697
1000,263,"alpha0",0.097638770840916,0.0968106528187839,0.0192533817603707,0.0745657258654364,0.0891345204135476,0.0968106528187839,0.104313734805979,0.118154528965616
1000,263,"alpha1",0.702292712349762,0.704382776137356,0.0682172831930751,0.574719789692343,0.661530868736604,0.704382776137356,0.749258394246309,0.817149176878826
1000,263,"beta1",0.195241008501415,0.19188341137575,0.0362402514068719,0.131502163349412,0.170554654078462,0.19188341137575,0.217558745208352,0.272615020859046
1000,264,"alpha0",0.124947413943901,0.124971640314378,0.0234908924414042,0.0898477052163102,0.112656302824599,0.124971640314378,0.135293372152992,0.154083359432154
1000,264,"alpha1",0.585585781795371,0.584833775543159,0.0683964778861164,0.462184745726773,0.540168406923847,0.584833775543159,0.630445963802623,0.718716115714514
1000,264,"beta1",0.192410403562206,0.188746081328301,0.0514442628157106,0.100750409972545,0.156288159436213,0.188746081328301,0.228404577594472,0.298656734230691
1000,265,"alpha0",0.107689608058136,0.107286956092145,0.0232389047889046,0.074154142172769,0.0967256196884042,0.107286956092145,0.11697951132021,0.137405245149318
1000,265,"alpha1",0.653785480861923,0.655473715415483,0.0710501004232392,0.523312963328275,0.611361370720648,0.655473715415483,0.698113026699182,0.788115589288261
1000,265,"beta1",0.207137871998823,0.203569891698575,0.0481949317928073,0.122823887806673,0.171699048028292,0.203569891698575,0.237771415728158,0.311208388220017
1000,266,"alpha0",0.0813247225515857,0.0794004510800464,0.0233363464701886,0.0588894212225385,0.0720169410826844,0.0794004510800464,0.087821395257982,0.102251240076918
1000,266,"alpha1",0.495659322994721,0.493391078073383,0.0668738808848162,0.367873431771145,0.452014453496937,0.493391078073383,0.539660141392103,0.627836450501338
1000,266,"beta1",0.314603655307125,0.313465264662642,0.0530936432364047,0.216272482230148,0.276042999456029,0.313465264662642,0.35165207509475,0.418586568154364
1000,267,"alpha0",0.134165419862899,0.133878013282601,0.0221197608254905,0.102683545042868,0.123397435249708,0.133878013282601,0.143393643600737,0.160930043870486
1000,267,"alpha1",0.720631808933535,0.722032282059591,0.0699738503207867,0.591685051641324,0.676931505454738,0.722032282059591,0.765853881210943,0.85053523066551
1000,267,"beta1",0.134819013653,0.129917252345108,0.0402481615842996,0.0687057778981428,0.106721669008976,0.129917252345108,0.156972427705617,0.228939428362577
1000,268,"alpha0",0.0963921118806691,0.0953372302672414,0.0226463566140739,0.0685112019174239,0.0870085922063055,0.0953372302672414,0.10366126823794,0.120996758999055
1000,268,"alpha1",0.652857848738881,0.655179789602582,0.056958417499899,0.535058220003381,0.616057972151282,0.655179789602582,0.692766080141093,0.754405675054188
1000,268,"beta1",0.260239276381117,0.257345294658256,0.0435098863734082,0.185173875897466,0.23136339175132,0.257345294658256,0.28670453799439,0.355482559277508
1000,269,"alpha0",0.105074228342302,0.104228583741747,0.0196790816627287,0.0764438165873575,0.0944981442481171,0.104228583741747,0.114627425840963,0.133276031546168
1000,269,"alpha1",0.608019540081924,0.607106892895042,0.069912338051206,0.479993479260478,0.558561675116807,0.607106892895042,0.656608646582643,0.74455561370365
1000,269,"beta1",0.211608412926325,0.209203765108434,0.0529194628942374,0.118142645037246,0.172226402402618,0.209203765108434,0.247639877549386,0.32025017570739
1000,270,"alpha0",0.113563379152369,0.112082971462207,0.0250337032777122,0.0835920875538587,0.101801436653689,0.112082971462207,0.122129241117036,0.143621685388194
1000,270,"alpha1",0.669309756819699,0.670464211665534,0.0764445818438546,0.52448447659271,0.621918755742842,0.670464211665534,0.719582296177251,0.812387824027385
1000,270,"beta1",0.163401616515935,0.160816250011084,0.0499482535026104,0.0732747621880638,0.127374417589843,0.160816250011084,0.195848166893448,0.268219555317797
1000,271,"alpha0",0.104023867644459,0.10338239880511,0.0204169082946228,0.0745196403671546,0.093623234738628,0.10338239880511,0.112916420298626,0.133230639080877
1000,271,"alpha1",0.695047161221177,0.699678617874691,0.0691449193472007,0.565414518516294,0.649545601356053,0.699678617874691,0.74319407339222,0.813294789722417
1000,271,"beta1",0.208523986520296,0.20503820220116,0.0441583347391367,0.129930130338131,0.177199920298506,0.20503820220116,0.236942289973263,0.299363671890006
1000,272,"alpha0",0.109806353040932,0.10840060014461,0.0244775990917091,0.0770683370491594,0.0975414530195039,0.10840060014461,0.119166813814113,0.1428525120136
1000,272,"alpha1",0.621141250357526,0.626326475559652,0.0653755523772018,0.493790568198053,0.58231581208834,0.626326475559652,0.663862048364108,0.733181330031808
1000,272,"beta1",0.288565715640927,0.286833687094716,0.0461808116611905,0.20254360229232,0.256513228783011,0.286833687094716,0.318857053681146,0.38186345345573
1000,273,"alpha0",0.108954797855783,0.106976840177898,0.0228583677871997,0.07853413007406,0.0972917075207318,0.106976840177898,0.118372784636492,0.141253261964554
1000,273,"alpha1",0.729048421799669,0.734194123318023,0.0606004953554573,0.61586167635915,0.69641929617634,0.734194123318023,0.767094995574673,0.827290322049117
1000,273,"beta1",0.207317568150633,0.205547172508066,0.0413645153536391,0.131620670166382,0.180605922451625,0.205547172508066,0.231753114910794,0.296628082550242
1000,274,"alpha0",0.100268294152485,0.0988616275645895,0.0222537972859284,0.0758394476049844,0.0901340826974633,0.0988616275645895,0.107584229390573,0.124496562666704
1000,274,"alpha1",0.699196680058636,0.701487239103554,0.0607253814210226,0.582716295937758,0.661097439182799,0.701487239103554,0.74168683236458,0.801951463952583
1000,274,"beta1",0.242171749289749,0.240248069123184,0.04028489475888,0.170994588466205,0.213271214770605,0.240248069123184,0.268566225007522,0.326172762066059
1000,275,"alpha0",0.113344003544974,0.112781207017224,0.0232044140364249,0.0862567138906766,0.10371207201012,0.112781207017224,0.120540098442687,0.135672072806675
1000,275,"alpha1",0.716784397944145,0.72041638345557,0.0720398367522416,0.575947914329296,0.670080466642156,0.72041638345557,0.768727878115158,0.839231065969083
1000,275,"beta1",0.163632167559411,0.161124401584925,0.035358041829892,0.101962277714008,0.139413714680134,0.161124401584925,0.184653391620383,0.241054097304267
1000,276,"alpha0",0.101199636469496,0.100137965070205,0.0249000399239712,0.0695871416571899,0.0901350650087895,0.100137965070205,0.109726369754226,0.130096388112522
1000,276,"alpha1",0.594455770111211,0.595441910469174,0.0678866664686957,0.471711888171793,0.552169669140801,0.595441910469174,0.638307036682038,0.722375063328531
1000,276,"beta1",0.257601769428965,0.254770285916107,0.0528229722740397,0.163159552583631,0.22074183527824,0.254770285916107,0.290677794292015,0.37185962147985
1000,277,"alpha0",0.0919044403265809,0.0895063796867408,0.0287966826982724,0.0626993611635774,0.0792019925553166,0.0895063796867408,0.0996234641492753,0.124809862586963
1000,277,"alpha1",0.615798565808059,0.617992762613802,0.0704429167469687,0.489329628944207,0.57477046208492,0.617992762613802,0.658528022777696,0.748102584369062
1000,277,"beta1",0.286700485044113,0.285034007405826,0.0558361487910521,0.175238215063276,0.249017247312953,0.285034007405826,0.32514738322924,0.394522054591272
1000,278,"alpha0",0.0996157410889926,0.0981787445820301,0.0209279916371251,0.0744094634565795,0.0902756001643422,0.0981787445820301,0.106810648476522,0.12377699726572
1000,278,"alpha1",0.618102648798204,0.618592483713445,0.0694405473751074,0.483196371569563,0.572157987561825,0.618592483713445,0.66397522875924,0.747639649282113
1000,278,"beta1",0.211634379499618,0.209127137350344,0.050200221677958,0.120439056871399,0.176827546826682,0.209127137350344,0.243735939539192,0.31372578539053
1000,279,"alpha0",0.119278094683637,0.117654067551516,0.0254495739474855,0.0858248219575494,0.107233456036414,0.117654067551516,0.127930740093106,0.154540418658729
1000,279,"alpha1",0.735668132980011,0.738448667301148,0.0740642623993815,0.606491719406828,0.694334426520335,0.738448667301148,0.785790906095982,0.850148895566053
1000,279,"beta1",0.157314603444101,0.156187335388035,0.0456531553124216,0.0687290771900406,0.12576788756954,0.156187335388035,0.187274719910424,0.251666603642319
1000,280,"alpha0",0.0996538359049948,0.0988866200905773,0.0192989235883792,0.0741743473072954,0.0898403822093147,0.0988866200905773,0.106951935677753,0.124638791790743
1000,280,"alpha1",0.726076857943669,0.730415741207336,0.0652951823263189,0.604284341085593,0.69224062832128,0.730415741207336,0.767739512165996,0.828711453995962
1000,280,"beta1",0.195640835452198,0.192218386365132,0.0400025945237052,0.12485328468766,0.168045369200336,0.192218386365132,0.219443702300638,0.287200753545556
1000,281,"alpha0",0.115504861104551,0.115205848931359,0.0179153991797168,0.0887450951797276,0.105196681105725,0.115205848931359,0.124434719038095,0.142479364725094
1000,281,"alpha1",0.707495412875951,0.709775203323194,0.0704708747828397,0.575915732688428,0.662670532869634,0.709775203323194,0.756868823536589,0.830486687822167
1000,281,"beta1",0.143434800847974,0.138979565141622,0.0416730858622472,0.0730843588778612,0.113492851766717,0.138979565141622,0.169688680457264,0.233737109068863
1000,282,"alpha0",0.109182563367023,0.108374632205975,0.0237829626909131,0.079152714805333,0.0989923484822287,0.108374632205975,0.117038126220227,0.134186908083699
1000,282,"alpha1",0.732770844468056,0.734249000957941,0.0581917851849013,0.621112346349849,0.69783970978834,0.734249000957941,0.770817689840326,0.836378653192607
1000,282,"beta1",0.192461185974922,0.189271097090738,0.0409871252818767,0.121843361146638,0.164283366447358,0.189271097090738,0.216699641515573,0.28594464193197
1000,283,"alpha0",0.100393226224415,0.0984223979414374,0.0261526000535802,0.073510564396657,0.0904301616355229,0.0984223979414374,0.10677299735377,0.123593892636182
1000,283,"alpha1",0.661282850732449,0.661532994737236,0.0720650870546914,0.529358386107282,0.617219753589754,0.661532994737236,0.708869773898181,0.796450918736355
1000,283,"beta1",0.210261410162373,0.207723628452932,0.043767734453014,0.13070185509284,0.17978845238737,0.207723628452932,0.238126644638276,0.299244246933894
1000,284,"alpha0",0.117897756782822,0.116151182190152,0.024932825301399,0.0869905641367707,0.104827902883503,0.116151182190152,0.12780710181567,0.153509077588056
1000,284,"alpha1",0.489389886571656,0.487790600752084,0.0584609881481065,0.379745771699252,0.448357235105365,0.487790600752084,0.529188180112798,0.606036791482079
1000,284,"beta1",0.261246913592978,0.259658660221804,0.0556017132103926,0.155226572491702,0.223747069355336,0.259658660221804,0.297342445813903,0.377809519236978
1000,285,"alpha0",0.100074425675969,0.0983602620002562,0.0262754123813253,0.0703295235836097,0.0886754711051085,0.0983602620002562,0.1076748943989,0.128525329860796
1000,285,"alpha1",0.697836927240741,0.702037853866896,0.0711179211249567,0.562138645904858,0.656241380193435,0.702037853866896,0.745075269724069,0.818155813024552
1000,285,"beta1",0.20949257818047,0.20685546790553,0.0489697603244032,0.116656618664811,0.176038602887121,0.20685546790553,0.240949661439848,0.311661386849358
1000,286,"alpha0",0.0999195156351973,0.0994875463864843,0.0198535716960237,0.0748245116086229,0.0908954128569593,0.0994875463864843,0.107195323068786,0.121748936588913
1000,286,"alpha1",0.737744730075235,0.742658709922965,0.0665747686908253,0.610656802737841,0.698146155388017,0.742658709922965,0.78355513052805,0.846734299931527
1000,286,"beta1",0.174584544006045,0.171732152958515,0.0387997174116892,0.107046196833663,0.146980277307826,0.171732152958515,0.198612522141451,0.258592516156629
1000,287,"alpha0",0.132158770743399,0.131432656234349,0.0232858292552277,0.0990205622021992,0.119435397950667,0.131432656234349,0.142496729031182,0.165686900961989
1000,287,"alpha1",0.66098976395076,0.661802311408289,0.0651927561810766,0.542485876919174,0.617631453292493,0.661802311408289,0.705441122057358,0.781006929978201
1000,287,"beta1",0.199895219490962,0.19670255468498,0.0437422729535774,0.123587781290016,0.168456991046522,0.19670255468498,0.230410708008778,0.289701505270097
1000,288,"alpha0",0.0996409448212443,0.0984260627177259,0.0209794832864228,0.0752887299340432,0.0908137183542021,0.0984260627177259,0.106581168334603,0.121250855037077
1000,288,"alpha1",0.654159686641977,0.657428556282612,0.0704738361278074,0.51494331994307,0.613306813547568,0.657428556282612,0.698965153927584,0.784999783075473
1000,288,"beta1",0.167461650755619,0.163658387010435,0.0441901896748724,0.0929634227348929,0.136078728958174,0.163658387010435,0.1956389666876,0.264679114940111
1000,289,"alpha0",0.0745844690908536,0.0718214788893106,0.0277829617446471,0.0486808613074512,0.0637983408258097,0.0718214788893106,0.080781475442903,0.101170722718886
1000,289,"alpha1",0.584701199128551,0.586331911518607,0.0634583058771697,0.461476677145402,0.543251125135615,0.586331911518607,0.628835219938693,0.700921079990819
1000,289,"beta1",0.285432776286568,0.284649607471576,0.0605733805426114,0.17155478614283,0.245430833120555,0.284649607471576,0.324671036112689,0.403191090700912
1000,290,"alpha0",0.113959421363597,0.112655253562993,0.023054891648967,0.0830640925018585,0.102631058065915,0.112655253562993,0.122568655598897,0.144481757399193
1000,290,"alpha1",0.70600641747353,0.709335226713881,0.0651665207332742,0.583182982081887,0.665586740219541,0.709335226713881,0.748668914186054,0.824664318962853
1000,290,"beta1",0.186959546654583,0.184940611933055,0.0394472693314992,0.116752447408284,0.159691728450284,0.184940611933055,0.211684976157259,0.269336383204972
1000,291,"alpha0",0.108394709509606,0.107668196507595,0.0240939126287291,0.0794805512348406,0.0976504535977638,0.107668196507595,0.116434106168543,0.134535442622235
1000,291,"alpha1",0.744195219965206,0.749451386330803,0.0582129535313644,0.629664244834108,0.713357968140941,0.749451386330803,0.781915218391823,0.833035271006347
1000,291,"beta1",0.201541644515916,0.197687688829584,0.0392427928787705,0.135147842080785,0.173996221450095,0.197687688829584,0.226540290839477,0.286591219033456
1000,292,"alpha0",0.0790607394478448,0.0766976221417724,0.0234267539168435,0.0540377389483863,0.0678617407594774,0.0766976221417724,0.0866167710511037,0.107188928542263
1000,292,"alpha1",0.407373102988809,0.405432251023518,0.0550744255545173,0.302294593673888,0.370582520377306,0.405432251023518,0.442245317878156,0.518661523347219
1000,292,"beta1",0.367138852698505,0.368363757922058,0.067469399301704,0.229053323713847,0.325528091958411,0.368363757922058,0.414988742401108,0.489128111291194
1000,293,"alpha0",0.0923340210072564,0.091295414024209,0.0217072659815513,0.0669408994632365,0.0840522537580077,0.091295414024209,0.0986002159463938,0.114870895789788
1000,293,"alpha1",0.654757014962555,0.65384419015989,0.0618347574380604,0.534510536020502,0.614245395765945,0.65384419015989,0.697974172461129,0.76885200663679
1000,293,"beta1",0.221528604522829,0.220097336520425,0.0396419062376523,0.149005261868405,0.193254948642586,0.220097336520425,0.24707014711022,0.301699036239551
1000,294,"alpha0",0.0850628359445616,0.0837735235665192,0.021667469374723,0.0580056175874671,0.0752747659555673,0.0837735235665192,0.0923627126688723,0.108608487120665
1000,294,"alpha1",0.658312142834859,0.662969846095838,0.0576409373843389,0.540393459924181,0.622721448695142,0.662969846095838,0.699147250628728,0.758423408753378
1000,294,"beta1",0.274809571536252,0.271777053357437,0.0438502654069372,0.197241222523865,0.244867199251005,0.271777053357437,0.302790674921859,0.363624664940976
1000,295,"alpha0",0.0840901827458189,0.0824478709410304,0.0232017691274242,0.0618761869046288,0.0748964908631169,0.0824478709410304,0.0901048204740006,0.107086739560894
1000,295,"alpha1",0.683474185120023,0.690550370857484,0.0657377092189132,0.542860487975378,0.64120864722906,0.690550370857484,0.731433662449209,0.792271037357117
1000,295,"beta1",0.219436953574797,0.217443525622725,0.0415626455686835,0.143966887499247,0.19137334966467,0.217443525622725,0.247220401604295,0.302606586241217
1000,296,"alpha0",0.112054981767621,0.110778875809531,0.0226771114578057,0.0842470671562974,0.10003767399835,0.110778875809531,0.121020609530113,0.142753091152311
1000,296,"alpha1",0.628166707188557,0.631352192050292,0.0697873994978775,0.498589641427734,0.580555167242009,0.631352192050292,0.678533552206292,0.750803216328122
1000,296,"beta1",0.186828130025213,0.184454894597423,0.0487733467819835,0.0924882725739831,0.152634613379969,0.184454894597423,0.219000038805161,0.285975769869737
1000,297,"alpha0",0.100423509948559,0.0997253482720824,0.0207232808161102,0.0758220206464426,0.0912675326978835,0.0997253482720824,0.107612767294811,0.122851808472619
1000,297,"alpha1",0.653050043152414,0.649714792367792,0.0767193486314052,0.517788729390009,0.601593002216636,0.649714792367792,0.703254118071247,0.811965894395406
1000,297,"beta1",0.206832417476889,0.203427896478215,0.04610796528199,0.122855149829921,0.174586641270648,0.203427896478215,0.235089884032394,0.306805418925839
1000,298,"alpha0",0.105721550743552,0.1043803221486,0.0233230732835104,0.0807867115458642,0.0959837293300119,0.1043803221486,0.11269458787055,0.129077521590421
1000,298,"alpha1",0.79071117494051,0.796671278402556,0.0587617019146617,0.679024801683328,0.763140207278085,0.796671278402556,0.828707192433128,0.873406013970998
1000,298,"beta1",0.168189106421851,0.165722264715565,0.036670470933281,0.103696695604841,0.141731846998467,0.165722264715565,0.192490140822254,0.24636064423781
1000,299,"alpha0",0.117242151992676,0.115752388504002,0.0259104475226178,0.085462354628733,0.106610189090934,0.115752388504002,0.125054225336155,0.1454744055983
1000,299,"alpha1",0.671959788984657,0.673312691925835,0.0789593851658023,0.51957256865222,0.62245051576528,0.673312691925835,0.724380646218743,0.821577846535665
1000,299,"beta1",0.178909145181647,0.176221168343883,0.0429674457487126,0.102196568478756,0.148640326030194,0.176221168343883,0.207265987793918,0.268926038412635
1000,300,"alpha0",0.127438431259565,0.126507443111507,0.02293246651834,0.0934583209563694,0.115643024661178,0.126507443111507,0.137110120341751,0.15803645002193
1000,300,"alpha1",0.739400850204098,0.742935770063127,0.0714817874967968,0.598581433603084,0.693562691847553,0.742935770063127,0.787593247730865,0.87300470642453
1000,300,"beta1",0.153348960714748,0.149614177078831,0.0435828120828627,0.0781693110604677,0.122543932285633,0.149614177078831,0.180120149528861,0.250159250685778
1000,301,"alpha0",0.0928984129033694,0.0911944062233387,0.0211877829478755,0.0635981725872314,0.08176205266247,0.0911944062233387,0.102088032586669,0.125601410635474
1000,301,"alpha1",0.654831993599615,0.654955240549796,0.0692298560571201,0.534990050464722,0.607941461845513,0.654955240549796,0.701143951607109,0.785575291018721
1000,301,"beta1",0.198578550194926,0.196841839006382,0.0542911200783005,0.0963877298951385,0.162333945232689,0.196841839006382,0.234401339924811,0.30784710224954
1000,302,"alpha0",0.104667654171904,0.10338527936593,0.024251963947045,0.0770575862790038,0.0946862549798154,0.10338527936593,0.111499996463959,0.132286235715251
1000,302,"alpha1",0.703922521860874,0.706845142576964,0.0693030645481896,0.56811702487443,0.658643090208231,0.706845142576964,0.752936795992626,0.822788704791998
1000,302,"beta1",0.209299743363178,0.207226134647665,0.044050521909137,0.127797649755121,0.179771192920415,0.207226134647665,0.236300437202958,0.305281515345519
1000,303,"alpha0",0.100061744907923,0.0982147382794798,0.0295202117519806,0.0713043471175095,0.0897204367606507,0.0982147382794798,0.106152554303673,0.123568109341312
1000,303,"alpha1",0.586208269700463,0.58773054671259,0.0759222339345606,0.441086559158035,0.541530358744343,0.58773054671259,0.634977723853116,0.722723926076418
1000,303,"beta1",0.256585895397925,0.252386958517274,0.0521423186487878,0.164231011798519,0.222614031605782,0.252386958517274,0.286496467401095,0.379361870930988
1000,304,"alpha0",0.0724450195061219,0.0703807851510727,0.0235553425362271,0.0494583960997949,0.0629453472582936,0.0703807851510727,0.0785610728203722,0.0954625078550951
1000,304,"alpha1",0.553578420863861,0.555803390754644,0.0668100528523464,0.425273874227216,0.513075159647064,0.555803390754644,0.597155991740263,0.676700267957948
1000,304,"beta1",0.321840770325789,0.319256215225401,0.0505150294398721,0.230805285038807,0.285028540392476,0.319256215225401,0.356889564423639,0.422231680152995
1000,305,"alpha0",0.095669960542487,0.0942587814036647,0.0251922671321115,0.0708702751105093,0.0861881205805613,0.0942587814036647,0.101929225880625,0.116241969518156
1000,305,"alpha1",0.671539141930712,0.675201861673902,0.0622071946612081,0.545550712544566,0.632692418017241,0.675201861673902,0.715004275179874,0.780803027346363
1000,305,"beta1",0.237409870779221,0.235258655534607,0.0419481961794212,0.162261742558072,0.207837483114522,0.235258655534607,0.264891656974514,0.325776481831313
1000,306,"alpha0",0.106666046165014,0.10554206368485,0.0198951574939555,0.083901073838301,0.098412836255169,0.10554206368485,0.112838703748982,0.127938874603583
1000,306,"alpha1",0.824204921043008,0.830790212064273,0.058846474848014,0.720188341478126,0.798668768316141,0.830790212064273,0.859649999429024,0.904044150696622
1000,306,"beta1",0.12416081422369,0.121733599295644,0.0279459245180151,0.076400479401667,0.104082435508699,0.121733599295644,0.14253265069796,0.183609025988321
1000,307,"alpha0",0.103900678294856,0.102593225640273,0.0217998964682313,0.0802106416314302,0.0942563567362517,0.102593225640273,0.110868516052088,0.126519808128969
1000,307,"alpha1",0.723484655103788,0.72952175778844,0.0652885708936988,0.583625539761736,0.683917345336095,0.72952175778844,0.770721127408746,0.826400682615015
1000,307,"beta1",0.184774586187647,0.183414554294672,0.0369216295451978,0.120428298132904,0.158379346299657,0.183414554294672,0.208369195688305,0.261705274393349
1000,308,"alpha0",0.0993752572880015,0.0984661566239325,0.022142120353647,0.0673994433189898,0.0880998519547987,0.0984661566239325,0.109028526913671,0.131313304123418
1000,308,"alpha1",0.443956320229204,0.443385474771196,0.056862267100368,0.334870560798625,0.403514088282759,0.443385474771196,0.483105153104971,0.555793268395127
1000,308,"beta1",0.307139565846109,0.302927408190745,0.0655552221648878,0.183867029732022,0.262540920495467,0.302927408190745,0.34822754449788,0.448307568124991
1000,309,"alpha0",0.117896624216075,0.117584996132289,0.0189361292332048,0.0904468821180468,0.108069660161902,0.117584996132289,0.126280008179179,0.143505388377478
1000,309,"alpha1",0.754104441648633,0.760094388234061,0.0761182605771954,0.608019649500552,0.711675358085733,0.760094388234061,0.806218686352918,0.872699819367089
1000,309,"beta1",0.137547101854425,0.134438572794355,0.0322389682384069,0.0822139998166841,0.114621207880305,0.134438572794355,0.157510347269815,0.208226763099513
1000,310,"alpha0",0.108099697497313,0.10794344802266,0.0203289146895301,0.0801055067175416,0.0986181139359138,0.10794344802266,0.116081924846282,0.132703403434484
1000,310,"alpha1",0.720160832478295,0.724827144912073,0.0701215391981493,0.585771396950316,0.677957348824773,0.724827144912073,0.768737828464911,0.834996910413315
1000,310,"beta1",0.165803456203312,0.16083072974011,0.0390156971512532,0.102764370220338,0.138403766088507,0.16083072974011,0.188971895316543,0.255028664063647
1000,311,"alpha0",0.0955362642728166,0.094722270212805,0.0167316878791798,0.0701410521328963,0.0861427634649896,0.094722270212805,0.103702270572824,0.121193299889181
1000,311,"alpha1",0.67111480986516,0.671771957118677,0.0684282554969159,0.544369347185829,0.62814825218712,0.671771957118677,0.716569014050847,0.797222968985024
1000,311,"beta1",0.205606930086075,0.201676728534417,0.0514156078105522,0.115037859572218,0.169849343393809,0.201676728534417,0.23812133653966,0.315221277545738
1000,312,"alpha0",0.111121640703439,0.108778349598131,0.0264462679697487,0.0799302512028353,0.09843433792906,0.108778349598131,0.119893557504948,0.150693504040243
1000,312,"alpha1",0.630223195568263,0.632911238629652,0.0718320699874476,0.490427024510891,0.585894752126927,0.632911238629652,0.67943610873409,0.758040940117343
1000,312,"beta1",0.22597125287956,0.224854761711676,0.0513991759453434,0.125257674643077,0.191581858211705,0.224854761711676,0.25980254003847,0.330077068600307
1000,313,"alpha0",0.0993616665403232,0.0989731776003685,0.0194922514192186,0.0741757727544456,0.0903391151015146,0.0989731776003685,0.10667842312079,0.120473509366587
1000,313,"alpha1",0.752155931103688,0.756139314888217,0.0651177507079098,0.622884537314141,0.713776389130649,0.756139314888217,0.796795025625069,0.857807921206237
1000,313,"beta1",0.162799104793597,0.160444751048566,0.0394683986053451,0.0933342384790165,0.134037917759558,0.160444751048566,0.18881191404753,0.245298092328017
1000,314,"alpha0",0.0973449333720667,0.095398511109423,0.0254636430949975,0.0657519514919976,0.0861302348392576,0.095398511109423,0.105618204621494,0.127123733829629
1000,314,"alpha1",0.590879814630013,0.592675193155451,0.0665037977064725,0.461751380998655,0.547780664110931,0.592675193155451,0.63582176940039,0.714219252863871
1000,314,"beta1",0.259756207869188,0.258269753839256,0.0538253465963782,0.161189584611764,0.223123016423207,0.258269753839256,0.295590093436018,0.375350020647679
1000,315,"alpha0",0.0947338097491796,0.0915570604464173,0.0297975594150881,0.0651605263415149,0.0823557533897193,0.0915570604464173,0.102218472771315,0.130762430392534
1000,315,"alpha1",0.673755428944834,0.680873497696562,0.0682361887111692,0.532900192807651,0.633065068653548,0.680873497696562,0.721120450519356,0.786434326220611
1000,315,"beta1",0.24015977339349,0.239875562890709,0.0515978734965594,0.143222135516783,0.208291541916491,0.239875562890709,0.272772267099111,0.341598488054093
1000,316,"alpha0",0.104120652692356,0.103309704662442,0.0214468864432473,0.0806447947104624,0.0954046175919614,0.103309704662442,0.11043091445591,0.125281549793846
1000,316,"alpha1",0.682331432943714,0.685748123660511,0.0705809520893265,0.552614423753143,0.638033773800375,0.685748123660511,0.729929926829034,0.808052997919136
1000,316,"beta1",0.150988737382556,0.147846894488791,0.0364263548312704,0.0872211865980299,0.125793732944158,0.147846894488791,0.17239776279462,0.230311219745381
1000,317,"alpha0",0.0963596670168894,0.0949049377347052,0.0250323409366264,0.0706905370199683,0.0870349941304267,0.0949049377347052,0.102596576185825,0.12006316210401
1000,317,"alpha1",0.63720279784479,0.640480638268321,0.0784148172221956,0.487115921827457,0.590580768869185,0.640480638268321,0.689332429054571,0.774371680562798
1000,317,"beta1",0.211512428371743,0.207312525414407,0.0508622384562211,0.128804875635062,0.176750774280887,0.207312525414407,0.239239598979086,0.323160916282099
1000,318,"alpha0",0.100348798041411,0.0987847432441848,0.0248527256900138,0.074419598405125,0.0904799596928969,0.0987847432441848,0.107223015276091,0.122454445010304
1000,318,"alpha1",0.732245891375612,0.732932477940198,0.0635131155592631,0.612205801610818,0.695278000425963,0.732932477940198,0.773404708938368,0.844994978421594
1000,318,"beta1",0.175572693120112,0.172786806938431,0.0387244417152983,0.110067222365832,0.148876840384694,0.172786806938431,0.199853991322683,0.260438182945858
1000,319,"alpha0",0.0956635742062561,0.0950302883013391,0.0215307820772844,0.0709616038233684,0.0866407279195138,0.0950302883013391,0.103101026302127,0.116755121638924
1000,319,"alpha1",0.714083898035986,0.719453228819014,0.0600039827803031,0.58636673786988,0.681069355107128,0.719453228819014,0.753501263090311,0.811217058188129
1000,319,"beta1",0.221428264982683,0.218905235986653,0.0401812804105538,0.152475501037739,0.192427921336624,0.218905235986653,0.246879635365797,0.306165166021617
1000,320,"alpha0",0.10174901294714,0.101214872721479,0.0183178586848185,0.0768729488010092,0.0926836815824579,0.101214872721479,0.109223431281398,0.125418205164348
1000,320,"alpha1",0.675810934788918,0.676118942366103,0.070126381316151,0.540593452318207,0.628741298126062,0.676118942366103,0.724178802171119,0.810782322685909
1000,320,"beta1",0.180783979770948,0.177751187948571,0.0435216633853405,0.104563933116389,0.150209985450531,0.177751187948571,0.207984156964111,0.269744315778164
1000,321,"alpha0",0.0966806073249488,0.0956253630076584,0.0207768198723054,0.072354377318707,0.0875184391061631,0.0956253630076584,0.103638004967589,0.119161518110286
1000,321,"alpha1",0.559322886543552,0.559334401569743,0.0642332644143502,0.441610469420992,0.519330911388984,0.559334401569743,0.600040416569072,0.684215455762719
1000,321,"beta1",0.242636315645835,0.239754129149623,0.0455116943394216,0.161880775443852,0.20920399112533,0.239754129149623,0.272840205716152,0.339167968290136
1000,322,"alpha0",0.108194856717149,0.107421682948084,0.0234171403543478,0.0812157437107182,0.09792442386058,0.107421682948084,0.116046727615249,0.132273543676654
1000,322,"alpha1",0.692401801900698,0.692517655450616,0.0732780275343259,0.541284724303201,0.645752113465952,0.692517655450616,0.740821097030823,0.839141334956787
1000,322,"beta1",0.172059271580068,0.168074162130881,0.0444359416359431,0.095300105592444,0.140983611769343,0.168074162130881,0.198090632806213,0.273307006390153
1000,323,"alpha0",0.11061442063627,0.109948065471767,0.0223303567423614,0.0819922524386064,0.10101490668626,0.109948065471767,0.118228739406801,0.134539152784778
1000,323,"alpha1",0.793794777704705,0.801637772358835,0.0611648325096708,0.668379064050999,0.762643581266323,0.801637772358835,0.834557681595322,0.881689236220146
1000,323,"beta1",0.14932556101816,0.146193268352514,0.035284122518475,0.0894729189316982,0.124732241804015,0.146193268352514,0.169405263912126,0.230932641091804
1000,324,"alpha0",0.0999857476738014,0.0991698508173712,0.0251218074947279,0.0684137321078689,0.0890648897036948,0.0991698508173712,0.108026990104285,0.12561299055505
1000,324,"alpha1",0.640453352347551,0.636187997216894,0.074807231476071,0.506758730846576,0.589048691776394,0.636187997216894,0.690853714578375,0.790893786884312
1000,324,"beta1",0.192522313936744,0.186322535947986,0.0568818929594446,0.0980710257148346,0.151407160617519,0.186322535947986,0.228205332190967,0.318612284202888
1000,325,"alpha0",0.0935011853919979,0.0924518550487599,0.0209796856304228,0.0666943992800308,0.083257556491612,0.0924518550487599,0.101483792813528,0.120468832533038
1000,325,"alpha1",0.654204824848719,0.65656334108743,0.0688002413449145,0.5173691797191,0.608513240248785,0.65656334108743,0.703183421799743,0.777259329539266
1000,325,"beta1",0.243107468134155,0.241101420006521,0.0485027559453635,0.154772836853025,0.208557173524507,0.241101420006521,0.274347014478203,0.347515094450507
1000,326,"alpha0",0.103843997248967,0.102977548659737,0.0208450019081392,0.0763842794984451,0.0936618112994623,0.102977548659737,0.111904306119975,0.13062721713942
1000,326,"alpha1",0.735550274290156,0.739980880058818,0.0479797003557043,0.638566995655547,0.710735568656652,0.739980880058818,0.7660999088292,0.814609784117708
1000,326,"beta1",0.231988077482325,0.229445386246742,0.0372520188101225,0.166229027293098,0.206048120189108,0.229445386246742,0.255435344408217,0.312022213708907
1000,327,"alpha0",0.119196885200216,0.118719006738928,0.0187820737829947,0.0934806705897759,0.110320198585992,0.118719006738928,0.126816199717601,0.14267694883147
1000,327,"alpha1",0.687173961962733,0.689921784997958,0.0700003464546368,0.560365762422185,0.642819138519646,0.689921784997958,0.733639636947934,0.813634137904847
1000,327,"beta1",0.14979403227971,0.146617584644272,0.034380667777885,0.089797862219111,0.124829642014154,0.146617584644272,0.172047244339488,0.224272317366528
1000,328,"alpha0",0.103386614933194,0.101791933952225,0.0230482910706195,0.0821598923453068,0.0946386124012787,0.101791933952225,0.109185052405892,0.123211931542098
1000,328,"alpha1",0.741997981637559,0.749173701571004,0.0691048453780236,0.61288239930935,0.702513801420773,0.749173701571004,0.789870260918833,0.848198474846877
1000,328,"beta1",0.161835257381359,0.159869641587888,0.0343960943519781,0.102040889850099,0.137574829092246,0.159869641587888,0.183951340152354,0.235242387910451
1000,329,"alpha0",0.126550605639214,0.126309622309699,0.0204032145471266,0.0951112908381807,0.116599431122758,0.126309622309699,0.135219333721818,0.153756160783756
1000,329,"alpha1",0.651041481759356,0.65032412209275,0.075295429388666,0.516386222565864,0.605313198345339,0.65032412209275,0.699200756584859,0.790577132187635
1000,329,"beta1",0.124798063626964,0.120235668443922,0.0444271566852702,0.0494569386413948,0.0936367066868842,0.120235668443922,0.150702463052088,0.226359862345911
1000,330,"alpha0",0.125928701325095,0.12492838348704,0.0219971852856891,0.0981572517148003,0.11539747000708,0.12492838348704,0.133945308533343,0.153924535864772
1000,330,"alpha1",0.681088877872447,0.680874868433668,0.0728505836417771,0.54751233167431,0.631867342506191,0.680874868433668,0.731653695138488,0.821571988049211
1000,330,"beta1",0.170175093212485,0.166937010554336,0.0420115078231692,0.0964159940405427,0.140001618419811,0.166937010554336,0.197574882362135,0.26105434199388
1000,331,"alpha0",0.0957230061276988,0.0936840008019952,0.027447913865322,0.0696231551023644,0.0853661432067966,0.0936840008019952,0.101765062845865,0.120128813214175
1000,331,"alpha1",0.654258546433858,0.652254897580061,0.0738137390209987,0.524698158000933,0.606281055961662,0.652254897580061,0.703645070365921,0.794517605980889
1000,331,"beta1",0.219231420274529,0.217582543278005,0.0456244166261208,0.137722208958691,0.187845623207846,0.217582543278005,0.247818706062394,0.312320420498519
1000,332,"alpha0",0.11779148878049,0.117335545311499,0.0235252236811591,0.085712230761663,0.106632486401326,0.117335545311499,0.127197849999191,0.146853348649448
1000,332,"alpha1",0.647624376283554,0.649039031195968,0.0675428048565779,0.51854788579321,0.607890802574922,0.649039031195968,0.69043970327608,0.771596613187343
1000,332,"beta1",0.168956879557303,0.165591498016335,0.0505055504663572,0.0821788191989916,0.131215957463357,0.165591498016335,0.203660950602187,0.273520552361281
1000,333,"alpha0",0.0918645801716271,0.0909260046786685,0.0187404913915004,0.0688643846755775,0.0833804498888603,0.0909260046786685,0.0983062902234553,0.112688494344461
1000,333,"alpha1",0.737285288127392,0.742025137601648,0.0534342371800337,0.635748348950045,0.708529018668911,0.742025137601648,0.772693637285463,0.820865204102759
1000,333,"beta1",0.21265716571182,0.211067539911646,0.0376948651686413,0.144181160108142,0.186686561500679,0.211067539911646,0.237697749934784,0.28966793059301
1000,334,"alpha0",0.100475593231827,0.0981826798959756,0.0231007648664608,0.0743711382139136,0.0894846034601509,0.0981826798959756,0.107452434802069,0.128368474350168
1000,334,"alpha1",0.71409710882716,0.72089683948403,0.0680627774180957,0.593288982245249,0.67653237155947,0.72089683948403,0.758976544646651,0.81883940945888
1000,334,"beta1",0.212645586903972,0.212747324173994,0.0434526459299473,0.132040737911836,0.183623169506337,0.212747324173994,0.24077336692978,0.30149418753403
1000,335,"alpha0",0.110630587781143,0.110420832666193,0.0198057331784338,0.0818870776366717,0.100850255416487,0.110420832666193,0.119246655285609,0.136961460139134
1000,335,"alpha1",0.633292979601909,0.632609456409479,0.0647790271174793,0.510891248357461,0.5902927640849,0.632609456409479,0.676170144525035,0.766777009527416
1000,335,"beta1",0.197683395569867,0.194750175606666,0.0438131777809091,0.119125055364872,0.167664356711102,0.194750175606666,0.224783904670649,0.29003869208899
1000,336,"alpha0",0.094038213259177,0.0926771653456296,0.025469962616146,0.0637427063487086,0.0822314780919682,0.0926771653456296,0.102291190877301,0.125754177980533
1000,336,"alpha1",0.636136067705908,0.63527354389811,0.0663431196707056,0.514462211223238,0.594749013219129,0.63527354389811,0.679756771741454,0.763867885835714
1000,336,"beta1",0.232339946548007,0.231563253446181,0.0528044731366816,0.131607029571284,0.197433724688141,0.231563253446181,0.26477529762104,0.340092978639081
1000,337,"alpha0",0.0937688576246306,0.0921329178403903,0.0224936981826057,0.068798172777156,0.0845876459421522,0.0921329178403903,0.10009976007277,0.117523742452104
1000,337,"alpha1",0.658030805276605,0.661729297314428,0.0632687941930895,0.535287087465951,0.621447165321257,0.661729297314428,0.700803833138732,0.765643360560163
1000,337,"beta1",0.234194889022456,0.232579250352415,0.0407430061738158,0.160447243379592,0.205024563183039,0.232579250352415,0.261339265521777,0.318259844594723
1000,338,"alpha0",0.0834199876317848,0.0817656740252064,0.0229600701928903,0.0598968053555449,0.073509534129762,0.0817656740252064,0.0906571236740116,0.106284172498291
1000,338,"alpha1",0.631390676954806,0.631316843203208,0.0629616186490133,0.51341294534201,0.589367059693488,0.631316843203208,0.675121932127636,0.747482901133839
1000,338,"beta1",0.288005582214622,0.287315770822895,0.0468863715829215,0.201443632024302,0.255143779426469,0.287315770822895,0.320932141052548,0.379209093006793
1000,339,"alpha0",0.103213147343649,0.101741236118499,0.0242719286244191,0.0779808865405012,0.0941499085844515,0.101741236118499,0.109041016099393,0.126098833443346
1000,339,"alpha1",0.785178798207509,0.791217011112084,0.059073318139762,0.682911045172396,0.758879760897536,0.791217011112084,0.820153829791745,0.867679294354375
1000,339,"beta1",0.171274481255344,0.169469036717371,0.0358697710559724,0.106483116471431,0.146352362723296,0.169469036717371,0.193657583770154,0.246840302179782
1000,340,"alpha0",0.0942969496990632,0.09286404194922,0.0220970700369855,0.0709571047713929,0.0855076741908688,0.09286404194922,0.0998937921467339,0.117907419673761
1000,340,"alpha1",0.744246463492053,0.748688517764506,0.0722766531705285,0.614439567727416,0.702650673944613,0.748688517764506,0.792082140694075,0.867705349019536
1000,340,"beta1",0.140115987120013,0.138004246705191,0.0375528000445528,0.0703166276468992,0.114320891710361,0.138004246705191,0.164536284698135,0.218194786864646
1000,341,"alpha0",0.101075395578933,0.100105202060212,0.0201941809623493,0.0750334502747527,0.0916066048782284,0.100105202060212,0.108362852071049,0.126211930602883
1000,341,"alpha1",0.615896934975379,0.614451192299065,0.0676159987879647,0.49322227190776,0.565981219592989,0.614451192299065,0.663648231031123,0.743223280941899
1000,341,"beta1",0.165470128133232,0.16338428008813,0.0504269081997745,0.0738240460412791,0.130650642904505,0.16338428008813,0.197966644561197,0.268644293725714
1000,342,"alpha0",0.0909291999136775,0.0893737074722289,0.0235411766491779,0.0686800759868119,0.0821013167785548,0.0893737074722289,0.0970351292110824,0.111127805341568
1000,342,"alpha1",0.687814845768207,0.692627403059476,0.057865936444709,0.571191268678625,0.651798038947171,0.692627403059476,0.728670552906393,0.7873561941897
1000,342,"beta1",0.241725590565928,0.239556158579758,0.0394235649830833,0.171885447124416,0.213071386603626,0.239556158579758,0.267084552292288,0.324917894337323
1000,343,"alpha0",0.0873841453321696,0.0869701388272448,0.017646454747358,0.0637382591094302,0.0785583388300084,0.0869701388272448,0.0946002617722107,0.110669445020539
1000,343,"alpha1",0.655972704199814,0.658158830060112,0.0693170651076302,0.523951489957193,0.612130112008052,0.658158830060112,0.703371395250809,0.779990264528538
1000,343,"beta1",0.240250968364608,0.238570075387098,0.0448018647324532,0.155117238124512,0.209140968472514,0.238570075387098,0.269163416302495,0.334096188342704
1000,344,"alpha0",0.099464648733134,0.0983876117386234,0.0215037786676205,0.0754716492483597,0.0902577002571119,0.0983876117386234,0.105873674365144,0.121445500152404
1000,344,"alpha1",0.696358891166161,0.699177054641447,0.065015792322838,0.578704254943606,0.655313513733693,0.699177054641447,0.740915983582656,0.807398251377098
1000,344,"beta1",0.20860111417951,0.206832279754789,0.0393857905029799,0.137222364231235,0.181441919155366,0.206832279754789,0.233987972537544,0.289368835957943
1000,345,"alpha0",0.112051351944186,0.111833274995195,0.0201120886583693,0.0810197173637192,0.102212871051239,0.111833274995195,0.120544614806718,0.139005832892715
1000,345,"alpha1",0.739190231192621,0.744123620934691,0.068116017635909,0.609005144214238,0.695289541984001,0.744123620934691,0.788153838779118,0.855282416055614
1000,345,"beta1",0.176865671140262,0.173639962834838,0.0389529304845865,0.110180125102915,0.149999180941296,0.173639962834838,0.20048246580135,0.262370720686626
1000,346,"alpha0",0.113443502705756,0.112650524869585,0.0215769394165725,0.0878879931781975,0.104327024060568,0.112650524869585,0.120099559825969,0.136850147660204
1000,346,"alpha1",0.793126123370405,0.79714026208854,0.0718226716601549,0.662805246597839,0.751675480640975,0.79714026208854,0.84144904986779,0.912064586310056
1000,346,"beta1",0.12313574576186,0.119466836100985,0.0365620525168718,0.0608370641444771,0.0976877083098804,0.119466836100985,0.146450800744255,0.200451040897978
1000,347,"alpha0",0.118424200468825,0.117748248705593,0.0242513511151149,0.0896270828618697,0.107224898520037,0.117748248705593,0.126793809450936,0.1447197518637
1000,347,"alpha1",0.584065027747407,0.580952264166676,0.0753881802608478,0.447435163037292,0.535093490254178,0.580952264166676,0.631865449943915,0.739699587316301
1000,347,"beta1",0.18986973087568,0.185046983566326,0.0481018834120404,0.10657467807008,0.156002751852306,0.185046983566326,0.220505026807669,0.293164181328363
1000,348,"alpha0",0.0794338599578529,0.0777151726985173,0.0227591130971901,0.0578599401191768,0.0704583892524377,0.0777151726985173,0.0853753673793367,0.10078282891377
1000,348,"alpha1",0.648467214981457,0.651790641086173,0.070728408650508,0.515995776766969,0.608184718758255,0.651790641086173,0.693860439570088,0.770332234397295
1000,348,"beta1",0.240566994280666,0.238247229966025,0.0455512065996092,0.156604372904524,0.207856859469719,0.238247229966025,0.271518149479731,0.33166103315903
1000,349,"alpha0",0.111232513967016,0.11023322598195,0.0205470477661352,0.0850092062315973,0.101464857642416,0.11023322598195,0.119228973143416,0.137649229344379
1000,349,"alpha1",0.684678104557184,0.686714399642473,0.0746001589502346,0.548488803357574,0.641930746551405,0.686714399642473,0.731140180124584,0.816746917304365
1000,349,"beta1",0.169485515483267,0.166471720053786,0.0394646398103788,0.100759920167428,0.141148774726692,0.166471720053786,0.19526804662147,0.255889598901108
1000,350,"alpha0",0.0997227106972859,0.0985914067733682,0.0230361994192096,0.0733916514744291,0.0897228674309496,0.0985914067733682,0.106876683141641,0.125554457239178
1000,350,"alpha1",0.715449004302534,0.718298668199139,0.0610999508361027,0.592644625746492,0.678716599212754,0.718298668199139,0.757396299002571,0.820454035331257
1000,350,"beta1",0.208107738370351,0.205048130009146,0.0413950565630779,0.134979032700813,0.179304554004302,0.205048130009146,0.235314715989887,0.294523438937379
1000,351,"alpha0",0.109618287955555,0.108420199184723,0.022615627203764,0.0814032725350911,0.0994272018386672,0.108420199184723,0.117473615626414,0.134679253462981
1000,351,"alpha1",0.661143944176416,0.662078737014999,0.0700609073570373,0.520004589176074,0.618027536173557,0.662078737014999,0.707416522862432,0.79653127951285
1000,351,"beta1",0.184043078322615,0.180564300875294,0.0433564685051682,0.106404227148456,0.154143324756449,0.180564300875294,0.210415077376644,0.277695997617396
1000,352,"alpha0",0.0963076154633204,0.0951801369548301,0.0218414229221968,0.0672132329561795,0.0856440709599738,0.0951801369548301,0.104714556102773,0.125503194397183
1000,352,"alpha1",0.637622636692918,0.642458044139394,0.0671715291471591,0.506738046463934,0.592464615894739,0.642458044139394,0.683407570885238,0.761036888721033
1000,352,"beta1",0.233460683012668,0.23183961645593,0.0515596878934083,0.134818510413967,0.198821926359701,0.23183961645593,0.26858006960213,0.337876194251743
1000,353,"alpha0",0.0923830810449885,0.0915188841795575,0.0214240601380383,0.070041331911551,0.0842634826641207,0.0915188841795575,0.0982087917481677,0.110688310710104
1000,353,"alpha1",0.607271254436274,0.607889387757893,0.0623322470540472,0.47729944755681,0.567121154704826,0.607889387757893,0.649149633495448,0.726175203801422
1000,353,"beta1",0.182573222211736,0.178395442345085,0.0455405645747925,0.103803184118206,0.148861679901333,0.178395442345085,0.212222593086896,0.28095106846274
1000,354,"alpha0",0.0953571839970529,0.0938016030504145,0.0241290006168838,0.067867869052875,0.0848914383996573,0.0938016030504145,0.102657010584936,0.121483710216554
1000,354,"alpha1",0.674841159613688,0.679910144369664,0.0602327079604472,0.552640956116051,0.637206508502373,0.679910144369664,0.716604795645161,0.778328957136291
1000,354,"beta1",0.243473474560133,0.240815506011666,0.0463444707811651,0.161010211315482,0.21122468667689,0.240815506011666,0.273695577557285,0.341169016232927
1000,355,"alpha0",0.127689492495643,0.126943978252126,0.0204849296183596,0.100834971024563,0.11678360886227,0.126943978252126,0.136886860936067,0.155904133508167
1000,355,"alpha1",0.676497323147057,0.67759956591544,0.0684845370088935,0.542353206696219,0.6312645385509,0.67759956591544,0.724300249951889,0.803241535902882
1000,355,"beta1",0.169898862619897,0.169239823225585,0.0413868114521871,0.0943499102587892,0.139934171717917,0.169239823225585,0.199463122447602,0.253302661200561
1000,356,"alpha0",0.108877114197557,0.108168070131426,0.0184366203809363,0.0854015421954361,0.100433957889727,0.108168070131426,0.115600869117896,0.13157381708609
1000,356,"alpha1",0.703189103469172,0.706994578456117,0.0693650208508817,0.574964801576443,0.656862241532444,0.706994578456117,0.751736295802755,0.823677734576954
1000,356,"beta1",0.146600038858997,0.143065906294594,0.0381396601530903,0.0814539895980514,0.11897632015601,0.143065906294594,0.17103999529858,0.228396287364047
1000,357,"alpha0",0.0886594853794148,0.0874308712748772,0.0230008610209227,0.0641444439641116,0.0791833795892295,0.0874308712748772,0.0951318159307917,0.113052800747312
1000,357,"alpha1",0.776715504744276,0.784258274669494,0.0644856746154704,0.653375422337174,0.745220450409356,0.784258274669494,0.817490215445397,0.874188081324992
1000,357,"beta1",0.161203038325983,0.158980913104322,0.0395517485683336,0.0895644479581136,0.133870732427407,0.158980913104322,0.185118855805397,0.245772091639585
1000,358,"alpha0",0.0992218636448711,0.0985090883059336,0.024224630698755,0.0702254587994535,0.089148642534158,0.0985090883059336,0.106802673712751,0.124881716408662
1000,358,"alpha1",0.726032287683212,0.729169158263734,0.0686279546019369,0.586165969940997,0.684725515650007,0.729169158263734,0.773656854646023,0.842481460880446
1000,358,"beta1",0.180308420893705,0.175092580213461,0.0491127799587771,0.0983232070690777,0.148482919220384,0.175092580213461,0.206421822210845,0.294940875813834
1000,359,"alpha0",0.126495711163984,0.125450949029997,0.0230278595075926,0.0926696126166272,0.114920538337185,0.125450949029997,0.136333277686368,0.157879755167933
1000,359,"alpha1",0.633700281432237,0.636514672592822,0.0799137225003976,0.471473158045882,0.58592613028707,0.636514672592822,0.684861792854864,0.783452450073981
1000,359,"beta1",0.16889697905904,0.161568485690286,0.051010804868962,0.087595311166595,0.132677243844837,0.161568485690286,0.198033835682352,0.28912007120174
1000,360,"alpha0",0.11218028201782,0.112135885736558,0.0235899577391412,0.0773659221559202,0.101163707028446,0.112135885736558,0.121994126330695,0.140322354764213
1000,360,"alpha1",0.716290996965869,0.721834267154091,0.0731665726125526,0.567679565436676,0.676763200053167,0.721834267154091,0.764058488109792,0.834706943730798
1000,360,"beta1",0.176940319963635,0.170400472364617,0.0478297639026825,0.10018182538661,0.143616468746694,0.170400472364617,0.203838762144136,0.288146696085076
1000,361,"alpha0",0.101339853115019,0.0996595107137418,0.0237292355168041,0.0759581548283587,0.0918388556042774,0.0996595107137418,0.108293395035555,0.126540223180397
1000,361,"alpha1",0.651723688601656,0.647654433662043,0.0745994200423879,0.515695026350402,0.601319778245612,0.647654433662043,0.700012828445438,0.802235488554136
1000,361,"beta1",0.162805103249299,0.157115522146092,0.0479921203527399,0.0820294093094158,0.12963289824792,0.157115522146092,0.191814215704497,0.269411261624735
1000,362,"alpha0",0.116677109488662,0.116238515836235,0.0178369305789337,0.0889007775090948,0.107332846003444,0.116238515836235,0.124708861787485,0.143787017662598
1000,362,"alpha1",0.722365476001616,0.724139670201242,0.075468065670354,0.568458894336386,0.675122472831825,0.724139670201242,0.776577380517873,0.857670483195391
1000,362,"beta1",0.16310111950145,0.159098664114273,0.0424387046659419,0.0893797009441125,0.133886064090001,0.159098664114273,0.189306539870445,0.255711457375341
1000,363,"alpha0",0.123572466608226,0.122563790987921,0.0218090825247004,0.0950353579212141,0.112740169286335,0.122563790987921,0.132356509990463,0.152514558727219
1000,363,"alpha1",0.768524571799515,0.771003298503036,0.0670453375881807,0.647554375945044,0.729180223229272,0.771003298503036,0.81371435386227,0.883521573875563
1000,363,"beta1",0.130137926500985,0.127495303687126,0.0362677968867058,0.0680644833368692,0.103213173723328,0.127495303687126,0.154324495022041,0.205237407483194
1000,364,"alpha0",0.0908161860657942,0.0889394704794914,0.0260657483498753,0.0669883136151681,0.0805352617953834,0.0889394704794914,0.0969028376780463,0.115074961526891
1000,364,"alpha1",0.707874279223555,0.713035352335702,0.0503443428693662,0.609531275765529,0.678349482219395,0.713035352335702,0.741163487586818,0.791085006307263
1000,364,"beta1",0.250971874560434,0.250633877511394,0.0377149466912676,0.176508419831781,0.226850093190051,0.250633877511394,0.275404877226205,0.326790225441338
1000,365,"alpha0",0.0967854075717314,0.0965819888514109,0.0208483089691044,0.0690680191307461,0.0870490834093392,0.0965819888514109,0.10475474220859,0.120373424087623
1000,365,"alpha1",0.639398450547148,0.640169651038178,0.0700290794226426,0.506996185345547,0.593472583781046,0.640169651038178,0.68687333256218,0.772752847359858
1000,365,"beta1",0.220341004811126,0.217398169630947,0.0504771969362273,0.132615563497116,0.183516007346037,0.217398169630947,0.252735944710076,0.327742676579757
1000,366,"alpha0",0.089916940664941,0.0888169210014892,0.023484801818404,0.0617607547134288,0.079683636469019,0.0888169210014892,0.0976157602971072,0.114304696556395
1000,366,"alpha1",0.632872348862172,0.631617570789592,0.0653844603599982,0.516596567366233,0.587478323054732,0.631617570789592,0.677289635690429,0.760469689572002
1000,366,"beta1",0.233426786636908,0.232037703614381,0.0502933106416753,0.139981837401941,0.198275305463749,0.232037703614381,0.265992599068314,0.335581990085861
1000,367,"alpha0",0.112490838219095,0.11151898791872,0.0235423471335924,0.0793858377079667,0.100566020251995,0.11151898791872,0.122246063908743,0.143489540775979
1000,367,"alpha1",0.694949836236445,0.699018698654911,0.0668548051866521,0.563782769063192,0.656997560963534,0.699018698654911,0.738398277517146,0.807342660457354
1000,367,"beta1",0.217049157132389,0.214627773162887,0.0478365678771916,0.134820032972518,0.18222593916818,0.214627773162887,0.248762209218264,0.318045110853533
1000,368,"alpha0",0.111167407543439,0.109918966059304,0.023327537513145,0.0822295860473013,0.0995550908648059,0.109918966059304,0.120413561225412,0.139564756239217
1000,368,"alpha1",0.637930261913425,0.640140845633065,0.0746824448649595,0.493773628284154,0.588799900570273,0.640140845633065,0.689751585920073,0.775817099528506
1000,368,"beta1",0.18432812476801,0.181956225893953,0.0489242017309407,0.0943568172930987,0.149358165187491,0.181956225893953,0.216070062526083,0.288694124211566
1000,369,"alpha0",0.0877672983271687,0.0863280960047089,0.0251536868778475,0.0642676669276927,0.0791166829138224,0.0863280960047089,0.0929556207339515,0.108706911514638
1000,369,"alpha1",0.700197479206589,0.705974421961737,0.0641491046739247,0.576474281715088,0.665118638763589,0.705974421961737,0.741433517701966,0.804410776686649
1000,369,"beta1",0.227011725181007,0.224500828678156,0.0377868725974431,0.159924620991406,0.200958044772609,0.224500828678156,0.250286058872916,0.30868558825464
1000,370,"alpha0",0.102970656349912,0.101661128971131,0.0215250927504648,0.07857950740248,0.0930486058788995,0.101661128971131,0.110135275344641,0.128849752214757
1000,370,"alpha1",0.678192674469938,0.68085039304504,0.0636637821360379,0.555034433510436,0.641091931343203,0.68085039304504,0.718596448639508,0.791752193875505
1000,370,"beta1",0.230903222098436,0.230098725413631,0.040378651349514,0.154109543495446,0.203384751994111,0.230098725413631,0.257555868725587,0.314328792116108
1000,371,"alpha0",0.091578166638355,0.0906356714595363,0.0198216360588779,0.0691572138184482,0.0829131392555295,0.0906356714595363,0.0980023439026361,0.113096071206966
1000,371,"alpha1",0.720729388303546,0.72642339730677,0.0557584272147158,0.60846205803025,0.691840160559909,0.72642339730677,0.757133931788798,0.809545403253154
1000,371,"beta1",0.217684864539334,0.216190779255114,0.0364847780812656,0.150114917165639,0.192747393951687,0.216190779255114,0.241209585432234,0.291091538953432
1000,372,"alpha0",0.100294317455354,0.10002550715787,0.0213489915552084,0.0714715961141257,0.0906824677570171,0.10002550715787,0.108636028635644,0.12476341542996
1000,372,"alpha1",0.56406333579487,0.563933942577353,0.0741473192776685,0.420362126136029,0.517660484024404,0.563933942577353,0.613636685894669,0.707333128801252
1000,372,"beta1",0.23170026670539,0.224555697244561,0.0572990603189713,0.139857488893063,0.192702192716672,0.224555697244561,0.262515411316616,0.366900868050216
1000,373,"alpha0",0.114784595679423,0.1148828701358,0.0207202745302803,0.0830226499350735,0.103891060985175,0.1148828701358,0.123972430669005,0.144859517975951
1000,373,"alpha1",0.672594171168478,0.676204074471508,0.0672093595773254,0.544134862098576,0.632146035140016,0.676204074471508,0.720343759339158,0.785853797500627
1000,373,"beta1",0.215854539948747,0.211962924146906,0.0442387580121708,0.137930421211662,0.184390773951454,0.211962924146906,0.24402187825751,0.309826386224469
1000,374,"alpha0",0.102422413071787,0.10185974620267,0.0186445493728845,0.0794001158569561,0.0943479375163909,0.10185974620267,0.108785328172117,0.123016159326214
1000,374,"alpha1",0.758728791807868,0.761374531355235,0.0680398531692678,0.628241551142973,0.71577261934929,0.761374531355235,0.807033891286704,0.87349387208211
1000,374,"beta1",0.148530292838828,0.14521981038763,0.0359038089598414,0.0859978840674003,0.123690306171317,0.14521981038763,0.170607632697423,0.224943454633437
1000,375,"alpha0",0.10438357749311,0.103214837249984,0.0223251700452123,0.0779905066151377,0.0947501056812706,0.103214837249984,0.112119392766921,0.128180041229828
1000,375,"alpha1",0.72612240335539,0.731977956896433,0.0578698901755853,0.610017623290811,0.693703566354851,0.731977956896433,0.767208705694184,0.815569723079894
1000,375,"beta1",0.21145512475407,0.208520253145108,0.0368992694806275,0.146142553028482,0.185028656486865,0.208520253145108,0.234915794858272,0.291078373715998
1000,376,"alpha0",0.0867943548076071,0.0853011276049283,0.0233360502475834,0.0620801187906919,0.0769155661386152,0.0853011276049283,0.0935903980654221,0.112731094554545
1000,376,"alpha1",0.627730630435085,0.630890275574207,0.0658167567576966,0.500843052637961,0.589990135171733,0.630890275574207,0.671016246254193,0.742095136665954
1000,376,"beta1",0.264629503967233,0.262025617102605,0.049402064414282,0.173451422304645,0.230784489453748,0.262025617102605,0.296016541370119,0.366567690108479
1000,377,"alpha0",0.0912860901666194,0.0902129677465964,0.0224157277747679,0.0673041625467013,0.0825997250345078,0.0902129677465964,0.097854443585274,0.112023515448452
1000,377,"alpha1",0.700046636448541,0.701323441502842,0.0632669421517164,0.575680980923521,0.660591956027974,0.701323441502842,0.742954452517884,0.814502487710774
1000,377,"beta1",0.220335988162683,0.217013238339315,0.0437125337009215,0.145391004950052,0.189136242696082,0.217013238339315,0.24694868266197,0.316585426797513
1000,378,"alpha0",0.110955633058408,0.109177721682977,0.0237770049634229,0.0811372180754805,0.0986128094339042,0.109177721682977,0.120267490480682,0.142766525046512
1000,378,"alpha1",0.688594228474651,0.690701578287057,0.0776501650896311,0.532803827730274,0.644197547963193,0.690701578287057,0.738428846279824,0.82446491616144
1000,378,"beta1",0.179898735024348,0.175137474724805,0.0500579092746846,0.0913509021130093,0.145251103009326,0.175137474724805,0.209378208418523,0.291435153829119
1000,379,"alpha0",0.0964418875124174,0.0953712399826014,0.0212903737808966,0.0737718986728261,0.0877684186175574,0.0953712399826014,0.102354081113802,0.117480835641258
1000,379,"alpha1",0.705738226740588,0.709953512234798,0.0662615138683387,0.576713856979573,0.664740690232053,0.709953512234798,0.751662879850885,0.8191752894269
1000,379,"beta1",0.188616816808749,0.185179973741441,0.0352772091839972,0.12993864572973,0.16310124050349,0.185179973741441,0.210666635401501,0.264913878811233
1000,380,"alpha0",0.109234963778286,0.107788584607553,0.0227086733880039,0.081397395764964,0.0984917973212571,0.107788584607553,0.117363247685563,0.135604582330815
1000,380,"alpha1",0.688478751915678,0.690094705684072,0.0693807383414342,0.56021418888087,0.642875376119163,0.690094705684072,0.736384571773854,0.81549396793114
1000,380,"beta1",0.180894571343196,0.178133257666103,0.0444787899058992,0.101260907352347,0.149433533372317,0.178133257666103,0.208528731060792,0.277284772350021
1000,381,"alpha0",0.0897347028528464,0.0888964013526274,0.0198871113722968,0.063669347625974,0.0798498140524621,0.0888964013526274,0.0974148924583317,0.114256791540648
1000,381,"alpha1",0.634354528786486,0.63750633899837,0.0661027250586984,0.507300348370252,0.591926318780629,0.63750633899837,0.678387279214853,0.756055321843259
1000,381,"beta1",0.26904605816337,0.266121400446855,0.0444542609149662,0.191233608925757,0.238169568261495,0.266121400446855,0.297763354276656,0.361549250090971
1000,382,"alpha0",0.0969625368933476,0.095775608973833,0.0206568938021831,0.0712105211239965,0.0877785889799212,0.095775608973833,0.104254966228166,0.120447095408701
1000,382,"alpha1",0.709237429834261,0.715235489155593,0.06534189827603,0.583186740993024,0.67105351090701,0.715235489155593,0.753822803028101,0.81255238470898
1000,382,"beta1",0.226476294904423,0.224643629340486,0.0386611924719395,0.158370234726669,0.198150869790898,0.224643629340486,0.252377712026633,0.305730596045591
1000,383,"alpha0",0.0961315294669147,0.0943314025577595,0.0245930700681596,0.0727901307952281,0.086078883629975,0.0943314025577595,0.10213394690696,0.12114841265145
1000,383,"alpha1",0.687475970892009,0.692689084649405,0.0673233132132802,0.54798023643469,0.644397672633159,0.692689084649405,0.735900921885898,0.797037515787511
1000,383,"beta1",0.21214805284572,0.212223167499527,0.0407765045187863,0.138398754442712,0.185655904194716,0.212223167499527,0.239063113810251,0.28881007873022
1000,384,"alpha0",0.118356641006707,0.118127219033728,0.0221227778391755,0.0835390670632959,0.106100013373458,0.118127219033728,0.129443829849584,0.150401788236207
1000,384,"alpha1",0.619319215699752,0.623400922508814,0.0675401554986998,0.484192849922227,0.574835741590235,0.623400922508814,0.664361596779507,0.746314074739646
1000,384,"beta1",0.222346135866624,0.216326133068249,0.0556613513684235,0.125687073762916,0.185306170155892,0.216326133068249,0.254608962709669,0.344550223559763
1000,385,"alpha0",0.125064243550047,0.124997981519925,0.0237336149236953,0.0925855725310188,0.114045957076854,0.124997981519925,0.134446652195964,0.152421418589859
1000,385,"alpha1",0.737388298543556,0.741737679105439,0.0675953970826957,0.605502149128251,0.697287913464858,0.741737679105439,0.782568908001587,0.850749823084247
1000,385,"beta1",0.163715054867722,0.15976558654589,0.0378750086501326,0.0999726871990805,0.136354603419279,0.15976558654589,0.186891117978491,0.248900098291999
1000,386,"alpha0",0.112057392096298,0.110674225911584,0.021097579028116,0.0848773537997961,0.101230542284169,0.110674225911584,0.120931880046787,0.140322867276492
1000,386,"alpha1",0.695180968934143,0.697315774499996,0.0616450550722908,0.574633258653629,0.656034436613746,0.697315774499996,0.737146829392784,0.802732713292741
1000,386,"beta1",0.206694195858528,0.205842061660121,0.0415535194626776,0.12823668280565,0.17886333785816,0.205842061660121,0.233710312975582,0.290913915539447
1000,387,"alpha0",0.112604643750907,0.111296677015495,0.0216654006883161,0.0793933922560887,0.100566692952086,0.111296677015495,0.122285778884713,0.147720446347787
1000,387,"alpha1",0.688478639859006,0.688747597303997,0.0709658216209751,0.554393058942245,0.645644838729926,0.688747597303997,0.733632201013711,0.822948857156615
1000,387,"beta1",0.180257497940313,0.179821420392969,0.0504299650592462,0.0826659166016936,0.146146852801017,0.179821420392969,0.213798899525979,0.284332579771724
1000,388,"alpha0",0.110450795596331,0.109175769126137,0.0247188658416815,0.0789377203277825,0.098676158832644,0.109175769126137,0.118857767023735,0.141941709104946
1000,388,"alpha1",0.708887516426455,0.713138532918264,0.0795327798097903,0.559204325514243,0.662985726425649,0.713138532918264,0.761972588764007,0.844713892279677
1000,388,"beta1",0.168527850373247,0.164544732373059,0.0485040950086583,0.0813777309961698,0.134491970047695,0.164544732373059,0.19854358490893,0.273303385678151
1000,389,"alpha0",0.110057393229648,0.109484113216813,0.0218763738319459,0.0816060877731343,0.100513599241552,0.109484113216813,0.118125206530517,0.133838927775093
1000,389,"alpha1",0.715639495621088,0.7188962653922,0.0617089112931465,0.595221250512106,0.674681435478155,0.7188962653922,0.759878211680456,0.822465809796505
1000,389,"beta1",0.197283044712335,0.194764753127957,0.0396236280386915,0.127010801741396,0.170090021300132,0.194764753127957,0.222080981421956,0.283774214930501
1000,390,"alpha0",0.104222670207156,0.103376622771513,0.0210129080367376,0.076974799887657,0.0935472691135573,0.103376622771513,0.112577080819582,0.132118230353239
1000,390,"alpha1",0.634633218619962,0.634261076846575,0.0713889422916975,0.501117765261209,0.586999376182541,0.634261076846575,0.682545733951586,0.773058367003651
1000,390,"beta1",0.250276305708352,0.247441477447547,0.0506005308650007,0.155489717089735,0.214971054444363,0.247441477447547,0.283257007953136,0.354548427429741
1000,391,"alpha0",0.0860145011892368,0.085174429145046,0.0207796672616483,0.0602164485496203,0.0758753982161837,0.085174429145046,0.094362043972547,0.111535373472463
1000,391,"alpha1",0.646113547131818,0.64882342959616,0.0615505952732183,0.524908405757437,0.605622922883416,0.64882342959616,0.689776403375154,0.758719457792575
1000,391,"beta1",0.284445974290566,0.28115119152896,0.047919624377604,0.199073450684593,0.251162381559178,0.28115119152896,0.315879555809738,0.387358579169108
1000,392,"alpha0",0.10570579212832,0.104276848671287,0.0249053535386124,0.0747322948565912,0.0949728865684542,0.104276848671287,0.113677613026966,0.133078581422249
1000,392,"alpha1",0.664749092104169,0.663093012046385,0.0832018725849253,0.515580035292197,0.612895733140957,0.663093012046385,0.718959444588788,0.82135202490869
1000,392,"beta1",0.153641555194114,0.148759154004086,0.04932329553557,0.0698813245839559,0.119446336325915,0.148759154004086,0.183421483354459,0.265545750166974
1000,393,"alpha0",0.115158485119113,0.114458150743036,0.0234960512938402,0.0846891457273357,0.104608413222635,0.114458150743036,0.123012057462047,0.142581294538516
1000,393,"alpha1",0.762060228293953,0.7687900756926,0.0722261324995,0.623258135913807,0.722445550962226,0.7687900756926,0.810716732315543,0.875442962111435
1000,393,"beta1",0.139198322659278,0.13565706576377,0.0410783986086636,0.0701017337100364,0.109751558018992,0.13565706576377,0.164306688529048,0.231910144256932
1000,394,"alpha0",0.0875070593438165,0.086015370139312,0.021399121813868,0.0645665297493519,0.0790212265340371,0.086015370139312,0.0934417219413664,0.109616216397082
1000,394,"alpha1",0.74214345922909,0.75006213878441,0.0561897512567988,0.636146956780925,0.716754378036621,0.75006213878441,0.776195699148904,0.822351589777731
1000,394,"beta1",0.219101408918965,0.217182860387478,0.0370831934371401,0.151831563909257,0.192725568949704,0.217182860387478,0.24309514803611,0.30032682217648
1000,395,"alpha0",0.101258484876945,0.100384440111085,0.0187567811402161,0.0781825280300317,0.0929990521260853,0.100384440111085,0.108101043173019,0.124080418879442
1000,395,"alpha1",0.740145332065907,0.744512338155006,0.0600824127384569,0.616219875939967,0.704013197094284,0.744512338155006,0.782186745913898,0.842367119711531
1000,395,"beta1",0.19015949674512,0.187706483007756,0.0390738408402789,0.119627055282454,0.163324524767015,0.187706483007756,0.213780023519028,0.273753565027006
1000,396,"alpha0",0.104873896274197,0.103170358073237,0.0251939875571197,0.0807814167283539,0.0952966609582263,0.103170358073237,0.110938793053578,0.127397269110936
1000,396,"alpha1",0.758351480312241,0.7666705699956,0.0666878036599898,0.633957174959029,0.72503344392501,0.7666705699956,0.801234626719434,0.855835798587874
1000,396,"beta1",0.173088370476224,0.170427127315038,0.0310301633886869,0.119987257769007,0.150435148527962,0.170427127315038,0.193929740470423,0.238407811661799
1000,397,"alpha0",0.0977500449830494,0.0957583558164716,0.0213534490980257,0.0714517864933728,0.0869143909683808,0.0957583558164716,0.105673392235451,0.12642886148717
1000,397,"alpha1",0.607168322117875,0.608125368684602,0.0684093591036628,0.475299097726257,0.563322994709548,0.608125368684602,0.649713481804504,0.741249147912396
1000,397,"beta1",0.223973591568297,0.222939694902431,0.0486144333936355,0.133007559831505,0.190041858525967,0.222939694902431,0.256688062242872,0.320161373299651
1000,398,"alpha0",0.095868068067193,0.0943719860008343,0.0236621119485768,0.0679664886831848,0.0842534571006057,0.0943719860008343,0.103687223304814,0.129935754106765
1000,398,"alpha1",0.620248906689511,0.621492316224593,0.0626229443812613,0.504296049660016,0.58134827301226,0.621492316224593,0.661792854709216,0.732759613046954
1000,398,"beta1",0.254694866053208,0.253590603583239,0.0513736865326637,0.156087408921191,0.220332162523485,0.253590603583239,0.2889381445807,0.356095367001774
1000,399,"alpha0",0.0805076275181401,0.0797667015320145,0.0193100097148553,0.0579866796182843,0.071941393547815,0.0797667015320145,0.0871860386579469,0.10053464775355
1000,399,"alpha1",0.647483029328504,0.651032058795433,0.0615651559729291,0.518242145415552,0.612150983943853,0.651032058795433,0.68961218259696,0.752500820870203
1000,399,"beta1",0.274436403859321,0.271676539077991,0.045168572548488,0.192945338075494,0.24192271261465,0.271676539077991,0.304475449223155,0.367683846685433
1000,400,"alpha0",0.0860955132053073,0.0841097850772865,0.0248008762841995,0.0624662021453591,0.0767418608318177,0.0841097850772865,0.0922036151428594,0.11004104223453
1000,400,"alpha1",0.532915957664809,0.53249675540531,0.0619163014323499,0.415874684129123,0.490221967157151,0.53249675540531,0.574772254614313,0.65571090326066
1000,400,"beta1",0.326864367554901,0.325839747946717,0.0473984446269579,0.238386036655298,0.296472158341927,0.325839747946717,0.357324503999148,0.421139571097669
1000,401,"alpha0",0.0812040155530171,0.0793018263953545,0.0255627831401398,0.057264772698735,0.0718566875036124,0.0793018263953545,0.0865508458437524,0.103481771578731
1000,401,"alpha1",0.672190336256581,0.675807384668433,0.0523703740852143,0.57174508670359,0.643423136684271,0.675807384668433,0.706034714867198,0.760589161164976
1000,401,"beta1",0.290479600331435,0.290153996744458,0.0407516460134683,0.214295392156804,0.264518568219631,0.290153996744458,0.317395847136198,0.368977219555294
1000,402,"alpha0",0.0917871801721534,0.0895493553040607,0.0239418252325748,0.0693083126903684,0.0816819058905117,0.0895493553040607,0.0980758249801143,0.116546861352602
1000,402,"alpha1",0.724849545175922,0.727274689643862,0.0769544083842352,0.579437934469993,0.675099379612235,0.727274689643862,0.779574041503795,0.858908150320681
1000,402,"beta1",0.16516716083166,0.165270206701577,0.0429764817497629,0.0837542674627496,0.135726093936052,0.165270206701577,0.193232647487404,0.25216685152093
1000,403,"alpha0",0.0967907638144841,0.0950241815978757,0.023435334666939,0.0726334446050444,0.0873348188953966,0.0950241815978757,0.102866687745911,0.121681661214587
1000,403,"alpha1",0.696573781679255,0.700177207449499,0.0678094391661602,0.558205271340316,0.651117755004509,0.700177207449499,0.743964469879358,0.817588176861799
1000,403,"beta1",0.199570812637644,0.19692905569468,0.0418272658153103,0.125227029071114,0.170127422927756,0.19692905569468,0.226909708156568,0.285626008306392
1000,404,"alpha0",0.0921938291144642,0.090884511025913,0.0260849833240674,0.0660944156594519,0.082304077709174,0.090884511025913,0.0986868156993315,0.115266075718639
1000,404,"alpha1",0.692823231982809,0.698876294936509,0.0572992828683686,0.568933514794509,0.661955784060098,0.698876294936509,0.73075979304573,0.788114355099929
1000,404,"beta1",0.257289488051018,0.255407311410935,0.0435755242808734,0.178925960237935,0.226712334019522,0.255407311410935,0.285501291878433,0.348964681289725
1000,405,"alpha0",0.10074178274466,0.0991461569379956,0.0243307061352837,0.0756884238733237,0.0910042641704067,0.0991461569379956,0.10716358720389,0.123529794770112
1000,405,"alpha1",0.700998081224375,0.706877308264788,0.0752993213768079,0.555542971323424,0.654538916296676,0.706877308264788,0.752997972392478,0.833475853322651
1000,405,"beta1",0.162789831386517,0.161374149800251,0.0443457051585845,0.0828042781867373,0.131696277520914,0.161374149800251,0.191308294388879,0.255693742341399
1000,406,"alpha0",0.0847985949729346,0.0837659279776291,0.0199641212658136,0.0616069148464928,0.0755035407415556,0.0837659279776291,0.0913948303906141,0.107034632517084
1000,406,"alpha1",0.625416147740417,0.62349713018904,0.0675286091246127,0.505770024521449,0.582822758120816,0.62349713018904,0.668808694620262,0.756095729841655
1000,406,"beta1",0.238594297455121,0.23784067448644,0.0537618902625536,0.138227176841211,0.200967211239795,0.23784067448644,0.274655589042521,0.343734768448715
1000,407,"alpha0",0.114275775429918,0.113340212952804,0.0206135805733836,0.0907333066445691,0.105189448199491,0.113340212952804,0.121138706584446,0.135874961777017
1000,407,"alpha1",0.780774637651679,0.787178615321747,0.0744302480264249,0.635309289800706,0.737093817987579,0.787178615321747,0.833710110809662,0.89344354941622
1000,407,"beta1",0.107603506926539,0.103813609038003,0.0345875325145082,0.0507148627051124,0.0833594455198699,0.103813609038003,0.12856981631872,0.181674883050853
1000,408,"alpha0",0.101761016572269,0.0997746353145829,0.0240210065959728,0.0726544019422088,0.0906044436346616,0.0997746353145829,0.109915603527579,0.13378602396838
1000,408,"alpha1",0.624560888943922,0.625453161023516,0.0654880572102264,0.496221027534295,0.582346635050789,0.625453161023516,0.668078747999336,0.745738466635078
1000,408,"beta1",0.269703125326286,0.267696720685866,0.050006603905002,0.178886539620424,0.236103942724821,0.267696720685866,0.301055797178623,0.37326978034624
1000,409,"alpha0",0.124576048630412,0.124304159469633,0.0206522729414782,0.0908661147404719,0.112056482941035,0.124304159469633,0.135430091127346,0.159595596826707
1000,409,"alpha1",0.735296569403135,0.738721992522871,0.0678592022295668,0.607453187272504,0.692979310043898,0.738721992522871,0.782856685169558,0.85244524734308
1000,409,"beta1",0.140647666691965,0.137962763648712,0.04650857940156,0.0556313427511358,0.108535025481575,0.137962763648712,0.170052379608972,0.23932969276141
1000,410,"alpha0",0.0937051959795735,0.0925035131252032,0.0226858572970964,0.067130398367674,0.0838482025071318,0.0925035131252032,0.100719543729915,0.12008314763474
1000,410,"alpha1",0.643337530354942,0.644713454224507,0.0706837414250673,0.507715142635672,0.597744495498248,0.644713454224507,0.690418456977069,0.774495386507573
1000,410,"beta1",0.227292527003509,0.224482325222408,0.0536094595029089,0.12774502190746,0.19163727786689,0.224482325222408,0.259678864166016,0.340531038855717
1000,411,"alpha0",0.106868078323787,0.106022464290159,0.0217186619643467,0.0800374336802913,0.0968645580810223,0.106022464290159,0.114534653088798,0.132713053886469
1000,411,"alpha1",0.711264260096485,0.713170472417694,0.0593937423403755,0.601269413809909,0.674815496539314,0.713170472417694,0.752224420273184,0.814891819408273
1000,411,"beta1",0.216274128489085,0.21370145498891,0.0389366801183702,0.143053432912037,0.189761781615243,0.21370145498891,0.241669097465092,0.298180582818239
1000,412,"alpha0",0.103471412326818,0.102135575886028,0.0257869389245059,0.0772606131630798,0.0935971301710299,0.102135575886028,0.110337538964016,0.127203223857557
1000,412,"alpha1",0.747686516782586,0.75214642088214,0.0635139251426575,0.617230552952923,0.707673777578931,0.75214642088214,0.792976689100646,0.855935303443082
1000,412,"beta1",0.184812046240421,0.182170916684114,0.0434904992009501,0.109587162075117,0.155264054550463,0.182170916684114,0.21322514004628,0.276560737429439
1000,413,"alpha0",0.0993727335134258,0.0976052224710377,0.0245847526176111,0.0722351274389434,0.0876692457479254,0.0976052224710377,0.107872600509727,0.125909215336685
1000,413,"alpha1",0.748929886627155,0.754120052799347,0.069321836225473,0.625428327357475,0.712433440907663,0.754120052799347,0.79250019959328,0.861235171488578
1000,413,"beta1",0.180506467228358,0.178929928786778,0.0438584795681733,0.100455832446674,0.149523433701133,0.178929928786778,0.210114632593136,0.27189695001147
1000,414,"alpha0",0.115403814787163,0.115538864805708,0.0212202325836303,0.0845322253471916,0.105259364685588,0.115538864805708,0.124563536944219,0.141442293289807
1000,414,"alpha1",0.691095824523854,0.690566436478618,0.0746284967223969,0.556433398718882,0.643890712142088,0.690566436478618,0.741017372606651,0.829997054585876
1000,414,"beta1",0.16179619490186,0.157202219918898,0.0418474979903673,0.0896958463090222,0.133174789116898,0.157202219918898,0.186642054803545,0.258045201529299
1000,415,"alpha0",0.0869445868077003,0.0857789803991498,0.0218097986457464,0.064143295779456,0.0785256777118133,0.0857789803991498,0.0926328252594376,0.107715978047591
1000,415,"alpha1",0.775661158498415,0.781363794666009,0.0604169955920793,0.672212100263066,0.745545716498752,0.781363794666009,0.813215843508222,0.864175167831535
1000,415,"beta1",0.166432824110224,0.164253211825258,0.0357917121242925,0.103646371867113,0.141340539572811,0.164253211825258,0.188877828674226,0.245917998183417
1000,416,"alpha0",0.0951216481883784,0.0943508946962514,0.022360396129344,0.0687580063955214,0.0862653392218179,0.0943508946962514,0.101861473404444,0.11703610154852
1000,416,"alpha1",0.683333931911593,0.686875614310854,0.0634342183273712,0.558637811517336,0.644418561031641,0.686875614310854,0.727227788307774,0.792715956812177
1000,416,"beta1",0.244586716543764,0.241091596107026,0.043022693934017,0.169692273797632,0.213587101119089,0.241091596107026,0.27306216578996,0.332672211033639
1000,417,"alpha0",0.0963317335378506,0.0956621238270414,0.0214104686335165,0.0710695074243854,0.0874170956187262,0.0956621238270414,0.10319062470191,0.118277993015493
1000,417,"alpha1",0.752996841497461,0.759541343995208,0.0564316232733038,0.641651204487061,0.723084612299296,0.759541343995208,0.790557700095818,0.835507336458313
1000,417,"beta1",0.196534461171806,0.193399672454638,0.0400808700400331,0.12854852019622,0.16772829966616,0.193399672454638,0.221053017927399,0.282647930810845
1000,418,"alpha0",0.118890322246797,0.117333496795,0.0271029695898113,0.0884637714511394,0.107466198133014,0.117333496795,0.12740056203251,0.14490681505185
1000,418,"alpha1",0.773612435207198,0.778060360930749,0.0610905382518967,0.651767857990175,0.740195953723247,0.778060360930749,0.813372372220374,0.874827561865021
1000,418,"beta1",0.148404453614677,0.143955704171937,0.0380711411380616,0.0838200073536238,0.121519205690486,0.143955704171937,0.173246478608878,0.228159317018874
1000,419,"alpha0",0.107040595516733,0.105922820926273,0.0222603355810391,0.0805025987231041,0.0967860481069823,0.105922820926273,0.114559930711682,0.13442528044701
1000,419,"alpha1",0.636906284857779,0.637879421091002,0.0678644840841446,0.510117110640153,0.592682452796426,0.637879421091002,0.681288634540294,0.765787743143234
1000,419,"beta1",0.199954718812075,0.197734519697648,0.0486822218181653,0.110036990871264,0.166676297400306,0.197734519697648,0.230391751848896,0.3024207073996
1000,420,"alpha0",0.0881967159985799,0.0871715790002338,0.0190613795987704,0.067036891641325,0.0792341878043236,0.0871715790002338,0.0949670121756765,0.109414885522744
1000,420,"alpha1",0.691887269166389,0.694901204918285,0.0678693394332168,0.552752287859658,0.649755047643614,0.694901204918285,0.739099621157152,0.809985618923679
1000,420,"beta1",0.203090662356685,0.201633460348594,0.0383577928054406,0.133533307895162,0.176054960770843,0.201633460348594,0.228931639540346,0.280801942935037
1000,421,"alpha0",0.104015774403202,0.103181141581876,0.0216399889508946,0.0783055363277307,0.0948389190871032,0.103181141581876,0.110849942088923,0.125758209408864
1000,421,"alpha1",0.736503663828601,0.740947075215548,0.0679846297849437,0.611487264233087,0.693839173558923,0.740947075215548,0.784312363910458,0.84538564361859
1000,421,"beta1",0.185602902990917,0.181756208787369,0.0386130455722086,0.117456469187835,0.158613473715395,0.181756208787369,0.209290790926247,0.271333019942419
1000,422,"alpha0",0.101622333917104,0.100027279910207,0.0255479910357392,0.0739375829573261,0.0906960758745767,0.100027279910207,0.10926848902026,0.126691545199401
1000,422,"alpha1",0.594366897384108,0.596348275173028,0.0707456825745592,0.471587536468234,0.553047870601103,0.596348275173028,0.640058172822625,0.71499231490796
1000,422,"beta1",0.234274576629083,0.231239296205399,0.049561331948385,0.146869286909312,0.199699959330855,0.231239296205399,0.266384240438472,0.333079644633914
1000,423,"alpha0",0.143799720315433,0.141609935718939,0.0273755949148614,0.106086208876349,0.12866584500283,0.141609935718939,0.155871618749198,0.185912905198742
1000,423,"alpha1",0.709409642620999,0.712749393171598,0.0742402492501714,0.57474802733449,0.667897829724224,0.712749393171598,0.758460368953415,0.83240977986591
1000,423,"beta1",0.130183272730472,0.127661573952591,0.0462019731035192,0.0471553060552707,0.0978420187949025,0.127661573952591,0.159606069738811,0.226697046205488
1000,424,"alpha0",0.126759479628236,0.126294249236304,0.0240146716299955,0.0931703446070567,0.115213627385102,0.126294249236304,0.136112214727503,0.155834063959763
1000,424,"alpha1",0.702651727896941,0.701393731136053,0.0835436266084692,0.559706447217032,0.652112809751787,0.701393731136053,0.756869495997372,0.859183386382774
1000,424,"beta1",0.122185226538559,0.118346009637111,0.044659590489417,0.0471241518789237,0.0899558406868822,0.118346009637111,0.14943650118623,0.220216380560439
1000,425,"alpha0",0.0881987166523344,0.0869294161543662,0.0229845034294943,0.0665018954235704,0.0801831718424497,0.0869294161543662,0.0934208202380011,0.106691973110619
1000,425,"alpha1",0.776182639521648,0.78206017626737,0.0504716770777299,0.682249685916136,0.751766437498845,0.78206017626737,0.80786654371172,0.849786644584433
1000,425,"beta1",0.181539761121812,0.179767217307426,0.0314228226672533,0.126389357602298,0.159686433907007,0.179767217307426,0.200794884991287,0.248872534671945
1000,426,"alpha0",0.0894324973850077,0.0874700912954427,0.0252280790940975,0.0617976764046159,0.0794850421729185,0.0874700912954427,0.0962921422274767,0.1159630400623
1000,426,"alpha1",0.607078859693602,0.60670756058475,0.0690023853199964,0.482014278010775,0.566700853534876,0.60670756058475,0.649328883002263,0.741174029184878
1000,426,"beta1",0.249618821561533,0.246531519906717,0.0477325717863818,0.167580994826829,0.213996368513522,0.246531519906717,0.282127845765678,0.35201369004651
1000,427,"alpha0",0.0868030169949725,0.0858724851695803,0.019946342756481,0.065385280373676,0.0780228504601717,0.0858724851695803,0.0927697225231409,0.106951619914226
1000,427,"alpha1",0.725501688744194,0.731589928653472,0.0570349621565861,0.615663795807594,0.696556080489485,0.731589928653472,0.761537099473991,0.812946188268327
1000,427,"beta1",0.226808325398053,0.224495811563236,0.0371982062015306,0.161180175250858,0.200651334828522,0.224495811563236,0.250173421242004,0.306124883605658
1000,428,"alpha0",0.107467049620142,0.105986734761985,0.0217475508745346,0.0799531318096978,0.0965286658655114,0.105986734761985,0.11563927509497,0.135856677199968
1000,428,"alpha1",0.592060150754471,0.590567194250453,0.0674780611339626,0.466834756885924,0.547511150938047,0.590567194250453,0.633561266722697,0.73177394574125
1000,428,"beta1",0.221645768112742,0.220858699144691,0.0474228571797476,0.133032390524777,0.187949627959586,0.220858699144691,0.253592885873144,0.320430198759054
1000,429,"alpha0",0.104466804280993,0.103027506624648,0.0258804188318929,0.0732056256235348,0.093322904470702,0.103027506624648,0.112380479152512,0.134694645292162
1000,429,"alpha1",0.664631098091492,0.668768554593122,0.0662035381554027,0.535111987916359,0.631142993892182,0.668768554593122,0.705454215084513,0.775864710271677
1000,429,"beta1",0.235136994999381,0.231733147668258,0.0447011684429085,0.15564829370586,0.204792247332386,0.231733147668258,0.261538628264971,0.335103207245471
1000,430,"alpha0",0.119027077392659,0.118082114879441,0.0229314949251444,0.0895186534498962,0.108648926541123,0.118082114879441,0.127398002627452,0.147169117797494
1000,430,"alpha1",0.582494349399305,0.580557158629245,0.0694806674480161,0.45309811973598,0.538151435590651,0.580557158629245,0.625414785073531,0.725894117331942
1000,430,"beta1",0.168470108150737,0.165351474754375,0.0510810499040889,0.0774707221373799,0.132894927079138,0.165351474754375,0.200411087945983,0.278425263392429
1000,431,"alpha0",0.104846677954231,0.10322461408395,0.027497062058338,0.0756972310127933,0.0928527328396728,0.10322461408395,0.112680220274291,0.13229474771384
1000,431,"alpha1",0.658109758226008,0.660222337727063,0.0769552165113447,0.512237717023213,0.610845429087442,0.660222337727063,0.71033979839879,0.794205909130021
1000,431,"beta1",0.22615752098983,0.222281140545106,0.0487759699357866,0.141203199450217,0.190543836345441,0.222281140545106,0.256835478561114,0.333624587220141
1000,432,"alpha0",0.101198886748086,0.100489690255528,0.0188587053631085,0.077889002904612,0.0928767510730944,0.100489690255528,0.107843712551093,0.123187210611112
1000,432,"alpha1",0.670621836269725,0.670220278238914,0.074201779438651,0.535642870087527,0.619491905561163,0.670220278238914,0.719869322238093,0.817981957094888
1000,432,"beta1",0.155352575705941,0.152002677627109,0.0458725550686334,0.0787008302414219,0.121394466540646,0.152002677627109,0.184575408096725,0.253608093055893
1000,433,"alpha0",0.0921255976541383,0.091295110275898,0.019963168247636,0.0684885297871361,0.0832219566424311,0.091295110275898,0.0987119572613661,0.113101329771076
1000,433,"alpha1",0.65513284532343,0.658131229532838,0.066897677783938,0.532206737856127,0.614810095050128,0.658131229532838,0.698507074327143,0.779522535874328
1000,433,"beta1",0.233401213786027,0.232406399415745,0.0412219126528237,0.157575254812254,0.204691487053928,0.232406399415745,0.260687412935776,0.317735201981316
1000,434,"alpha0",0.127318229674788,0.125997840007967,0.0214887042778235,0.100548958466059,0.117160699595743,0.125997840007967,0.135123056900034,0.155801900472609
1000,434,"alpha1",0.675245935861703,0.672282256619961,0.0775399346872815,0.530510239433754,0.627926531615572,0.672282256619961,0.723022930360745,0.838416268401802
1000,434,"beta1",0.150314204405325,0.149360513054898,0.0392182701928169,0.0769054273098083,0.123311161222596,0.149360513054898,0.175765537650732,0.228722987514604
1000,435,"alpha0",0.109654595277418,0.109072229051837,0.0188986858476258,0.0804998809006405,0.099449453146859,0.109072229051837,0.118836762798602,0.139386473465509
1000,435,"alpha1",0.629705582588926,0.629494483320743,0.0737324945780461,0.492358068315135,0.579333900462487,0.629494483320743,0.679197482524339,0.772468504190491
1000,435,"beta1",0.210403114822673,0.207961248361733,0.0508811079257317,0.119021920142509,0.173823535596054,0.207961248361733,0.241570109935072,0.323623674547204
1000,436,"alpha0",0.0982981859658354,0.0966297621540191,0.0246862750178447,0.0728561112744245,0.0881086358623994,0.0966297621540191,0.105152468229118,0.122665946952266
1000,436,"alpha1",0.73341250200755,0.739833351350416,0.0615293014113556,0.605211316263025,0.701000240377867,0.739833351350416,0.774443726257497,0.829969504622538
1000,436,"beta1",0.202985473655751,0.201036426154335,0.0399985985193529,0.130752857470488,0.176007693407565,0.201036426154335,0.22822990150652,0.289763435031354
1000,437,"alpha0",0.0966615105944845,0.0955577684480009,0.0202688883688918,0.0738935529691668,0.0881520721455949,0.0955577684480009,0.102828863640999,0.118002910167887
1000,437,"alpha1",0.745139167872868,0.751208114198812,0.0683627932100383,0.617405916041867,0.709056655113574,0.751208114198812,0.790367083754388,0.849790423793316
1000,437,"beta1",0.181521316122624,0.179147317784182,0.0381504705265571,0.110765342097664,0.154435883864053,0.179147317784182,0.206738074761383,0.260763345529334
1000,438,"alpha0",0.109414907705144,0.107780585054767,0.0273077683089653,0.0741312544889612,0.0965814926939973,0.107780585054767,0.119443811101644,0.143354143895491
1000,438,"alpha1",0.621435966988117,0.624173424534766,0.0703086335725082,0.484785417559539,0.580797156933201,0.624173424534766,0.668570294660442,0.747809694803273
1000,438,"beta1",0.197867189957312,0.195610350009428,0.0606357285889395,0.0875324525898033,0.155219365276512,0.195610350009428,0.238033391047342,0.321256545757309
1000,439,"alpha0",0.10471387855799,0.104007305260185,0.0214391859020747,0.0788315594370541,0.0955554655983265,0.104007305260185,0.111792111207426,0.127087256169918
1000,439,"alpha1",0.697008052824466,0.699423420662855,0.0727511708997788,0.553889388499229,0.651598338941984,0.699423420662855,0.746185849717405,0.834037314276379
1000,439,"beta1",0.165214422171721,0.160566100250031,0.0382430425952132,0.100036179506717,0.139926647309775,0.160566100250031,0.186513982705634,0.253383683090997
1000,440,"alpha0",0.131834012590997,0.130960219518648,0.0241595659043332,0.0978341862686948,0.118849856751703,0.130960219518648,0.142672619030318,0.166428430605479
1000,440,"alpha1",0.731026203069541,0.731561915392367,0.0779538776492838,0.591376042197979,0.683056263607343,0.731561915392367,0.78016251999,0.879375355349508
1000,440,"beta1",0.129864509244137,0.127766851928524,0.0481708604011917,0.0447186151718618,0.094754932779521,0.127766851928524,0.162033624513001,0.229284020734785
1000,441,"alpha0",0.102984684068064,0.102397685400683,0.0220369901524458,0.0740246418288248,0.0931477917824912,0.102397685400683,0.11106667415434,0.127458895198821
1000,441,"alpha1",0.593043769650498,0.594180721633738,0.0635295681027706,0.470214898911494,0.549943447125979,0.594180721633738,0.63689798448024,0.711306026771846
1000,441,"beta1",0.279681603610988,0.274115419010882,0.0513551427816421,0.195191762328092,0.243152305920257,0.274115419010882,0.311902364690873,0.39262242095516
1000,442,"alpha0",0.107319528127832,0.106798182264063,0.0214550502604686,0.0813176222957709,0.0976981319755849,0.106798182264063,0.115098847572548,0.129300716213819
1000,442,"alpha1",0.73297588145114,0.734417697645777,0.0617588801019373,0.619354841506014,0.694149419450487,0.734417697645777,0.774322675277426,0.844254435713113
1000,442,"beta1",0.181699320850922,0.179789102240339,0.0372424325279412,0.116460962701071,0.155070008194154,0.179789102240339,0.205950208963014,0.259127499324315
1000,443,"alpha0",0.121812388823329,0.120656766731644,0.0230473531573113,0.0926160874455592,0.110260164532855,0.120656766731644,0.13041382285887,0.153744383825695
1000,443,"alpha1",0.664146768342649,0.668499364172596,0.0709148643509251,0.52293913353822,0.621298336133843,0.668499364172596,0.713326249827989,0.781466616614102
1000,443,"beta1",0.169858434276602,0.167974602844053,0.0468416166310074,0.0803924705436679,0.138258379946027,0.167974602844053,0.199627257359581,0.268733128680113
1000,444,"alpha0",0.101713913956034,0.100616305635435,0.0234532352393521,0.0697449859804441,0.090001179236877,0.100616305635435,0.111044684044389,0.131380345138755
1000,444,"alpha1",0.550660975277436,0.552031794372102,0.058793339560309,0.435739958417613,0.51307649268327,0.552031794372102,0.592379783356022,0.654264002777415
1000,444,"beta1",0.264831360466097,0.261652422479718,0.0544670493224697,0.167396851434154,0.226713035139862,0.261652422479718,0.297340534447425,0.384574563591673
1000,445,"alpha0",0.090064256694347,0.0886485260146544,0.0224396642268414,0.0650510388983158,0.0804187290186037,0.0886485260146544,0.0973787792953726,0.113619572821754
1000,445,"alpha1",0.644834561061421,0.64909964372644,0.0692383379578364,0.50092687394011,0.602052235959538,0.64909964372644,0.692709163484343,0.7687688441803
1000,445,"beta1",0.272474779950986,0.27071587807208,0.0464497366795928,0.189910565991783,0.238425846872432,0.27071587807208,0.304396483246542,0.365115564035627
1000,446,"alpha0",0.104340532069211,0.103649724871066,0.022004910525986,0.0755522764652953,0.0935070746978326,0.103649724871066,0.112975981684909,0.132860837074292
1000,446,"alpha1",0.637363644761741,0.638075355527029,0.0753351211966316,0.492451107069675,0.587774749896555,0.638075355527029,0.685506705838736,0.788739455605698
1000,446,"beta1",0.187928602173634,0.184162047461751,0.0554885074140461,0.0907864690695242,0.14899051790448,0.184162047461751,0.223214353711441,0.30829272096304
1000,447,"alpha0",0.1096098597674,0.108921191359384,0.0218644284992859,0.0771038944413687,0.0975845242339897,0.108921191359384,0.119943442633006,0.141149791041458
1000,447,"alpha1",0.585772169938216,0.586082235568355,0.0707545196787723,0.451193436390743,0.537016450258133,0.586082235568355,0.63171790090466,0.724328472726648
1000,447,"beta1",0.227753507540727,0.223976897812699,0.0583752151792253,0.124351022807734,0.186023153100908,0.223976897812699,0.265153844603991,0.351005083908136
1000,448,"alpha0",0.114102594963898,0.112828346258432,0.0230689138725135,0.0850886567543613,0.103208418699205,0.112828346258432,0.123043783641877,0.140621893421025
1000,448,"alpha1",0.709044758740492,0.712752715807363,0.0689977383265076,0.579012441310493,0.666913231670718,0.712752715807363,0.755510680849679,0.826230997584097
1000,448,"beta1",0.154186608026898,0.149859942290632,0.0426624537817272,0.0844425767384179,0.122773190877452,0.149859942290632,0.180749310219892,0.249561142585708
1000,449,"alpha0",0.10419112450505,0.102563526259865,0.0239705039825533,0.078517418547864,0.0942359015136609,0.102563526259865,0.11060051390786,0.128759407991745
1000,449,"alpha1",0.635619464830045,0.638495361879696,0.0703713938314593,0.497243476960211,0.594471126022387,0.638495361879696,0.683085957390129,0.756404428227312
1000,449,"beta1",0.216289252607405,0.214784766972384,0.0402979036739247,0.141925879939598,0.18920491028127,0.214784766972384,0.241317915845852,0.299831619566927
1000,450,"alpha0",0.107828414927593,0.106987995115341,0.0218396528378197,0.0785797916928977,0.0976740754099622,0.106987995115341,0.115917050962446,0.134716643855011
1000,450,"alpha1",0.748056213291156,0.753617637075103,0.0572593990309716,0.64372780608286,0.71982721236872,0.753617637075103,0.784039085927314,0.833950957030641
1000,450,"beta1",0.200756568459724,0.198267948069825,0.0358708923402699,0.136097842329773,0.17591924141513,0.198267948069825,0.223297825067894,0.276750442925669
1000,451,"alpha0",0.124304791034616,0.123890854387637,0.0184780182606443,0.100317169762562,0.11534576593658,0.123890854387637,0.131824956480143,0.146050736304988
1000,451,"alpha1",0.680046775908745,0.682870339553132,0.071805110081168,0.536414068071768,0.635121356349605,0.682870339553132,0.728395549669858,0.808713935866476
1000,451,"beta1",0.108575750083945,0.10381454626729,0.0362774376193035,0.051767414752518,0.0820862291654187,0.10381454626729,0.130502071461279,0.190827917869638
1000,452,"alpha0",0.106194836337736,0.105245305056584,0.020557901094583,0.0747358904846588,0.0944255868038427,0.105245305056584,0.116066802843157,0.139209219373721
1000,452,"alpha1",0.634191847284161,0.63454984587354,0.0701504276224559,0.5038207883064,0.585474530404505,0.63454984587354,0.683960085358806,0.764998400625475
1000,452,"beta1",0.222955568040648,0.219003283404363,0.0551735837126664,0.122373498773797,0.187572668943935,0.219003283404363,0.256281095345998,0.341745224869206
1000,453,"alpha0",0.0832951095724734,0.0820193756105123,0.0219559236280489,0.0597090410629689,0.0737368321739483,0.0820193756105123,0.0899220725466149,0.106825027643983
1000,453,"alpha1",0.644839170160256,0.648042663380537,0.0701562556239541,0.507179029308648,0.598112225862942,0.648042663380537,0.6942810959675,0.774792048005249
1000,453,"beta1",0.255531797605676,0.253693736316634,0.0478354409397859,0.169695345120378,0.221615997230599,0.253693736316634,0.286850784994565,0.353447116959487
1000,454,"alpha0",0.095528039093204,0.0945367999038058,0.0207510699152004,0.0702714920597629,0.0867653080290808,0.0945367999038058,0.102084727559645,0.119236855793957
1000,454,"alpha1",0.694940981531493,0.700718539317097,0.0594784568023801,0.577925491917462,0.65851270830946,0.700718539317097,0.736643984799765,0.793217211046915
1000,454,"beta1",0.244604817140452,0.242389290941068,0.0397019644165974,0.1731791121932,0.216545890353656,0.242389290941068,0.270644638375725,0.327796697881289
1000,455,"alpha0",0.101563212492148,0.100578233082793,0.0266235816760502,0.0708661524944117,0.0896923627501382,0.100578233082793,0.110517355732285,0.128631246295458
1000,455,"alpha1",0.583326878418315,0.58385330745455,0.0677732257064912,0.454763386291013,0.539389018670985,0.58385330745455,0.627623744128689,0.720975845543516
1000,455,"beta1",0.256481808820024,0.250656663962668,0.0554582086436685,0.165267437018904,0.216157211391585,0.250656663962668,0.29131059840363,0.375376287637574
1000,456,"alpha0",0.0834652959226816,0.0830185866558478,0.0170024960552784,0.0600849033879001,0.0744162336954501,0.0830185866558478,0.091237915758215,0.105487502557242
1000,456,"alpha1",0.66648686029838,0.66986144890816,0.0666602434304072,0.531333390629243,0.622209145629791,0.66986144890816,0.714707756141145,0.782300726986539
1000,456,"beta1",0.253073267250287,0.252034631495145,0.0440147161746206,0.174126391580502,0.221579564129679,0.252034631495145,0.281093141582369,0.349095817545253
1000,457,"alpha0",0.0968533457830871,0.0957360523439076,0.021769778592597,0.0711065696785663,0.0874492654258273,0.0957360523439076,0.103700847621328,0.122876918693422
1000,457,"alpha1",0.761400709980898,0.765162279902916,0.0607878292689547,0.639962268619104,0.725830101929942,0.765162279902916,0.802962582777272,0.861224605150748
1000,457,"beta1",0.186983356710453,0.185319941940411,0.0444996135547173,0.107158553546238,0.155951564024687,0.185319941940411,0.2147582936952,0.283615666196189
1000,458,"alpha0",0.0935427098049141,0.092294668407404,0.0233208964413346,0.0682354607073314,0.0836300123373665,0.092294668407404,0.100669104819188,0.117364572983538
1000,458,"alpha1",0.64859794675205,0.649640115049468,0.0648106231076074,0.527731791041935,0.60734907661123,0.649640115049468,0.69045397349044,0.772754966781286
1000,458,"beta1",0.227980386284133,0.226758168622148,0.0435215084319132,0.145143411357149,0.198543276628122,0.226758168622148,0.256124918994485,0.319125834195468
1000,459,"alpha0",0.116025129404006,0.11550603108293,0.0195814568652168,0.089040952203119,0.107137459211476,0.11550603108293,0.123499671285145,0.138578238597338
1000,459,"alpha1",0.669156817398401,0.66965682910151,0.0740983866986229,0.53219633317702,0.620181658482281,0.66965682910151,0.720415686561979,0.806108679930051
1000,459,"beta1",0.133056805644249,0.12809322709456,0.0381583954430696,0.0748948315654695,0.106457294747052,0.12809322709456,0.153070371808142,0.222084876450126
1000,460,"alpha0",0.0844618508606178,0.0825450665826637,0.0265192197581258,0.0548257611725888,0.0726273898590589,0.0825450665826637,0.0922709510949459,0.113061293122074
1000,460,"alpha1",0.510031032966202,0.506961198849025,0.058712314613025,0.39869969925799,0.469247347359989,0.506961198849025,0.548269582801804,0.633648012134641
1000,460,"beta1",0.333755069257611,0.332429649439088,0.0575323776752412,0.227072042804611,0.296270828553896,0.332429649439088,0.37078191155032,0.445279380315312
1000,461,"alpha0",0.117977836598865,0.116528604074346,0.0207298169591926,0.0909144536655574,0.10771003845899,0.116528604074346,0.12605765903362,0.145099559326054
1000,461,"alpha1",0.693890941095849,0.691971966107963,0.0725082426800689,0.567582619355203,0.646257289645325,0.691971966107963,0.741800233520281,0.828747484185806
1000,461,"beta1",0.176949834279477,0.174735024650082,0.0419551679004642,0.100139725247829,0.147436219539116,0.174735024650082,0.204099378248683,0.267260347311551
1000,462,"alpha0",0.119666417725233,0.118778940309739,0.0218069682892881,0.0901057848658755,0.108504180607636,0.118778940309739,0.128769269207065,0.15004848504677
1000,462,"alpha1",0.56252678525734,0.562112079388941,0.0684334689588259,0.438600155689778,0.517763949565077,0.562112079388941,0.609067120451765,0.692347851847246
1000,462,"beta1",0.179245234632344,0.176121728318463,0.0523738427909138,0.0904889946260893,0.139740837876075,0.176121728318463,0.213975942546943,0.288168072993239
1000,463,"alpha0",0.11079084751358,0.110440614121792,0.0197298454570252,0.0818836434050998,0.101027725960912,0.110440614121792,0.119079160809664,0.136016437017172
1000,463,"alpha1",0.749488330136204,0.752570299712577,0.0601036071968848,0.63719807451792,0.714726749991028,0.752570299712577,0.78926548075691,0.852889049452275
1000,463,"beta1",0.184957746628674,0.181698027786256,0.0391643291782954,0.116759247743799,0.156725818707925,0.181698027786256,0.210502807053355,0.267889750408886
1000,464,"alpha0",0.127746791583904,0.127117176840198,0.0212977457471347,0.0974133513083087,0.117131557988516,0.127117176840198,0.137029849580625,0.156199541417478
1000,464,"alpha1",0.725247660687562,0.727583687915554,0.0823927853219332,0.558876852759682,0.677901140242688,0.727583687915554,0.779242605988775,0.876449098395389
1000,464,"beta1",0.145633116209279,0.140037329351918,0.0457171550001165,0.0726953196191163,0.112033449979138,0.140037329351918,0.171560431960089,0.251681411283592
1000,465,"alpha0",0.120566583488839,0.119956949421125,0.0197371059260658,0.0918717433127107,0.110295952137984,0.119956949421125,0.129453552533888,0.147601183345967
1000,465,"alpha1",0.720236641832084,0.722209094101172,0.0759279292778961,0.573394347464527,0.673118409977742,0.722209094101172,0.769783138531648,0.861379492495173
1000,465,"beta1",0.147549205294362,0.141311400313071,0.0466549305478024,0.0696665961576615,0.114192931436619,0.141311400313071,0.175953172037298,0.252184385339447
1000,466,"alpha0",0.0941494712184868,0.0927322519664391,0.0232701078513185,0.0659233132360311,0.0835810024230937,0.0927322519664391,0.102095063816872,0.120790708594181
1000,466,"alpha1",0.620242045864029,0.619949940110393,0.0680996848727564,0.485033859873061,0.573805629247121,0.619949940110393,0.667678324885689,0.7503366388593
1000,466,"beta1",0.269610180252778,0.266485077287249,0.0496085083914837,0.179479381217289,0.234328091511817,0.266485077287249,0.301944298885036,0.372834681524448
1000,467,"alpha0",0.132441564941435,0.13223435635691,0.0207563313239079,0.10120330298009,0.121447212693943,0.13223435635691,0.142441841344978,0.162154000323363
1000,467,"alpha1",0.762181702022428,0.768973820323027,0.057366020332872,0.648596681373991,0.728967166893288,0.768973820323027,0.802237246918608,0.850010378401828
1000,467,"beta1",0.17444901472189,0.172233406368725,0.0351257400343773,0.112920613066304,0.150345725458559,0.172233406368725,0.195312797834225,0.253074615715915
1000,468,"alpha0",0.123536840026946,0.122818148620991,0.0216978879015522,0.0973189728703919,0.113626314118783,0.122818148620991,0.131245736250242,0.146348326774127
1000,468,"alpha1",0.743673844012836,0.745653609723558,0.0719580135706598,0.615859505874564,0.697286267509914,0.745653609723558,0.79551620467054,0.863909125794699
1000,468,"beta1",0.141824605218446,0.1385864621185,0.0353685916498474,0.0786105236400067,0.11800845362189,0.1385864621185,0.162650966695463,0.221341569262745
1000,469,"alpha0",0.0916440952499413,0.0905690034421082,0.0213823691743262,0.0665037920252505,0.0819988974464276,0.0905690034421082,0.0984381406038095,0.115515082861905
1000,469,"alpha1",0.698251515632046,0.701220454445145,0.0662372819426961,0.575828118805353,0.660603292272895,0.701220454445145,0.740337880194457,0.811812913779254
1000,469,"beta1",0.218122149463242,0.216983756579366,0.0467840659028552,0.129400860161437,0.186054091665558,0.216983756579366,0.250173688729751,0.309320889338616
1000,470,"alpha0",0.0959940822157215,0.0937904750732916,0.0258700079463063,0.0708618124338592,0.0857088752213513,0.0937904750732916,0.102355230529922,0.121700347333821
1000,470,"alpha1",0.730940829673242,0.736177749295155,0.0587965035367246,0.619420644763145,0.701316187823038,0.736177749295155,0.767158300308125,0.822630823416818
1000,470,"beta1",0.21161420934591,0.210219013468052,0.0399798546971014,0.137103437454316,0.184587290367761,0.210219013468052,0.238015107026704,0.29074276343106
1000,471,"alpha0",0.0843000703194695,0.0834484744574734,0.0191899163733404,0.0618996134854214,0.076174913197962,0.0834484744574734,0.0904785353972354,0.104409480756741
1000,471,"alpha1",0.677701606878244,0.678718375846452,0.0752391147008224,0.532451408730728,0.634469371638715,0.678718375846452,0.727337093182404,0.811811998081766
1000,471,"beta1",0.197642365969087,0.19488568078152,0.045037675938875,0.11571007158641,0.166293155545765,0.19488568078152,0.22501333767947,0.295987749738891
1000,472,"alpha0",0.101234068712112,0.100723012097676,0.0206827868298069,0.0714552958280009,0.0917389651861352,0.100723012097676,0.10901306841639,0.126898380776685
1000,472,"alpha1",0.66178417973342,0.665758421977888,0.0713710663892952,0.523881871116195,0.616091223617713,0.665758421977888,0.709215006488647,0.795684421272135
1000,472,"beta1",0.212525431069251,0.206994139594684,0.0479590770810455,0.131866923384178,0.178662769603452,0.206994139594684,0.242646159102305,0.318169758349462
1000,473,"alpha0",0.112708236987282,0.111260113431494,0.0213574399943306,0.0836473644506354,0.101710307979601,0.111260113431494,0.121673920405099,0.142505897703628
1000,473,"alpha1",0.624197581553296,0.626612659634998,0.067594229613764,0.487659586029487,0.581510579555213,0.626612659634998,0.668345639103282,0.749466991476742
1000,473,"beta1",0.210376887970345,0.20889562446362,0.0502675147925234,0.122179305239887,0.173976545755199,0.20889562446362,0.240939260527632,0.319979498608583
1000,474,"alpha0",0.132044615200442,0.131392583198856,0.0191114312210031,0.104285902663153,0.12216671553359,0.131392583198856,0.140373770256233,0.159234904162901
1000,474,"alpha1",0.730571359946515,0.735211131700758,0.0801038094118585,0.578312613278593,0.686963049777448,0.735211131700758,0.781217315056873,0.867055796529103
1000,474,"beta1",0.0995682956092484,0.0966564458907149,0.0358428277346023,0.0382532617925328,0.0744277857777233,0.0966564458907149,0.120813840968286,0.178834505689985
1000,475,"alpha0",0.082365249130638,0.0808557628996419,0.0211736663462732,0.0598490567039922,0.0729965266916833,0.0808557628996419,0.0890352004414412,0.105578942243778
1000,475,"alpha1",0.719538315266679,0.724866901640975,0.0662168910853507,0.592220132230122,0.685842350964781,0.724866901640975,0.7614068116622,0.822907288928931
1000,475,"beta1",0.206440874905662,0.204892187961801,0.0411193254864477,0.130013805867568,0.177023309391545,0.204892187961801,0.23360081701127,0.28942785143204
1000,476,"alpha0",0.0960365384154478,0.0945952036580069,0.0236605736639534,0.069856165451907,0.0862666763073197,0.0945952036580069,0.103117302365282,0.119662640325144
1000,476,"alpha1",0.615174231321693,0.616419515890994,0.0729670542890251,0.481397900514696,0.572297901249442,0.616419515890994,0.66256262949524,0.749445404088479
1000,476,"beta1",0.248276520651448,0.246149359996012,0.0454722238607073,0.163043803673642,0.216823015287106,0.246149359996012,0.277505478790468,0.343434184233334
1000,477,"alpha0",0.102369516566373,0.101454660335023,0.0195162246125564,0.0776626553595877,0.0932313553856238,0.101454660335023,0.109346803385883,0.126802181461603
1000,477,"alpha1",0.638935365701149,0.641775416017137,0.0712386793436636,0.503571624514251,0.594098887959258,0.641775416017137,0.685296058685645,0.775244246437766
1000,477,"beta1",0.216097696782302,0.215295053950946,0.0440621498733937,0.135616187559472,0.184455064411563,0.215295053950946,0.245975996044344,0.306245287078002
1000,478,"alpha0",0.102772617533834,0.102000218458,0.0208058261102505,0.0765349763276773,0.0930011211046508,0.102000218458,0.110356462338453,0.125617682079355
1000,478,"alpha1",0.702974573266848,0.706312346414083,0.0604854957694964,0.580435373932231,0.664481196710527,0.706312346414083,0.74518028700949,0.81178617848448
1000,478,"beta1",0.201451994850786,0.197777446166911,0.0414534356482177,0.131390238873983,0.17180577799434,0.197777446166911,0.227340913992065,0.293024824549188
1000,479,"alpha0",0.0918992535727263,0.0900963560854964,0.0269910506436528,0.0677190146288975,0.0819958770538069,0.0900963560854964,0.0978336015329112,0.113415442882604
1000,479,"alpha1",0.634944680843601,0.632267361161142,0.0662846826920887,0.509996287867701,0.591778381818185,0.632267361161142,0.678459750974317,0.766441587439047
1000,479,"beta1",0.23822538826287,0.235825176287242,0.045816397983995,0.155982808264379,0.205043576197572,0.235825176287242,0.269484341055243,0.330851005012282
1000,480,"alpha0",0.125901559733979,0.12435570888886,0.0216940239827472,0.100089786193689,0.115899664287719,0.12435570888886,0.133660291205204,0.153631816179769
1000,480,"alpha1",0.679946188183691,0.681144591104232,0.0752848536233992,0.535548034727918,0.630078409387228,0.681144591104232,0.73070740792676,0.822005764398161
1000,480,"beta1",0.165355946959572,0.163299982841585,0.0400501683573493,0.0932631924545383,0.13768885769625,0.163299982841585,0.192006905976354,0.248887960112473
1000,481,"alpha0",0.0932417927571449,0.091628221296129,0.0262407159046603,0.0658442782790281,0.0826744538588054,0.091628221296129,0.0999419552034837,0.1184531490309
1000,481,"alpha1",0.623797048091004,0.623336215932444,0.0701034020276865,0.489107384100923,0.582526173803436,0.623336215932444,0.667797255012499,0.756411407561582
1000,481,"beta1",0.241740961948447,0.241233237848347,0.0503450981082907,0.150715433835207,0.208812080216918,0.241233237848347,0.273775293077633,0.343024886592676
1000,482,"alpha0",0.106072333485925,0.104803508483001,0.021286006954904,0.0802355146148049,0.0965449752462749,0.104803508483001,0.113411222299221,0.130225324777055
1000,482,"alpha1",0.66786061766208,0.665525011721271,0.0765867394142593,0.535616006139551,0.620476695048675,0.665525011721271,0.71569832313431,0.815861967283613
1000,482,"beta1",0.173000762872168,0.169908210062753,0.0409263520920639,0.098133422368019,0.144879520143719,0.169908210062753,0.199249737340361,0.259047265573665
1000,483,"alpha0",0.0944798370694972,0.0933507839482258,0.0221000438517534,0.0703922673669631,0.0857457190476075,0.0933507839482258,0.100783213839054,0.11623083440406
1000,483,"alpha1",0.607863852619465,0.608501906245395,0.0743533847383753,0.468758747729931,0.558576708816247,0.608501906245395,0.659791025637175,0.746767332871969
1000,483,"beta1",0.220969690602835,0.218173562510466,0.0435462597054511,0.142286097424628,0.189925215470559,0.218173562510466,0.250008232507606,0.311550238202567
1000,484,"alpha0",0.123774241441946,0.12274313513134,0.0222158942017569,0.0950850616404206,0.112469926000354,0.12274313513134,0.132518101757867,0.15336283298625
1000,484,"alpha1",0.692190329420316,0.689797464526503,0.073711162015502,0.562472637938762,0.645333890885925,0.689797464526503,0.738001892504168,0.842856939548513
1000,484,"beta1",0.173099652184561,0.170796626821141,0.0403390436619619,0.099356965601551,0.14498497664071,0.170796626821141,0.199187872611436,0.258442158050022
1000,485,"alpha0",0.117250192526166,0.116841806122054,0.0206427809381887,0.0857775291962236,0.106812700278258,0.116841806122054,0.126486955579056,0.14541654343022
1000,485,"alpha1",0.714044426115312,0.715894788896665,0.0724336034965962,0.568978149574901,0.670466013450862,0.715894788896665,0.763501165742327,0.838820766013567
1000,485,"beta1",0.154397337813006,0.151181736434673,0.0419141641327131,0.0810088475570819,0.124980904705413,0.151181736434673,0.179407593073682,0.24570581385437
1000,486,"alpha0",0.0962798090455161,0.0947373728670752,0.0222657305015501,0.071582286360122,0.0865912984650565,0.0947373728670752,0.102905683501983,0.122726947883424
1000,486,"alpha1",0.644919925956231,0.642771138436028,0.073103980992607,0.516899556700595,0.601245844509153,0.642771138436028,0.69069457378204,0.779963771805549
1000,486,"beta1",0.202463826673704,0.200102597692279,0.0449784697432648,0.117777035153238,0.172135554335207,0.200102597692279,0.231123110016367,0.295342168632237
1000,487,"alpha0",0.107946464759212,0.107722603959931,0.0213650737600917,0.0806321059166542,0.0987743840770761,0.107722603959931,0.116088920092378,0.129580835304236
1000,487,"alpha1",0.603903038314051,0.601069643930036,0.0674431956143199,0.483236694160499,0.556693618752403,0.601069643930036,0.648216012216251,0.744849542848214
1000,487,"beta1",0.18995826570384,0.185079355734255,0.0479635322543358,0.109045134933713,0.155261576364634,0.185079355734255,0.218551265054468,0.298079643917524
1000,488,"alpha0",0.109681394375862,0.108387278345809,0.0212383847032384,0.0815080617153077,0.099198138653191,0.108387278345809,0.118034824834763,0.138338748754192
1000,488,"alpha1",0.687802234315154,0.689521446257665,0.0731404405787952,0.549004802246386,0.642024978803022,0.689521446257665,0.74025618198032,0.813394904370041
1000,488,"beta1",0.210197590676167,0.206832426616591,0.0440570449435415,0.134168055148057,0.17906745571967,0.206832426616591,0.238052913429897,0.305638546041778
1000,489,"alpha0",0.124240441665078,0.123071994630644,0.0222753004275737,0.0922172057334191,0.112968500231865,0.123071994630644,0.133769762470286,0.158209164208591
1000,489,"alpha1",0.72738427996974,0.733683679270116,0.0775531922459095,0.583680164887124,0.680499840260912,0.733683679270116,0.781386131655323,0.850537025143401
1000,489,"beta1",0.172001920159529,0.167362240024173,0.0423320268221404,0.100713902715777,0.142429481743276,0.167362240024173,0.197666776522329,0.263994622337202
1000,490,"alpha0",0.119615830731685,0.117587906840926,0.0237928681574659,0.0886735531071784,0.107826314030333,0.117587906840926,0.128243339781019,0.151977486912952
1000,490,"alpha1",0.718516246419912,0.7235663795746,0.0815767896926651,0.567139285712797,0.666211200276681,0.7235663795746,0.775677154886998,0.858171254392649
1000,490,"beta1",0.165627420529313,0.165087026511172,0.0524031720965648,0.0687848595205712,0.127554096501785,0.165087026511172,0.200508677071562,0.270538723857821
1000,491,"alpha0",0.111052364911315,0.110229035674997,0.0215894651577693,0.0866739022563784,0.102637001236192,0.110229035674997,0.117498031018321,0.131467211760293
1000,491,"alpha1",0.667807900621756,0.668964233402058,0.0713331904843607,0.533362202359949,0.623654371206029,0.668964233402058,0.712969954318278,0.800289107582568
1000,491,"beta1",0.174026409100281,0.170552194708423,0.0370646694162226,0.109060444333599,0.14857948267167,0.170552194708423,0.198040890669332,0.253687639123436
1000,492,"alpha0",0.120834822336842,0.119826338339719,0.0223867429602004,0.0932220223292768,0.110158353114782,0.119826338339719,0.129692375604493,0.149467812184722
1000,492,"alpha1",0.74801925160535,0.753903743312939,0.0690683449554502,0.6162713095244,0.707033221074598,0.753903743312939,0.795815829441269,0.858963047450187
1000,492,"beta1",0.163337299576448,0.160719163100658,0.0385493162970227,0.098118955332898,0.135575977627152,0.160719163100658,0.187842086252094,0.24520785087841
1000,493,"alpha0",0.12940410694212,0.127996391177662,0.025431769428957,0.0962122510744757,0.117179998262431,0.127996391177662,0.138938972671231,0.161275628420055
1000,493,"alpha1",0.726695754001603,0.731110742005897,0.0654004621544743,0.604326994871427,0.689473504671946,0.731110742005897,0.769171022752323,0.835850297891379
1000,493,"beta1",0.149353162723051,0.145785962552141,0.0404063695151138,0.0804910394278337,0.120760173522594,0.145785962552141,0.175097023996608,0.236051341588228
1000,494,"alpha0",0.0838975742586351,0.0833498999131519,0.0207096615791007,0.0592807163891253,0.0750302931793861,0.0833498999131519,0.0906815513369705,0.104927965889336
1000,494,"alpha1",0.614283631962441,0.618743238474872,0.0653682577099129,0.480758923593452,0.573965641304142,0.618743238474872,0.658985427256344,0.726162592046574
1000,494,"beta1",0.300841354465347,0.298062784468762,0.0454865038545018,0.218514666048062,0.26902441810024,0.298062784468762,0.330717750049085,0.395900978145289
1000,495,"alpha0",0.12435414421371,0.123336786090644,0.0200464015393208,0.0955154998725952,0.113766004929433,0.123336786090644,0.133229809324816,0.151952062068733
1000,495,"alpha1",0.738045960149294,0.738823099104101,0.0690507526423276,0.601391733650468,0.695720659484414,0.738823099104101,0.787219250131635,0.857308261496441
1000,495,"beta1",0.140352518757355,0.13982620634857,0.0374976025761501,0.0718033251416783,0.113059896147663,0.13982620634857,0.165577566108548,0.213734644982036
1000,496,"alpha0",0.0946792439058303,0.0933244827920492,0.0231660701179683,0.0673756412072063,0.0825230360238056,0.0933244827920492,0.102963290315526,0.126775335856447
1000,496,"alpha1",0.62143015226816,0.622965976562881,0.0825643168132963,0.467524143611533,0.568253171412058,0.622965976562881,0.677679123684405,0.776887129799943
1000,496,"beta1",0.239480824257325,0.235608426783943,0.0622937988704165,0.128667607342613,0.193985412467775,0.235608426783943,0.279399544893105,0.369278928251517
1000,497,"alpha0",0.0915188204058853,0.0898988466518933,0.0235911837230313,0.0656306931207716,0.0816489004189048,0.0898988466518933,0.0983003338200994,0.117300531903533
1000,497,"alpha1",0.654919087440875,0.65660958978914,0.0713751104944156,0.521411476013426,0.609874745139812,0.65660958978914,0.700800039731618,0.790992586412294
1000,497,"beta1",0.218339134732993,0.216925373201011,0.0455062435884177,0.136313333027804,0.186944276727485,0.216925373201011,0.247651038430814,0.316382070086938
1000,498,"alpha0",0.0940303407607515,0.0931888466299064,0.0225652407662525,0.0669650716289847,0.0848477315181401,0.0931888466299064,0.100738749223226,0.116942973400351
1000,498,"alpha1",0.680932011326135,0.684016545703311,0.0524651617032942,0.576615438172996,0.648635212881952,0.684016545703311,0.717062555519023,0.772463391161017
1000,498,"beta1",0.258898775399668,0.256366418418814,0.0418157754296664,0.184953872036099,0.232085972865881,0.256366418418814,0.28411148951898,0.349789277734074
1000,499,"alpha0",0.103957317993893,0.102872141318051,0.0196064289268285,0.0802966252153152,0.0953289988954399,0.102872141318051,0.110587083828831,0.126713841328085
1000,499,"alpha1",0.696537111586795,0.696233677344464,0.0703237573599438,0.562197728216939,0.650548964811048,0.696233677344464,0.742638224988095,0.83498864158457
1000,499,"beta1",0.159833246826881,0.157916278362456,0.0382686786654962,0.0902200117348829,0.133850477044937,0.157916278362456,0.184173300869935,0.241659159282168
1000,500,"alpha0",0.0970425181884511,0.0962403287993422,0.0227761163804897,0.0700652716879788,0.0872209939372474,0.0962403287993422,0.104260182534647,0.119985036818861
1000,500,"alpha1",0.584961389874899,0.582127493434387,0.0639917381280624,0.467912397576049,0.542783962824368,0.582127493434387,0.625162471679759,0.719917944837108
1000,500,"beta1",0.285936765935,0.282395490323431,0.0500817767398567,0.197499306546647,0.251392711985718,0.282395490323431,0.319466386212025,0.38776126116383
